有價證券代號及名稱,國際證券辨識號碼(ISIN Code),上市日,市場別,產業別,CFICode,備註
電子期貨
EXFC7　電子期貨2027/03,TW000EXFC707,2026/03/19,期貨及選擇權,,FFICSX,
EXFE6　電子期貨2026/05,TW000EXFE604,2026/02/24,期貨及選擇權,,FFICSX,
EXFF6　電子期貨2026/06,TW000EXFF601,2025/06/19,期貨及選擇權,,FFICSX,
EXFG6　電子期貨2026/07,TW000EXFG609,2026/04/16,期貨及選擇權,,FFICSX,
EXFI6　電子期貨2026/09,TW000EXFI605,2025/09/18,期貨及選擇權,,FFICSX,
EXFL6　電子期貨2026/12,TW000EXFL609,2025/12/18,期貨及選擇權,,FFICSX,
ZEFC7　小型電子期貨2027/03,TW000ZEFC702,2026/03/19,期貨及選擇權,,FFICSX,
ZEFE6　小型電子期貨2026/05,TW000ZEFE609,2026/02/24,期貨及選擇權,,FFICSX,
ZEFF6　小型電子期貨2026/06,TW000ZEFF606,2025/06/19,期貨及選擇權,,FFICSX,
ZEFG6　小型電子期貨2026/07,TW000ZEFG604,2026/04/16,期貨及選擇權,,FFICSX,
ZEFI6　小型電子期貨2026/09,TW000ZEFI600,2025/09/18,期貨及選擇權,,FFICSX,
ZEFL6　小型電子期貨2026/12,TW000ZEFL604,2025/12/18,期貨及選擇權,,FFICSX,
金融期貨
FXFC7　金融期貨2027/03,TW000FXFC704,2026/03/19,期貨及選擇權,,FFICSX,
FXFE6　金融期貨2026/05,TW000FXFE601,2026/02/24,期貨及選擇權,,FFICSX,
FXFF6　金融期貨2026/06,TW000FXFF608,2025/06/19,期貨及選擇權,,FFICSX,
FXFG6　金融期貨2026/07,TW000FXFG606,2026/04/16,期貨及選擇權,,FFICSX,
FXFI6　金融期貨2026/09,TW000FXFI602,2025/09/18,期貨及選擇權,,FFICSX,
FXFL6　金融期貨2026/12,TW000FXFL606,2025/12/18,期貨及選擇權,,FFICSX,
ZFFC7　小型金融期貨2027/03,TW000ZFFC709,2026/03/19,期貨及選擇權,,FFICSX,
ZFFE6　小型金融期貨2026/05,TW000ZFFE606,2026/02/24,期貨及選擇權,,FFICSX,
ZFFF6　小型金融期貨2026/06,TW000ZFFF603,2025/06/19,期貨及選擇權,,FFICSX,
ZFFG6　小型金融期貨2026/07,TW000ZFFG601,2026/04/16,期貨及選擇權,,FFICSX,
ZFFI6　小型金融期貨2026/09,TW000ZFFI607,2025/09/18,期貨及選擇權,,FFICSX,
ZFFL6　小型金融期貨2026/12,TW000ZFFL601,2025/12/18,期貨及選擇權,,FFICSX,
航運期貨
SHFC7　航運期貨2027/03,TW000SHFC700,2026/03/19,期貨及選擇權,,FFICSX,
SHFE6　航運期貨2026/05,TW000SHFE607,2026/02/24,期貨及選擇權,,FFICSX,
SHFF6　航運期貨2026/06,TW000SHFF604,2025/06/19,期貨及選擇權,,FFICSX,
SHFG6　航運期貨2026/07,TW000SHFG602,2026/04/16,期貨及選擇權,,FFICSX,
SHFI6　航運期貨2026/09,TW000SHFI608,2025/09/18,期貨及選擇權,,FFICSX,
SHFL6　航運期貨2026/12,TW000SHFL602,2025/12/18,期貨及選擇權,,FFICSX,
小型臺指期貨
MX2E6　小型臺指期貨2026/05,TW000MX2E608,2026/04/29,期貨及選擇權,,FFICSX,
MXFC7　小型臺指期貨2027/03,TW000MXFC700,2026/03/19,期貨及選擇權,,FFICSX,
MXFE6　小型臺指期貨2026/05,TW000MXFE607,2026/02/24,期貨及選擇權,,FFICSX,
MXFF6　小型臺指期貨2026/06,TW000MXFF604,2025/06/19,期貨及選擇權,,FFICSX,
MXFG6　小型臺指期貨2026/07,TW000MXFG602,2026/04/16,期貨及選擇權,,FFICSX,
MXFI6　小型臺指期貨2026/09,TW000MXFI608,2025/09/18,期貨及選擇權,,FFICSX,
MXFL6　小型臺指期貨2026/12,TW000MXFL602,2025/12/18,期貨及選擇權,,FFICSX,
臺股期貨
TXFC7　臺股期貨2027/03,TW000TXFC705,2026/03/19,期貨及選擇權,,FFICSX,
TXFE6　臺股期貨2026/05,TW000TXFE602,2026/02/24,期貨及選擇權,,FFICSX,
TXFF6　臺股期貨2026/06,TW000TXFF609,2025/06/19,期貨及選擇權,,FFICSX,
TXFG6　臺股期貨2026/07,TW000TXFG607,2026/04/16,期貨及選擇權,,FFICSX,
TXFI6　臺股期貨2026/09,TW000TXFI603,2025/09/18,期貨及選擇權,,FFICSX,
TXFL6　臺股期貨2026/12,TW000TXFL607,2025/12/18,期貨及選擇權,,FFICSX,
黃金期貨(USD)
GDFB7　黃金期貨(USD)2027/02,TW000GDFB706,2026/02/25,期貨及選擇權,,FCECSX,
GDFD7　黃金期貨(USD)2027/04,TW000GDFD702,2026/04/29,期貨及選擇權,,FCECSX,
GDFF6　黃金期貨(USD)2026/06,TW000GDFF608,2025/06/27,期貨及選擇權,,FCECSX,
GDFH6　黃金期貨(USD)2026/08,TW000GDFH604,2025/08/28,期貨及選擇權,,FCECSX,
GDFJ6　黃金期貨(USD)2026/10,TW000GDFJ600,2025/10/30,期貨及選擇權,,FCECSX,
GDFL6　黃金期貨(USD)2026/12,TW000GDFL606,2025/12/30,期貨及選擇權,,FCECSX,
櫃買期貨
G2FC7　富櫃200期貨2027/03,TW000G2FC706,2026/03/19,期貨及選擇權,,FFICSX,
G2FE6　富櫃200期貨2026/05,TW000G2FE603,2026/02/24,期貨及選擇權,,FFICSX,
G2FF6　富櫃200期貨2026/06,TW000G2FF600,2025/06/19,期貨及選擇權,,FFICSX,
G2FG6　富櫃200期貨2026/07,TW000G2FG608,2026/04/16,期貨及選擇權,,FFICSX,
G2FI6　富櫃200期貨2026/09,TW000G2FI604,2025/09/18,期貨及選擇權,,FFICSX,
G2FL6　富櫃200期貨2026/12,TW000G2FL608,2025/12/18,期貨及選擇權,,FFICSX,
GTFC7　櫃買期貨2027/03,TW000GTFC700,2026/03/19,期貨及選擇權,,FFICSX,
GTFE6　櫃買期貨2026/05,TW000GTFE607,2026/02/24,期貨及選擇權,,FFICSX,
GTFF6　櫃買期貨2026/06,TW000GTFF604,2025/06/19,期貨及選擇權,,FFICSX,
GTFG6　櫃買期貨2026/07,TW000GTFG602,2026/04/16,期貨及選擇權,,FFICSX,
GTFI6　櫃買期貨2026/09,TW000GTFI608,2025/09/18,期貨及選擇權,,FFICSX,
GTFL6　櫃買期貨2026/12,TW000GTFL602,2025/12/18,期貨及選擇權,,FFICSX,
非金電期貨
XIFC7　非金電期貨2027/03,TW000XIFC708,2026/03/19,期貨及選擇權,,FFICSX,
XIFE6　非金電期貨2026/05,TW000XIFE605,2026/02/24,期貨及選擇權,,FFICSX,
XIFF6　非金電期貨2026/06,TW000XIFF602,2025/06/19,期貨及選擇權,,FFICSX,
XIFG6　非金電期貨2026/07,TW000XIFG600,2026/04/16,期貨及選擇權,,FFICSX,
XIFI6　非金電期貨2026/09,TW000XIFI606,2025/09/18,期貨及選擇權,,FFICSX,
XIFL6　非金電期貨2026/12,TW000XIFL600,2025/12/18,期貨及選擇權,,FFICSX,
臺幣黃金期貨
TGFB7　臺幣黃金期貨2027/02,TW000TGFB702,2026/02/25,期貨及選擇權,,FCECSX,
TGFD7　臺幣黃金期貨2027/04,TW000TGFD708,2026/04/29,期貨及選擇權,,FCECSX,
TGFF6　臺幣黃金期貨2026/06,TW000TGFF604,2025/06/27,期貨及選擇權,,FCECSX,
TGFH6　臺幣黃金期貨2026/08,TW000TGFH600,2025/08/28,期貨及選擇權,,FCECSX,
TGFJ6　臺幣黃金期貨2026/10,TW000TGFJ606,2025/10/30,期貨及選擇權,,FCECSX,
TGFL6　臺幣黃金期貨2026/12,TW000TGFL602,2025/12/30,期貨及選擇權,,FCECSX,
股票期貨
CAFC7　南亞股票期貨2027/03,TW000CAFC709,2026/04/16,期貨及選擇權,,FFSCSX,
CAFE6　南亞股票期貨2026/05,TW000CAFE606,2026/03/19,期貨及選擇權,,FFSCSX,
CAFF6　南亞股票期貨2026/06,TW000CAFF603,2025/07/17,期貨及選擇權,,FFSCSX,
CAFI6　南亞股票期貨2026/09,TW000CAFI607,2025/10/16,期貨及選擇權,,FFSCSX,
CAFL6　南亞股票期貨2026/12,TW000CAFL601,2026/01/22,期貨及選擇權,,FFSCSX,
CBFC7　中鋼股票期貨2027/03,TW000CBFC707,2026/04/16,期貨及選擇權,,FFSCSX,
CBFE6　中鋼股票期貨2026/05,TW000CBFE604,2026/03/19,期貨及選擇權,,FFSCSX,
CBFF6　中鋼股票期貨2026/06,TW000CBFF601,2025/07/17,期貨及選擇權,,FFSCSX,
CBFI6　中鋼股票期貨2026/09,TW000CBFI605,2025/10/16,期貨及選擇權,,FFSCSX,
CBFL6　中鋼股票期貨2026/12,TW000CBFL609,2026/01/22,期貨及選擇權,,FFSCSX,
CCFC7　聯電股票期貨2027/03,TW000CCFC705,2026/04/16,期貨及選擇權,,FFSCSX,
CCFE6　聯電股票期貨2026/05,TW000CCFE602,2026/03/19,期貨及選擇權,,FFSCSX,
CCFF6　聯電股票期貨2026/06,TW000CCFF609,2025/07/17,期貨及選擇權,,FFSCSX,
CCFI6　聯電股票期貨2026/09,TW000CCFI603,2025/10/16,期貨及選擇權,,FFSCSX,
CCFL6　聯電股票期貨2026/12,TW000CCFL607,2026/01/22,期貨及選擇權,,FFSCSX,
CDFC7　台積電股票期貨2027/03,TW000CDFC703,2026/04/16,期貨及選擇權,,FFSCSX,
CDFE6　台積電股票期貨2026/05,TW000CDFE600,2026/03/19,期貨及選擇權,,FFSCSX,
CDFF6　臺積電股票期貨2026/06,TW000CDFF607,2025/07/17,期貨及選擇權,,FFSCSX,
CDFI6　臺積電股票期貨2026/09,TW000CDFI601,2025/10/16,期貨及選擇權,,FFSCSX,
CDFL6　台積電股票期貨2026/12,TW000CDFL605,2026/01/22,期貨及選擇權,,FFSCSX,
CEFC7　富邦金股票期貨2027/03,TW000CEFC701,2026/04/16,期貨及選擇權,,FFSCSX,
CEFE6　富邦金股票期貨2026/05,TW000CEFE608,2026/03/19,期貨及選擇權,,FFSCSX,
CEFF6　富邦金股票期貨2026/06,TW000CEFF605,2025/07/17,期貨及選擇權,,FFSCSX,
CEFI6　富邦金股票期貨2026/09,TW000CEFI609,2025/10/16,期貨及選擇權,,FFSCSX,
CEFL6　富邦金股票期貨2026/12,TW000CEFL603,2026/01/22,期貨及選擇權,,FFSCSX,
CFFC7　台塑股票期貨2027/03,TW000CFFC708,2026/04/16,期貨及選擇權,,FFSCSX,
CFFE6　台塑股票期貨2026/05,TW000CFFE605,2026/03/19,期貨及選擇權,,FFSCSX,
CFFF6　台塑股票期貨2026/06,TW000CFFF602,2025/07/17,期貨及選擇權,,FFSCSX,
CFFI6　台塑股票期貨2026/09,TW000CFFI606,2025/10/16,期貨及選擇權,,FFSCSX,
CFFL6　台塑股票期貨2026/12,TW000CFFL600,2026/01/22,期貨及選擇權,,FFSCSX,
CGFC7　仁寶股票期貨2027/03,TW000CGFC706,2026/04/16,期貨及選擇權,,FFSCSX,
CGFE6　仁寶股票期貨2026/05,TW000CGFE603,2026/03/19,期貨及選擇權,,FFSCSX,
CGFF6　仁寶股票期貨2026/06,TW000CGFF600,2025/07/17,期貨及選擇權,,FFSCSX,
CGFI6　仁寶股票期貨2026/09,TW000CGFI604,2025/10/16,期貨及選擇權,,FFSCSX,
CGFL6　仁寶股票期貨2026/12,TW000CGFL608,2026/01/22,期貨及選擇權,,FFSCSX,
CHFC7　友達股票期貨2027/03,TW000CHFC704,2026/04/16,期貨及選擇權,,FFSCSX,
CHFE6　友達股票期貨2026/05,TW000CHFE601,2026/03/19,期貨及選擇權,,FFSCSX,
CHFF6　友達股票期貨2026/06,TW000CHFF608,2025/07/17,期貨及選擇權,,FFSCSX,
CHFI6　友達股票期貨2026/09,TW000CHFI602,2025/10/16,期貨及選擇權,,FFSCSX,
CHFL6　友達股票期貨2026/12,TW000CHFL606,2026/01/22,期貨及選擇權,,FFSCSX,
CJFC7　華南金股票期貨2027/03,TW000CJFC700,2026/04/16,期貨及選擇權,,FFSCSX,
CJFE6　華南金股票期貨2026/05,TW000CJFE607,2026/03/19,期貨及選擇權,,FFSCSX,
CJFF6　華南金股票期貨2026/06,TW000CJFF604,2025/07/17,期貨及選擇權,,FFSCSX,
CJFI6　華南金股票期貨2026/09,TW000CJFI608,2025/10/16,期貨及選擇權,,FFSCSX,
CJFL6　華南金股票期貨2026/12,TW000CJFL602,2026/01/22,期貨及選擇權,,FFSCSX,
CKFC7　國泰金股票期貨2027/03,TW000CKFC708,2026/04/16,期貨及選擇權,,FFSCSX,
CKFE6　國泰金股票期貨2026/05,TW000CKFE605,2026/03/19,期貨及選擇權,,FFSCSX,
CKFF6　國泰金股票期貨2026/06,TW000CKFF602,2025/07/17,期貨及選擇權,,FFSCSX,
CKFI6　國泰金股票期貨2026/09,TW000CKFI606,2025/10/16,期貨及選擇權,,FFSCSX,
CKFL6　國泰金股票期貨2026/12,TW000CKFL600,2026/01/22,期貨及選擇權,,FFSCSX,
CLFC7　兆豐金股票期貨2027/03,TW000CLFC706,2026/04/16,期貨及選擇權,,FFSCSX,
CLFE6　兆豐金股票期貨2026/05,TW000CLFE603,2026/03/19,期貨及選擇權,,FFSCSX,
CLFF6　兆豐金股票期貨2026/06,TW000CLFF600,2025/07/17,期貨及選擇權,,FFSCSX,
CLFI6　兆豐金股票期貨2026/09,TW000CLFI604,2025/10/16,期貨及選擇權,,FFSCSX,
CLFL6　兆豐金股票期貨2026/12,TW000CLFL608,2026/01/22,期貨及選擇權,,FFSCSX,
CMFC7　台新新光金股票期貨2027/03,TW000CMFC704,2026/04/16,期貨及選擇權,,FFSCSX,
CMFE6　台新新光金股票期貨2026/05,TW000CMFE601,2026/03/19,期貨及選擇權,,FFSCSX,
CMFF6　台新金股票期貨2026/06,TW000CMFF608,2025/07/17,期貨及選擇權,,FFSCSX,
CMFI6　台新金股票期貨2026/09,TW000CMFI602,2025/10/16,期貨及選擇權,,FFSCSX,
CMFL6　台新新光金股票期貨2026/12,TW000CMFL606,2026/01/22,期貨及選擇權,,FFSCSX,
CNFC7　中信金股票期貨2027/03,TW000CNFC702,2026/04/16,期貨及選擇權,,FFSCSX,
CNFE6　中信金股票期貨2026/05,TW000CNFE609,2026/03/19,期貨及選擇權,,FFSCSX,
CNFF6　中信金股票期貨2026/06,TW000CNFF606,2025/07/17,期貨及選擇權,,FFSCSX,
CNFI6　中信金股票期貨2026/09,TW000CNFI600,2025/10/16,期貨及選擇權,,FFSCSX,
CNFL6　中信金股票期貨2026/12,TW000CNFL604,2026/01/22,期貨及選擇權,,FFSCSX,
CQFC7　統一股票期貨2027/03,TW000CQFC705,2026/04/16,期貨及選擇權,,FFSCSX,
CQFE6　統一股票期貨2026/05,TW000CQFE602,2026/03/19,期貨及選擇權,,FFSCSX,
CQFF6　統一股票期貨2026/06,TW000CQFF609,2025/07/17,期貨及選擇權,,FFSCSX,
CQFI6　統一股票期貨2026/09,TW000CQFI603,2025/10/16,期貨及選擇權,,FFSCSX,
CQFL6　統一股票期貨2026/12,TW000CQFL607,2026/01/22,期貨及選擇權,,FFSCSX,
CRFC7　遠東新股票期貨2027/03,TW000CRFC703,2026/04/16,期貨及選擇權,,FFSCSX,
CRFE6　遠東新股票期貨2026/05,TW000CRFE600,2026/03/19,期貨及選擇權,,FFSCSX,
CRFF6　遠東新股票期貨2026/06,TW000CRFF607,2025/07/17,期貨及選擇權,,FFSCSX,
CRFI6　遠東新股票期貨2026/09,TW000CRFI601,2025/10/16,期貨及選擇權,,FFSCSX,
CRFL6　遠東新股票期貨2026/12,TW000CRFL605,2026/01/22,期貨及選擇權,,FFSCSX,
CSFC7　華新股票期貨2027/03,TW000CSFC701,2026/04/16,期貨及選擇權,,FFSCSX,
CSFE6　華新股票期貨2026/05,TW000CSFE608,2026/03/19,期貨及選擇權,,FFSCSX,
CSFF6　華新股票期貨2026/06,TW000CSFF605,2025/07/17,期貨及選擇權,,FFSCSX,
CSFI6　華新股票期貨2026/09,TW000CSFI609,2025/10/16,期貨及選擇權,,FFSCSX,
CSFL6　華新股票期貨2026/12,TW000CSFL603,2026/01/22,期貨及選擇權,,FFSCSX,
CUFC7　中環股票期貨2027/03,TW000CUFC707,2026/04/16,期貨及選擇權,,FFSCSX,
CUFE6　中環股票期貨2026/05,TW000CUFE604,2026/03/19,期貨及選擇權,,FFSCSX,
CUFF6　中環股票期貨2026/06,TW000CUFF601,2025/07/17,期貨及選擇權,,FFSCSX,
CUFI6　中環股票期貨2026/09,TW000CUFI605,2025/10/16,期貨及選擇權,,FFSCSX,
CUFL6　中環股票期貨2026/12,TW000CUFL609,2026/01/22,期貨及選擇權,,FFSCSX,
CWFC7　佳世達股票期貨2027/03,TW000CWFC703,2026/04/16,期貨及選擇權,,FFSCSX,
CWFE6　佳世達股票期貨2026/05,TW000CWFE600,2026/03/19,期貨及選擇權,,FFSCSX,
CWFF6　佳世達股票期貨2026/06,TW000CWFF607,2025/07/17,期貨及選擇權,,FFSCSX,
CWFI6　佳世達股票期貨2026/09,TW000CWFI601,2025/10/16,期貨及選擇權,,FFSCSX,
CWFL6　佳世達股票期貨2026/12,TW000CWFL605,2026/01/22,期貨及選擇權,,FFSCSX,
CXFC7　大同股票期貨2027/03,TW000CXFC701,2026/04/16,期貨及選擇權,,FFSCSX,
CXFE6　大同股票期貨2026/05,TW000CXFE608,2026/03/19,期貨及選擇權,,FFSCSX,
CXFF6　大同股票期貨2026/06,TW000CXFF605,2025/07/17,期貨及選擇權,,FFSCSX,
CXFI6　大同股票期貨2026/09,TW000CXFI609,2025/10/16,期貨及選擇權,,FFSCSX,
CXFL6　大同股票期貨2026/12,TW000CXFL603,2026/01/22,期貨及選擇權,,FFSCSX,
CYFC7　南亞科股票期貨2027/03,TW000CYFC709,2026/04/16,期貨及選擇權,,FFSCSX,
CYFE6　南亞科股票期貨2026/05,TW000CYFE606,2026/03/19,期貨及選擇權,,FFSCSX,
CYFF6　南亞科股票期貨2026/06,TW000CYFF603,2025/07/17,期貨及選擇權,,FFSCSX,
CYFI6　南亞科股票期貨2026/09,TW000CYFI607,2025/10/16,期貨及選擇權,,FFSCSX,
CYFL6　南亞科股票期貨2026/12,TW000CYFL601,2026/01/22,期貨及選擇權,,FFSCSX,
CZFC7　長榮股票期貨2027/03,TW000CZFC706,2026/04/16,期貨及選擇權,,FFSCSX,
CZFE6　長榮股票期貨2026/05,TW000CZFE603,2026/03/19,期貨及選擇權,,FFSCSX,
CZFF6　長榮股票期貨2026/06,TW000CZFF600,2025/07/17,期貨及選擇權,,FFSCSX,
CZFI6　長榮股票期貨2026/09,TW000CZFI604,2025/10/16,期貨及選擇權,,FFSCSX,
CZFL6　長榮股票期貨2026/12,TW000CZFL608,2026/01/22,期貨及選擇權,,FFSCSX,
DAFC7　陽明股票期貨2027/03,TW000DAFC707,2026/04/16,期貨及選擇權,,FFSCSX,
DAFE6　陽明股票期貨2026/05,TW000DAFE604,2026/03/19,期貨及選擇權,,FFSCSX,
DAFF6　陽明股票期貨2026/06,TW000DAFF601,2025/07/17,期貨及選擇權,,FFSCSX,
DAFI6　陽明股票期貨2026/09,TW000DAFI605,2025/10/16,期貨及選擇權,,FFSCSX,
DAFL6　陽明股票期貨2026/12,TW000DAFL609,2026/01/22,期貨及選擇權,,FFSCSX,
DBFC7　華航股票期貨2027/03,TW000DBFC705,2026/04/16,期貨及選擇權,,FFSCSX,
DBFE6　華航股票期貨2026/05,TW000DBFE602,2026/03/19,期貨及選擇權,,FFSCSX,
DBFF6　華航股票期貨2026/06,TW000DBFF609,2025/07/17,期貨及選擇權,,FFSCSX,
DBFI6　華航股票期貨2026/09,TW000DBFI603,2025/10/16,期貨及選擇權,,FFSCSX,
DBFL6　華航股票期貨2026/12,TW000DBFL607,2026/01/22,期貨及選擇權,,FFSCSX,
DCFC7　彰銀股票期貨2027/03,TW000DCFC703,2026/04/16,期貨及選擇權,,FFSCSX,
DCFE6　彰銀股票期貨2026/05,TW000DCFE600,2026/03/19,期貨及選擇權,,FFSCSX,
DCFF6　彰銀股票期貨2026/06,TW000DCFF607,2025/07/17,期貨及選擇權,,FFSCSX,
DCFI6　彰銀股票期貨2026/09,TW000DCFI601,2025/10/16,期貨及選擇權,,FFSCSX,
DCFL6　彰銀股票期貨2026/12,TW000DCFL605,2026/01/22,期貨及選擇權,,FFSCSX,
DE1F6　永豐金股票期貨2026/06,TW000DE1F601,2025/07/17,期貨及選擇權,,FFSCSX,
DEFC7　永豐金股票期貨2027/03,TW000DEFC709,2026/04/16,期貨及選擇權,,FFSCSX,
DEFE6　永豐金股票期貨2026/05,TW000DEFE606,2026/03/19,期貨及選擇權,,FFSCSX,
DEFF6　永豐金股票期貨2026/06,TW000DEFF603,2025/07/17,期貨及選擇權,,FFSCSX,
DEFI6　永豐金股票期貨2026/09,TW000DEFI607,2025/10/16,期貨及選擇權,,FFSCSX,
DEFL6　永豐金股票期貨2026/12,TW000DEFL601,2026/01/22,期貨及選擇權,,FFSCSX,
DFFC7　台泥股票期貨2027/03,TW000DFFC706,2026/04/16,期貨及選擇權,,FFSCSX,
DFFE6　台泥股票期貨2026/05,TW000DFFE603,2026/03/19,期貨及選擇權,,FFSCSX,
DFFF6　台泥股票期貨2026/06,TW000DFFF600,2025/07/17,期貨及選擇權,,FFSCSX,
DFFI6　台泥股票期貨2026/09,TW000DFFI604,2025/10/16,期貨及選擇權,,FFSCSX,
DFFL6　台泥股票期貨2026/12,TW000DFFL608,2026/01/22,期貨及選擇權,,FFSCSX,
DGFC7　台化股票期貨2027/03,TW000DGFC704,2026/04/16,期貨及選擇權,,FFSCSX,
DGFE6　台化股票期貨2026/05,TW000DGFE601,2026/03/19,期貨及選擇權,,FFSCSX,
DGFF6　台化股票期貨2026/06,TW000DGFF608,2025/07/17,期貨及選擇權,,FFSCSX,
DGFI6　台化股票期貨2026/09,TW000DGFI602,2025/10/16,期貨及選擇權,,FFSCSX,
DGFL6　台化股票期貨2026/12,TW000DGFL606,2026/01/22,期貨及選擇權,,FFSCSX,
DHFC7　鴻海股票期貨2027/03,TW000DHFC702,2026/04/16,期貨及選擇權,,FFSCSX,
DHFE6　鴻海股票期貨2026/05,TW000DHFE609,2026/03/19,期貨及選擇權,,FFSCSX,
DHFF6　鴻海股票期貨2026/06,TW000DHFF606,2025/07/17,期貨及選擇權,,FFSCSX,
DHFI6　鴻海股票期貨2026/09,TW000DHFI600,2025/10/16,期貨及選擇權,,FFSCSX,
DHFL6　鴻海股票期貨2026/12,TW000DHFL604,2026/01/22,期貨及選擇權,,FFSCSX,
DIFC7　旺宏股票期貨2027/03,TW000DIFC700,2026/04/16,期貨及選擇權,,FFSCSX,
DIFE6　旺宏股票期貨2026/05,TW000DIFE607,2026/03/19,期貨及選擇權,,FFSCSX,
DIFF6　旺宏股票期貨2026/06,TW000DIFF604,2025/07/17,期貨及選擇權,,FFSCSX,
DIFI6　旺宏股票期貨2026/09,TW000DIFI608,2025/10/16,期貨及選擇權,,FFSCSX,
DIFL6　旺宏股票期貨2026/12,TW000DIFL602,2026/01/22,期貨及選擇權,,FFSCSX,
DJFC7　華碩股票期貨2027/03,TW000DJFC708,2026/04/16,期貨及選擇權,,FFSCSX,
DJFE6　華碩股票期貨2026/05,TW000DJFE605,2026/03/19,期貨及選擇權,,FFSCSX,
DJFF6　華碩股票期貨2026/06,TW000DJFF602,2025/07/17,期貨及選擇權,,FFSCSX,
DJFI6　華碩股票期貨2026/09,TW000DJFI606,2025/10/16,期貨及選擇權,,FFSCSX,
DJFL6　華碩股票期貨2026/12,TW000DJFL600,2026/01/22,期貨及選擇權,,FFSCSX,
DKFC7　廣達股票期貨2027/03,TW000DKFC706,2026/04/16,期貨及選擇權,,FFSCSX,
DKFE6　廣達股票期貨2026/05,TW000DKFE603,2026/03/19,期貨及選擇權,,FFSCSX,
DKFF6　廣達股票期貨2026/06,TW000DKFF600,2025/07/17,期貨及選擇權,,FFSCSX,
DKFI6　廣達股票期貨2026/09,TW000DKFI604,2025/10/16,期貨及選擇權,,FFSCSX,
DKFL6　廣達股票期貨2026/12,TW000DKFL608,2026/01/22,期貨及選擇權,,FFSCSX,
DLFC7　中華電股票期貨2027/03,TW000DLFC704,2026/04/16,期貨及選擇權,,FFSCSX,
DLFE6　中華電股票期貨2026/05,TW000DLFE601,2026/03/19,期貨及選擇權,,FFSCSX,
DLFF6　中華電股票期貨2026/06,TW000DLFF608,2025/07/17,期貨及選擇權,,FFSCSX,
DLFI6　中華電股票期貨2026/09,TW000DLFI602,2025/10/16,期貨及選擇權,,FFSCSX,
DLFL6　中華電股票期貨2026/12,TW000DLFL606,2026/01/22,期貨及選擇權,,FFSCSX,
DNFC7　玉山金股票期貨2027/03,TW000DNFC700,2026/04/16,期貨及選擇權,,FFSCSX,
DNFE6　玉山金股票期貨2026/05,TW000DNFE607,2026/03/19,期貨及選擇權,,FFSCSX,
DNFF6　玉山金股票期貨2026/06,TW000DNFF604,2025/07/17,期貨及選擇權,,FFSCSX,
DNFI6　玉山金股票期貨2026/09,TW000DNFI608,2025/10/16,期貨及選擇權,,FFSCSX,
DNFL6　玉山金股票期貨2026/12,TW000DNFL602,2026/01/22,期貨及選擇權,,FFSCSX,
DOFC7　元大金股票期貨2027/03,TW000DOFC708,2026/04/16,期貨及選擇權,,FFSCSX,
DOFE6　元大金股票期貨2026/05,TW000DOFE605,2026/03/19,期貨及選擇權,,FFSCSX,
DOFF6　元大金股票期貨2026/06,TW000DOFF602,2025/07/17,期貨及選擇權,,FFSCSX,
DOFI6　元大金股票期貨2026/09,TW000DOFI606,2025/10/16,期貨及選擇權,,FFSCSX,
DOFL6　元大金股票期貨2026/12,TW000DOFL600,2026/01/22,期貨及選擇權,,FFSCSX,
DPFC7　第一金股票期貨2027/03,TW000DPFC705,2026/04/16,期貨及選擇權,,FFSCSX,
DPFE6　第一金股票期貨2026/05,TW000DPFE602,2026/03/19,期貨及選擇權,,FFSCSX,
DPFF6　第一金股票期貨2026/06,TW000DPFF609,2025/07/17,期貨及選擇權,,FFSCSX,
DPFI6　第一金股票期貨2026/09,TW000DPFI603,2025/10/16,期貨及選擇權,,FFSCSX,
DPFL6　第一金股票期貨2026/12,TW000DPFL607,2026/01/22,期貨及選擇權,,FFSCSX,
DQFC7　群創股票期貨2027/03,TW000DQFC703,2026/04/16,期貨及選擇權,,FFSCSX,
DQFE6　群創股票期貨2026/05,TW000DQFE600,2026/03/19,期貨及選擇權,,FFSCSX,
DQFF6　群創股票期貨2026/06,TW000DQFF607,2025/07/17,期貨及選擇權,,FFSCSX,
DQFI6　群創股票期貨2026/09,TW000DQFI601,2025/10/16,期貨及選擇權,,FFSCSX,
DQFL6　群創股票期貨2026/12,TW000DQFL605,2026/01/22,期貨及選擇權,,FFSCSX,
DSFC7　宏碁股票期貨2027/03,TW000DSFC709,2026/04/16,期貨及選擇權,,FFSCSX,
DSFE6　宏碁股票期貨2026/05,TW000DSFE606,2026/03/19,期貨及選擇權,,FFSCSX,
DSFF6　宏碁股票期貨2026/06,TW000DSFF603,2025/07/17,期貨及選擇權,,FFSCSX,
DSFI6　宏碁股票期貨2026/09,TW000DSFI607,2025/10/16,期貨及選擇權,,FFSCSX,
DSFL6　宏碁股票期貨2026/12,TW000DSFL601,2026/01/22,期貨及選擇權,,FFSCSX,
DVFC7　聯發科股票期貨2027/03,TW000DVFC703,2026/04/16,期貨及選擇權,,FFSCSX,
DVFE6　聯發科股票期貨2026/05,TW000DVFE600,2026/03/19,期貨及選擇權,,FFSCSX,
DVFF6　聯發科股票期貨2026/06,TW000DVFF607,2025/07/17,期貨及選擇權,,FFSCSX,
DVFI6　聯發科股票期貨2026/09,TW000DVFI601,2025/10/16,期貨及選擇權,,FFSCSX,
DVFL6　聯發科股票期貨2026/12,TW000DVFL605,2026/01/22,期貨及選擇權,,FFSCSX,
DWFC7　潤泰全股票期貨2027/03,TW000DWFC701,2026/04/16,期貨及選擇權,,FFSCSX,
DWFE6　潤泰全股票期貨2026/05,TW000DWFE608,2026/03/19,期貨及選擇權,,FFSCSX,
DWFF6　潤泰全股票期貨2026/06,TW000DWFF605,2025/07/17,期貨及選擇權,,FFSCSX,
DWFI6　潤泰全股票期貨2026/09,TW000DWFI609,2025/10/16,期貨及選擇權,,FFSCSX,
DWFL6　潤泰全股票期貨2026/12,TW000DWFL603,2026/01/22,期貨及選擇權,,FFSCSX,
DXFC7　緯創股票期貨2027/03,TW000DXFC709,2026/04/16,期貨及選擇權,,FFSCSX,
DXFE6　緯創股票期貨2026/05,TW000DXFE606,2026/03/19,期貨及選擇權,,FFSCSX,
DXFF6　緯創股票期貨2026/06,TW000DXFF603,2025/07/17,期貨及選擇權,,FFSCSX,
DXFI6　緯創股票期貨2026/09,TW000DXFI607,2025/10/16,期貨及選擇權,,FFSCSX,
DXFL6　緯創股票期貨2026/12,TW000DXFL601,2026/01/22,期貨及選擇權,,FFSCSX,
DYFC7　亞泥股票期貨2027/03,TW000DYFC707,2026/04/16,期貨及選擇權,,FFSCSX,
DYFE6　亞泥股票期貨2026/05,TW000DYFE604,2026/03/19,期貨及選擇權,,FFSCSX,
DYFF6　亞泥股票期貨2026/06,TW000DYFF601,2025/07/17,期貨及選擇權,,FFSCSX,
DYFI6　亞泥股票期貨2026/09,TW000DYFI605,2025/10/16,期貨及選擇權,,FFSCSX,
DYFL6　亞泥股票期貨2026/12,TW000DYFL609,2026/01/22,期貨及選擇權,,FFSCSX,
DZFC7　大成股票期貨2027/03,TW000DZFC704,2026/04/16,期貨及選擇權,,FFSCSX,
DZFE6　大成股票期貨2026/05,TW000DZFE601,2026/03/19,期貨及選擇權,,FFSCSX,
DZFF6　大成股票期貨2026/06,TW000DZFF608,2025/07/17,期貨及選擇權,,FFSCSX,
DZFI6　大成股票期貨2026/09,TW000DZFI602,2025/10/16,期貨及選擇權,,FFSCSX,
DZFL6　大成股票期貨2026/12,TW000DZFL606,2026/01/22,期貨及選擇權,,FFSCSX,
EEFC7　國喬股票期貨2027/03,TW000EEFC707,2026/04/16,期貨及選擇權,,FFSCSX,
EEFE6　國喬股票期貨2026/05,TW000EEFE604,2026/03/19,期貨及選擇權,,FFSCSX,
EEFF6　國喬股票期貨2026/06,TW000EEFF601,2025/07/17,期貨及選擇權,,FFSCSX,
EEFI6　國喬股票期貨2026/09,TW000EEFI605,2025/10/16,期貨及選擇權,,FFSCSX,
EEFL6　國喬股票期貨2026/12,TW000EEFL609,2026/01/22,期貨及選擇權,,FFSCSX,
EGFC7　中石化股票期貨2027/03,TW000EGFC702,2026/04/16,期貨及選擇權,,FFSCSX,
EGFE6　中石化股票期貨2026/05,TW000EGFE609,2026/03/19,期貨及選擇權,,FFSCSX,
EGFF6　中石化股票期貨2026/06,TW000EGFF606,2025/07/17,期貨及選擇權,,FFSCSX,
EGFI6　中石化股票期貨2026/09,TW000EGFI600,2025/10/16,期貨及選擇權,,FFSCSX,
EGFL6　中石化股票期貨2026/12,TW000EGFL604,2026/01/22,期貨及選擇權,,FFSCSX,
EHFC7　東陽股票期貨2027/03,TW000EHFC700,2026/04/16,期貨及選擇權,,FFSCSX,
EHFE6　東陽股票期貨2026/05,TW000EHFE607,2026/03/19,期貨及選擇權,,FFSCSX,
EHFF6　東陽股票期貨2026/06,TW000EHFF604,2025/07/17,期貨及選擇權,,FFSCSX,
EHFI6　東陽股票期貨2026/09,TW000EHFI608,2025/10/16,期貨及選擇權,,FFSCSX,
EHFL6　東陽股票期貨2026/12,TW000EHFL602,2026/01/22,期貨及選擇權,,FFSCSX,
EKFC7　南紡股票期貨2027/03,TW000EKFC704,2026/04/16,期貨及選擇權,,FFSCSX,
EKFE6　南紡股票期貨2026/05,TW000EKFE601,2026/03/19,期貨及選擇權,,FFSCSX,
EKFF6　南紡股票期貨2026/06,TW000EKFF608,2025/07/17,期貨及選擇權,,FFSCSX,
EKFI6　南紡股票期貨2026/09,TW000EKFI602,2025/10/16,期貨及選擇權,,FFSCSX,
EKFL6　南紡股票期貨2026/12,TW000EKFL606,2026/01/22,期貨及選擇權,,FFSCSX,
EMFC7　東元股票期貨2027/03,TW000EMFC700,2026/04/16,期貨及選擇權,,FFSCSX,
EMFE6　東元股票期貨2026/05,TW000EMFE607,2026/03/19,期貨及選擇權,,FFSCSX,
EMFF6　東元股票期貨2026/06,TW000EMFF604,2025/07/17,期貨及選擇權,,FFSCSX,
EMFI6　東元股票期貨2026/09,TW000EMFI608,2025/10/16,期貨及選擇權,,FFSCSX,
EMFL6　東元股票期貨2026/12,TW000EMFL602,2026/01/22,期貨及選擇權,,FFSCSX,
EOFC7　中砂股票期貨2027/03,TW000EOFC706,2026/04/16,期貨及選擇權,,FFSCSX,
EOFE6　中砂股票期貨2026/05,TW000EOFE603,2026/03/19,期貨及選擇權,,FFSCSX,
EOFF6　中砂股票期貨2026/06,TW000EOFF600,2026/02/02,期貨及選擇權,,FFSCSX,
EOFI6　中砂股票期貨2026/09,TW000EOFI604,2026/02/02,期貨及選擇權,,FFSCSX,
EOFL6　中砂股票期貨2026/12,TW000EOFL608,2026/02/02,期貨及選擇權,,FFSCSX,
EPFC7　亞德客-KY股票期貨2027/03,TW000EPFC703,2026/04/16,期貨及選擇權,,FFSCSX,
EPFE6　亞德客-KY股票期貨2026/05,TW000EPFE600,2026/03/19,期貨及選擇權,,FFSCSX,
EPFF6　亞德客-KY股票期貨2026/06,TW000EPFF607,2025/07/17,期貨及選擇權,,FFSCSX,
EPFI6　亞德客-KY股票期貨2026/09,TW000EPFI601,2025/10/16,期貨及選擇權,,FFSCSX,
EPFL6　亞德客-KY股票期貨2026/12,TW000EPFL605,2026/01/22,期貨及選擇權,,FFSCSX,
EYFC7　中纖股票期貨2027/03,TW000EYFC705,2026/04/16,期貨及選擇權,,FFSCSX,
EYFE6　中纖股票期貨2026/05,TW000EYFE602,2026/03/19,期貨及選擇權,,FFSCSX,
EYFF6　中纖股票期貨2026/06,TW000EYFF609,2025/07/17,期貨及選擇權,,FFSCSX,
EYFI6　中纖股票期貨2026/09,TW000EYFI603,2025/10/16,期貨及選擇權,,FFSCSX,
EYFL6　中纖股票期貨2026/12,TW000EYFL607,2026/01/22,期貨及選擇權,,FFSCSX,
EZFC7　台肥股票期貨2027/03,TW000EZFC702,2026/04/16,期貨及選擇權,,FFSCSX,
EZFE6　台肥股票期貨2026/05,TW000EZFE609,2026/03/19,期貨及選擇權,,FFSCSX,
EZFF6　台肥期貨2026/06,TW000EZFF606,2025/07/17,期貨及選擇權,,FFSCSX,
EZFI6　台肥期貨2026/09,TW000EZFI600,2025/10/16,期貨及選擇權,,FFSCSX,
EZFL6　台肥股票期貨2026/12,TW000EZFL604,2026/01/22,期貨及選擇權,,FFSCSX,
FBFC7　東鋼股票期貨2027/03,TW000FBFC700,2026/04/16,期貨及選擇權,,FFSCSX,
FBFE6　東鋼股票期貨2026/05,TW000FBFE607,2026/03/19,期貨及選擇權,,FFSCSX,
FBFF6　東鋼股票期貨2026/06,TW000FBFF604,2025/07/17,期貨及選擇權,,FFSCSX,
FBFI6　東鋼股票期貨2026/09,TW000FBFI608,2025/10/16,期貨及選擇權,,FFSCSX,
FBFL6　東鋼股票期貨2026/12,TW000FBFL602,2026/01/22,期貨及選擇權,,FFSCSX,
FCFF6　中鴻股票期貨2026/06,TW000FCFF602,2025/07/17,期貨及選擇權,,FFSCSX,
FEFC7　大成鋼股票期貨2027/03,TW000FEFC704,2026/04/16,期貨及選擇權,,FFSCSX,
FEFE6　大成鋼股票期貨2026/05,TW000FEFE601,2026/03/19,期貨及選擇權,,FFSCSX,
FEFF6　大成鋼股票期貨2026/06,TW000FEFF608,2025/07/17,期貨及選擇權,,FFSCSX,
FEFI6　大成鋼股票期貨2026/09,TW000FEFI602,2025/10/16,期貨及選擇權,,FFSCSX,
FEFL6　大成鋼股票期貨2026/12,TW000FEFL606,2026/01/22,期貨及選擇權,,FFSCSX,
FFFC7　上銀股票期貨2027/03,TW000FFFC701,2026/04/16,期貨及選擇權,,FFSCSX,
FFFE6　上銀股票期貨2026/05,TW000FFFE608,2026/03/19,期貨及選擇權,,FFSCSX,
FFFF6　上銀股票期貨2026/06,TW000FFFF605,2025/07/17,期貨及選擇權,,FFSCSX,
FFFI6　上銀股票期貨2026/09,TW000FFFI609,2025/10/16,期貨及選擇權,,FFSCSX,
FFFL6　上銀股票期貨2026/12,TW000FFFL603,2026/01/22,期貨及選擇權,,FFSCSX,
FGFC7　川湖股票期貨2027/03,TW000FGFC709,2026/04/16,期貨及選擇權,,FFSCSX,
FGFE6　川湖股票期貨2026/05,TW000FGFE606,2026/03/19,期貨及選擇權,,FFSCSX,
FGFF6　川湖股票期貨2026/06,TW000FGFF603,2025/07/17,期貨及選擇權,,FFSCSX,
FGFI6　川湖股票期貨2026/09,TW000FGFI607,2025/10/16,期貨及選擇權,,FFSCSX,
FGFL6　川湖股票期貨2026/12,TW000FGFL601,2026/01/22,期貨及選擇權,,FFSCSX,
FKFC7　正新股票期貨2027/03,TW000FKFC701,2026/04/16,期貨及選擇權,,FFSCSX,
FKFE6　正新股票期貨2026/05,TW000FKFE608,2026/03/19,期貨及選擇權,,FFSCSX,
FKFF6　正新股票期貨2026/06,TW000FKFF605,2025/07/17,期貨及選擇權,,FFSCSX,
FKFI6　正新股票期貨2026/09,TW000FKFI609,2025/10/16,期貨及選擇權,,FFSCSX,
FKFL6　正新股票期貨2026/12,TW000FKFL603,2026/01/22,期貨及選擇權,,FFSCSX,
FNFC7　裕隆股票期貨2027/03,TW000FNFC705,2026/04/16,期貨及選擇權,,FFSCSX,
FNFE6　裕隆股票期貨2026/05,TW000FNFE602,2026/03/19,期貨及選擇權,,FFSCSX,
FNFF6　裕隆股票期貨2026/06,TW000FNFF609,2025/07/17,期貨及選擇權,,FFSCSX,
FNFI6　裕隆股票期貨2026/09,TW000FNFI603,2025/10/16,期貨及選擇權,,FFSCSX,
FNFL6　裕隆股票期貨2026/12,TW000FNFL607,2026/01/22,期貨及選擇權,,FFSCSX,
FQFC7　光寶科股票期貨2027/03,TW000FQFC708,2026/04/16,期貨及選擇權,,FFSCSX,
FQFE6　光寶科股票期貨2026/05,TW000FQFE605,2026/03/19,期貨及選擇權,,FFSCSX,
FQFF6　光寶科股票期貨2026/06,TW000FQFF602,2025/07/17,期貨及選擇權,,FFSCSX,
FQFI6　光寶科股票期貨2026/09,TW000FQFI606,2025/10/16,期貨及選擇權,,FFSCSX,
FQFL6　光寶科股票期貨2026/12,TW000FQFL600,2026/01/22,期貨及選擇權,,FFSCSX,
FRFC7　台達電股票期貨2027/03,TW000FRFC706,2026/04/16,期貨及選擇權,,FFSCSX,
FRFE6　台達電股票期貨2026/05,TW000FRFE603,2026/03/19,期貨及選擇權,,FFSCSX,
FRFF6　台達電股票期貨2026/06,TW000FRFF600,2025/07/17,期貨及選擇權,,FFSCSX,
FRFI6　台達電股票期貨2026/09,TW000FRFI604,2025/10/16,期貨及選擇權,,FFSCSX,
FRFL6　台達電股票期貨2026/12,TW000FRFL608,2026/01/22,期貨及選擇權,,FFSCSX,
FSFC7　金寶股票期貨2027/03,TW000FSFC704,2026/04/16,期貨及選擇權,,FFSCSX,
FSFE6　金寶股票期貨2026/05,TW000FSFE601,2026/03/19,期貨及選擇權,,FFSCSX,
FSFF6　金寶股票期貨2026/06,TW000FSFF608,2025/07/17,期貨及選擇權,,FFSCSX,
FSFI6　金寶股票期貨2026/09,TW000FSFI602,2025/10/16,期貨及選擇權,,FFSCSX,
FSFL6　金寶股票期貨2026/12,TW000FSFL606,2026/01/22,期貨及選擇權,,FFSCSX,
FTFC7　華通股票期貨2027/03,TW000FTFC702,2026/04/16,期貨及選擇權,,FFSCSX,
FTFE6　華通股票期貨2026/05,TW000FTFE609,2026/03/19,期貨及選擇權,,FFSCSX,
FTFF6　華通股票期貨2026/06,TW000FTFF606,2025/07/17,期貨及選擇權,,FFSCSX,
FTFI6　華通股票期貨2026/09,TW000FTFI600,2025/10/16,期貨及選擇權,,FFSCSX,
FTFL6　華通股票期貨2026/12,TW000FTFL604,2026/01/22,期貨及選擇權,,FFSCSX,
FVFC7　精英股票期貨2027/03,TW000FVFC708,2026/04/16,期貨及選擇權,,FFSCSX,
FVFE6　精英股票期貨2026/05,TW000FVFE605,2026/03/19,期貨及選擇權,,FFSCSX,
FVFF6　精英股票期貨2026/06,TW000FVFF602,2025/07/17,期貨及選擇權,,FFSCSX,
FVFI6　精英股票期貨2026/09,TW000FVFI606,2025/10/16,期貨及選擇權,,FFSCSX,
FVFL6　精英股票期貨2026/12,TW000FVFL600,2026/01/22,期貨及選擇權,,FFSCSX,
FWFC7　友訊股票期貨2027/03,TW000FWFC706,2026/04/16,期貨及選擇權,,FFSCSX,
FWFE6　友訊股票期貨2026/05,TW000FWFE603,2026/03/19,期貨及選擇權,,FFSCSX,
FWFF6　友訊股票期貨2026/06,TW000FWFF600,2025/07/17,期貨及選擇權,,FFSCSX,
FWFI6　友訊股票期貨2026/09,TW000FWFI604,2025/10/16,期貨及選擇權,,FFSCSX,
FWFL6　友訊股票期貨2026/12,TW000FWFL608,2026/01/22,期貨及選擇權,,FFSCSX,
FYFC7　光磊股票期貨2027/03,TW000FYFC702,2026/04/16,期貨及選擇權,,FFSCSX,
FYFE6　光磊股票期貨2026/05,TW000FYFE609,2026/03/19,期貨及選擇權,,FFSCSX,
FYFF6　光磊股票期貨2026/06,TW000FYFF606,2025/07/17,期貨及選擇權,,FFSCSX,
FYFI6　光磊股票期貨2026/09,TW000FYFI600,2025/10/16,期貨及選擇權,,FFSCSX,
FYFL6　光磊股票期貨2026/12,TW000FYFL604,2026/01/22,期貨及選擇權,,FFSCSX,
FZFC7　華邦電股票期貨2027/03,TW000FZFC709,2026/04/16,期貨及選擇權,,FFSCSX,
FZFE6　華邦電股票期貨2026/05,TW000FZFE606,2026/03/19,期貨及選擇權,,FFSCSX,
FZFF6　華邦電股票期貨2026/06,TW000FZFF603,2025/07/17,期貨及選擇權,,FFSCSX,
FZFI6　華邦電股票期貨2026/09,TW000FZFI607,2025/10/16,期貨及選擇權,,FFSCSX,
FZFL6　華邦電股票期貨2026/12,TW000FZFL601,2026/01/22,期貨及選擇權,,FFSCSX,
GAFC7　聯強股票期貨2027/03,TW000GAFC700,2026/04/16,期貨及選擇權,,FFSCSX,
GAFE6　聯強股票期貨2026/05,TW000GAFE607,2026/03/19,期貨及選擇權,,FFSCSX,
GAFF6　聯強股票期貨2026/06,TW000GAFF604,2025/07/17,期貨及選擇權,,FFSCSX,
GAFI6　聯強股票期貨2026/09,TW000GAFI608,2025/10/16,期貨及選擇權,,FFSCSX,
GAFL6　聯強股票期貨2026/12,TW000GAFL602,2026/01/22,期貨及選擇權,,FFSCSX,
GCFC7　鴻準股票期貨2027/03,TW000GCFC706,2026/04/16,期貨及選擇權,,FFSCSX,
GCFE6　鴻準股票期貨2026/05,TW000GCFE603,2026/03/19,期貨及選擇權,,FFSCSX,
GCFF6　鴻準股票期貨2026/06,TW000GCFF600,2025/07/17,期貨及選擇權,,FFSCSX,
GCFI6　鴻準股票期貨2026/09,TW000GCFI604,2025/10/16,期貨及選擇權,,FFSCSX,
GCFL6　鴻準股票期貨2026/12,TW000GCFL608,2026/01/22,期貨及選擇權,,FFSCSX,
GHFC7　技嘉股票期貨2027/03,TW000GHFC705,2026/04/16,期貨及選擇權,,FFSCSX,
GHFE6　技嘉股票期貨2026/05,TW000GHFE602,2026/03/19,期貨及選擇權,,FFSCSX,
GHFF6　技嘉股票期貨2026/06,TW000GHFF609,2025/07/17,期貨及選擇權,,FFSCSX,
GHFI6　技嘉股票期貨2026/09,TW000GHFI603,2025/10/16,期貨及選擇權,,FFSCSX,
GHFL6　技嘉股票期貨2026/12,TW000GHFL607,2026/01/22,期貨及選擇權,,FFSCSX,
GIFC7　微星股票期貨2027/03,TW000GIFC703,2026/04/16,期貨及選擇權,,FFSCSX,
GIFE6　微星股票期貨2026/05,TW000GIFE600,2026/03/19,期貨及選擇權,,FFSCSX,
GIFF6　微星股票期貨2026/06,TW000GIFF607,2025/07/17,期貨及選擇權,,FFSCSX,
GIFI6　微星股票期貨2026/09,TW000GIFI601,2025/10/16,期貨及選擇權,,FFSCSX,
GIFL6　微星股票期貨2026/12,TW000GIFL605,2026/01/22,期貨及選擇權,,FFSCSX,
GJFC7　瑞昱股票期貨2027/03,TW000GJFC701,2026/04/16,期貨及選擇權,,FFSCSX,
GJFE6　瑞昱股票期貨2026/05,TW000GJFE608,2026/03/19,期貨及選擇權,,FFSCSX,
GJFF6　瑞昱股票期貨2026/06,TW000GJFF605,2025/07/17,期貨及選擇權,,FFSCSX,
GJFI6　瑞昱股票期貨2026/09,TW000GJFI609,2025/10/16,期貨及選擇權,,FFSCSX,
GJFL6　瑞昱股票期貨2026/12,TW000GJFL603,2026/01/22,期貨及選擇權,,FFSCSX,
GKFC7　群光股票期貨2027/03,TW000GKFC709,2026/04/16,期貨及選擇權,,FFSCSX,
GKFE6　群光股票期貨2026/05,TW000GKFE606,2026/03/19,期貨及選擇權,,FFSCSX,
GKFF6　群光股票期貨2026/06,TW000GKFF603,2025/07/17,期貨及選擇權,,FFSCSX,
GKFI6　群光股票期貨2026/09,TW000GKFI607,2025/10/16,期貨及選擇權,,FFSCSX,
GKFL6　群光股票期貨2026/12,TW000GKFL601,2026/01/22,期貨及選擇權,,FFSCSX,
GLFC7　正崴股票期貨2027/03,TW000GLFC707,2026/04/16,期貨及選擇權,,FFSCSX,
GLFE6　正崴股票期貨2026/05,TW000GLFE604,2026/03/19,期貨及選擇權,,FFSCSX,
GLFF6　正崴股票期貨2026/06,TW000GLFF601,2025/07/17,期貨及選擇權,,FFSCSX,
GLFI6　正崴股票期貨2026/09,TW000GLFI605,2025/10/16,期貨及選擇權,,FFSCSX,
GLFL6　正崴股票期貨2026/12,TW000GLFL609,2026/01/22,期貨及選擇權,,FFSCSX,
GMFC7　億光股票期貨2027/03,TW000GMFC705,2026/04/16,期貨及選擇權,,FFSCSX,
GMFE6　億光股票期貨2026/05,TW000GMFE602,2026/03/19,期貨及選擇權,,FFSCSX,
GMFF6　億光股票期貨2026/06,TW000GMFF609,2025/07/17,期貨及選擇權,,FFSCSX,
GMFI6　億光股票期貨2026/09,TW000GMFI603,2025/10/16,期貨及選擇權,,FFSCSX,
GMFL6　億光股票期貨2026/12,TW000GMFL607,2026/01/22,期貨及選擇權,,FFSCSX,
GNFC7　凌陽股票期貨2027/03,TW000GNFC703,2026/04/16,期貨及選擇權,,FFSCSX,
GNFE6　凌陽股票期貨2026/05,TW000GNFE600,2026/03/19,期貨及選擇權,,FFSCSX,
GNFF6　凌陽股票期貨2026/06,TW000GNFF607,2025/07/17,期貨及選擇權,,FFSCSX,
GNFI6　凌陽股票期貨2026/09,TW000GNFI601,2025/10/16,期貨及選擇權,,FFSCSX,
GNFL6　凌陽股票期貨2026/12,TW000GNFL605,2026/01/22,期貨及選擇權,,FFSCSX,
GOFC7　漢唐股票期貨2027/03,TW000GOFC701,2026/04/16,期貨及選擇權,,FFSCSX,
GOFE6　漢唐股票期貨2026/05,TW000GOFE608,2026/03/19,期貨及選擇權,,FFSCSX,
GOFF6　漢唐股票期貨2026/06,TW000GOFF605,2025/07/17,期貨及選擇權,,FFSCSX,
GOFI6　漢唐股票期貨2026/09,TW000GOFI609,2025/10/16,期貨及選擇權,,FFSCSX,
GOFL6　漢唐股票期貨2026/12,TW000GOFL603,2026/01/22,期貨及選擇權,,FFSCSX,
GRFC7　京元電子股票期貨2027/03,TW000GRFC704,2026/04/16,期貨及選擇權,,FFSCSX,
GRFE6　京元電子股票期貨2026/05,TW000GRFE601,2026/03/19,期貨及選擇權,,FFSCSX,
GRFF6　京元電股票期貨2026/06,TW000GRFF608,2025/07/17,期貨及選擇權,,FFSCSX,
GRFI6　京元電子股票期貨2026/09,TW000GRFI602,2025/10/16,期貨及選擇權,,FFSCSX,
GRFL6　京元電子股票期貨2026/12,TW000GRFL606,2026/01/22,期貨及選擇權,,FFSCSX,
GUFC7　全新股票期貨2027/03,TW000GUFC708,2026/04/16,期貨及選擇權,,FFSCSX,
GUFE6　全新股票期貨2026/05,TW000GUFE605,2026/03/19,期貨及選擇權,,FFSCSX,
GUFF6　全新股票期貨2026/06,TW000GUFF602,2025/07/17,期貨及選擇權,,FFSCSX,
GUFI6　全新股票期貨2026/09,TW000GUFI606,2025/10/16,期貨及選擇權,,FFSCSX,
GUFL6　全新股票期貨2026/12,TW000GUFL600,2026/01/22,期貨及選擇權,,FFSCSX,
GVFC7　飛宏期貨2027/03,TW000GVFC706,2026/04/16,期貨及選擇權,,FFSCSX,
GVFE6　飛宏期貨2026/05,TW000GVFE603,2026/03/19,期貨及選擇權,,FFSCSX,
GVFF6　飛宏期貨2026/06,TW000GVFF600,2025/07/17,期貨及選擇權,,FFSCSX,
GVFI6　飛宏期貨2026/09,TW000GVFI604,2025/10/16,期貨及選擇權,,FFSCSX,
GVFL6　飛宏期貨2026/12,TW000GVFL608,2026/01/22,期貨及選擇權,,FFSCSX,
GWFC7　義隆股票期貨2027/03,TW000GWFC704,2026/04/16,期貨及選擇權,,FFSCSX,
GWFE6　義隆股票期貨2026/05,TW000GWFE601,2026/03/19,期貨及選擇權,,FFSCSX,
GWFF6　義隆股票期貨2026/06,TW000GWFF608,2025/07/17,期貨及選擇權,,FFSCSX,
GWFI6　義隆股票期貨2026/09,TW000GWFI602,2025/10/16,期貨及選擇權,,FFSCSX,
GWFL6　義隆股票期貨2026/12,TW000GWFL606,2026/01/22,期貨及選擇權,,FFSCSX,
GXFC7　可成股票期貨2027/03,TW000GXFC702,2026/04/16,期貨及選擇權,,FFSCSX,
GXFE6　可成股票期貨2026/05,TW000GXFE609,2026/03/19,期貨及選擇權,,FFSCSX,
GXFF6　可成股票期貨2026/06,TW000GXFF606,2025/07/17,期貨及選擇權,,FFSCSX,
GXFI6　可成股票期貨2026/09,TW000GXFI600,2025/10/16,期貨及選擇權,,FFSCSX,
GXFL6　可成股票期貨2026/12,TW000GXFL604,2026/01/22,期貨及選擇權,,FFSCSX,
GYFC7　強茂股票期貨2027/03,TW000GYFC700,2026/04/16,期貨及選擇權,,FFSCSX,
GYFE6　強茂股票期貨2026/05,TW000GYFE607,2026/03/19,期貨及選擇權,,FFSCSX,
GYFF6　強茂股票期貨2026/06,TW000GYFF604,2025/07/17,期貨及選擇權,,FFSCSX,
GYFI6　強茂股票期貨2026/09,TW000GYFI608,2025/10/16,期貨及選擇權,,FFSCSX,
GYFL6　強茂股票期貨2026/12,TW000GYFL602,2026/01/22,期貨及選擇權,,FFSCSX,
GZFC7　兆赫股票期貨2027/03,TW000GZFC707,2026/04/16,期貨及選擇權,,FFSCSX,
GZFE6　兆赫股票期貨2026/05,TW000GZFE604,2026/03/19,期貨及選擇權,,FFSCSX,
GZFF6　兆赫股票期貨2026/06,TW000GZFF601,2025/07/17,期貨及選擇權,,FFSCSX,
GZFI6　兆赫股票期貨2026/09,TW000GZFI605,2025/10/16,期貨及選擇權,,FFSCSX,
GZFL6　兆赫股票期貨2026/12,TW000GZFL609,2026/01/22,期貨及選擇權,,FFSCSX,
HA1F6　瑞軒股票期貨2026/06,TW000HA1F601,2025/07/17,期貨及選擇權,,FFSCSX,
HAFC7　瑞軒股票期貨2027/03,TW000HAFC708,2026/04/16,期貨及選擇權,,FFSCSX,
HAFE6　瑞軒股票期貨2026/05,TW000HAFE605,2026/03/19,期貨及選擇權,,FFSCSX,
HAFF6　瑞軒股票期貨2026/06,TW000HAFF602,2025/07/17,期貨及選擇權,,FFSCSX,
HAFI6　瑞軒股票期貨2026/09,TW000HAFI606,2025/10/16,期貨及選擇權,,FFSCSX,
HAFL6　瑞軒股票期貨2026/12,TW000HAFL600,2026/01/22,期貨及選擇權,,FFSCSX,
HBFC7　華新科股票期貨2027/03,TW000HBFC706,2026/04/16,期貨及選擇權,,FFSCSX,
HBFE6　華新科股票期貨2026/05,TW000HBFE603,2026/03/19,期貨及選擇權,,FFSCSX,
HBFF6　華新科股票期貨2026/06,TW000HBFF600,2025/07/17,期貨及選擇權,,FFSCSX,
HBFI6　華新科股票期貨2026/09,TW000HBFI604,2025/10/16,期貨及選擇權,,FFSCSX,
HBFL6　華新科股票期貨2026/12,TW000HBFL608,2026/01/22,期貨及選擇權,,FFSCSX,
HCFC7　宏達電股票期貨2027/03,TW000HCFC704,2026/04/16,期貨及選擇權,,FFSCSX,
HCFE6　宏達電股票期貨2026/05,TW000HCFE601,2026/03/19,期貨及選擇權,,FFSCSX,
HCFF6　宏達電股票期貨2026/06,TW000HCFF608,2025/07/17,期貨及選擇權,,FFSCSX,
HCFI6　宏達電股票期貨2026/09,TW000HCFI602,2025/10/16,期貨及選擇權,,FFSCSX,
HCFL6　宏達電股票期貨2026/12,TW000HCFL606,2026/01/22,期貨及選擇權,,FFSCSX,
HH1F6　中工股票期貨2026/06,TW000HH1F604,2025/07/17,期貨及選擇權,,FFSCSX,
HHFC7　中工股票期貨2027/03,TW000HHFC703,2026/04/16,期貨及選擇權,,FFSCSX,
HHFE6　中工股票期貨2026/05,TW000HHFE600,2026/03/19,期貨及選擇權,,FFSCSX,
HHFF6　中工股票期貨2026/06,TW000HHFF607,2025/07/17,期貨及選擇權,,FFSCSX,
HHFI6　中工股票期貨2026/09,TW000HHFI601,2025/10/16,期貨及選擇權,,FFSCSX,
HHFL6　中工股票期貨2026/12,TW000HHFL605,2026/01/22,期貨及選擇權,,FFSCSX,
HIFC7　冠德股票期貨2027/03,TW000HIFC701,2026/04/16,期貨及選擇權,,FFSCSX,
HIFE6　冠德股票期貨2026/05,TW000HIFE608,2026/03/19,期貨及選擇權,,FFSCSX,
HIFF6　冠德股票期貨2026/06,TW000HIFF605,2025/07/17,期貨及選擇權,,FFSCSX,
HIFI6　冠德股票期貨2026/09,TW000HIFI609,2025/10/16,期貨及選擇權,,FFSCSX,
HIFL6　冠德股票期貨2026/12,TW000HIFL603,2026/01/22,期貨及選擇權,,FFSCSX,
HL1F6　興富發股票期貨2026/06,TW000HL1F608,2025/07/17,期貨及選擇權,,FFSCSX,
HLFC7　興富發股票期貨2027/03,TW000HLFC705,2026/04/16,期貨及選擇權,,FFSCSX,
HLFE6　興富發股票期貨2026/05,TW000HLFE602,2026/03/19,期貨及選擇權,,FFSCSX,
HLFF6　興富發股票期貨2026/06,TW000HLFF609,2025/07/17,期貨及選擇權,,FFSCSX,
HLFI6　興富發股票期貨2026/09,TW000HLFI603,2025/10/16,期貨及選擇權,,FFSCSX,
HLFL6　興富發股票期貨2026/12,TW000HLFL607,2026/01/22,期貨及選擇權,,FFSCSX,
HOFC7　華固股票期貨2027/03,TW000HOFC709,2026/04/16,期貨及選擇權,,FFSCSX,
HOFE6　華固股票期貨2026/05,TW000HOFE606,2026/03/19,期貨及選擇權,,FFSCSX,
HOFF6　華固股票期貨2026/06,TW000HOFF603,2025/07/17,期貨及選擇權,,FFSCSX,
HOFI6　華固股票期貨2026/09,TW000HOFI607,2025/10/16,期貨及選擇權,,FFSCSX,
HOFL6　華固股票期貨2026/12,TW000HOFL601,2026/01/22,期貨及選擇權,,FFSCSX,
HQFC7　新興股票期貨2027/03,TW000HQFC704,2026/04/16,期貨及選擇權,,FFSCSX,
HQFE6　新興股票期貨2026/05,TW000HQFE601,2026/03/19,期貨及選擇權,,FFSCSX,
HQFF6　新興股票期貨2026/06,TW000HQFF608,2025/07/17,期貨及選擇權,,FFSCSX,
HQFI6　新興股票期貨2026/09,TW000HQFI602,2025/10/16,期貨及選擇權,,FFSCSX,
HQFL6　新興股票期貨2026/12,TW000HQFL606,2026/01/22,期貨及選擇權,,FFSCSX,
HSFC7　長榮航股票期貨2027/03,TW000HSFC700,2026/04/16,期貨及選擇權,,FFSCSX,
HSFE6　長榮航股票期貨2026/05,TW000HSFE607,2026/03/19,期貨及選擇權,,FFSCSX,
HSFF6　長榮航股票期貨2026/06,TW000HSFF604,2025/07/17,期貨及選擇權,,FFSCSX,
HSFI6　長榮航股票期貨2026/09,TW000HSFI608,2025/10/16,期貨及選擇權,,FFSCSX,
HSFL6　長榮航股票期貨2026/12,TW000HSFL602,2026/01/22,期貨及選擇權,,FFSCSX,
IAFC7　臺企銀股票期貨2027/03,TW000IAFC706,2026/04/16,期貨及選擇權,,FFSCSX,
IAFE6　臺企銀股票期貨2026/05,TW000IAFE603,2026/03/19,期貨及選擇權,,FFSCSX,
IAFF6　臺企銀股票期貨2026/06,TW000IAFF600,2025/07/17,期貨及選擇權,,FFSCSX,
IAFI6　臺企銀股票期貨2026/09,TW000IAFI604,2025/10/16,期貨及選擇權,,FFSCSX,
IAFL6　臺企銀股票期貨2026/12,TW000IAFL608,2026/01/22,期貨及選擇權,,FFSCSX,
IHFC7　農林股票期貨2027/03,TW000IHFC701,2026/04/16,期貨及選擇權,,FFSCSX,
IHFE6　農林股票期貨2026/05,TW000IHFE608,2026/03/19,期貨及選擇權,,FFSCSX,
IHFF6　農林股票期貨2026/06,TW000IHFF605,2025/07/17,期貨及選擇權,,FFSCSX,
IHFI6　農林股票期貨2026/09,TW000IHFI609,2025/10/16,期貨及選擇權,,FFSCSX,
IHFL6　農林股票期貨2026/12,TW000IHFL603,2026/01/22,期貨及選擇權,,FFSCSX,
IIFC7　晶豪科股票期貨2027/03,TW000IIFC709,2026/04/16,期貨及選擇權,,FFSCSX,
IIFE6　晶豪科股票期貨2026/05,TW000IIFE606,2026/03/19,期貨及選擇權,,FFSCSX,
IIFF6　晶豪科股票期貨2026/06,TW000IIFF603,2025/07/17,期貨及選擇權,,FFSCSX,
IIFI6　晶豪科股票期貨2026/09,TW000IIFI607,2025/10/16,期貨及選擇權,,FFSCSX,
IIFL6　晶豪科股票期貨2026/12,TW000IIFL601,2026/01/22,期貨及選擇權,,FFSCSX,
IJFC7　大立光股票期貨2027/03,TW000IJFC707,2026/04/16,期貨及選擇權,,FFSCSX,
IJFE6　大立光股票期貨2026/05,TW000IJFE604,2026/03/19,期貨及選擇權,,FFSCSX,
IJFF6　大立光股票期貨2026/06,TW000IJFF601,2025/07/17,期貨及選擇權,,FFSCSX,
IJFI6　大立光股票期貨2026/09,TW000IJFI605,2025/10/16,期貨及選擇權,,FFSCSX,
IJFL6　大立光股票期貨2026/12,TW000IJFL609,2026/01/22,期貨及選擇權,,FFSCSX,
IMFC7　亞光股票期貨2027/03,TW000IMFC701,2026/04/16,期貨及選擇權,,FFSCSX,
IMFE6　亞光股票期貨2026/05,TW000IMFE608,2026/03/19,期貨及選擇權,,FFSCSX,
IMFF6　亞光股票期貨2026/06,TW000IMFF605,2025/07/17,期貨及選擇權,,FFSCSX,
IMFI6　亞光股票期貨2026/09,TW000IMFI609,2025/10/16,期貨及選擇權,,FFSCSX,
IMFL6　亞光股票期貨2026/12,TW000IMFL603,2026/01/22,期貨及選擇權,,FFSCSX,
IOFC7　聯詠股票期貨2027/03,TW000IOFC707,2026/04/16,期貨及選擇權,,FFSCSX,
IOFE6　聯詠股票期貨2026/05,TW000IOFE604,2026/03/19,期貨及選擇權,,FFSCSX,
IOFF6　聯詠股票期貨2026/06,TW000IOFF601,2025/07/17,期貨及選擇權,,FFSCSX,
IOFI6　聯詠股票期貨2026/09,TW000IOFI605,2025/10/16,期貨及選擇權,,FFSCSX,
IOFL6　聯詠股票期貨2026/12,TW000IOFL609,2026/01/22,期貨及選擇權,,FFSCSX,
IPFC7　智原股票期貨2027/03,TW000IPFC704,2026/04/16,期貨及選擇權,,FFSCSX,
IPFE6　智原股票期貨2026/05,TW000IPFE601,2026/03/19,期貨及選擇權,,FFSCSX,
IPFF6　智原股票期貨2026/06,TW000IPFF608,2025/07/17,期貨及選擇權,,FFSCSX,
IPFI6　智原股票期貨2026/09,TW000IPFI602,2025/10/16,期貨及選擇權,,FFSCSX,
IPFL6　智原股票期貨2026/12,TW000IPFL606,2026/01/22,期貨及選擇權,,FFSCSX,
IQFC7　文曄股票期貨2027/03,TW000IQFC702,2026/04/16,期貨及選擇權,,FFSCSX,
IQFE6　文曄股票期貨2026/05,TW000IQFE609,2026/03/19,期貨及選擇權,,FFSCSX,
IQFF6　文曄股票期貨2026/06,TW000IQFF606,2025/07/17,期貨及選擇權,,FFSCSX,
IQFI6　文曄股票期貨2026/09,TW000IQFI600,2025/10/16,期貨及選擇權,,FFSCSX,
IQFL6　文曄股票期貨2026/12,TW000IQFL604,2026/01/22,期貨及選擇權,,FFSCSX,
IR1F6　欣興股票期貨2026/06,TW000IR1F601,2025/07/17,期貨及選擇權,,FFSCSX,
IRFC7　欣興股票期貨2027/03,TW000IRFC700,2026/04/16,期貨及選擇權,,FFSCSX,
IRFE6　欣興股票期貨2026/05,TW000IRFE607,2026/03/19,期貨及選擇權,,FFSCSX,
IRFF6　欣興股票期貨2026/06,TW000IRFF604,2025/07/17,期貨及選擇權,,FFSCSX,
IRFI6　欣興股票期貨2026/09,TW000IRFI608,2025/10/16,期貨及選擇權,,FFSCSX,
IRFL6　欣興股票期貨2026/12,TW000IRFL602,2026/01/22,期貨及選擇權,,FFSCSX,
ITFC7　晶技股票期貨2027/03,TW000ITFC706,2026/04/16,期貨及選擇權,,FFSCSX,
ITFE6　晶技股票期貨2026/05,TW000ITFE603,2026/03/19,期貨及選擇權,,FFSCSX,
ITFF6　晶技股票期貨2026/06,TW000ITFF600,2025/07/17,期貨及選擇權,,FFSCSX,
ITFI6　晶技股票期貨2026/09,TW000ITFI604,2025/10/16,期貨及選擇權,,FFSCSX,
ITFL6　晶技股票期貨2026/12,TW000ITFL608,2026/01/22,期貨及選擇權,,FFSCSX,
IX1F6　景碩股票期貨2026/06,TW000IX1F603,2025/07/17,期貨及選擇權,,FFSCSX,
IX1I6　景碩股票期貨2026/09,TW000IX1I607,2025/10/16,期貨及選擇權,,FFSCSX,
IXFC7　景碩股票期貨2027/03,TW000IXFC708,2026/04/16,期貨及選擇權,,FFSCSX,
IXFE6　景碩股票期貨2026/05,TW000IXFE605,2026/03/19,期貨及選擇權,,FFSCSX,
IXFF6　景碩股票期貨2026/06,TW000IXFF602,2025/07/17,期貨及選擇權,,FFSCSX,
IXFI6　景碩股票期貨2026/09,TW000IXFI606,2025/10/16,期貨及選擇權,,FFSCSX,
IXFL6　景碩股票期貨2026/12,TW000IXFL600,2026/01/22,期貨及選擇權,,FFSCSX,
IYFC7　新日興股票期貨2027/03,TW000IYFC706,2026/04/16,期貨及選擇權,,FFSCSX,
IYFE6　新日興股票期貨2026/05,TW000IYFE603,2026/03/19,期貨及選擇權,,FFSCSX,
IYFF6　新日興股票期貨2026/06,TW000IYFF600,2025/07/17,期貨及選擇權,,FFSCSX,
IYFI6　新日興股票期貨2026/09,TW000IYFI604,2025/10/16,期貨及選擇權,,FFSCSX,
IYFL6　新日興股票期貨2026/12,TW000IYFL608,2026/01/22,期貨及選擇權,,FFSCSX,
IZFC7　明泰股票期貨2027/03,TW000IZFC703,2026/04/16,期貨及選擇權,,FFSCSX,
IZFE6　明泰股票期貨2026/05,TW000IZFE600,2026/03/19,期貨及選擇權,,FFSCSX,
IZFF6　明泰股票期貨2026/06,TW000IZFF607,2025/07/17,期貨及選擇權,,FFSCSX,
IZFI6　明泰股票期貨2026/09,TW000IZFI601,2025/10/16,期貨及選擇權,,FFSCSX,
IZFL6　明泰股票期貨2026/12,TW000IZFL605,2026/01/22,期貨及選擇權,,FFSCSX,
JBFC7　創意股票期貨2027/03,TW000JBFC702,2026/04/16,期貨及選擇權,,FFSCSX,
JBFE6　創意股票期貨2026/05,TW000JBFE609,2026/03/19,期貨及選擇權,,FFSCSX,
JBFF6　創意股票期貨2026/06,TW000JBFF606,2025/07/17,期貨及選擇權,,FFSCSX,
JBFI6　創意股票期貨2026/09,TW000JBFI600,2025/10/16,期貨及選擇權,,FFSCSX,
JBFL6　創意股票期貨2026/12,TW000JBFL604,2026/01/22,期貨及選擇權,,FFSCSX,
JFFC7　嘉澤股票期貨2027/03,TW000JFFC703,2026/04/16,期貨及選擇權,,FFSCSX,
JFFE6　嘉澤股票期貨2026/05,TW000JFFE600,2026/03/19,期貨及選擇權,,FFSCSX,
JFFF6　嘉澤股票期貨2026/06,TW000JFFF607,2025/07/17,期貨及選擇權,,FFSCSX,
JFFI6　嘉澤股票期貨2026/09,TW000JFFI601,2025/10/16,期貨及選擇權,,FFSCSX,
JFFL6　嘉澤股票期貨2026/12,TW000JFFL605,2026/01/22,期貨及選擇權,,FFSCSX,
JMFC7　健策期貨2027/03,TW000JMFC709,2026/04/16,期貨及選擇權,,FFSCSX,
JMFE6　健策期貨2026/05,TW000JMFE606,2026/03/19,期貨及選擇權,,FFSCSX,
JMFF6　健策期貨2026/06,TW000JMFF603,2025/07/17,期貨及選擇權,,FFSCSX,
JMFI6　健策期貨2026/09,TW000JMFI607,2025/10/16,期貨及選擇權,,FFSCSX,
JMFL6　健策期貨2026/12,TW000JMFL601,2026/01/22,期貨及選擇權,,FFSCSX,
JNFC7　TPK-KY股票期貨2027/03,TW000JNFC707,2026/04/16,期貨及選擇權,,FFSCSX,
JNFE6　TPK-KY股票期貨2026/05,TW000JNFE604,2026/03/19,期貨及選擇權,,FFSCSX,
JNFF6　TPK-KY股票期貨2026/06,TW000JNFF601,2025/07/17,期貨及選擇權,,FFSCSX,
JNFI6　TPK-KY股票期貨2026/09,TW000JNFI605,2025/10/16,期貨及選擇權,,FFSCSX,
JNFL6　TPK-KY股票期貨2026/12,TW000JNFL609,2026/01/22,期貨及選擇權,,FFSCSX,
JPFC7　大聯大股票期貨2027/03,TW000JPFC702,2026/04/16,期貨及選擇權,,FFSCSX,
JPFE6　大聯大股票期貨2026/05,TW000JPFE609,2026/03/19,期貨及選擇權,,FFSCSX,
JPFF6　大聯大股票期貨2026/06,TW000JPFF606,2025/07/17,期貨及選擇權,,FFSCSX,
JPFI6　大聯大股票期貨2026/09,TW000JPFI600,2025/10/16,期貨及選擇權,,FFSCSX,
JPFL6　大聯大股票期貨2026/12,TW000JPFL604,2026/01/22,期貨及選擇權,,FFSCSX,
JSFC7　和碩股票期貨2027/03,TW000JSFC706,2026/04/16,期貨及選擇權,,FFSCSX,
JSFE6　和碩股票期貨2026/05,TW000JSFE603,2026/03/19,期貨及選擇權,,FFSCSX,
JSFF6　和碩股票期貨2026/06,TW000JSFF600,2025/07/17,期貨及選擇權,,FFSCSX,
JSFI6　和碩股票期貨2026/09,TW000JSFI604,2025/10/16,期貨及選擇權,,FFSCSX,
JSFL6　和碩股票期貨2026/12,TW000JSFL608,2026/01/22,期貨及選擇權,,FFSCSX,
JW1F6　長虹股票期貨2026/06,TW000JW1F603,2025/07/17,期貨及選擇權,,FFSCSX,
JW1I6　長虹股票期貨2026/09,TW000JW1I607,2025/10/16,期貨及選擇權,,FFSCSX,
JWFC7　長虹股票期貨2027/03,TW000JWFC708,2026/04/16,期貨及選擇權,,FFSCSX,
JWFE6　長虹股票期貨2026/05,TW000JWFE605,2026/03/19,期貨及選擇權,,FFSCSX,
JWFF6　長虹股票期貨2026/06,TW000JWFF602,2025/07/17,期貨及選擇權,,FFSCSX,
JWFI6　長虹股票期貨2026/09,TW000JWFI606,2025/10/16,期貨及選擇權,,FFSCSX,
JWFL6　長虹股票期貨2026/12,TW000JWFL600,2026/01/22,期貨及選擇權,,FFSCSX,
JXFC7　群益證股票期貨2027/03,TW000JXFC706,2026/04/16,期貨及選擇權,,FFSCSX,
JXFE6　群益證股票期貨2026/05,TW000JXFE603,2026/03/19,期貨及選擇權,,FFSCSX,
JXFF6　群益證股票期貨2026/06,TW000JXFF600,2025/07/17,期貨及選擇權,,FFSCSX,
JXFI6　群益證股票期貨2026/09,TW000JXFI604,2025/10/16,期貨及選擇權,,FFSCSX,
JXFL6　群益證股票期貨2026/12,TW000JXFL608,2026/01/22,期貨及選擇權,,FFSCSX,
JZFC7　嘉聯益股票期貨2027/03,TW000JZFC701,2026/04/16,期貨及選擇權,,FFSCSX,
JZFE6　嘉聯益股票期貨2026/05,TW000JZFE608,2026/03/19,期貨及選擇權,,FFSCSX,
JZFF6　嘉聯益股票期貨2026/06,TW000JZFF605,2025/07/17,期貨及選擇權,,FFSCSX,
JZFI6　嘉聯益股票期貨2026/09,TW000JZFI609,2025/10/16,期貨及選擇權,,FFSCSX,
JZFL6　嘉聯益股票期貨2026/12,TW000JZFL603,2026/01/22,期貨及選擇權,,FFSCSX,
KAFC7　瑞儀股票期貨2027/03,TW000KAFC702,2026/04/16,期貨及選擇權,,FFSCSX,
KAFE6　瑞儀股票期貨2026/05,TW000KAFE609,2026/03/19,期貨及選擇權,,FFSCSX,
KAFF6　瑞儀股票期貨2026/06,TW000KAFF606,2025/07/17,期貨及選擇權,,FFSCSX,
KAFI6　瑞儀股票期貨2026/09,TW000KAFI600,2025/10/16,期貨及選擇權,,FFSCSX,
KAFL6　瑞儀股票期貨2026/12,TW000KAFL604,2026/01/22,期貨及選擇權,,FFSCSX,
KBFC7　聯茂股票期貨2027/03,TW000KBFC700,2026/04/16,期貨及選擇權,,FFSCSX,
KBFE6　聯茂股票期貨2026/05,TW000KBFE607,2026/03/19,期貨及選擇權,,FFSCSX,
KBFF6　聯茂股票期貨2026/06,TW000KBFF604,2025/07/17,期貨及選擇權,,FFSCSX,
KBFI6　聯茂股票期貨2026/09,TW000KBFI608,2025/10/16,期貨及選擇權,,FFSCSX,
KBFL6　聯茂股票期貨2026/12,TW000KBFL602,2026/01/22,期貨及選擇權,,FFSCSX,
KCFC7　力成股票期貨2027/03,TW000KCFC708,2026/04/16,期貨及選擇權,,FFSCSX,
KCFE6　力成股票期貨2026/05,TW000KCFE605,2026/03/19,期貨及選擇權,,FFSCSX,
KCFF6　力成股票期貨2026/06,TW000KCFF602,2025/07/17,期貨及選擇權,,FFSCSX,
KCFI6　力成股票期貨2026/09,TW000KCFI606,2025/10/16,期貨及選擇權,,FFSCSX,
KCFL6　力成股票期貨2026/12,TW000KCFL600,2026/01/22,期貨及選擇權,,FFSCSX,
KDFC7　同欣電股票期貨2027/03,TW000KDFC706,2026/04/16,期貨及選擇權,,FFSCSX,
KDFE6　同欣電股票期貨2026/05,TW000KDFE603,2026/03/19,期貨及選擇權,,FFSCSX,
KDFF6　同欣電股票期貨2026/06,TW000KDFF600,2025/07/17,期貨及選擇權,,FFSCSX,
KDFI6　同欣電股票期貨2026/09,TW000KDFI604,2025/10/16,期貨及選擇權,,FFSCSX,
KDFL6　同欣電股票期貨2026/12,TW000KDFL608,2026/01/22,期貨及選擇權,,FFSCSX,
KEFC7　台表科股票期貨2027/03,TW000KEFC704,2026/04/16,期貨及選擇權,,FFSCSX,
KEFE6　台表科股票期貨2026/05,TW000KEFE601,2026/03/19,期貨及選擇權,,FFSCSX,
KEFF6　台表科股票期貨2026/06,TW000KEFF608,2025/07/17,期貨及選擇權,,FFSCSX,
KEFI6　台表科股票期貨2026/09,TW000KEFI602,2025/10/16,期貨及選擇權,,FFSCSX,
KEFL6　台表科股票期貨2026/12,TW000KEFL606,2026/01/22,期貨及選擇權,,FFSCSX,
KFFC7　康舒股票期貨2027/03,TW000KFFC701,2026/04/16,期貨及選擇權,,FFSCSX,
KFFE6　康舒股票期貨2026/05,TW000KFFE608,2026/03/19,期貨及選擇權,,FFSCSX,
KFFF6　康舒股票期貨2026/06,TW000KFFF605,2025/07/17,期貨及選擇權,,FFSCSX,
KFFI6　康舒股票期貨2026/09,TW000KFFI609,2025/10/16,期貨及選擇權,,FFSCSX,
KFFL6　康舒股票期貨2026/12,TW000KFFL603,2026/01/22,期貨及選擇權,,FFSCSX,
KGFC7　啟碁股票期貨2027/03,TW000KGFC709,2026/04/16,期貨及選擇權,,FFSCSX,
KGFE6　啟碁股票期貨2026/05,TW000KGFE606,2026/03/19,期貨及選擇權,,FFSCSX,
KGFF6　啟碁股票期貨2026/06,TW000KGFF603,2025/07/17,期貨及選擇權,,FFSCSX,
KGFI6　啟碁股票期貨2026/09,TW000KGFI607,2025/10/16,期貨及選擇權,,FFSCSX,
KGFL6　啟碁股票期貨2026/12,TW000KGFL601,2026/01/22,期貨及選擇權,,FFSCSX,
KIFC7　台虹股票期貨2027/03,TW000KIFC705,2026/04/16,期貨及選擇權,,FFSCSX,
KIFE6　台虹股票期貨2026/05,TW000KIFE602,2026/03/19,期貨及選擇權,,FFSCSX,
KIFF6　台虹股票期貨2026/06,TW000KIFF609,2025/07/17,期貨及選擇權,,FFSCSX,
KIFI6　台虹股票期貨2026/09,TW000KIFI603,2025/10/16,期貨及選擇權,,FFSCSX,
KIFL6　台虹股票期貨2026/12,TW000KIFL607,2026/01/22,期貨及選擇權,,FFSCSX,
KKFC7　達方股票期貨2027/03,TW000KKFC701,2026/04/16,期貨及選擇權,,FFSCSX,
KKFE6　達方股票期貨2026/05,TW000KKFE608,2026/03/19,期貨及選擇權,,FFSCSX,
KKFF6　達方股票期貨2026/06,TW000KKFF605,2025/07/17,期貨及選擇權,,FFSCSX,
KKFI6　達方股票期貨2026/09,TW000KKFI609,2025/10/16,期貨及選擇權,,FFSCSX,
KKFL6　達方股票期貨2026/12,TW000KKFL603,2026/01/22,期貨及選擇權,,FFSCSX,
KLFC7　寶成股票期貨2027/03,TW000KLFC709,2026/04/16,期貨及選擇權,,FFSCSX,
KLFE6　寶成股票期貨2026/05,TW000KLFE606,2026/03/19,期貨及選擇權,,FFSCSX,
KLFF6　寶成股票期貨2026/06,TW000KLFF603,2025/07/17,期貨及選擇權,,FFSCSX,
KLFI6　寶成股票期貨2026/09,TW000KLFI607,2025/10/16,期貨及選擇權,,FFSCSX,
KLFL6　寶成股票期貨2026/12,TW000KLFL601,2026/01/22,期貨及選擇權,,FFSCSX,
KOFC7　宏全股票期貨2027/03,TW000KOFC703,2026/04/16,期貨及選擇權,,FFSCSX,
KOFE6　宏全股票期貨2026/05,TW000KOFE600,2026/03/19,期貨及選擇權,,FFSCSX,
KOFF6　宏全股票期貨2026/06,TW000KOFF607,2025/07/17,期貨及選擇權,,FFSCSX,
KOFI6　宏全股票期貨2026/09,TW000KOFI601,2025/10/16,期貨及選擇權,,FFSCSX,
KOFL6　宏全股票期貨2026/12,TW000KOFL605,2026/01/22,期貨及選擇權,,FFSCSX,
KPFC7　潤泰新股票期貨2027/03,TW000KPFC700,2026/04/16,期貨及選擇權,,FFSCSX,
KPFE6　潤泰新股票期貨2026/05,TW000KPFE607,2026/03/19,期貨及選擇權,,FFSCSX,
KPFF6　潤泰新股票期貨2026/06,TW000KPFF604,2025/07/17,期貨及選擇權,,FFSCSX,
KPFI6　潤泰新股票期貨2026/09,TW000KPFI608,2025/10/16,期貨及選擇權,,FFSCSX,
KPFL6　潤泰新股票期貨2026/12,TW000KPFL602,2026/01/22,期貨及選擇權,,FFSCSX,
KSFC7　聚陽股票期貨2027/03,TW000KSFC704,2026/04/16,期貨及選擇權,,FFSCSX,
KSFE6　聚陽股票期貨2026/05,TW000KSFE601,2026/03/19,期貨及選擇權,,FFSCSX,
KSFF6　聚陽股票期貨2026/06,TW000KSFF608,2025/07/17,期貨及選擇權,,FFSCSX,
KSFI6　聚陽股票期貨2026/09,TW000KSFI602,2025/10/16,期貨及選擇權,,FFSCSX,
KSFL6　聚陽股票期貨2026/12,TW000KSFL606,2026/01/22,期貨及選擇權,,FFSCSX,
KUFC7　台玻股票期貨2027/03,TW000KUFC700,2026/04/16,期貨及選擇權,,FFSCSX,
KUFE6　台玻股票期貨2026/05,TW000KUFE607,2026/03/19,期貨及選擇權,,FFSCSX,
KUFF6　台玻股票期貨2026/06,TW000KUFF604,2025/07/17,期貨及選擇權,,FFSCSX,
KUFI6　台玻股票期貨2026/09,TW000KUFI608,2025/10/16,期貨及選擇權,,FFSCSX,
KUFL6　台玻股票期貨2026/12,TW000KUFL602,2026/01/22,期貨及選擇權,,FFSCSX,
KWFC7　廣宇股票期貨2027/03,TW000KWFC706,2026/04/16,期貨及選擇權,,FFSCSX,
KWFE6　廣宇股票期貨2026/05,TW000KWFE603,2026/03/19,期貨及選擇權,,FFSCSX,
KWFF6　廣宇股票期貨2026/06,TW000KWFF600,2025/07/17,期貨及選擇權,,FFSCSX,
KWFI6　廣宇股票期貨2026/09,TW000KWFI604,2025/10/16,期貨及選擇權,,FFSCSX,
KWFL6　廣宇股票期貨2026/12,TW000KWFL608,2026/01/22,期貨及選擇權,,FFSCSX,
LBFC7　健鼎股票期貨2027/03,TW000LBFC708,2026/04/16,期貨及選擇權,,FFSCSX,
LBFE6　健鼎股票期貨2026/05,TW000LBFE605,2026/03/19,期貨及選擇權,,FFSCSX,
LBFF6　健鼎股票期貨2026/06,TW000LBFF602,2025/07/17,期貨及選擇權,,FFSCSX,
LBFI6　健鼎股票期貨2026/09,TW000LBFI606,2025/10/16,期貨及選擇權,,FFSCSX,
LBFL6　健鼎股票期貨2026/12,TW000LBFL600,2026/01/22,期貨及選擇權,,FFSCSX,
LCFC7　台灣大股票期貨2027/03,TW000LCFC706,2026/04/16,期貨及選擇權,,FFSCSX,
LCFE6　台灣大股票期貨2026/05,TW000LCFE603,2026/03/19,期貨及選擇權,,FFSCSX,
LCFF6　台灣大股票期貨2026/06,TW000LCFF600,2025/07/17,期貨及選擇權,,FFSCSX,
LCFI6　台灣大股票期貨2026/09,TW000LCFI604,2025/10/16,期貨及選擇權,,FFSCSX,
LCFL6　台灣大股票期貨2026/12,TW000LCFL608,2026/01/22,期貨及選擇權,,FFSCSX,
LEFC7　玉晶光股票期貨2027/03,TW000LEFC702,2026/04/16,期貨及選擇權,,FFSCSX,
LEFE6　玉晶光股票期貨2026/05,TW000LEFE609,2026/03/19,期貨及選擇權,,FFSCSX,
LEFF6　玉晶光股票期貨2026/06,TW000LEFF606,2025/07/17,期貨及選擇權,,FFSCSX,
LEFI6　玉晶光股票期貨2026/09,TW000LEFI600,2025/10/16,期貨及選擇權,,FFSCSX,
LEFL6　玉晶光股票期貨2026/12,TW000LEFL604,2026/01/22,期貨及選擇權,,FFSCSX,
LIFC7　台郡股票期貨2027/03,TW000LIFC703,2026/04/16,期貨及選擇權,,FFSCSX,
LIFE6　台郡股票期貨2026/05,TW000LIFE600,2026/03/19,期貨及選擇權,,FFSCSX,
LIFF6　台郡股票期貨2026/06,TW000LIFF607,2025/07/17,期貨及選擇權,,FFSCSX,
LIFI6　台郡股票期貨2026/09,TW000LIFI601,2025/10/16,期貨及選擇權,,FFSCSX,
LIFL6　台郡股票期貨2026/12,TW000LIFL605,2026/01/22,期貨及選擇權,,FFSCSX,
LMFC7　美利達股票期貨2027/03,TW000LMFC705,2026/04/16,期貨及選擇權,,FFSCSX,
LMFE6　美利達股票期貨2026/05,TW000LMFE602,2026/03/19,期貨及選擇權,,FFSCSX,
LMFF6　美利達股票期貨2026/06,TW000LMFF609,2025/07/17,期貨及選擇權,,FFSCSX,
LMFI6　美利達股票期貨2026/09,TW000LMFI603,2025/10/16,期貨及選擇權,,FFSCSX,
LMFL6　美利達股票期貨2026/12,TW000LMFL607,2026/01/22,期貨及選擇權,,FFSCSX,
LOFC7　合庫金股票期貨2027/03,TW000LOFC701,2026/04/16,期貨及選擇權,,FFSCSX,
LOFE6　合庫金股票期貨2026/05,TW000LOFE608,2026/03/19,期貨及選擇權,,FFSCSX,
LOFF6　合庫金股票期貨2026/06,TW000LOFF605,2025/07/17,期貨及選擇權,,FFSCSX,
LOFI6　合庫金股票期貨2026/09,TW000LOFI609,2025/10/16,期貨及選擇權,,FFSCSX,
LOFL6　合庫金股票期貨2026/12,TW000LOFL603,2026/01/22,期貨及選擇權,,FFSCSX,
LQFC7　英業達股票期貨2027/03,TW000LQFC706,2026/04/16,期貨及選擇權,,FFSCSX,
LQFE6　英業達股票期貨2026/05,TW000LQFE603,2026/03/19,期貨及選擇權,,FFSCSX,
LQFF6　英業達股票期貨2026/06,TW000LQFF600,2025/07/17,期貨及選擇權,,FFSCSX,
LQFI6　英業達股票期貨2026/09,TW000LQFI604,2025/10/16,期貨及選擇權,,FFSCSX,
LQFL6　英業達股票期貨2026/12,TW000LQFL608,2026/01/22,期貨及選擇權,,FFSCSX,
LRFC7　開發金股票期貨2027/03,TW000LRFC704,2026/04/16,期貨及選擇權,,FFSCSX,
LRFE6　開發金股票期貨2026/05,TW000LRFE601,2026/03/19,期貨及選擇權,,FFSCSX,
LRFF6　開發金股票期貨2026/06,TW000LRFF608,2025/07/17,期貨及選擇權,,FFSCSX,
LRFI6　開發金股票期貨2026/09,TW000LRFI602,2025/10/16,期貨及選擇權,,FFSCSX,
LRFL6　開發金股票期貨2026/12,TW000LRFL606,2026/01/22,期貨及選擇權,,FFSCSX,
LTFC7　遠傳股票期貨2027/03,TW000LTFC700,2026/04/16,期貨及選擇權,,FFSCSX,
LTFE6　遠傳股票期貨2026/05,TW000LTFE607,2026/03/19,期貨及選擇權,,FFSCSX,
LTFF6　遠傳股票期貨2026/06,TW000LTFF604,2025/07/17,期貨及選擇權,,FFSCSX,
LTFI6　遠傳股票期貨2026/09,TW000LTFI608,2025/10/16,期貨及選擇權,,FFSCSX,
LTFL6　遠傳股票期貨2026/12,TW000LTFL602,2026/01/22,期貨及選擇權,,FFSCSX,
LUFC7　臻鼎-KY股票期貨2027/03,TW000LUFC708,2026/04/16,期貨及選擇權,,FFSCSX,
LUFE6　臻鼎-KY股票期貨2026/05,TW000LUFE605,2026/03/19,期貨及選擇權,,FFSCSX,
LUFF6　臻鼎-KY股票期貨2026/06,TW000LUFF602,2025/07/17,期貨及選擇權,,FFSCSX,
LUFI6　臻鼎-KY股票期貨2026/09,TW000LUFI606,2025/10/16,期貨及選擇權,,FFSCSX,
LUFL6　臻鼎-KY股票期貨2026/12,TW000LUFL600,2026/01/22,期貨及選擇權,,FFSCSX,
LVFC7　中租-KY股票期貨2027/03,TW000LVFC706,2026/04/16,期貨及選擇權,,FFSCSX,
LVFE6　中租-KY股票期貨2026/05,TW000LVFE603,2026/03/19,期貨及選擇權,,FFSCSX,
LVFF6　中租-KY股票期貨2026/06,TW000LVFF600,2025/07/17,期貨及選擇權,,FFSCSX,
LVFI6　中租-KY股票期貨2026/09,TW000LVFI604,2025/10/16,期貨及選擇權,,FFSCSX,
LVFL6　中租-KY股票期貨2026/12,TW000LVFL608,2026/01/22,期貨及選擇權,,FFSCSX,
LWFC7　儒鴻股票期貨2027/03,TW000LWFC704,2026/04/16,期貨及選擇權,,FFSCSX,
LWFE6　儒鴻股票期貨2026/05,TW000LWFE601,2026/03/19,期貨及選擇權,,FFSCSX,
LWFF6　儒鴻股票期貨2026/06,TW000LWFF608,2025/07/17,期貨及選擇權,,FFSCSX,
LWFI6　儒鴻股票期貨2026/09,TW000LWFI602,2025/10/16,期貨及選擇權,,FFSCSX,
LWFL6　儒鴻股票期貨2026/12,TW000LWFL606,2026/01/22,期貨及選擇權,,FFSCSX,
LXFC7　國巨股票期貨2027/03,TW000LXFC702,2026/04/16,期貨及選擇權,,FFSCSX,
LXFE6　國巨股票期貨2026/05,TW000LXFE609,2026/03/19,期貨及選擇權,,FFSCSX,
LXFF6　國巨股票期貨2026/06,TW000LXFF606,2025/07/17,期貨及選擇權,,FFSCSX,
LXFI6　國巨股票期貨2026/09,TW000LXFI600,2025/10/16,期貨及選擇權,,FFSCSX,
LXFL6　國巨股票期貨2026/12,TW000LXFL604,2026/01/22,期貨及選擇權,,FFSCSX,
LYFC7　南電股票期貨2027/03,TW000LYFC700,2026/04/16,期貨及選擇權,,FFSCSX,
LYFE6　南電股票期貨2026/05,TW000LYFE607,2026/03/19,期貨及選擇權,,FFSCSX,
LYFF6　南電股票期貨2026/06,TW000LYFF604,2025/07/17,期貨及選擇權,,FFSCSX,
LYFI6　南電股票期貨2026/09,TW000LYFI608,2025/10/16,期貨及選擇權,,FFSCSX,
LYFL6　南電股票期貨2026/12,TW000LYFL602,2026/01/22,期貨及選擇權,,FFSCSX,
MBFC7　敬鵬股票期貨2027/03,TW000MBFC706,2026/04/16,期貨及選擇權,,FFSCSX,
MBFE6　敬鵬股票期貨2026/05,TW000MBFE603,2026/03/19,期貨及選擇權,,FFSCSX,
MBFF6　敬鵬股票期貨2026/06,TW000MBFF600,2025/07/17,期貨及選擇權,,FFSCSX,
MBFI6　敬鵬股票期貨2026/09,TW000MBFI604,2025/10/16,期貨及選擇權,,FFSCSX,
MBFL6　敬鵬股票期貨2026/12,TW000MBFL608,2026/01/22,期貨及選擇權,,FFSCSX,
MJFC7　致茂股票期貨2027/03,TW000MJFC709,2026/04/16,期貨及選擇權,,FFSCSX,
MJFE6　致茂股票期貨2026/05,TW000MJFE606,2026/03/19,期貨及選擇權,,FFSCSX,
MJFF6　致茂股票期貨2026/06,TW000MJFF603,2025/07/17,期貨及選擇權,,FFSCSX,
MJFI6　致茂股票期貨2026/09,TW000MJFI607,2025/10/16,期貨及選擇權,,FFSCSX,
MJFL6　致茂股票期貨2026/12,TW000MJFL601,2026/01/22,期貨及選擇權,,FFSCSX,
MKFC7　美津股票期貨2027/03,TW000MKFC707,2026/04/16,期貨及選擇權,,FFSCSX,
MKFE6　美津股票期貨2026/05,TW000MKFE604,2026/03/19,期貨及選擇權,,FFSCSX,
MKFF6　美津股票期貨2026/06,TW000MKFF601,2025/07/17,期貨及選擇權,,FFSCSX,
MKFI6　美津股票期貨2026/09,TW000MKFI605,2025/10/16,期貨及選擇權,,FFSCSX,
MKFL6　美津股票期貨2026/12,TW000MKFL609,2026/01/22,期貨及選擇權,,FFSCSX,
MQFC7　矽格股票期貨2027/03,TW000MQFC704,2026/04/16,期貨及選擇權,,FFSCSX,
MQFE6　矽格股票期貨2026/05,TW000MQFE601,2026/03/19,期貨及選擇權,,FFSCSX,
MQFF6　矽格股票期貨2026/06,TW000MQFF608,2025/07/17,期貨及選擇權,,FFSCSX,
MQFI6　矽格股票期貨2026/09,TW000MQFI602,2025/10/16,期貨及選擇權,,FFSCSX,
MQFL6　矽格股票期貨2026/12,TW000MQFL606,2026/01/22,期貨及選擇權,,FFSCSX,
MVFC7　百和股票期貨2027/03,TW000MVFC704,2026/04/16,期貨及選擇權,,FFSCSX,
MVFE6　百和股票期貨2026/05,TW000MVFE601,2026/03/19,期貨及選擇權,,FFSCSX,
MVFF6　百和股票期貨2026/06,TW000MVFF608,2025/07/17,期貨及選擇權,,FFSCSX,
MVFI6　百和股票期貨2026/09,TW000MVFI602,2025/10/16,期貨及選擇權,,FFSCSX,
MVFL6　百和股票期貨2026/12,TW000MVFL606,2026/01/22,期貨及選擇權,,FFSCSX,
MYFC7　精華股票期貨2027/03,TW000MYFC708,2026/04/16,期貨及選擇權,,FFSCSX,
MYFE6　精華股票期貨2026/05,TW000MYFE605,2026/03/19,期貨及選擇權,,FFSCSX,
MYFF6　精華股票期貨2026/06,TW000MYFF602,2025/07/17,期貨及選擇權,,FFSCSX,
MYFI6　精華股票期貨2026/09,TW000MYFI606,2025/10/16,期貨及選擇權,,FFSCSX,
MYFL6　精華股票期貨2026/12,TW000MYFL600,2026/01/22,期貨及選擇權,,FFSCSX,
NAFC7　穩懋股票期貨2027/03,TW000NAFC706,2026/04/16,期貨及選擇權,,FFSCSX,
NAFE6　穩懋股票期貨2026/05,TW000NAFE603,2026/03/19,期貨及選擇權,,FFSCSX,
NAFF6　穩懋股票期貨2026/06,TW000NAFF600,2025/07/17,期貨及選擇權,,FFSCSX,
NAFI6　穩懋股票期貨2026/09,TW000NAFI604,2025/10/16,期貨及選擇權,,FFSCSX,
NAFL6　穩懋股票期貨2026/12,TW000NAFL608,2026/01/22,期貨及選擇權,,FFSCSX,
NBFC7　璟德股票期貨2027/03,TW000NBFC704,2026/04/16,期貨及選擇權,,FFSCSX,
NBFE6　璟德股票期貨2026/05,TW000NBFE601,2026/03/19,期貨及選擇權,,FFSCSX,
NBFF6　璟德股票期貨2026/06,TW000NBFF608,2025/07/17,期貨及選擇權,,FFSCSX,
NBFI6　璟德股票期貨2026/09,TW000NBFI602,2025/10/16,期貨及選擇權,,FFSCSX,
NBFL6　璟德股票期貨2026/12,TW000NBFL606,2026/01/22,期貨及選擇權,,FFSCSX,
NCFC7　順達股票期貨2027/03,TW000NCFC702,2026/04/16,期貨及選擇權,,FFSCSX,
NCFE6　順達股票期貨2026/05,TW000NCFE609,2026/03/19,期貨及選擇權,,FFSCSX,
NCFF6　順達股票期貨2026/06,TW000NCFF606,2026/02/02,期貨及選擇權,,FFSCSX,
NCFI6　順達股票期貨2026/09,TW000NCFI600,2026/02/02,期貨及選擇權,,FFSCSX,
NCFL6　順達股票期貨2026/12,TW000NCFL604,2026/02/02,期貨及選擇權,,FFSCSX,
NDFC7　威剛股票期貨2027/03,TW000NDFC700,2026/04/16,期貨及選擇權,,FFSCSX,
NDFE6　威剛股票期貨2026/05,TW000NDFE607,2026/03/19,期貨及選擇權,,FFSCSX,
NDFF6　威剛股票期貨2026/06,TW000NDFF604,2025/07/17,期貨及選擇權,,FFSCSX,
NDFI6　威剛股票期貨2026/09,TW000NDFI608,2025/10/16,期貨及選擇權,,FFSCSX,
NDFL6　威剛股票期貨2026/12,TW000NDFL602,2026/01/22,期貨及選擇權,,FFSCSX,
NEFC7　欣銓股票期貨2027/03,TW000NEFC708,2026/04/16,期貨及選擇權,,FFSCSX,
NEFE6　欣銓股票期貨2026/05,TW000NEFE605,2026/03/19,期貨及選擇權,,FFSCSX,
NEFF6　欣銓股票期貨2026/06,TW000NEFF602,2025/07/17,期貨及選擇權,,FFSCSX,
NEFI6　欣銓股票期貨2026/09,TW000NEFI606,2025/10/16,期貨及選擇權,,FFSCSX,
NEFL6　欣銓股票期貨2026/12,TW000NEFL600,2026/01/22,期貨及選擇權,,FFSCSX,
NGFC7　碩禾股票期貨2027/03,TW000NGFC703,2026/04/16,期貨及選擇權,,FFSCSX,
NGFE6　碩禾股票期貨2026/05,TW000NGFE600,2026/03/19,期貨及選擇權,,FFSCSX,
NGFF6　碩禾股票期貨2026/06,TW000NGFF607,2025/07/17,期貨及選擇權,,FFSCSX,
NGFI6　碩禾股票期貨2026/09,TW000NGFI601,2025/10/16,期貨及選擇權,,FFSCSX,
NGFL6　碩禾股票期貨2026/12,TW000NGFL605,2026/01/22,期貨及選擇權,,FFSCSX,
NIFC7　晟德股票期貨2027/03,TW000NIFC709,2026/04/16,期貨及選擇權,,FFSCSX,
NIFE6　晟德股票期貨2026/05,TW000NIFE606,2026/03/19,期貨及選擇權,,FFSCSX,
NIFF6　晟德股票期貨2026/06,TW000NIFF603,2025/07/17,期貨及選擇權,,FFSCSX,
NIFI6　晟德股票期貨2026/09,TW000NIFI607,2025/10/16,期貨及選擇權,,FFSCSX,
NIFL6　晟德股票期貨2026/12,TW000NIFL601,2026/01/22,期貨及選擇權,,FFSCSX,
NJFC7　榮剛股票期貨2027/03,TW000NJFC707,2026/04/16,期貨及選擇權,,FFSCSX,
NJFE6　榮剛股票期貨2026/05,TW000NJFE604,2026/03/19,期貨及選擇權,,FFSCSX,
NJFF6　榮剛股票期貨2026/06,TW000NJFF601,2025/07/17,期貨及選擇權,,FFSCSX,
NJFI6　榮剛股票期貨2026/09,TW000NJFI605,2025/10/16,期貨及選擇權,,FFSCSX,
NJFL6　榮剛股票期貨2026/12,TW000NJFL609,2026/01/22,期貨及選擇權,,FFSCSX,
NLFC7　世界股票期貨2027/03,TW000NLFC703,2026/04/16,期貨及選擇權,,FFSCSX,
NLFE6　世界股票期貨2026/05,TW000NLFE600,2026/03/19,期貨及選擇權,,FFSCSX,
NLFF6　世界股票期貨2026/06,TW000NLFF607,2025/07/17,期貨及選擇權,,FFSCSX,
NLFI6　世界股票期貨2026/09,TW000NLFI601,2025/10/16,期貨及選擇權,,FFSCSX,
NLFL6　世界股票期貨2026/12,TW000NLFL605,2026/01/22,期貨及選擇權,,FFSCSX,
NMFC7　中光電股票期貨2027/03,TW000NMFC701,2026/04/16,期貨及選擇權,,FFSCSX,
NMFE6　中光電股票期貨2026/05,TW000NMFE608,2026/03/19,期貨及選擇權,,FFSCSX,
NMFF6　中光電股票期貨2026/06,TW000NMFF605,2025/07/17,期貨及選擇權,,FFSCSX,
NMFI6　中光電股票期貨2026/09,TW000NMFI609,2025/10/16,期貨及選擇權,,FFSCSX,
NMFL6　中光電股票期貨2026/12,TW000NMFL603,2026/01/22,期貨及選擇權,,FFSCSX,
NOFC7　中美晶股票期貨2027/03,TW000NOFC707,2026/04/16,期貨及選擇權,,FFSCSX,
NOFE6　中美晶股票期貨2026/05,TW000NOFE604,2026/03/19,期貨及選擇權,,FFSCSX,
NOFF6　中美晶股票期貨2026/06,TW000NOFF601,2025/07/17,期貨及選擇權,,FFSCSX,
NOFI6　中美晶股票期貨2026/09,TW000NOFI605,2025/10/16,期貨及選擇權,,FFSCSX,
NOFL6　中美晶股票期貨2026/12,TW000NOFL609,2026/01/22,期貨及選擇權,,FFSCSX,
NQFC7　新普股票期貨2027/03,TW000NQFC702,2026/04/16,期貨及選擇權,,FFSCSX,
NQFE6　新普股票期貨2026/05,TW000NQFE609,2026/03/19,期貨及選擇權,,FFSCSX,
NQFF6　新普股票期貨2026/06,TW000NQFF606,2025/07/17,期貨及選擇權,,FFSCSX,
NQFI6　新普股票期貨2026/09,TW000NQFI600,2025/10/16,期貨及選擇權,,FFSCSX,
NQFL6　新普股票期貨2026/12,TW000NQFL604,2026/01/22,期貨及選擇權,,FFSCSX,
NSFC7　頎邦股票期貨2027/03,TW000NSFC708,2026/04/16,期貨及選擇權,,FFSCSX,
NSFE6　頎邦股票期貨2026/05,TW000NSFE605,2026/03/19,期貨及選擇權,,FFSCSX,
NSFF6　頎邦股票期貨2026/06,TW000NSFF602,2025/07/17,期貨及選擇權,,FFSCSX,
NSFI6　頎邦股票期貨2026/09,TW000NSFI606,2025/10/16,期貨及選擇權,,FFSCSX,
NSFL6　頎邦股票期貨2026/12,TW000NSFL600,2026/01/22,期貨及選擇權,,FFSCSX,
NUFC7　網家股票期貨2027/03,TW000NUFC704,2026/04/16,期貨及選擇權,,FFSCSX,
NUFE6　網家股票期貨2026/05,TW000NUFE601,2026/03/19,期貨及選擇權,,FFSCSX,
NUFF6　網家股票期貨2026/06,TW000NUFF608,2025/07/17,期貨及選擇權,,FFSCSX,
NUFI6　網家股票期貨2026/09,TW000NUFI602,2025/10/16,期貨及選擇權,,FFSCSX,
NUFL6　網家股票期貨2026/12,TW000NUFL606,2026/01/22,期貨及選擇權,,FFSCSX,
NVFC7　元太股票期貨2027/03,TW000NVFC702,2026/04/16,期貨及選擇權,,FFSCSX,
NVFE6　元太股票期貨2026/05,TW000NVFE609,2026/03/19,期貨及選擇權,,FFSCSX,
NVFF6　元太股票期貨2026/06,TW000NVFF606,2025/07/17,期貨及選擇權,,FFSCSX,
NVFI6　元太股票期貨2026/09,TW000NVFI600,2025/10/16,期貨及選擇權,,FFSCSX,
NVFL6　元太股票期貨2026/12,TW000NVFL604,2026/01/22,期貨及選擇權,,FFSCSX,
NWFC7　群聯股票期貨2027/03,TW000NWFC700,2026/04/16,期貨及選擇權,,FFSCSX,
NWFE6　群聯股票期貨2026/05,TW000NWFE607,2026/03/19,期貨及選擇權,,FFSCSX,
NWFF6　群聯股票期貨2026/06,TW000NWFF604,2025/07/17,期貨及選擇權,,FFSCSX,
NWFI6　群聯股票期貨2026/09,TW000NWFI608,2025/10/16,期貨及選擇權,,FFSCSX,
NWFL6　群聯股票期貨2026/12,TW000NWFL602,2026/01/22,期貨及選擇權,,FFSCSX,
ODFC7　為升股票期貨2027/03,TW000ODFC708,2026/04/16,期貨及選擇權,,FFSCSX,
ODFE6　為升股票期貨2026/05,TW000ODFE605,2026/03/19,期貨及選擇權,,FFSCSX,
ODFF6　為升股票期貨2026/06,TW000ODFF602,2025/07/17,期貨及選擇權,,FFSCSX,
ODFI6　為升股票期貨2026/09,TW000ODFI606,2025/10/16,期貨及選擇權,,FFSCSX,
ODFL6　為升股票期貨2026/12,TW000ODFL600,2026/01/22,期貨及選擇權,,FFSCSX,
OEFC7　彩晶股票期貨2027/03,TW000OEFC706,2026/04/16,期貨及選擇權,,FFSCSX,
OEFE6　彩晶股票期貨2026/05,TW000OEFE603,2026/03/19,期貨及選擇權,,FFSCSX,
OEFF6　彩晶股票期貨2026/06,TW000OEFF600,2025/07/17,期貨及選擇權,,FFSCSX,
OEFI6　彩晶股票期貨2026/09,TW000OEFI604,2025/10/16,期貨及選擇權,,FFSCSX,
OEFL6　彩晶股票期貨2026/12,TW000OEFL608,2026/01/22,期貨及選擇權,,FFSCSX,
OHFC7　胡連股票期貨2027/03,TW000OHFC709,2026/04/16,期貨及選擇權,,FFSCSX,
OHFE6　胡連股票期貨2026/05,TW000OHFE606,2026/03/19,期貨及選擇權,,FFSCSX,
OHFF6　胡連股票期貨2026/06,TW000OHFF603,2025/07/17,期貨及選擇權,,FFSCSX,
OHFI6　胡連股票期貨2026/09,TW000OHFI607,2025/10/16,期貨及選擇權,,FFSCSX,
OHFL6　胡連股票期貨2026/12,TW000OHFL601,2026/01/22,期貨及選擇權,,FFSCSX,
OLFC7　小型大立光期貨2027/03,TW000OLFC701,2026/04/16,期貨及選擇權,,FFSCSX,
OLFE6　小型大立光期貨2026/05,TW000OLFE608,2026/03/19,期貨及選擇權,,FFSCSX,
OLFF6　小型大立光期貨2026/06,TW000OLFF605,2025/07/17,期貨及選擇權,,FFSCSX,
OLFI6　小型大立光期貨2026/09,TW000OLFI609,2025/10/16,期貨及選擇權,,FFSCSX,
OLFL6　小型大立光期貨2026/12,TW000OLFL603,2026/01/22,期貨及選擇權,,FFSCSX,
OMFC7　小型精華期貨2027/03,TW000OMFC709,2026/04/16,期貨及選擇權,,FFSCSX,
OMFE6　小型精華期貨2026/05,TW000OMFE606,2026/03/19,期貨及選擇權,,FFSCSX,
OMFF6　小型精華期貨2026/06,TW000OMFF603,2025/07/17,期貨及選擇權,,FFSCSX,
OMFI6　小型精華期貨2026/09,TW000OMFI607,2025/10/16,期貨及選擇權,,FFSCSX,
OMFL6　小型精華期貨2026/12,TW000OMFL601,2026/01/22,期貨及選擇權,,FFSCSX,
OPFC7　智邦股票期貨2027/03,TW000OPFC702,2026/04/16,期貨及選擇權,,FFSCSX,
OPFE6　智邦股票期貨2026/05,TW000OPFE609,2026/03/19,期貨及選擇權,,FFSCSX,
OPFF6　智邦股票期貨2026/06,TW000OPFF606,2025/07/17,期貨及選擇權,,FFSCSX,
OPFI6　智邦股票期貨2026/09,TW000OPFI600,2025/10/16,期貨及選擇權,,FFSCSX,
OPFL6　智邦股票期貨2026/12,TW000OPFL604,2026/01/22,期貨及選擇權,,FFSCSX,
OQFC7　樺漢股票期貨2027/03,TW000OQFC700,2026/04/16,期貨及選擇權,,FFSCSX,
OQFE6　樺漢股票期貨2026/05,TW000OQFE607,2026/03/19,期貨及選擇權,,FFSCSX,
OQFF6　樺漢股票期貨2026/06,TW000OQFF604,2025/07/17,期貨及選擇權,,FFSCSX,
OQFI6　樺漢股票期貨2026/09,TW000OQFI608,2025/10/16,期貨及選擇權,,FFSCSX,
OQFL6　樺漢股票期貨2026/12,TW000OQFL602,2026/01/22,期貨及選擇權,,FFSCSX,
ORFC7　和大股票期貨2027/03,TW000ORFC708,2026/04/16,期貨及選擇權,,FFSCSX,
ORFE6　和大股票期貨2026/05,TW000ORFE605,2026/03/19,期貨及選擇權,,FFSCSX,
ORFF6　和大股票期貨2026/06,TW000ORFF602,2025/07/17,期貨及選擇權,,FFSCSX,
ORFI6　和大股票期貨2026/09,TW000ORFI606,2025/10/16,期貨及選擇權,,FFSCSX,
ORFL6　和大股票期貨2026/12,TW000ORFL600,2026/01/22,期貨及選擇權,,FFSCSX,
OSFC7　榮成股票期貨2027/03,TW000OSFC706,2026/04/16,期貨及選擇權,,FFSCSX,
OSFE6　榮成股票期貨2026/05,TW000OSFE603,2026/03/19,期貨及選擇權,,FFSCSX,
OSFF6　榮成股票期貨2026/06,TW000OSFF600,2025/07/17,期貨及選擇權,,FFSCSX,
OSFI6　榮成股票期貨2026/09,TW000OSFI604,2025/10/16,期貨及選擇權,,FFSCSX,
OSFL6　榮成股票期貨2026/12,TW000OSFL608,2026/01/22,期貨及選擇權,,FFSCSX,
OTFC7　聯亞股票期貨2027/03,TW000OTFC704,2026/04/16,期貨及選擇權,,FFSCSX,
OTFE6　聯亞股票期貨2026/05,TW000OTFE601,2026/03/19,期貨及選擇權,,FFSCSX,
OTFF6　聯亞股票期貨2026/06,TW000OTFF608,2025/07/17,期貨及選擇權,,FFSCSX,
OTFI6　聯亞股票期貨2026/09,TW000OTFI602,2025/10/16,期貨及選擇權,,FFSCSX,
OTFL6　聯亞股票期貨2026/12,TW000OTFL606,2026/01/22,期貨及選擇權,,FFSCSX,
OUFC7　同致股票期貨2027/03,TW000OUFC702,2026/04/16,期貨及選擇權,,FFSCSX,
OUFE6　同致股票期貨2026/05,TW000OUFE609,2026/03/19,期貨及選擇權,,FFSCSX,
OUFF6　同致股票期貨2026/06,TW000OUFF606,2025/07/17,期貨及選擇權,,FFSCSX,
OUFI6　同致股票期貨2026/09,TW000OUFI600,2025/10/16,期貨及選擇權,,FFSCSX,
OUFL6　同致股票期貨2026/12,TW000OUFL604,2026/01/22,期貨及選擇權,,FFSCSX,
OVFC7　台燿股票期貨2027/03,TW000OVFC700,2026/04/16,期貨及選擇權,,FFSCSX,
OVFE6　台燿股票期貨2026/05,TW000OVFE607,2026/03/19,期貨及選擇權,,FFSCSX,
OVFF6　台燿股票期貨2026/06,TW000OVFF604,2025/07/17,期貨及選擇權,,FFSCSX,
OVFI6　台燿股票期貨2026/09,TW000OVFI608,2025/10/16,期貨及選擇權,,FFSCSX,
OVFL6　台燿股票期貨2026/12,TW000OVFL602,2026/01/22,期貨及選擇權,,FFSCSX,
OWFC7　環球晶股票期貨2027/03,TW000OWFC708,2026/04/16,期貨及選擇權,,FFSCSX,
OWFE6　環球晶股票期貨2026/05,TW000OWFE605,2026/03/19,期貨及選擇權,,FFSCSX,
OWFF6　環球晶股票期貨2026/06,TW000OWFF602,2025/07/17,期貨及選擇權,,FFSCSX,
OWFI6　環球晶股票期貨2026/09,TW000OWFI606,2025/10/16,期貨及選擇權,,FFSCSX,
OWFL6　環球晶股票期貨2026/12,TW000OWFL600,2026/01/22,期貨及選擇權,,FFSCSX,
OXFC7　精測股票期貨2027/03,TW000OXFC706,2026/04/16,期貨及選擇權,,FFSCSX,
OXFE6　精測股票期貨2026/05,TW000OXFE603,2026/03/19,期貨及選擇權,,FFSCSX,
OXFF6　精測股票期貨2026/06,TW000OXFF600,2025/07/17,期貨及選擇權,,FFSCSX,
OXFI6　精測股票期貨2026/09,TW000OXFI604,2025/10/16,期貨及選擇權,,FFSCSX,
OXFL6　精測股票期貨2026/12,TW000OXFL608,2026/01/22,期貨及選擇權,,FFSCSX,
OYFC7　小型精測期貨2027/03,TW000OYFC704,2026/04/16,期貨及選擇權,,FFSCSX,
OYFE6　小型精測期貨2026/05,TW000OYFE601,2026/03/19,期貨及選擇權,,FFSCSX,
OYFF6　小型精測股票期貨2026/06,TW000OYFF608,2025/07/17,期貨及選擇權,,FFSCSX,
OYFI6　小型精測期貨2026/09,TW000OYFI602,2025/10/16,期貨及選擇權,,FFSCSX,
OYFL6　小型精測期貨2026/12,TW000OYFL606,2026/01/22,期貨及選擇權,,FFSCSX,
OZFC7　日月光投控期貨2027/03,TW000OZFC701,2026/04/16,期貨及選擇權,,FFSCSX,
OZFE6　日月光投控期貨2026/05,TW000OZFE608,2026/03/19,期貨及選擇權,,FFSCSX,
OZFF6　日月光投控期貨2026/06,TW000OZFF605,2025/07/17,期貨及選擇權,,FFSCSX,
OZFI6　日月光投控期貨2026/09,TW000OZFI609,2025/10/16,期貨及選擇權,,FFSCSX,
OZFL6　日月光投控期貨2026/12,TW000OZFL603,2026/01/22,期貨及選擇權,,FFSCSX,
PAFC7　原相股票期貨2027/03,TW000PAFC701,2026/04/16,期貨及選擇權,,FFSCSX,
PAFE6　原相股票期貨2026/05,TW000PAFE608,2026/03/19,期貨及選擇權,,FFSCSX,
PAFF6　原相股票期貨2026/06,TW000PAFF605,2025/07/17,期貨及選擇權,,FFSCSX,
PAFI6　原相股票期貨2026/09,TW000PAFI609,2025/10/16,期貨及選擇權,,FFSCSX,
PAFL6　原相股票期貨2026/12,TW000PAFL603,2026/01/22,期貨及選擇權,,FFSCSX,
PBFC7　小型環球晶期貨2027/03,TW000PBFC709,2026/04/16,期貨及選擇權,,FFSCSX,
PBFE6　小型環球晶期貨2026/05,TW000PBFE606,2026/03/19,期貨及選擇權,,FFSCSX,
PBFF6　小型環球晶期貨2026/06,TW000PBFF603,2025/07/17,期貨及選擇權,,FFSCSX,
PBFI6　小型環球晶期貨2026/09,TW000PBFI607,2025/10/16,期貨及選擇權,,FFSCSX,
PBFL6　小型環球晶期貨2026/12,TW000PBFL601,2026/01/22,期貨及選擇權,,FFSCSX,
PCFC7　智擎股票期貨2027/03,TW000PCFC707,2026/04/16,期貨及選擇權,,FFSCSX,
PCFE6　智擎股票期貨2026/05,TW000PCFE604,2026/03/19,期貨及選擇權,,FFSCSX,
PCFF6　智擎股票期貨2026/06,TW000PCFF601,2025/07/17,期貨及選擇權,,FFSCSX,
PCFI6　智擎股票期貨2026/09,TW000PCFI605,2025/10/16,期貨及選擇權,,FFSCSX,
PCFL6　智擎股票期貨2026/12,TW000PCFL609,2026/01/22,期貨及選擇權,,FFSCSX,
PDFC7　秦博股票期貨2027/03,TW000PDFC705,2026/04/16,期貨及選擇權,,FFSCSX,
PDFE6　秦博股票期貨2026/05,TW000PDFE602,2026/03/19,期貨及選擇權,,FFSCSX,
PDFF6　秦博股票期貨2026/06,TW000PDFF609,2025/07/17,期貨及選擇權,,FFSCSX,
PDFI6　秦博股票期貨2026/09,TW000PDFI603,2025/10/16,期貨及選擇權,,FFSCSX,
PDFL6　秦博股票期貨2026/12,TW000PDFL607,2026/01/22,期貨及選擇權,,FFSCSX,
PEFC7　台半股票期貨2027/03,TW000PEFC703,2026/04/16,期貨及選擇權,,FFSCSX,
PEFE6　台半股票期貨2026/05,TW000PEFE600,2026/03/19,期貨及選擇權,,FFSCSX,
PEFF6　台半股票期貨2026/06,TW000PEFF607,2025/07/17,期貨及選擇權,,FFSCSX,
PEFI6　台半股票期貨2026/09,TW000PEFI601,2025/10/16,期貨及選擇權,,FFSCSX,
PEFL6　台半股票期貨2026/12,TW000PEFL605,2026/01/22,期貨及選擇權,,FFSCSX,
PGFC7　台灣高鐵股票期貨2027/03,TW000PGFC708,2026/04/16,期貨及選擇權,,FFSCSX,
PGFE6　台灣高鐵股票期貨2026/05,TW000PGFE605,2026/03/19,期貨及選擇權,,FFSCSX,
PGFF6　台灣高鐵股票期貨2026/06,TW000PGFF602,2025/07/17,期貨及選擇權,,FFSCSX,
PGFI6　台灣高鐵股票期貨2026/09,TW000PGFI606,2025/10/16,期貨及選擇權,,FFSCSX,
PGFL6　台灣高鐵股票期貨2026/12,TW000PGFL600,2026/01/22,期貨及選擇權,,FFSCSX,
PHFC7　祥碩股票期貨2027/03,TW000PHFC706,2026/04/16,期貨及選擇權,,FFSCSX,
PHFE6　祥碩股票期貨2026/05,TW000PHFE603,2026/03/19,期貨及選擇權,,FFSCSX,
PHFF6　祥碩股票期貨2026/06,TW000PHFF600,2025/07/17,期貨及選擇權,,FFSCSX,
PHFI6　祥碩股票期貨2026/09,TW000PHFI604,2025/10/16,期貨及選擇權,,FFSCSX,
PHFL6　祥碩股票期貨2026/12,TW000PHFL608,2026/01/22,期貨及選擇權,,FFSCSX,
PIFC7　力旺股票期貨2027/03,TW000PIFC704,2026/04/16,期貨及選擇權,,FFSCSX,
PIFE6　力旺股票期貨2026/05,TW000PIFE601,2026/03/19,期貨及選擇權,,FFSCSX,
PIFF6　力旺股票期貨2026/06,TW000PIFF608,2025/07/17,期貨及選擇權,,FFSCSX,
PIFI6　力旺股票期貨2026/09,TW000PIFI602,2025/10/16,期貨及選擇權,,FFSCSX,
PIFL6　力旺股票期貨2026/12,TW000PIFL606,2026/01/22,期貨及選擇權,,FFSCSX,
PJFC7　台光電股票期貨2027/03,TW000PJFC702,2026/04/16,期貨及選擇權,,FFSCSX,
PJFE6　台光電股票期貨2026/05,TW000PJFE609,2026/03/19,期貨及選擇權,,FFSCSX,
PJFF6　台光電股票期貨2026/06,TW000PJFF606,2025/07/17,期貨及選擇權,,FFSCSX,
PJFI6　台光電股票期貨2026/09,TW000PJFI600,2025/10/16,期貨及選擇權,,FFSCSX,
PJFL6　台光電股票期貨2026/12,TW000PJFL604,2026/01/22,期貨及選擇權,,FFSCSX,
PKFC7　信昌電股票期貨2027/03,TW000PKFC700,2026/04/16,期貨及選擇權,,FFSCSX,
PKFE6　信昌電股票期貨2026/05,TW000PKFE607,2026/03/19,期貨及選擇權,,FFSCSX,
PKFF6　信昌電股票期貨2026/06,TW000PKFF604,2025/07/17,期貨及選擇權,,FFSCSX,
PKFI6　信昌電股票期貨2026/09,TW000PKFI608,2025/10/16,期貨及選擇權,,FFSCSX,
PKFL6　信昌電股票期貨2026/12,TW000PKFL602,2026/01/22,期貨及選擇權,,FFSCSX,
PL1E6　合晶股票期貨2026/05,TW000PL1E601,2026/03/19,期貨及選擇權,,FFSCSX,
PL1F6　合晶股票期貨2026/06,TW000PL1F608,2025/07/17,期貨及選擇權,,FFSCSX,
PL1L6　合晶股票期貨2026/12,TW000PL1L606,2026/01/22,期貨及選擇權,,FFSCSX,
PLFC7　合晶股票期貨2027/03,TW000PLFC708,2026/04/16,期貨及選擇權,,FFSCSX,
PLFE6　合晶股票期貨2026/05,TW000PLFE605,2026/03/19,期貨及選擇權,,FFSCSX,
PLFF6　合晶股票期貨2026/06,TW000PLFF602,2025/07/17,期貨及選擇權,,FFSCSX,
PLFI6　合晶股票期貨2026/09,TW000PLFI606,2025/10/16,期貨及選擇權,,FFSCSX,
PLFL6　合晶股票期貨2026/12,TW000PLFL600,2026/01/22,期貨及選擇權,,FFSCSX,
PMFC7　大江股票期貨2027/03,TW000PMFC706,2026/04/16,期貨及選擇權,,FFSCSX,
PMFE6　大江股票期貨2026/05,TW000PMFE603,2026/03/19,期貨及選擇權,,FFSCSX,
PMFF6　大江股票期貨2026/06,TW000PMFF600,2025/07/17,期貨及選擇權,,FFSCSX,
PMFI6　大江股票期貨2026/09,TW000PMFI604,2025/10/16,期貨及選擇權,,FFSCSX,
PMFL6　大江股票期貨2026/12,TW000PMFL608,2026/01/22,期貨及選擇權,,FFSCSX,
PNFC7　小型祥碩期貨2027/03,TW000PNFC704,2026/04/16,期貨及選擇權,,FFSCSX,
PNFE6　小型祥碩期貨2026/05,TW000PNFE601,2026/03/19,期貨及選擇權,,FFSCSX,
PNFF6　小型祥碩股票期貨2026/06,TW000PNFF608,2025/07/17,期貨及選擇權,,FFSCSX,
PNFI6　小型祥碩期貨2026/09,TW000PNFI602,2025/10/16,期貨及選擇權,,FFSCSX,
PNFL6　小型祥碩期貨2026/12,TW000PNFL606,2026/01/22,期貨及選擇權,,FFSCSX,
PPFC7　宣德股票期貨2027/03,TW000PPFC709,2026/04/16,期貨及選擇權,,FFSCSX,
PPFE6　宣德股票期貨2026/05,TW000PPFE606,2026/03/19,期貨及選擇權,,FFSCSX,
PPFF6　宣德股票期貨2026/06,TW000PPFF603,2025/07/17,期貨及選擇權,,FFSCSX,
PPFI6　宣德股票期貨2026/09,TW000PPFI607,2025/10/16,期貨及選擇權,,FFSCSX,
PPFL6　宣德股票期貨2026/12,TW000PPFL601,2026/01/22,期貨及選擇權,,FFSCSX,
PQFC7　金居股票期貨2027/03,TW000PQFC707,2026/04/16,期貨及選擇權,,FFSCSX,
PQFE6　金居股票期貨2026/05,TW000PQFE604,2026/03/19,期貨及選擇權,,FFSCSX,
PQFF6　金居股票期貨2026/06,TW000PQFF601,2025/07/17,期貨及選擇權,,FFSCSX,
PQFI6　金居股票期貨2026/09,TW000PQFI605,2025/10/16,期貨及選擇權,,FFSCSX,
PQFL6　金居股票期貨2026/12,TW000PQFL609,2026/01/22,期貨及選擇權,,FFSCSX,
PRFC7　宏捷科股票期貨2027/03,TW000PRFC705,2026/04/16,期貨及選擇權,,FFSCSX,
PRFE6　宏捷科股票期貨2026/05,TW000PRFE602,2026/03/19,期貨及選擇權,,FFSCSX,
PRFF6　宏捷科股票期貨2026/06,TW000PRFF609,2025/07/17,期貨及選擇權,,FFSCSX,
PRFI6　宏捷科股票期貨2026/09,TW000PRFI603,2025/10/16,期貨及選擇權,,FFSCSX,
PRFL6　宏捷科股票期貨2026/12,TW000PRFL607,2026/01/22,期貨及選擇權,,FFSCSX,
PSFC7　神達股票期貨2027/03,TW000PSFC703,2026/04/16,期貨及選擇權,,FFSCSX,
PSFE6　神達股票期貨2026/05,TW000PSFE600,2026/03/19,期貨及選擇權,,FFSCSX,
PSFF6　神達股票期貨2026/06,TW000PSFF607,2025/07/17,期貨及選擇權,,FFSCSX,
PSFI6　神達股票期貨2026/09,TW000PSFI601,2025/10/16,期貨及選擇權,,FFSCSX,
PSFL6　神達股票期貨2026/12,TW000PSFL605,2026/01/22,期貨及選擇權,,FFSCSX,
PTFC7　雙鴻股票期貨2027/03,TW000PTFC701,2026/04/16,期貨及選擇權,,FFSCSX,
PTFE6　雙鴻股票期貨2026/05,TW000PTFE608,2026/03/19,期貨及選擇權,,FFSCSX,
PTFF6　雙鴻股票期貨2026/06,TW000PTFF605,2025/07/17,期貨及選擇權,,FFSCSX,
PTFI6　雙鴻股票期貨2026/09,TW000PTFI609,2025/10/16,期貨及選擇權,,FFSCSX,
PTFL6　雙鴻股票期貨2026/12,TW000PTFL603,2026/01/22,期貨及選擇權,,FFSCSX,
PUFC7　小型聯發科期貨2027/03,TW000PUFC709,2026/04/16,期貨及選擇權,,FFSCSX,
PUFE6　小型聯發科期貨2026/05,TW000PUFE606,2026/03/19,期貨及選擇權,,FFSCSX,
PUFF6　小型聯發科期貨2026/06,TW000PUFF603,2025/07/17,期貨及選擇權,,FFSCSX,
PUFI6　小型聯發科期貨2026/09,TW000PUFI607,2025/10/16,期貨及選擇權,,FFSCSX,
PUFL6　小型聯發科期貨2026/12,TW000PUFL601,2026/01/22,期貨及選擇權,,FFSCSX,
PVFC7　緯穎科技期貨2027/03,TW000PVFC707,2026/04/16,期貨及選擇權,,FFSCSX,
PVFE6　緯穎科技期貨2026/05,TW000PVFE604,2026/03/19,期貨及選擇權,,FFSCSX,
PVFF6　緯穎科技期貨2026/06,TW000PVFF601,2025/07/17,期貨及選擇權,,FFSCSX,
PVFI6　緯穎科技期貨2026/09,TW000PVFI605,2025/10/16,期貨及選擇權,,FFSCSX,
PVFL6　緯穎科技期貨2026/12,TW000PVFL609,2026/01/22,期貨及選擇權,,FFSCSX,
PWFC7　小型緯穎期貨2027/03,TW000PWFC705,2026/04/16,期貨及選擇權,,FFSCSX,
PWFE6　小型緯穎期貨2026/05,TW000PWFE602,2026/03/19,期貨及選擇權,,FFSCSX,
PWFF6　小型緯穎科技期貨2026/06,TW000PWFF609,2025/07/17,期貨及選擇權,,FFSCSX,
PWFI6　小型緯穎期貨2026/09,TW000PWFI603,2025/10/16,期貨及選擇權,,FFSCSX,
PWFL6　小型緯穎期貨2026/12,TW000PWFL607,2026/01/22,期貨及選擇權,,FFSCSX,
PXFC7　鈊象股票期貨2027/03,TW000PXFC703,2026/04/16,期貨及選擇權,,FFSCSX,
PXFE6　鈊象股票期貨2026/05,TW000PXFE600,2026/03/19,期貨及選擇權,,FFSCSX,
PXFF6　鈊象電子期貨2026/06,TW000PXFF607,2025/07/17,期貨及選擇權,,FFSCSX,
PXFI6　鈊象電子期貨2026/09,TW000PXFI601,2025/10/16,期貨及選擇權,,FFSCSX,
PXFL6　鈊象股票期貨2026/12,TW000PXFL605,2026/01/22,期貨及選擇權,,FFSCSX,
PYFC7　小型鈊象期貨2027/03,TW000PYFC701,2026/04/16,期貨及選擇權,,FFSCSX,
PYFE6　小型鈊象期貨2026/05,TW000PYFE608,2026/03/19,期貨及選擇權,,FFSCSX,
PYFF6　小型鈊象電子期貨2026/06,TW000PYFF605,2025/07/17,期貨及選擇權,,FFSCSX,
PYFI6　小型鈊象期貨2026/09,TW000PYFI609,2025/10/16,期貨及選擇權,,FFSCSX,
PYFL6　小型鈊象期貨2026/12,TW000PYFL603,2026/01/22,期貨及選擇權,,FFSCSX,
PZFC7　信驊股票期貨2027/03,TW000PZFC708,2026/04/16,期貨及選擇權,,FFSCSX,
PZFE6　信驊股票期貨2026/05,TW000PZFE605,2026/03/19,期貨及選擇權,,FFSCSX,
PZFF6　信驊科技期貨2026/06,TW000PZFF602,2025/07/17,期貨及選擇權,,FFSCSX,
PZFI6　信驊科技期貨2026/09,TW000PZFI606,2025/10/16,期貨及選擇權,,FFSCSX,
PZFL6　信驊股票期貨2026/12,TW000PZFL600,2026/01/22,期貨及選擇權,,FFSCSX,
QAFC7　小型信驊期貨2027/03,TW000QAFC709,2026/04/16,期貨及選擇權,,FFSCSX,
QAFE6　小型信驊期貨2026/05,TW000QAFE606,2026/03/19,期貨及選擇權,,FFSCSX,
QAFF6　小型信驊科技期貨2026/06,TW000QAFF603,2025/07/17,期貨及選擇權,,FFSCSX,
QAFI6　小型信驊期貨2026/09,TW000QAFI607,2025/10/16,期貨及選擇權,,FFSCSX,
QAFL6　小型信驊期貨2026/12,TW000QAFL601,2026/01/22,期貨及選擇權,,FFSCSX,
QBFC7　富采投控股票期貨2027/03,TW000QBFC707,2026/04/16,期貨及選擇權,,FFSCSX,
QBFE6　富采投控股票期貨2026/05,TW000QBFE604,2026/03/19,期貨及選擇權,,FFSCSX,
QBFF6　富采投控股票期貨2026/06,TW000QBFF601,2025/07/17,期貨及選擇權,,FFSCSX,
QBFI6　富采投控股票期貨2026/09,TW000QBFI605,2025/10/16,期貨及選擇權,,FFSCSX,
QBFL6　富采投控股票期貨2026/12,TW000QBFL609,2026/01/22,期貨及選擇權,,FFSCSX,
QCFC7　裕民股票期貨2027/03,TW000QCFC705,2026/04/16,期貨及選擇權,,FFSCSX,
QCFE6　裕民股票期貨2026/05,TW000QCFE602,2026/03/19,期貨及選擇權,,FFSCSX,
QCFF6　裕民股票期貨2026/06,TW000QCFF609,2025/07/17,期貨及選擇權,,FFSCSX,
QCFI6　裕民股票期貨2026/09,TW000QCFI603,2025/10/16,期貨及選擇權,,FFSCSX,
QCFL6　裕民股票期貨2026/12,TW000QCFL607,2026/01/22,期貨及選擇權,,FFSCSX,
QDFC7　台勝科股票期貨2027/03,TW000QDFC703,2026/04/16,期貨及選擇權,,FFSCSX,
QDFE6　台勝科股票期貨2026/05,TW000QDFE600,2026/03/19,期貨及選擇權,,FFSCSX,
QDFF6　台勝科股票期貨2026/06,TW000QDFF607,2025/07/17,期貨及選擇權,,FFSCSX,
QDFI6　台勝科股票期貨2026/09,TW000QDFI601,2025/10/16,期貨及選擇權,,FFSCSX,
QDFL6　台勝科股票期貨2026/12,TW000QDFL605,2026/01/22,期貨及選擇權,,FFSCSX,
QEFC7　小型國巨期貨2027/03,TW000QEFC701,2026/04/16,期貨及選擇權,,FFSCSX,
QEFE6　小型國巨期貨2026/05,TW000QEFE608,2026/03/19,期貨及選擇權,,FFSCSX,
QEFF6　小型國巨股票期貨2026/06,TW000QEFF605,2025/07/17,期貨及選擇權,,FFSCSX,
QEFI6　小型國巨期貨2026/09,TW000QEFI609,2025/10/16,期貨及選擇權,,FFSCSX,
QEFL6　小型國巨期貨2026/12,TW000QEFL603,2026/01/22,期貨及選擇權,,FFSCSX,
QFFC7　小型台積電期貨2027/03,TW000QFFC708,2026/04/16,期貨及選擇權,,FFSCSX,
QFFE6　小型台積電期貨2026/05,TW000QFFE605,2026/03/19,期貨及選擇權,,FFSCSX,
QFFF6　小型台積電股票期貨2026/06,TW000QFFF602,2025/07/17,期貨及選擇權,,FFSCSX,
QFFI6　小型台積電期貨2026/09,TW000QFFI606,2025/10/16,期貨及選擇權,,FFSCSX,
QFFL6　小型台積電期貨2026/12,TW000QFFL600,2026/01/22,期貨及選擇權,,FFSCSX,
QGFC7　小型瑞昱期貨2027/03,TW000QGFC706,2026/04/16,期貨及選擇權,,FFSCSX,
QGFE6　小型瑞昱期貨2026/05,TW000QGFE603,2026/03/19,期貨及選擇權,,FFSCSX,
QGFF6　小型瑞昱股票期貨2026/06,TW000QGFF600,2025/07/17,期貨及選擇權,,FFSCSX,
QGFI6　小型瑞昱期貨2026/09,TW000QGFI604,2025/10/16,期貨及選擇權,,FFSCSX,
QGFL6　小型瑞昱期貨2026/12,TW000QGFL608,2026/01/22,期貨及選擇權,,FFSCSX,
QHFC7　小型聯詠期貨2027/03,TW000QHFC704,2026/04/16,期貨及選擇權,,FFSCSX,
QHFE6　小型聯詠期貨2026/05,TW000QHFE601,2026/03/19,期貨及選擇權,,FFSCSX,
QHFF6　小型聯詠股票期貨2026/06,TW000QHFF608,2025/07/17,期貨及選擇權,,FFSCSX,
QHFI6　小型聯詠期貨2026/09,TW000QHFI602,2025/10/16,期貨及選擇權,,FFSCSX,
QHFL6　小型聯詠期貨2026/12,TW000QHFL606,2026/01/22,期貨及選擇權,,FFSCSX,
QIFC7　小型穩懋期貨2027/03,TW000QIFC702,2026/04/22,期貨及選擇權,,FFSCSX,
QIFE6　小型穩懋期貨2026/05,TW000QIFE609,2026/04/22,期貨及選擇權,,FFSCSX,
QIFF6　小型穩懋股票期貨2026/06,TW000QIFF606,2025/07/17,期貨及選擇權,,FFSCSX,
QIFI6　小型穩懋期貨2026/09,TW000QIFI600,2026/04/22,期貨及選擇權,,FFSCSX,
QIFL6　小型穩懋期貨2026/12,TW000QIFL604,2026/04/22,期貨及選擇權,,FFSCSX,
QJFC7　小型玉晶光期貨2027/03,TW000QJFC700,2026/04/16,期貨及選擇權,,FFSCSX,
QJFE6　小型玉晶光期貨2026/05,TW000QJFE607,2026/03/19,期貨及選擇權,,FFSCSX,
QJFF6　小型玉晶光期貨2026/06,TW000QJFF604,2025/07/17,期貨及選擇權,,FFSCSX,
QJFI6　小型玉晶光期貨2026/09,TW000QJFI608,2025/10/16,期貨及選擇權,,FFSCSX,
QJFL6　小型玉晶光期貨2026/12,TW000QJFL602,2026/01/22,期貨及選擇權,,FFSCSX,
QKFC7　永豐餘股票期貨2027/03,TW000QKFC708,2026/04/16,期貨及選擇權,,FFSCSX,
QKFE6　永豐餘股票期貨2026/05,TW000QKFE605,2026/03/19,期貨及選擇權,,FFSCSX,
QKFF6　永豐餘期貨2026/06,TW000QKFF602,2025/07/17,期貨及選擇權,,FFSCSX,
QKFI6　永豐餘期貨2026/09,TW000QKFI606,2025/10/16,期貨及選擇權,,FFSCSX,
QKFL6　永豐餘股票期貨2026/12,TW000QKFL600,2026/01/22,期貨及選擇權,,FFSCSX,
QLFC7　精材期貨2027/03,TW000QLFC706,2026/04/16,期貨及選擇權,,FFSCSX,
QLFE6　精材期貨2026/05,TW000QLFE603,2026/03/19,期貨及選擇權,,FFSCSX,
QLFF6　精材期貨2026/06,TW000QLFF600,2025/07/17,期貨及選擇權,,FFSCSX,
QLFI6　精材期貨2026/09,TW000QLFI604,2025/10/16,期貨及選擇權,,FFSCSX,
QLFL6　精材期貨2026/12,TW000QLFL608,2026/01/22,期貨及選擇權,,FFSCSX,
QMFC7　小型上銀期貨2027/03,TW000QMFC704,2026/04/16,期貨及選擇權,,FFSCSX,
QMFE6　小型上銀期貨2026/05,TW000QMFE601,2026/03/19,期貨及選擇權,,FFSCSX,
QMFF6　小型上銀期貨2026/06,TW000QMFF608,2025/07/17,期貨及選擇權,,FFSCSX,
QMFI6　小型上銀期貨2026/09,TW000QMFI602,2025/10/16,期貨及選擇權,,FFSCSX,
QMFL6　小型上銀期貨2026/12,TW000QMFL606,2026/01/22,期貨及選擇權,,FFSCSX,
QNFC7　小型群聯期貨2027/03,TW000QNFC702,2026/04/16,期貨及選擇權,,FFSCSX,
QNFE6　小型群聯期貨2026/05,TW000QNFE609,2026/03/19,期貨及選擇權,,FFSCSX,
QNFF6　小型群聯期貨2026/06,TW000QNFF606,2025/07/17,期貨及選擇權,,FFSCSX,
QNFI6　小型群聯期貨2026/09,TW000QNFI600,2025/10/16,期貨及選擇權,,FFSCSX,
QNFL6　小型群聯期貨2026/12,TW000QNFL604,2026/01/22,期貨及選擇權,,FFSCSX,
QOFC7　長興股票期貨2027/03,TW000QOFC700,2026/04/16,期貨及選擇權,,FFSCSX,
QOFE6　長興股票期貨2026/05,TW000QOFE607,2026/03/19,期貨及選擇權,,FFSCSX,
QOFF6　長興股票期貨2026/06,TW000QOFF604,2025/07/17,期貨及選擇權,,FFSCSX,
QOFI6　長興股票期貨2026/09,TW000QOFI608,2025/10/16,期貨及選擇權,,FFSCSX,
QOFL6　長興股票期貨2026/12,TW000QOFL602,2026/01/22,期貨及選擇權,,FFSCSX,
QPFC7　正隆股票期貨2027/03,TW000QPFC707,2026/04/16,期貨及選擇權,,FFSCSX,
QPFE6　正隆股票期貨2026/05,TW000QPFE604,2026/03/19,期貨及選擇權,,FFSCSX,
QPFF6　正隆期貨2026/06,TW000QPFF601,2025/07/17,期貨及選擇權,,FFSCSX,
QPFI6　正隆期貨2026/09,TW000QPFI605,2025/10/16,期貨及選擇權,,FFSCSX,
QPFL6　正隆股票期貨2026/12,TW000QPFL609,2026/01/22,期貨及選擇權,,FFSCSX,
QQFC7　僑威期貨2027/03,TW000QQFC705,2026/04/16,期貨及選擇權,,FFSCSX,
QQFE6　僑威期貨2026/05,TW000QQFE602,2026/03/19,期貨及選擇權,,FFSCSX,
QQFF6　僑威期貨2026/06,TW000QQFF609,2025/07/17,期貨及選擇權,,FFSCSX,
QQFI6　僑威期貨2026/09,TW000QQFI603,2025/10/16,期貨及選擇權,,FFSCSX,
QQFL6　僑威期貨2026/12,TW000QQFL607,2026/01/22,期貨及選擇權,,FFSCSX,
QRFC7　小型華碩期貨2027/03,TW000QRFC703,2026/04/16,期貨及選擇權,,FFSCSX,
QRFE6　小型華碩期貨2026/05,TW000QRFE600,2026/03/19,期貨及選擇權,,FFSCSX,
QRFF6　小型華碩期貨2026/06,TW000QRFF607,2025/07/17,期貨及選擇權,,FFSCSX,
QRFI6　小型華碩期貨2026/09,TW000QRFI601,2025/10/16,期貨及選擇權,,FFSCSX,
QRFL6　小型華碩期貨2026/12,TW000QRFL605,2026/01/22,期貨及選擇權,,FFSCSX,
QSFC7　小型南電期貨2027/03,TW000QSFC701,2026/04/16,期貨及選擇權,,FFSCSX,
QSFE6　小型南電期貨2026/05,TW000QSFE608,2026/03/19,期貨及選擇權,,FFSCSX,
QSFF6　小型南電期貨2026/06,TW000QSFF605,2025/07/17,期貨及選擇權,,FFSCSX,
QSFI6　小型南電期貨2026/09,TW000QSFI609,2025/10/16,期貨及選擇權,,FFSCSX,
QSFL6　小型南電期貨2026/12,TW000QSFL603,2026/01/22,期貨及選擇權,,FFSCSX,
QTFC7　超豐股票期貨2027/03,TW000QTFC709,2026/04/16,期貨及選擇權,,FFSCSX,
QTFE6　超豐股票期貨2026/05,TW000QTFE606,2026/03/19,期貨及選擇權,,FFSCSX,
QTFF6　超豐股票期貨2026/06,TW000QTFF603,2025/07/17,期貨及選擇權,,FFSCSX,
QTFI6　超豐股票期貨2026/09,TW000QTFI607,2025/10/16,期貨及選擇權,,FFSCSX,
QTFL6　超豐股票期貨2026/12,TW000QTFL601,2026/01/22,期貨及選擇權,,FFSCSX,
QUFC7　南茂股票期貨2027/03,TW000QUFC707,2026/04/16,期貨及選擇權,,FFSCSX,
QUFE6　南茂股票期貨2026/05,TW000QUFE604,2026/03/19,期貨及選擇權,,FFSCSX,
QUFF6　南茂股票期貨2026/06,TW000QUFF601,2025/07/17,期貨及選擇權,,FFSCSX,
QUFI6　南茂股票期貨2026/09,TW000QUFI605,2025/10/16,期貨及選擇權,,FFSCSX,
QUFL6　南茂股票期貨2026/12,TW000QUFL609,2026/01/22,期貨及選擇權,,FFSCSX,
QV1F6　光罩股票期貨2026/06,TW000QV1F605,2025/07/17,期貨及選擇權,,FFSCSX,
QVFC7　光罩股票期貨2027/03,TW000QVFC705,2026/04/16,期貨及選擇權,,FFSCSX,
QVFE6　光罩股票期貨2026/05,TW000QVFE602,2026/03/19,期貨及選擇權,,FFSCSX,
QVFF6　光罩股票期貨2026/06,TW000QVFF609,2025/07/17,期貨及選擇權,,FFSCSX,
QVFI6　光罩股票期貨2026/09,TW000QVFI603,2025/10/16,期貨及選擇權,,FFSCSX,
QVFL6　光罩股票期貨2026/12,TW000QVFL607,2026/01/22,期貨及選擇權,,FFSCSX,
QWFC7　威盛股票期貨2027/03,TW000QWFC703,2026/04/16,期貨及選擇權,,FFSCSX,
QWFE6　威盛股票期貨2026/05,TW000QWFE600,2026/03/19,期貨及選擇權,,FFSCSX,
QWFF6　威盛股票期貨2026/06,TW000QWFF607,2025/07/17,期貨及選擇權,,FFSCSX,
QWFI6　威盛股票期貨2026/09,TW000QWFI601,2025/10/16,期貨及選擇權,,FFSCSX,
QWFL6　威盛股票期貨2026/12,TW000QWFL605,2026/01/22,期貨及選擇權,,FFSCSX,
QXFC7　萬海股票期貨2027/03,TW000QXFC701,2026/04/16,期貨及選擇權,,FFSCSX,
QXFE6　萬海股票期貨2026/05,TW000QXFE608,2026/03/19,期貨及選擇權,,FFSCSX,
QXFF6　萬海股票期貨2026/06,TW000QXFF605,2025/07/17,期貨及選擇權,,FFSCSX,
QXFI6　萬海股票期貨2026/09,TW000QXFI609,2025/10/16,期貨及選擇權,,FFSCSX,
QXFL6　萬海股票期貨2026/12,TW000QXFL603,2026/01/22,期貨及選擇權,,FFSCSX,
QYFC7　高端疫苗期貨2027/03,TW000QYFC709,2026/04/16,期貨及選擇權,,FFSCSX,
QYFE6　高端疫苗期貨2026/05,TW000QYFE606,2026/03/19,期貨及選擇權,,FFSCSX,
QYFF6　高端疫苗期貨2026/06,TW000QYFF603,2025/07/17,期貨及選擇權,,FFSCSX,
QYFI6　高端疫苗期貨2026/09,TW000QYFI607,2025/10/16,期貨及選擇權,,FFSCSX,
QYFL6　高端疫苗期貨2026/12,TW000QYFL601,2026/01/22,期貨及選擇權,,FFSCSX,
QZFC7　力積電股票期貨2027/03,TW000QZFC706,2026/04/16,期貨及選擇權,,FFSCSX,
QZFE6　力積電股票期貨2026/05,TW000QZFE603,2026/03/19,期貨及選擇權,,FFSCSX,
QZFF6　力積電股票期貨2026/06,TW000QZFF600,2025/07/17,期貨及選擇權,,FFSCSX,
QZFI6　力積電股票期貨2026/09,TW000QZFI604,2025/10/16,期貨及選擇權,,FFSCSX,
QZFL6　力積電股票期貨2026/12,TW000QZFL608,2026/01/22,期貨及選擇權,,FFSCSX,
RAFC7　奇鋐股票期貨2027/03,TW000RAFC707,2026/04/16,期貨及選擇權,,FFSCSX,
RAFE6　奇鋐股票期貨2026/05,TW000RAFE604,2026/03/19,期貨及選擇權,,FFSCSX,
RAFF6　奇鋐股票期貨2026/06,TW000RAFF601,2025/07/17,期貨及選擇權,,FFSCSX,
RAFI6　奇鋐股票期貨2026/09,TW000RAFI605,2025/10/16,期貨及選擇權,,FFSCSX,
RAFL6　奇鋐股票期貨2026/12,TW000RAFL609,2026/01/22,期貨及選擇權,,FFSCSX,
RBFC7　中磊股票期貨2027/03,TW000RBFC705,2026/04/16,期貨及選擇權,,FFSCSX,
RBFE6　中磊股票期貨2026/05,TW000RBFE602,2026/03/19,期貨及選擇權,,FFSCSX,
RBFF6　中磊股票期貨2026/06,TW000RBFF609,2025/07/17,期貨及選擇權,,FFSCSX,
RBFI6　中磊股票期貨2026/09,TW000RBFI603,2025/10/16,期貨及選擇權,,FFSCSX,
RBFL6　中磊股票期貨2026/12,TW000RBFL607,2026/01/22,期貨及選擇權,,FFSCSX,
RCFC7　漢翔股票期貨2027/03,TW000RCFC703,2026/04/16,期貨及選擇權,,FFSCSX,
RCFE6　漢翔股票期貨2026/05,TW000RCFE600,2026/03/19,期貨及選擇權,,FFSCSX,
RCFF6　漢翔期貨2026/06,TW000RCFF607,2025/07/17,期貨及選擇權,,FFSCSX,
RCFI6　漢翔期貨2026/09,TW000RCFI601,2025/10/16,期貨及選擇權,,FFSCSX,
RCFL6　漢翔股票期貨2026/12,TW000RCFL605,2026/01/22,期貨及選擇權,,FFSCSX,
RDFC7　中天股票期貨2027/03,TW000RDFC701,2026/04/16,期貨及選擇權,,FFSCSX,
RDFE6　中天股票期貨2026/05,TW000RDFE608,2026/03/19,期貨及選擇權,,FFSCSX,
RDFF6　中天期貨2026/06,TW000RDFF605,2025/07/17,期貨及選擇權,,FFSCSX,
RDFI6　中天期貨2026/09,TW000RDFI609,2025/10/16,期貨及選擇權,,FFSCSX,
RDFL6　中天股票期貨2026/12,TW000RDFL603,2026/01/22,期貨及選擇權,,FFSCSX,
REFC7　新唐股票期貨2027/03,TW000REFC709,2026/04/16,期貨及選擇權,,FFSCSX,
REFE6　新唐股票期貨2026/05,TW000REFE606,2026/03/19,期貨及選擇權,,FFSCSX,
REFF6　新唐期貨2026/06,TW000REFF603,2025/07/17,期貨及選擇權,,FFSCSX,
REFI6　新唐期貨2026/09,TW000REFI607,2025/10/16,期貨及選擇權,,FFSCSX,
REFL6　新唐股票期貨2026/12,TW000REFL601,2026/01/22,期貨及選擇權,,FFSCSX,
RFFC7　小型嘉澤期貨2027/03,TW000RFFC706,2026/04/16,期貨及選擇權,,FFSCSX,
RFFE6　小型嘉澤期貨2026/05,TW000RFFE603,2026/03/19,期貨及選擇權,,FFSCSX,
RFFF6　小型嘉澤期貨2026/06,TW000RFFF600,2025/07/17,期貨及選擇權,,FFSCSX,
RFFI6　小型嘉澤期貨2026/09,TW000RFFI604,2025/10/16,期貨及選擇權,,FFSCSX,
RFFL6　小型嘉澤期貨2026/12,TW000RFFL608,2026/01/22,期貨及選擇權,,FFSCSX,
RGFC7　小型健策期貨2027/03,TW000RGFC704,2026/04/16,期貨及選擇權,,FFSCSX,
RGFE6　小型健策期貨2026/05,TW000RGFE601,2026/03/19,期貨及選擇權,,FFSCSX,
RGFF6　小型健策期貨2026/06,TW000RGFF608,2025/07/17,期貨及選擇權,,FFSCSX,
RGFI6　小型健策期貨2026/09,TW000RGFI602,2025/10/16,期貨及選擇權,,FFSCSX,
RGFL6　小型健策期貨2026/12,TW000RGFL606,2026/01/22,期貨及選擇權,,FFSCSX,
RJFC7　大亞股票期貨2027/03,TW000RJFC708,2026/04/16,期貨及選擇權,,FFSCSX,
RJFE6　大亞股票期貨2026/05,TW000RJFE605,2026/03/19,期貨及選擇權,,FFSCSX,
RJFF6　大亞期貨2026/06,TW000RJFF602,2025/07/17,期貨及選擇權,,FFSCSX,
RJFI6　大亞期貨2026/09,TW000RJFI606,2025/10/16,期貨及選擇權,,FFSCSX,
RJFL6　大亞股票期貨2026/12,TW000RJFL600,2026/01/22,期貨及選擇權,,FFSCSX,
RKFC7　金像電股票期貨2027/03,TW000RKFC706,2026/04/16,期貨及選擇權,,FFSCSX,
RKFE6　金像電股票期貨2026/05,TW000RKFE603,2026/03/19,期貨及選擇權,,FFSCSX,
RKFF6　金像電期貨2026/06,TW000RKFF600,2025/07/17,期貨及選擇權,,FFSCSX,
RKFI6　金像電期貨2026/09,TW000RKFI604,2025/10/16,期貨及選擇權,,FFSCSX,
RKFL6　金像電股票期貨2026/12,TW000RKFL608,2026/01/22,期貨及選擇權,,FFSCSX,
RLFE6　元晶股票期貨2026/05,TW000RLFE601,2026/03/19,期貨及選擇權,,FFSCSX,
RLFF6　元晶期貨2026/06,TW000RLFF608,2025/07/17,期貨及選擇權,,FFSCSX,
RLFI6　元晶期貨2026/09,TW000RLFI602,2025/10/16,期貨及選擇權,,FFSCSX,
RLFL6　元晶股票期貨2026/12,TW000RLFL606,2026/01/22,期貨及選擇權,,FFSCSX,
RNFC7　合一股票期貨2027/03,TW000RNFC700,2026/04/16,期貨及選擇權,,FFSCSX,
RNFE6　合一股票期貨2026/05,TW000RNFE607,2026/03/19,期貨及選擇權,,FFSCSX,
RNFF6　合一期貨2026/06,TW000RNFF604,2025/07/17,期貨及選擇權,,FFSCSX,
RNFI6　合一期貨2026/09,TW000RNFI608,2025/10/16,期貨及選擇權,,FFSCSX,
RNFL6　合一股票期貨2026/12,TW000RNFL602,2026/01/22,期貨及選擇權,,FFSCSX,
ROFC7　立端股票期貨2027/03,TW000ROFC708,2026/04/16,期貨及選擇權,,FFSCSX,
ROFE6　立端股票期貨2026/05,TW000ROFE605,2026/03/19,期貨及選擇權,,FFSCSX,
ROFF6　立端期貨2026/06,TW000ROFF602,2025/07/17,期貨及選擇權,,FFSCSX,
ROFI6　立端期貨2026/09,TW000ROFI606,2025/10/16,期貨及選擇權,,FFSCSX,
ROFL6　立端股票期貨2026/12,TW000ROFL600,2026/01/22,期貨及選擇權,,FFSCSX,
RPFC7　寶雅股票期貨2027/03,TW000RPFC705,2026/04/16,期貨及選擇權,,FFSCSX,
RPFE6　寶雅股票期貨2026/05,TW000RPFE602,2026/03/19,期貨及選擇權,,FFSCSX,
RPFF6　寶雅期貨2026/06,TW000RPFF609,2025/07/17,期貨及選擇權,,FFSCSX,
RPFI6　寶雅期貨2026/09,TW000RPFI603,2025/10/16,期貨及選擇權,,FFSCSX,
RPFL6　寶雅股票期貨2026/12,TW000RPFL607,2026/01/22,期貨及選擇權,,FFSCSX,
RRFC7　小型寶雅期貨2027/03,TW000RRFC701,2026/04/16,期貨及選擇權,,FFSCSX,
RRFE6　小型寶雅期貨2026/05,TW000RRFE608,2026/03/19,期貨及選擇權,,FFSCSX,
RRFF6　小型寶雅期貨2026/06,TW000RRFF605,2025/07/17,期貨及選擇權,,FFSCSX,
RRFI6　小型寶雅期貨2026/09,TW000RRFI609,2025/10/16,期貨及選擇權,,FFSCSX,
RRFL6　小型寶雅期貨2026/12,TW000RRFL603,2026/01/22,期貨及選擇權,,FFSCSX,
RSFC7　小型力旺期貨2027/03,TW000RSFC709,2026/04/16,期貨及選擇權,,FFSCSX,
RSFE6　小型力旺期貨2026/05,TW000RSFE606,2026/03/19,期貨及選擇權,,FFSCSX,
RSFF6　小型力旺期貨2026/06,TW000RSFF603,2025/07/17,期貨及選擇權,,FFSCSX,
RSFI6　小型力旺期貨2026/09,TW000RSFI607,2025/10/16,期貨及選擇權,,FFSCSX,
RSFL6　小型力旺期貨2026/12,TW000RSFL601,2026/01/22,期貨及選擇權,,FFSCSX,
RUFC7　世紀鋼股票期貨2027/03,TW000RUFC705,2026/04/16,期貨及選擇權,,FFSCSX,
RUFE6　世紀鋼股票期貨2026/05,TW000RUFE602,2026/03/19,期貨及選擇權,,FFSCSX,
RUFF6　世紀鋼期貨2026/06,TW000RUFF609,2025/07/17,期貨及選擇權,,FFSCSX,
RUFI6　世紀鋼期貨2026/09,TW000RUFI603,2025/10/16,期貨及選擇權,,FFSCSX,
RUFL6　世紀鋼股票期貨2026/12,TW000RUFL607,2026/01/22,期貨及選擇權,,FFSCSX,
RVFC7　小型台達電期貨2027/03,TW000RVFC703,2026/04/16,期貨及選擇權,,FFSCSX,
RVFE6　小型台達電期貨2026/05,TW000RVFE600,2026/03/19,期貨及選擇權,,FFSCSX,
RVFF6　小型台達電期貨2026/06,TW000RVFF607,2025/07/17,期貨及選擇權,,FFSCSX,
RVFI6　小型台達電期貨2026/09,TW000RVFI601,2025/10/16,期貨及選擇權,,FFSCSX,
RVFL6　小型台達電期貨2026/12,TW000RVFL605,2026/01/22,期貨及選擇權,,FFSCSX,
RWFC7　小型創意期貨2027/03,TW000RWFC701,2026/04/16,期貨及選擇權,,FFSCSX,
RWFE6　小型創意期貨2026/05,TW000RWFE608,2026/03/19,期貨及選擇權,,FFSCSX,
RWFF6　小型創意期貨2026/06,TW000RWFF605,2025/07/17,期貨及選擇權,,FFSCSX,
RWFI6　小型創意期貨2026/09,TW000RWFI609,2025/10/16,期貨及選擇權,,FFSCSX,
RWFL6　小型創意期貨2026/12,TW000RWFL603,2026/01/22,期貨及選擇權,,FFSCSX,
SAFC7　美時股票期貨2027/03,TW000SAFC705,2026/04/16,期貨及選擇權,,FFSCSX,
SAFE6　美時股票期貨2026/05,TW000SAFE602,2026/03/19,期貨及選擇權,,FFSCSX,
SAFF6　美時期貨2026/06,TW000SAFF609,2025/07/17,期貨及選擇權,,FFSCSX,
SAFI6　美時期貨2026/09,TW000SAFI603,2025/10/16,期貨及選擇權,,FFSCSX,
SAFL6　美時股票期貨2026/12,TW000SAFL607,2026/01/22,期貨及選擇權,,FFSCSX,
SBFC7　華紙股票期貨2027/03,TW000SBFC703,2026/04/16,期貨及選擇權,,FFSCSX,
SBFE6　華紙股票期貨2026/05,TW000SBFE600,2026/03/19,期貨及選擇權,,FFSCSX,
SBFF6　華紙期貨2026/06,TW000SBFF607,2025/07/17,期貨及選擇權,,FFSCSX,
SBFI6　華紙期貨2026/09,TW000SBFI601,2025/10/16,期貨及選擇權,,FFSCSX,
SBFL6　華紙股票期貨2026/12,TW000SBFL605,2026/01/22,期貨及選擇權,,FFSCSX,
SCFC7　小型聚陽期貨2027/03,TW000SCFC701,2026/04/16,期貨及選擇權,,FFSCSX,
SCFE6　小型聚陽期貨2026/05,TW000SCFE608,2026/03/19,期貨及選擇權,,FFSCSX,
SCFF6　小型聚陽期貨2026/06,TW000SCFF605,2025/07/17,期貨及選擇權,,FFSCSX,
SCFI6　小型聚陽期貨2026/09,TW000SCFI609,2025/10/16,期貨及選擇權,,FFSCSX,
SCFL6　小型聚陽期貨2026/12,TW000SCFL603,2026/01/22,期貨及選擇權,,FFSCSX,
SDFC7　中興電股票期貨2027/03,TW000SDFC709,2026/04/16,期貨及選擇權,,FFSCSX,
SDFE6　中興電股票期貨2026/05,TW000SDFE606,2026/03/19,期貨及選擇權,,FFSCSX,
SDFF6　中興電期貨2026/06,TW000SDFF603,2025/07/17,期貨及選擇權,,FFSCSX,
SDFI6　中興電期貨2026/09,TW000SDFI607,2025/10/16,期貨及選擇權,,FFSCSX,
SDFL6　中興電股票期貨2026/12,TW000SDFL601,2026/01/22,期貨及選擇權,,FFSCSX,
SEFC7　小型智邦期貨2027/03,TW000SEFC707,2026/04/16,期貨及選擇權,,FFSCSX,
SEFE6　小型智邦期貨2026/05,TW000SEFE604,2026/03/19,期貨及選擇權,,FFSCSX,
SEFF6　小型智邦期貨2026/06,TW000SEFF601,2025/07/17,期貨及選擇權,,FFSCSX,
SEFI6　小型智邦期貨2026/09,TW000SEFI605,2025/10/16,期貨及選擇權,,FFSCSX,
SEFL6　小型智邦期貨2026/12,TW000SEFL609,2026/01/22,期貨及選擇權,,FFSCSX,
SFFC7　小型台光電期貨2027/03,TW000SFFC704,2026/04/16,期貨及選擇權,,FFSCSX,
SFFE6　小型台光電期貨2026/05,TW000SFFE601,2026/03/19,期貨及選擇權,,FFSCSX,
SFFF6　小型台光電期貨2026/06,TW000SFFF608,2025/07/17,期貨及選擇權,,FFSCSX,
SFFI6　小型台光電期貨2026/09,TW000SFFI602,2025/10/16,期貨及選擇權,,FFSCSX,
SFFL6　小型台光電期貨2026/12,TW000SFFL606,2026/01/22,期貨及選擇權,,FFSCSX,
SJFC7　神基股票期貨2027/03,TW000SJFC706,2026/04/16,期貨及選擇權,,FFSCSX,
SJFE6　神基股票期貨2026/05,TW000SJFE603,2026/03/19,期貨及選擇權,,FFSCSX,
SJFF6　神基股票期貨2026/06,TW000SJFF600,2025/07/17,期貨及選擇權,,FFSCSX,
SJFI6　神基股票期貨2026/09,TW000SJFI604,2025/10/16,期貨及選擇權,,FFSCSX,
SJFL6　神基股票期貨2026/12,TW000SJFL608,2026/01/22,期貨及選擇權,,FFSCSX,
SKFC7　至上股票期貨2027/03,TW000SKFC704,2026/04/16,期貨及選擇權,,FFSCSX,
SKFE6　至上股票期貨2026/05,TW000SKFE601,2026/03/19,期貨及選擇權,,FFSCSX,
SKFF6　至上股票期貨2026/06,TW000SKFF608,2025/07/17,期貨及選擇權,,FFSCSX,
SKFI6　至上股票期貨2026/09,TW000SKFI602,2025/10/16,期貨及選擇權,,FFSCSX,
SKFL6　至上股票期貨2026/12,TW000SKFL606,2026/01/22,期貨及選擇權,,FFSCSX,
SLFC7　小型技嘉期貨2027/03,TW000SLFC702,2026/04/16,期貨及選擇權,,FFSCSX,
SLFE6　小型技嘉期貨2026/05,TW000SLFE609,2026/03/19,期貨及選擇權,,FFSCSX,
SLFF6　小型技嘉股票期貨2026/06,TW000SLFF606,2025/07/17,期貨及選擇權,,FFSCSX,
SLFI6　小型技嘉期貨2026/09,TW000SLFI600,2025/10/16,期貨及選擇權,,FFSCSX,
SLFL6　小型技嘉期貨2026/12,TW000SLFL604,2026/01/22,期貨及選擇權,,FFSCSX,
SVFC7　小型川湖期貨2027/03,TW000SVFC701,2026/04/16,期貨及選擇權,,FFSCSX,
SVFE6　小型川湖期貨2026/05,TW000SVFE608,2026/03/19,期貨及選擇權,,FFSCSX,
SVFF6　小型川湖股票期貨2026/06,TW000SVFF605,2025/07/17,期貨及選擇權,,FFSCSX,
SVFI6　小型川湖期貨2026/09,TW000SVFI609,2025/10/16,期貨及選擇權,,FFSCSX,
SVFL6　小型川湖期貨2026/12,TW000SVFL603,2026/01/22,期貨及選擇權,,FFSCSX,
SWFC7　小型世紀鋼期貨2027/03,TW000SWFC709,2026/04/16,期貨及選擇權,,FFSCSX,
SWFE6　小型世紀鋼期貨2026/05,TW000SWFE606,2026/03/19,期貨及選擇權,,FFSCSX,
SWFF6　小型世紀鋼股票期貨2026/06,TW000SWFF603,2025/07/17,期貨及選擇權,,FFSCSX,
SWFI6　小型世紀鋼期貨2026/09,TW000SWFI607,2025/10/16,期貨及選擇權,,FFSCSX,
SWFL6　小型世紀鋼期貨2026/12,TW000SWFL601,2026/01/22,期貨及選擇權,,FFSCSX,
SYFC7　家登股票期貨2027/03,TW000SYFC705,2026/04/16,期貨及選擇權,,FFSCSX,
SYFE6　家登股票期貨2026/05,TW000SYFE602,2026/03/19,期貨及選擇權,,FFSCSX,
SYFF6　家登股票期貨2026/06,TW000SYFF609,2025/07/17,期貨及選擇權,,FFSCSX,
SYFI6　家登股票期貨2026/09,TW000SYFI603,2025/10/16,期貨及選擇權,,FFSCSX,
SYFL6　家登股票期貨2026/12,TW000SYFL607,2026/01/22,期貨及選擇權,,FFSCSX,
SZFC7　小型家登期貨2027/03,TW000SZFC702,2026/04/16,期貨及選擇權,,FFSCSX,
SZFE6　小型家登期貨2026/05,TW000SZFE609,2026/03/19,期貨及選擇權,,FFSCSX,
SZFF6　小型家登股票期貨2026/06,TW000SZFF606,2025/07/17,期貨及選擇權,,FFSCSX,
SZFI6　小型家登期貨2026/09,TW000SZFI600,2025/10/16,期貨及選擇權,,FFSCSX,
SZFL6　小型家登期貨2026/12,TW000SZFL604,2026/01/22,期貨及選擇權,,FFSCSX,
UAFC7　士電股票期貨2027/03,TW000UAFC701,2026/04/16,期貨及選擇權,,FFSCSX,
UAFE6　士電股票期貨2026/05,TW000UAFE608,2026/03/19,期貨及選擇權,,FFSCSX,
UAFF6　士電股票期貨2026/06,TW000UAFF605,2025/07/17,期貨及選擇權,,FFSCSX,
UAFI6　士電股票期貨2026/09,TW000UAFI609,2025/10/16,期貨及選擇權,,FFSCSX,
UAFL6　士電股票期貨2026/12,TW000UAFL603,2026/01/22,期貨及選擇權,,FFSCSX,
UBFC7　亞翔股票期貨2027/03,TW000UBFC709,2026/04/16,期貨及選擇權,,FFSCSX,
UBFE6　亞翔股票期貨2026/05,TW000UBFE606,2026/03/19,期貨及選擇權,,FFSCSX,
UBFF6　亞翔股票期貨2026/06,TW000UBFF603,2025/07/17,期貨及選擇權,,FFSCSX,
UBFI6　亞翔股票期貨2026/09,TW000UBFI607,2025/10/16,期貨及選擇權,,FFSCSX,
UBFL6　亞翔股票期貨2026/12,TW000UBFL601,2026/01/22,期貨及選擇權,,FFSCSX,
UCFC7　廣明股票期貨2027/03,TW000UCFC707,2026/04/16,期貨及選擇權,,FFSCSX,
UCFE6　廣明股票期貨2026/05,TW000UCFE604,2026/03/19,期貨及選擇權,,FFSCSX,
UCFF6　廣明股票期貨2026/06,TW000UCFF601,2025/07/17,期貨及選擇權,,FFSCSX,
UCFI6　廣明股票期貨2026/09,TW000UCFI605,2025/10/16,期貨及選擇權,,FFSCSX,
UCFL6　廣明股票期貨2026/12,TW000UCFL609,2026/01/22,期貨及選擇權,,FFSCSX,
UEFC7　上海商銀股票期貨2027/03,TW000UEFC703,2026/04/16,期貨及選擇權,,FFSCSX,
UEFE6　上海商銀股票期貨2026/05,TW000UEFE600,2026/03/19,期貨及選擇權,,FFSCSX,
UEFF6　上海商銀股票期貨2026/06,TW000UEFF607,2025/07/17,期貨及選擇權,,FFSCSX,
UEFI6　上海商銀股票期貨2026/09,TW000UEFI601,2025/10/16,期貨及選擇權,,FFSCSX,
UEFL6　上海商銀股票期貨2026/12,TW000UEFL605,2026/01/22,期貨及選擇權,,FFSCSX,
UFFC7　台塑化股票期貨2027/03,TW000UFFC700,2026/04/16,期貨及選擇權,,FFSCSX,
UFFE6　台塑化股票期貨2026/05,TW000UFFE607,2026/03/19,期貨及選擇權,,FFSCSX,
UFFF6　台塑化股票期貨2026/06,TW000UFFF604,2025/07/17,期貨及選擇權,,FFSCSX,
UFFI6　台塑化股票期貨2026/09,TW000UFFI608,2025/10/16,期貨及選擇權,,FFSCSX,
UFFL6　台塑化股票期貨2026/12,TW000UFFL602,2026/01/22,期貨及選擇權,,FFSCSX,
UGFC7　達發股票期貨2027/03,TW000UGFC708,2026/04/16,期貨及選擇權,,FFSCSX,
UGFE6　達發股票期貨2026/05,TW000UGFE605,2026/03/19,期貨及選擇權,,FFSCSX,
UGFF6　達發股票期貨2026/06,TW000UGFF602,2025/07/17,期貨及選擇權,,FFSCSX,
UGFI6　達發股票期貨2026/09,TW000UGFI606,2025/10/16,期貨及選擇權,,FFSCSX,
UGFL6　達發股票期貨2026/12,TW000UGFL600,2026/01/22,期貨及選擇權,,FFSCSX,
UHFC7　小型奇鋐期貨2027/03,TW000UHFC706,2026/04/16,期貨及選擇權,,FFSCSX,
UHFE6　小型奇鋐期貨2026/05,TW000UHFE603,2026/03/19,期貨及選擇權,,FFSCSX,
UHFF6　小型奇鋐股票期貨2026/06,TW000UHFF600,2025/07/17,期貨及選擇權,,FFSCSX,
UHFI6　小型奇鋐期貨2026/09,TW000UHFI604,2025/10/16,期貨及選擇權,,FFSCSX,
UHFL6　小型奇鋐期貨2026/12,TW000UHFL608,2026/01/22,期貨及選擇權,,FFSCSX,
UIFC7　小型達發期貨2027/03,TW000UIFC704,2026/04/16,期貨及選擇權,,FFSCSX,
UIFE6　小型達發期貨2026/05,TW000UIFE601,2026/03/19,期貨及選擇權,,FFSCSX,
UIFF6　小型達發股票期貨2026/06,TW000UIFF608,2025/07/17,期貨及選擇權,,FFSCSX,
UIFI6　小型達發期貨2026/09,TW000UIFI602,2025/10/16,期貨及選擇權,,FFSCSX,
UIFL6　小型達發期貨2026/12,TW000UIFL606,2026/01/22,期貨及選擇權,,FFSCSX,
ULFC7　小型雙鴻期貨2027/03,TW000ULFC708,2026/04/16,期貨及選擇權,,FFSCSX,
ULFE6　小型雙鴻期貨2026/05,TW000ULFE605,2026/03/19,期貨及選擇權,,FFSCSX,
ULFF6　小型雙鴻期貨2026/06,TW000ULFF602,2025/07/17,期貨及選擇權,,FFSCSX,
ULFI6　小型雙鴻期貨2026/09,TW000ULFI606,2025/10/16,期貨及選擇權,,FFSCSX,
ULFL6　小型雙鴻期貨2026/12,TW000ULFL600,2026/01/22,期貨及選擇權,,FFSCSX,
UMFC7　世芯-KY期貨2027/03,TW000UMFC706,2026/04/16,期貨及選擇權,,FFSCSX,
UMFE6　世芯-KY期貨2026/05,TW000UMFE603,2026/03/19,期貨及選擇權,,FFSCSX,
UMFF6　世芯-KY期貨2026/06,TW000UMFF600,2025/07/17,期貨及選擇權,,FFSCSX,
UMFI6　世芯-KY期貨2026/09,TW000UMFI604,2025/10/16,期貨及選擇權,,FFSCSX,
UMFL6　世芯-KY期貨2026/12,TW000UMFL608,2026/01/22,期貨及選擇權,,FFSCSX,
UOFC7　小型世芯-KY期貨2027/03,TW000UOFC702,2026/04/16,期貨及選擇權,,FFSCSX,
UOFE6　小型世芯-KY期貨2026/05,TW000UOFE609,2026/03/19,期貨及選擇權,,FFSCSX,
UOFF6　小型世芯-KY期貨2026/06,TW000UOFF606,2025/07/17,期貨及選擇權,,FFSCSX,
UOFI6　小型世芯-KY期貨2026/09,TW000UOFI600,2025/10/16,期貨及選擇權,,FFSCSX,
UOFL6　小型世芯-KY期貨2026/12,TW000UOFL604,2026/01/22,期貨及選擇權,,FFSCSX,
UPFC7　保瑞股票期貨2027/03,TW000UPFC709,2026/04/16,期貨及選擇權,,FFSCSX,
UPFE6　保瑞股票期貨2026/05,TW000UPFE606,2026/03/19,期貨及選擇權,,FFSCSX,
UPFF6　保瑞期貨2026/06,TW000UPFF603,2025/07/17,期貨及選擇權,,FFSCSX,
UPFI6　保瑞期貨2026/09,TW000UPFI607,2025/10/16,期貨及選擇權,,FFSCSX,
UPFL6　保瑞股票期貨2026/12,TW000UPFL601,2026/01/22,期貨及選擇權,,FFSCSX,
UQFC7　小型保瑞期貨2027/03,TW000UQFC707,2026/04/16,期貨及選擇權,,FFSCSX,
UQFE6　小型保瑞期貨2026/05,TW000UQFE604,2026/03/19,期貨及選擇權,,FFSCSX,
UQFF6　小型保瑞期貨2026/06,TW000UQFF601,2025/07/17,期貨及選擇權,,FFSCSX,
UQFI6　小型保瑞期貨2026/09,TW000UQFI605,2025/10/16,期貨及選擇權,,FFSCSX,
UQFL6　小型保瑞期貨2026/12,TW000UQFL609,2026/01/22,期貨及選擇權,,FFSCSX,
UTFC7　一詮股票期貨2027/03,TW000UTFC701,2026/04/16,期貨及選擇權,,FFSCSX,
UTFE6　一詮股票期貨2026/05,TW000UTFE608,2026/03/19,期貨及選擇權,,FFSCSX,
UTFF6　一詮期貨2026/06,TW000UTFF605,2025/07/17,期貨及選擇權,,FFSCSX,
UTFI6　一詮期貨2026/09,TW000UTFI609,2025/10/16,期貨及選擇權,,FFSCSX,
UTFL6　一詮股票期貨2026/12,TW000UTFL603,2026/01/22,期貨及選擇權,,FFSCSX,
UUFC7　台灣虎航股票期貨2027/03,TW000UUFC709,2026/04/16,期貨及選擇權,,FFSCSX,
UUFE6　台灣虎航股票期貨2026/05,TW000UUFE606,2026/03/19,期貨及選擇權,,FFSCSX,
UUFF6　台灣虎航期貨2026/06,TW000UUFF603,2025/07/17,期貨及選擇權,,FFSCSX,
UUFI6　台灣虎航期貨2026/09,TW000UUFI607,2025/10/16,期貨及選擇權,,FFSCSX,
UUFL6　台灣虎航股票期貨2026/12,TW000UUFL601,2026/01/22,期貨及選擇權,,FFSCSX,
UVFC7　旺矽股票期貨2027/03,TW000UVFC707,2026/04/16,期貨及選擇權,,FFSCSX,
UVFE6　旺矽股票期貨2026/05,TW000UVFE604,2026/03/19,期貨及選擇權,,FFSCSX,
UVFF6　旺矽期貨2026/06,TW000UVFF601,2025/07/17,期貨及選擇權,,FFSCSX,
UVFI6　旺矽期貨2026/09,TW000UVFI605,2025/10/16,期貨及選擇權,,FFSCSX,
UVFL6　旺矽股票期貨2026/12,TW000UVFL609,2026/01/22,期貨及選擇權,,FFSCSX,
UWFC7　小型旺矽期貨2027/03,TW000UWFC705,2026/04/16,期貨及選擇權,,FFSCSX,
UWFE6　小型旺矽期貨2026/05,TW000UWFE602,2026/03/19,期貨及選擇權,,FFSCSX,
UWFF6　小型旺矽期貨2026/06,TW000UWFF609,2025/07/17,期貨及選擇權,,FFSCSX,
UWFI6　小型旺矽期貨2026/09,TW000UWFI603,2025/10/16,期貨及選擇權,,FFSCSX,
UWFL6　小型旺矽期貨2026/12,TW000UWFL607,2026/01/22,期貨及選擇權,,FFSCSX,
UXFC7　華泰股票期貨2027/03,TW000UXFC703,2026/04/16,期貨及選擇權,,FFSCSX,
UXFE6　華泰股票期貨2026/05,TW000UXFE600,2026/03/19,期貨及選擇權,,FFSCSX,
UXFF6　華泰股票期貨2026/06,TW000UXFF607,2025/08/01,期貨及選擇權,,FFSCSX,
UXFI6　華泰股票期貨2026/09,TW000UXFI601,2025/10/16,期貨及選擇權,,FFSCSX,
UXFL6　華泰股票期貨2026/12,TW000UXFL605,2026/01/22,期貨及選擇權,,FFSCSX,
UYFC7　良維股票期貨2027/03,TW000UYFC701,2026/04/16,期貨及選擇權,,FFSCSX,
UYFE6　良維股票期貨2026/05,TW000UYFE608,2026/03/19,期貨及選擇權,,FFSCSX,
UYFF6　良維股票期貨2026/06,TW000UYFF605,2025/08/01,期貨及選擇權,,FFSCSX,
UYFI6　良維股票期貨2026/09,TW000UYFI609,2025/10/16,期貨及選擇權,,FFSCSX,
UYFL6　良維股票期貨2026/12,TW000UYFL603,2026/01/22,期貨及選擇權,,FFSCSX,
UZFC7　小型漢唐期貨2027/03,TW000UZFC708,2026/04/16,期貨及選擇權,,FFSCSX,
UZFE6　小型漢唐期貨2026/05,TW000UZFE605,2026/03/19,期貨及選擇權,,FFSCSX,
UZFF6　小型漢唐期貨2026/06,TW000UZFF602,2025/08/01,期貨及選擇權,,FFSCSX,
UZFI6　小型漢唐期貨2026/09,TW000UZFI606,2025/10/16,期貨及選擇權,,FFSCSX,
UZFL6　小型漢唐期貨2026/12,TW000UZFL600,2026/01/22,期貨及選擇權,,FFSCSX,
VAFC7　華榮股票期貨2027/03,TW000VAFC709,2026/04/16,期貨及選擇權,,FFSCSX,
VAFE6　華榮股票期貨2026/05,TW000VAFE606,2026/03/19,期貨及選擇權,,FFSCSX,
VAFF6　華榮股票期貨2026/06,TW000VAFF603,2025/11/03,期貨及選擇權,,FFSCSX,
VAFI6　華榮股票期貨2026/09,TW000VAFI607,2025/11/03,期貨及選擇權,,FFSCSX,
VAFL6　華榮股票期貨2026/12,TW000VAFL601,2026/01/22,期貨及選擇權,,FFSCSX,
VBFC7　燿華股票期貨2027/03,TW000VBFC707,2026/04/16,期貨及選擇權,,FFSCSX,
VBFE6　燿華股票期貨2026/05,TW000VBFE604,2026/03/19,期貨及選擇權,,FFSCSX,
VBFF6　燿華股票期貨2026/06,TW000VBFF601,2025/11/03,期貨及選擇權,,FFSCSX,
VBFI6　燿華股票期貨2026/09,TW000VBFI605,2025/11/03,期貨及選擇權,,FFSCSX,
VBFL6　燿華股票期貨2026/12,TW000VBFL609,2026/01/22,期貨及選擇權,,FFSCSX,
VCFC7　建準股票期貨2027/03,TW000VCFC705,2026/04/16,期貨及選擇權,,FFSCSX,
VCFE6　建準股票期貨2026/05,TW000VCFE602,2026/03/19,期貨及選擇權,,FFSCSX,
VCFF6　建準股票期貨2026/06,TW000VCFF609,2025/11/03,期貨及選擇權,,FFSCSX,
VCFI6　建準股票期貨2026/09,TW000VCFI603,2025/11/03,期貨及選擇權,,FFSCSX,
VCFL6　建準股票期貨2026/12,TW000VCFL607,2026/01/22,期貨及選擇權,,FFSCSX,
VDFC7　小型致茂期貨2027/03,TW000VDFC703,2026/04/16,期貨及選擇權,,FFSCSX,
VDFE6　小型致茂期貨2026/05,TW000VDFE600,2026/03/19,期貨及選擇權,,FFSCSX,
VDFF6　小型致茂期貨2026/06,TW000VDFF607,2025/11/03,期貨及選擇權,,FFSCSX,
VDFI6　小型致茂期貨2026/09,TW000VDFI601,2025/11/03,期貨及選擇權,,FFSCSX,
VDFL6　小型致茂期貨2026/12,TW000VDFL605,2026/01/22,期貨及選擇權,,FFSCSX,
VEFC7　貿聯-KY股票期貨2027/03,TW000VEFC701,2026/04/16,期貨及選擇權,,FFSCSX,
VEFE6　貿聯-KY股票期貨2026/05,TW000VEFE608,2026/03/19,期貨及選擇權,,FFSCSX,
VEFF6　貿聯-KY股票期貨2026/06,TW000VEFF605,2026/02/02,期貨及選擇權,,FFSCSX,
VEFI6　貿聯-KY股票期貨2026/09,TW000VEFI609,2026/02/02,期貨及選擇權,,FFSCSX,
VEFL6　貿聯-KY股票期貨2026/12,TW000VEFL603,2026/02/02,期貨及選擇權,,FFSCSX,
VFFC7　小型貿聯-KY期貨2027/03,TW000VFFC708,2026/04/16,期貨及選擇權,,FFSCSX,
VFFE6　小型貿聯-KY期貨2026/05,TW000VFFE605,2026/03/19,期貨及選擇權,,FFSCSX,
VFFF6　小型貿聯-KY期貨2026/06,TW000VFFF602,2026/02/02,期貨及選擇權,,FFSCSX,
VFFI6　小型貿聯-KY期貨2026/09,TW000VFFI606,2026/02/02,期貨及選擇權,,FFSCSX,
VFFL6　小型貿聯-KY期貨2026/12,TW000VFFL600,2026/02/02,期貨及選擇權,,FFSCSX,
VGFC7　小型金像電期貨2027/03,TW000VGFC706,2026/04/16,期貨及選擇權,,FFSCSX,
VGFE6　小型金像電期貨2026/05,TW000VGFE603,2026/03/19,期貨及選擇權,,FFSCSX,
VGFF6　小型金像電期貨2026/06,TW000VGFF600,2026/02/02,期貨及選擇權,,FFSCSX,
VGFI6　小型金像電期貨2026/09,TW000VGFI604,2026/02/02,期貨及選擇權,,FFSCSX,
VGFL6　小型金像電期貨2026/12,TW000VGFL608,2026/02/02,期貨及選擇權,,FFSCSX,
VIFC7　研華股票期貨2027/03,TW000VIFC702,2026/05/04,期貨及選擇權,,FFSCSX,
VIFE6　研華股票期貨2026/05,TW000VIFE609,2026/05/04,期貨及選擇權,,FFSCSX,
VIFF6　研華股票期貨2026/06,TW000VIFF606,2026/05/04,期貨及選擇權,,FFSCSX,
VIFI6　研華股票期貨2026/09,TW000VIFI600,2026/05/04,期貨及選擇權,,FFSCSX,
VIFL6　研華股票期貨2026/12,TW000VIFL604,2026/05/04,期貨及選擇權,,FFSCSX,
VJFC7　小型順達股票期貨2027/03,TW000VJFC700,2026/05/04,期貨及選擇權,,FFSCSX,
VJFE6　小型順達股票期貨2026/05,TW000VJFE607,2026/05/04,期貨及選擇權,,FFSCSX,
VJFF6　小型順達股票期貨2026/06,TW000VJFF604,2026/05/04,期貨及選擇權,,FFSCSX,
VJFI6　小型順達股票期貨2026/09,TW000VJFI608,2026/05/04,期貨及選擇權,,FFSCSX,
VJFL6　小型順達股票期貨2026/12,TW000VJFL602,2026/05/04,期貨及選擇權,,FFSCSX,
VKFC7　小型亞翔股票期貨2027/03,TW000VKFC708,2026/05/04,期貨及選擇權,,FFSCSX,
VKFE6　小型亞翔股票期貨2026/05,TW000VKFE605,2026/05/04,期貨及選擇權,,FFSCSX,
VKFF6　小型亞翔股票期貨2026/06,TW000VKFF602,2026/05/04,期貨及選擇權,,FFSCSX,
VKFI6　小型亞翔股票期貨2026/09,TW000VKFI606,2026/05/04,期貨及選擇權,,FFSCSX,
VKFL6　小型亞翔股票期貨2026/12,TW000VKFL600,2026/05/04,期貨及選擇權,,FFSCSX,
日本東證期貨
TJFC7　東證期貨2027/03,TW000TJFC704,2026/04/10,期貨及選擇權,,FFICSX,
TJFF6　東證期貨2026/06,TW000TJFF608,2025/07/11,期貨及選擇權,,FFICSX,
TJFG6　東證期貨2026/07,TW000TJFG606,2026/05/08,期貨及選擇權,,FFICSX,
TJFI6　東證期貨2026/09,TW000TJFI602,2025/10/13,期貨及選擇權,,FFICSX,
TJFL6　東證期貨2026/12,TW000TJFL606,2026/01/09,期貨及選擇權,,FFICSX,
美元兌人民幣匯率期貨
RHFC7　美元兌人民幣期貨2027/03,TW000RHFC702,2026/01/22,期貨及選擇權,,FFCCSX,
RHFE6　美元兌人民幣期貨2026/05,TW000RHFE609,2026/03/19,期貨及選擇權,,FFCCSX,
RHFF6　美元兌人民幣期貨2026/06,TW000RHFF606,2025/04/17,期貨及選擇權,,FFCCSX,
RHFF7　美元兌人民幣期貨2027/06,TW000RHFF705,2026/04/16,期貨及選擇權,,FFCCSX,
RHFI6　美元兌人民幣期貨2026/09,TW000RHFI600,2025/07/17,期貨及選擇權,,FFCCSX,
RHFL6　美元兌人民幣期貨2026/12,TW000RHFL604,2025/10/16,期貨及選擇權,,FFCCSX,
小型美元兌人民幣匯率期貨
RTFC7　小型美元兌人民幣期貨2027/03,TW000RTFC707,2026/01/22,期貨及選擇權,,FFCCSX,
RTFE6　小型美元兌人民幣期貨2026/05,TW000RTFE604,2026/03/19,期貨及選擇權,,FFCCSX,
RTFF6　小型美元兌人民幣期貨2026/06,TW000RTFF601,2025/04/17,期貨及選擇權,,FFCCSX,
RTFF7　小型美元兌人民幣期貨2027/06,TW000RTFF700,2026/04/16,期貨及選擇權,,FFCCSX,
RTFI6　小型美元兌人民幣期貨2026/09,TW000RTFI605,2025/07/17,期貨及選擇權,,FFCCSX,
RTFL6　小型美元兌人民幣期貨2026/12,TW000RTFL609,2025/10/16,期貨及選擇權,,FFCCSX,
歐元兌美元匯率期貨
XEFC7　歐元兌美元匯率期貨2027/03,TW000XEFC707,2026/03/19,期貨及選擇權,,FFCCSX,
XEFF6　歐元兌美元匯率期貨2026/06,TW000XEFF601,2025/06/19,期貨及選擇權,,FFCCSX,
XEFI6　歐元兌美元匯率期貨2026/09,TW000XEFI605,2025/09/18,期貨及選擇權,,FFCCSX,
XEFL6　歐元兌美元匯率期貨2026/12,TW000XEFL609,2025/12/18,期貨及選擇權,,FFCCSX,
美元兌日圓匯率期貨
XJFC7　美元兌日圓匯率期貨2027/03,TW000XJFC706,2026/03/19,期貨及選擇權,,FFCCSX,
XJFF6　美元兌日圓匯率期貨2026/06,TW000XJFF600,2025/06/19,期貨及選擇權,,FFCCSX,
XJFI6　美元兌日圓匯率期貨2026/09,TW000XJFI604,2025/09/18,期貨及選擇權,,FFCCSX,
XJFL6　美元兌日圓匯率期貨2026/12,TW000XJFL608,2025/12/18,期貨及選擇權,,FFCCSX,
美國指數期貨
SPFC7　美國標普500期貨2027/03,TW000SPFC703,2025/12/22,期貨及選擇權,,FFICSX,
SPFF6　美國標普500期貨2026/06,TW000SPFF607,2025/03/24,期貨及選擇權,,FFICSX,
SPFF7　美國標普500期貨2027/06,TW000SPFF706,2026/03/23,期貨及選擇權,,FFICSX,
SPFI6　美國標普500期貨2026/09,TW000SPFI601,2025/06/23,期貨及選擇權,,FFICSX,
SPFL6　美國標普500期貨2026/12,TW000SPFL605,2025/09/22,期貨及選擇權,,FFICSX,
SXFC7　美國費城半導體期貨2027/03,TW000SXFC707,2026/03/23,期貨及選擇權,,FFICSX,
SXFF6　美國費城半導體期貨2026/06,TW000SXFF601,2025/06/23,期貨及選擇權,,FFICSX,
SXFI6　美國費城半導體期貨2026/09,TW000SXFI605,2025/09/22,期貨及選擇權,,FFICSX,
SXFL6　美國費城半導體期貨2026/12,TW000SXFL609,2025/12/22,期貨及選擇權,,FFICSX,
UDFC7　美國道瓊期貨2027/03,TW000UDFC705,2026/03/23,期貨及選擇權,,FFICSX,
UDFF6　美國道瓊期貨2026/06,TW000UDFF609,2025/06/23,期貨及選擇權,,FFICSX,
UDFI6　美國道瓊期貨2026/09,TW000UDFI603,2025/09/22,期貨及選擇權,,FFICSX,
UDFL6　美國道瓊期貨2026/12,TW000UDFL607,2025/12/22,期貨及選擇權,,FFICSX,
UNFC7　美國那斯達克100期貨2027/03,TW000UNFC704,2025/12/22,期貨及選擇權,,FFICSX,
UNFF6　美國那斯達克100期貨2026/06,TW000UNFF608,2025/03/24,期貨及選擇權,,FFICSX,
UNFF7　美國那斯達克100期貨2027/06,TW000UNFF707,2026/03/23,期貨及選擇權,,FFICSX,
UNFI6　美國那斯達克100期貨2026/09,TW000UNFI602,2025/06/23,期貨及選擇權,,FFICSX,
UNFL6　美國那斯達克100期貨2026/12,TW000UNFL606,2025/09/22,期貨及選擇權,,FFICSX,
原油期貨
BRFF7　布蘭特原油期貨2027/06,TW000BRFF708,2026/02/02,期貨及選擇權,,FCECSX,
BRFG6　布蘭特原油期貨2026/07,TW000BRFG607,2026/03/02,期貨及選擇權,,FCECSX,
BRFH6　布蘭特原油期貨2026/08,TW000BRFH605,2026/04/01,期貨及選擇權,,FCECSX,
BRFI6　布蘭特原油期貨2026/09,TW000BRFI603,2026/05/04,期貨及選擇權,,FCECSX,
BRFL6　布蘭特原油期貨2026/12,TW000BRFL607,2025/08/01,期貨及選擇權,,FCECSX,
ETF期貨
NYFC7　元大台灣50ETF期貨2027/03,TW000NYFC706,2026/04/16,期貨及選擇權,,FFBCSX,
NYFE6　元大台灣50ETF期貨2026/05,TW000NYFE603,2026/03/19,期貨及選擇權,,FFBCSX,
NYFF6　元大台灣50ETF期貨2026/06,TW000NYFF600,2025/07/17,期貨及選擇權,,FFBCSX,
NYFI6　元大台灣50ETF期貨2026/09,TW000NYFI604,2025/10/16,期貨及選擇權,,FFBCSX,
NYFL6　元大台灣50ETF期貨2026/12,TW000NYFL608,2026/01/22,期貨及選擇權,,FFBCSX,
OAFC7　FB上証ETF期貨2027/03,TW000OAFC704,2026/04/16,期貨及選擇權,,FFBCSX,
OAFE6　FB上証ETF期貨2026/05,TW000OAFE601,2026/03/19,期貨及選擇權,,FFBCSX,
OAFF6　FB上証ETF期貨2026/06,TW000OAFF608,2025/07/17,期貨及選擇權,,FFBCSX,
OAFI6　FB上証ETF期貨2026/09,TW000OAFI602,2025/10/16,期貨及選擇權,,FFBCSX,
OAFL6　FB上証ETF期貨2026/12,TW000OAFL606,2026/01/22,期貨及選擇權,,FFBCSX,
OBFC7　元上證ETF期貨2027/03,TW000OBFC702,2026/04/16,期貨及選擇權,,FFBCSX,
OBFE6　元上證ETF期貨2026/05,TW000OBFE609,2026/03/19,期貨及選擇權,,FFBCSX,
OBFF6　元上證ETF期貨2026/06,TW000OBFF606,2025/07/17,期貨及選擇權,,FFBCSX,
OBFI6　元上證ETF期貨2026/09,TW000OBFI600,2025/10/16,期貨及選擇權,,FFBCSX,
OBFL6　元上證ETF期貨2026/12,TW000OBFL604,2026/01/22,期貨及選擇權,,FFBCSX,
OJFC7　CFA50ETF期貨2027/03,TW000OJFC705,2026/04/16,期貨及選擇權,,FFBCSX,
OJFE6　CFA50ETF期貨2026/05,TW000OJFE602,2026/03/19,期貨及選擇權,,FFBCSX,
OJFF6　CFA50ETF期貨2026/06,TW000OJFF609,2025/07/17,期貨及選擇權,,FFBCSX,
OJFI6　CFA50ETF期貨2026/09,TW000OJFI603,2025/10/16,期貨及選擇權,,FFBCSX,
OJFL6　CFA50ETF期貨2026/12,TW000OJFL607,2026/01/22,期貨及選擇權,,FFBCSX,
OKFC7　深100ETF期貨2027/03,TW000OKFC703,2026/04/16,期貨及選擇權,,FFBCSX,
OKFE6　深100ETF期貨2026/05,TW000OKFE600,2026/03/19,期貨及選擇權,,FFBCSX,
OKFF6　深100ETF期貨2026/06,TW000OKFF607,2025/07/17,期貨及選擇權,,FFBCSX,
OKFI6　深100ETF期貨2026/09,TW000OKFI601,2025/10/16,期貨及選擇權,,FFBCSX,
OKFL6　深100ETF期貨2026/12,TW000OKFL605,2026/01/22,期貨及選擇權,,FFBCSX,
OOFC7　群益深証中小ETF期貨2027/03,TW000OOFC705,2026/04/16,期貨及選擇權,,FFBCSX,
OOFE6　群益深証中小ETF期貨2026/05,TW000OOFE602,2026/03/19,期貨及選擇權,,FFBCSX,
OOFF6　群益深証中小ETF期貨2026/06,TW000OOFF609,2025/07/17,期貨及選擇權,,FFBCSX,
OOFI6　群益深証中小ETF期貨2026/09,TW000OOFI603,2025/10/16,期貨及選擇權,,FFBCSX,
OOFL6　群益深証中小ETF期貨2026/12,TW000OOFL607,2026/01/22,期貨及選擇權,,FFBCSX,
PFFC7　元大高股息ETF期貨2027/03,TW000PFFC700,2026/04/16,期貨及選擇權,,FFBCSX,
PFFE6　元大高股息ETF期貨2026/05,TW000PFFE607,2026/03/19,期貨及選擇權,,FFBCSX,
PFFF6　元大高股息ETF期貨2026/06,TW000PFFF604,2025/07/17,期貨及選擇權,,FFBCSX,
PFFI6　元大高股息ETF期貨2026/09,TW000PFFI608,2025/10/16,期貨及選擇權,,FFBCSX,
PFFL6　元大高股息ETF期貨2026/12,TW000PFFL602,2026/01/22,期貨及選擇權,,FFBCSX,
RIFC7　國泰永續高股息ETF期貨2027/03,TW000RIFC700,2026/04/16,期貨及選擇權,,FFBCSX,
RIFE6　國泰永續高股息ETF期貨2026/05,TW000RIFE607,2026/03/19,期貨及選擇權,,FFBCSX,
RIFF6　國泰永續高股息ETF期貨2026/06,TW000RIFF604,2025/07/17,期貨及選擇權,,FFBCSX,
RIFI6　國泰永續高股息ETF期貨2026/09,TW000RIFI608,2025/10/16,期貨及選擇權,,FFBCSX,
RIFL6　國泰永續高股息ETF期貨2026/12,TW000RIFL602,2026/01/22,期貨及選擇權,,FFBCSX,
RXFC7　富邦越南ETF期貨2027/03,TW000RXFC709,2026/04/16,期貨及選擇權,,FFBCSX,
RXFE6　富邦越南ETF期貨2026/05,TW000RXFE606,2026/03/19,期貨及選擇權,,FFBCSX,
RXFF6　富邦越南ETF期貨2026/06,TW000RXFF603,2025/07/17,期貨及選擇權,,FFBCSX,
RXFI6　富邦越南ETF期貨2026/09,TW000RXFI607,2025/10/16,期貨及選擇權,,FFBCSX,
RXFL6　富邦越南ETF期貨2026/12,TW000RXFL601,2026/01/22,期貨及選擇權,,FFBCSX,
RYFC7　群益台灣ESG低碳ETF期貨2027/03,TW000RYFC707,2026/04/16,期貨及選擇權,,FFBCSX,
RYFE6　群益台灣ESG低碳ETF期貨2026/05,TW000RYFE604,2026/03/19,期貨及選擇權,,FFBCSX,
RYFF6　群益台灣ESG低碳ETF期貨2026/06,TW000RYFF601,2025/07/17,期貨及選擇權,,FFBCSX,
RYFI6　群益台灣ESG低碳ETF期貨2026/09,TW000RYFI605,2025/10/16,期貨及選擇權,,FFBCSX,
RYFL6　群益台灣ESG低碳ETF期貨2026/12,TW000RYFL609,2026/01/22,期貨及選擇權,,FFBCSX,
RZFC7　元大美債20年ETF期貨2027/03,TW000RZFC704,2026/04/16,期貨及選擇權,,FFBCSX,
RZFE6　元大美債20年ETF期貨2026/05,TW000RZFE601,2026/03/19,期貨及選擇權,,FFBCSX,
RZFF6　元大美債20年ETF期貨2026/06,TW000RZFF608,2025/07/17,期貨及選擇權,,FFBCSX,
RZFI6　元大美債20年ETF期貨2026/09,TW000RZFI602,2025/10/16,期貨及選擇權,,FFBCSX,
RZFL6　元大美債20年ETF期貨2026/12,TW000RZFL606,2026/01/22,期貨及選擇權,,FFBCSX,
SGFC7　國泰智能電動車ETF期貨2027/03,TW000SGFC702,2026/04/16,期貨及選擇權,,FFBCSX,
SGFE6　國泰智能電動車ETF期貨2026/05,TW000SGFE609,2026/03/19,期貨及選擇權,,FFBCSX,
SGFF6　國泰智能電動車ETF期貨2026/06,TW000SGFF606,2025/07/17,期貨及選擇權,,FFBCSX,
SGFI6　國泰智能電動車ETF期貨2026/09,TW000SGFI600,2025/10/16,期貨及選擇權,,FFBCSX,
SGFL6　國泰智能電動車ETF期貨2026/12,TW000SGFL604,2026/01/22,期貨及選擇權,,FFBCSX,
SIFC7　元大美債1-3ETF期貨2027/03,TW000SIFC708,2026/04/16,期貨及選擇權,,FFBCSX,
SIFE6　元大美債1-3ETF期貨2026/05,TW000SIFE605,2026/03/19,期貨及選擇權,,FFBCSX,
SIFF6　元大美債1-3ETF期貨2026/06,TW000SIFF602,2025/07/17,期貨及選擇權,,FFBCSX,
SIFI6　元大美債1-3ETF期貨2026/09,TW000SIFI606,2025/10/16,期貨及選擇權,,FFBCSX,
SIFL6　元大美債1-3ETF期貨2026/12,TW000SIFL600,2026/01/22,期貨及選擇權,,FFBCSX,
SMFC7　群益台灣精選高息ETF期貨2027/03,TW000SMFC700,2026/04/16,期貨及選擇權,,FFBCSX,
SMFE6　群益台灣精選高息ETF期貨2026/05,TW000SMFE607,2026/03/19,期貨及選擇權,,FFBCSX,
SMFF6　群益台灣精選高息ETF期貨2026/06,TW000SMFF604,2025/07/17,期貨及選擇權,,FFBCSX,
SMFI6　群益台灣精選高息ETF期貨2026/09,TW000SMFI608,2025/10/16,期貨及選擇權,,FFBCSX,
SMFL6　群益台灣精選高息ETF期貨2026/12,TW000SMFL602,2026/01/22,期貨及選擇權,,FFBCSX,
SNFC7　復華台灣科技優息ETF期貨2027/03,TW000SNFC708,2026/04/16,期貨及選擇權,,FFBCSX,
SNFE6　復華台灣科技優息ETF期貨2026/05,TW000SNFE605,2026/03/19,期貨及選擇權,,FFBCSX,
SNFF6　復華台灣科技優息ETF期貨2026/06,TW000SNFF602,2025/07/17,期貨及選擇權,,FFBCSX,
SNFI6　復華台灣科技優息ETF期貨2026/09,TW000SNFI606,2025/10/16,期貨及選擇權,,FFBCSX,
SNFL6　復華台灣科技優息ETF期貨2026/12,TW000SNFL600,2026/01/22,期貨及選擇權,,FFBCSX,
SQFC7　中信高評級公司債ETF期貨2027/03,TW000SQFC701,2026/04/16,期貨及選擇權,,FFBCSX,
SQFE6　中信高評級公司債ETF期貨2026/05,TW000SQFE608,2026/03/19,期貨及選擇權,,FFBCSX,
SQFF6　中信高評級公司債ETF期貨2026/06,TW000SQFF605,2025/07/17,期貨及選擇權,,FFBCSX,
SQFI6　中信高評級公司債ETF期貨2026/09,TW000SQFI609,2025/10/16,期貨及選擇權,,FFBCSX,
SQFL6　中信高評級公司債ETF期貨2026/12,TW000SQFL603,2026/01/22,期貨及選擇權,,FFBCSX,
SRFC7　小型元大台灣50ETF期貨2027/03,TW000SRFC709,2026/04/16,期貨及選擇權,,FFBCSX,
SRFE6　小型元大台灣50ETF期貨2026/05,TW000SRFE606,2026/03/19,期貨及選擇權,,FFBCSX,
SRFF6　小型元大台灣50ETF期貨2026/06,TW000SRFF603,2025/07/17,期貨及選擇權,,FFBCSX,
SRFI6　小型元大台灣50ETF期貨2026/09,TW000SRFI607,2025/10/16,期貨及選擇權,,FFBCSX,
SRFL6　小型元大台灣50ETF期貨2026/12,TW000SRFL601,2026/01/22,期貨及選擇權,,FFBCSX,
SSFC7　小型元大高股息ETF期貨2027/03,TW000SSFC707,2026/04/16,期貨及選擇權,,FFBCSX,
SSFE6　小型元大高股息ETF期貨2026/05,TW000SSFE604,2026/03/19,期貨及選擇權,,FFBCSX,
SSFF6　小型元大高股息ETF期貨2026/06,TW000SSFF601,2025/07/17,期貨及選擇權,,FFBCSX,
SSFI6　小型元大高股息ETF期貨2026/09,TW000SSFI605,2025/10/16,期貨及選擇權,,FFBCSX,
SSFL6　小型元大高股息ETF期貨2026/12,TW000SSFL609,2026/01/22,期貨及選擇權,,FFBCSX,
SUFC7　元大台灣價值高息ETF期貨2027/03,TW000SUFC703,2026/04/16,期貨及選擇權,,FFBCSX,
SUFE6　元大台灣價值高息ETF期貨2026/05,TW000SUFE600,2026/03/19,期貨及選擇權,,FFBCSX,
SUFF6　元大台灣價值高息ETF期貨2026/06,TW000SUFF607,2025/07/17,期貨及選擇權,,FFBCSX,
SUFI6　元大台灣價值高息ETF期貨2026/09,TW000SUFI601,2025/10/16,期貨及選擇權,,FFBCSX,
SUFL6　元大台灣價值高息ETF期貨2026/12,TW000SUFL605,2026/01/22,期貨及選擇權,,FFBCSX,
UJFC7　群益ESG投等債20+ETF期貨2027/03,TW000UJFC702,2026/04/16,期貨及選擇權,,FFBCSX,
UJFE6　群益ESG投等債20+ETF期貨2026/05,TW000UJFE609,2026/03/19,期貨及選擇權,,FFBCSX,
UJFF6　群益ESG投等債20+ETF期貨2026/06,TW000UJFF606,2025/07/17,期貨及選擇權,,FFBCSX,
UJFI6　群益ESG投等債20+ETF期貨2026/09,TW000UJFI600,2025/10/16,期貨及選擇權,,FFBCSX,
UJFL6　群益ESG投等債20+ETF期貨2026/12,TW000UJFL604,2026/01/22,期貨及選擇權,,FFBCSX,
UKFC7　國泰20年美債ETF期貨2027/03,TW000UKFC700,2026/04/16,期貨及選擇權,,FFBCSX,
UKFE6　國泰20年美債ETF期貨2026/05,TW000UKFE607,2026/03/19,期貨及選擇權,,FFBCSX,
UKFF6　國泰20年美債ETF期貨2026/06,TW000UKFF604,2025/07/17,期貨及選擇權,,FFBCSX,
UKFI6　國泰20年美債ETF期貨2026/09,TW000UKFI608,2025/10/16,期貨及選擇權,,FFBCSX,
UKFL6　國泰20年美債ETF期貨2026/12,TW000UKFL602,2026/01/22,期貨及選擇權,,FFBCSX,
URFC7　統一FANG+ETF期貨2027/03,TW000URFC705,2026/04/16,期貨及選擇權,,FFBCSX,
URFE6　統一FANG+ETF期貨2026/05,TW000URFE602,2026/03/19,期貨及選擇權,,FFBCSX,
URFF6　統一FANG+ETF期貨2026/06,TW000URFF609,2025/07/17,期貨及選擇權,,FFBCSX,
URFI6　統一FANG+ETF期貨2026/09,TW000URFI603,2025/10/16,期貨及選擇權,,FFBCSX,
URFL6　統一FANG+ETF期貨2026/12,TW000URFL607,2026/01/22,期貨及選擇權,,FFBCSX,
USFC7　小型統一FANG+ETF期貨2027/03,TW000USFC703,2026/04/16,期貨及選擇權,,FFBCSX,
USFE6　小型統一FANG+ETF期貨2026/05,TW000USFE600,2026/03/19,期貨及選擇權,,FFBCSX,
USFF6　小型統一FANG+ETF期貨2026/06,TW000USFF607,2025/07/17,期貨及選擇權,,FFBCSX,
USFI6　小型統一FANG+ETF期貨2026/09,TW000USFI601,2025/10/16,期貨及選擇權,,FFBCSX,
USFL6　小型統一FANG+ETF期貨2026/12,TW000USFL605,2026/01/22,期貨及選擇權,,FFBCSX,
VHFC7　富邦科技ETF期貨2027/03,TW000VHFC704,2026/04/16,期貨及選擇權,,FFBCSX,
VHFE6　富邦科技ETF期貨2026/05,TW000VHFE601,2026/03/19,期貨及選擇權,,FFBCSX,
VHFF6　富邦科技ETF期貨2026/06,TW000VHFF608,2026/02/02,期貨及選擇權,,FFBCSX,
VHFI6　富邦科技ETF期貨2026/09,TW000VHFI602,2026/02/02,期貨及選擇權,,FFBCSX,
VHFL6　富邦科技ETF期貨2026/12,TW000VHFL606,2026/02/02,期貨及選擇權,,FFBCSX,
臺指公司指數期貨
BTFC7　臺灣生技期貨2027/03,TW000BTFC701,2026/03/19,期貨及選擇權,,FFICSX,
BTFE6　臺灣生技期貨2026/05,TW000BTFE608,2026/02/24,期貨及選擇權,,FFICSX,
BTFF6　臺灣生技期貨2026/06,TW000BTFF605,2025/06/19,期貨及選擇權,,FFICSX,
BTFG6　臺灣生技期貨2026/07,TW000BTFG603,2026/04/16,期貨及選擇權,,FFICSX,
BTFI6　臺灣生技期貨2026/09,TW000BTFI609,2025/09/18,期貨及選擇權,,FFICSX,
BTFL6　臺灣生技期貨2026/12,TW000BTFL603,2025/12/18,期貨及選擇權,,FFICSX,
E4FC7　臺灣永續期貨2027/03,TW000E4FC704,2026/03/19,期貨及選擇權,,FFICSX,
E4FE6　臺灣永續期貨2026/05,TW000E4FE601,2026/02/24,期貨及選擇權,,FFICSX,
E4FF6　臺灣永續期貨2026/06,TW000E4FF608,2025/06/19,期貨及選擇權,,FFICSX,
E4FG6　臺灣永續期貨2026/07,TW000E4FG606,2026/04/16,期貨及選擇權,,FFICSX,
E4FI6　臺灣永續期貨2026/09,TW000E4FI602,2025/09/18,期貨及選擇權,,FFICSX,
E4FL6　臺灣永續期貨2026/12,TW000E4FL606,2025/12/18,期貨及選擇權,,FFICSX,
SOFC7　半導體30期貨2027/03,TW000SOFC706,2026/03/19,期貨及選擇權,,FFICSX,
SOFE6　半導體30期貨2026/05,TW000SOFE603,2026/02/24,期貨及選擇權,,FFICSX,
SOFF6　半導體30期貨2026/06,TW000SOFF600,2025/06/19,期貨及選擇權,,FFICSX,
SOFG6　半導體30期貨2026/07,TW000SOFG608,2026/04/16,期貨及選擇權,,FFICSX,
SOFI6　半導體30期貨2026/09,TW000SOFI604,2025/09/18,期貨及選擇權,,FFICSX,
SOFL6　半導體30期貨2026/12,TW000SOFL608,2025/12/18,期貨及選擇權,,FFICSX,
澳幣兌美元匯率期貨
XAFC7　澳幣兌美元期貨2027/03,TW000XAFC705,2026/03/19,期貨及選擇權,,FFCCSX,
XAFF6　澳幣兌美元期貨2026/06,TW000XAFF609,2025/06/19,期貨及選擇權,,FFCCSX,
XAFI6　澳幣兌美元期貨2026/09,TW000XAFI603,2025/09/18,期貨及選擇權,,FFCCSX,
XAFL6　澳幣兌美元期貨2026/12,TW000XAFL607,2025/12/18,期貨及選擇權,,FFCCSX,
英鎊兌美元匯率期貨
XBFC7　英鎊兌美元期貨2027/03,TW000XBFC703,2026/03/19,期貨及選擇權,,FFCCSX,
XBFF6　英鎊兌美元期貨2026/06,TW000XBFF607,2025/06/19,期貨及選擇權,,FFCCSX,
XBFI6　英鎊兌美元期貨2026/09,TW000XBFI601,2025/09/18,期貨及選擇權,,FFCCSX,
XBFL6　英鎊兌美元期貨2026/12,TW000XBFL605,2025/12/18,期貨及選擇權,,FFCCSX,
微型臺指期貨
TMFC7　微型臺指期貨2027/03,TW000TMFC708,2026/03/19,期貨及選擇權,,FFICSX,
TMFE6　微型臺指期貨2026/05,TW000TMFE605,2026/02/24,期貨及選擇權,,FFICSX,
TMFF6　微型臺指期貨2026/06,TW000TMFF602,2025/06/19,期貨及選擇權,,FFICSX,
TMFG6　微型臺指期貨2026/07,TW000TMFG600,2026/04/16,期貨及選擇權,,FFICSX,
TMFI6　微型臺指期貨2026/09,TW000TMFI606,2025/09/18,期貨及選擇權,,FFICSX,
TMFL6　微型臺指期貨2026/12,TW000TMFL600,2025/12/18,期貨及選擇權,,FFICSX,
臺灣中型100指數期貨
M1FC7　臺灣中型100期貨2027/03,TW000M1FC700,2026/03/19,期貨及選擇權,,FFICSX,
M1FE6　臺灣中型100期貨2026/05,TW000M1FE607,2026/02/24,期貨及選擇權,,FFICSX,
M1FF6　臺灣中型100期貨2026/06,TW000M1FF604,2025/06/19,期貨及選擇權,,FFICSX,
M1FG6　臺灣中型100期貨2026/07,TW000M1FG602,2026/04/16,期貨及選擇權,,FFICSX,
M1FI6　臺灣中型100期貨2026/09,TW000M1FI608,2025/09/18,期貨及選擇權,,FFICSX,
M1FL6　臺灣中型100期貨2026/12,TW000M1FL602,2025/12/18,期貨及選擇權,,FFICSX,
英國富時100指數期貨
F1FC7　英國富時100期貨2027/03,TW000F1FC709,2026/03/23,期貨及選擇權,,FFICSX,
F1FF6　英國富時100期貨2026/06,TW000F1FF603,2025/06/23,期貨及選擇權,,FFICSX,
F1FI6　英國富時100期貨2026/09,TW000F1FI607,2025/09/22,期貨及選擇權,,FFICSX,
F1FL6　英國富時100期貨2026/12,TW000F1FL601,2025/12/22,期貨及選擇權,,FFICSX,
股票選擇權買權
"CAO00600E6　南亞股票選擇權,2026/05,履約價60.0,買權",TWCAO0600E60,2026/03/25,期貨及選擇權,,OCESCS,
"CAO00600F6　南亞股票選擇權,2026/06,履約價60.0,買權",TWCAO0600F69,2026/01/22,期貨及選擇權,,OCESCS,
"CAO00625E6　南亞股票選擇權,2026/05,履約價62.5,買權",TWCAO0625E61,2026/03/24,期貨及選擇權,,OCESCS,
"CAO00650E6　南亞股票選擇權,2026/05,履約價65.0,買權",TWCAO0650E69,2026/03/23,期貨及選擇權,,OCESCS,
"CAO00650F6　南亞股票選擇權,2026/06,履約價65.0,買權",TWCAO0650F68,2026/01/22,期貨及選擇權,,OCESCS,
"CAO00675E6　南亞股票選擇權,2026/05,履約價67.5,買權",TWCAO0675E60,2026/03/23,期貨及選擇權,,OCESCS,
"CAO00700E6　南亞股票選擇權,2026/05,履約價70.0,買權",TWCAO0700E69,2026/03/20,期貨及選擇權,,OCESCS,
"CAO00700F6　南亞股票選擇權,2026/06,履約價70.0,買權",TWCAO0700F68,2026/01/22,期貨及選擇權,,OCESCS,
"CAO00700I6　南亞股票選擇權,2026/09,履約價70.0,買權",TWCAO0700I65,2026/04/20,期貨及選擇權,,OCESCS,
"CAO00725E6　南亞股票選擇權,2026/05,履約價72.5,買權",TWCAO0725E60,2026/03/19,期貨及選擇權,,OCESCS,
"CAO00725F6　南亞股票選擇權,2026/06,履約價72.5,買權",TWCAO0725F69,2026/04/20,期貨及選擇權,,OCESCS,
"CAO00750E6　南亞股票選擇權,2026/05,履約價75.0,買權",TWCAO0750E68,2026/03/19,期貨及選擇權,,OCESCS,
"CAO00750EL　南亞股票選擇權,2026/05,履約價75.0,買權",TWCAO0750EL3,2026/04/29,期貨及選擇權,,OCESCS,
"CAO00750F6　南亞股票選擇權,2026/06,履約價75.0,買權",TWCAO0750F67,2026/01/22,期貨及選擇權,,OCESCS,
"CAO00750I6　南亞股票選擇權,2026/09,履約價75.0,買權",TWCAO0750I64,2026/04/16,期貨及選擇權,,OCESCS,
"CAO00775E6　南亞股票選擇權,2026/05,履約價77.5,買權",TWCAO0775E69,2026/03/19,期貨及選擇權,,OCESCS,
"CAO00775EL　南亞股票選擇權,2026/05,履約價77.5,買權",TWCAO0775EL0,2026/04/29,期貨及選擇權,,OCESCS,
"CAO00775F6　南亞股票選擇權,2026/06,履約價77.5,買權",TWCAO0775F68,2026/04/16,期貨及選擇權,,OCESCS,
"CAO00800E6　南亞股票選擇權,2026/05,履約價80.0,買權",TWCAO0800E68,2026/03/19,期貨及選擇權,,OCESCS,
"CAO00800EL　南亞股票選擇權,2026/05,履約價80.0,買權",TWCAO0800EL6,2026/04/29,期貨及選擇權,,OCESCS,
"CAO00800F6　南亞股票選擇權,2026/06,履約價80.0,買權",TWCAO0800F67,2026/01/22,期貨及選擇權,,OCESCS,
"CAO00800I6　南亞股票選擇權,2026/09,履約價80.0,買權",TWCAO0800I64,2026/04/16,期貨及選擇權,,OCESCS,
"CAO00825E6　南亞股票選擇權,2026/05,履約價82.5,買權",TWCAO0825E69,2026/03/19,期貨及選擇權,,OCESCS,
"CAO00825EL　南亞股票選擇權,2026/05,履約價82.5,買權",TWCAO0825EL3,2026/04/29,期貨及選擇權,,OCESCS,
"CAO00825F6　南亞股票選擇權,2026/06,履約價82.5,買權",TWCAO0825F68,2026/04/16,期貨及選擇權,,OCESCS,
"CAO00850E6　南亞股票選擇權,2026/05,履約價85.0,買權",TWCAO0850E67,2026/03/19,期貨及選擇權,,OCESCS,
"CAO00850EL　南亞股票選擇權,2026/05,履約價85.0,買權",TWCAO0850EL1,2026/04/29,期貨及選擇權,,OCESCS,
"CAO00850F6　南亞股票選擇權,2026/06,履約價85.0,買權",TWCAO0850F66,2026/01/22,期貨及選擇權,,OCESCS,
"CAO00850I6　南亞股票選擇權,2026/09,履約價85.0,買權",TWCAO0850I63,2026/04/16,期貨及選擇權,,OCESCS,
"CAO00875E6　南亞股票選擇權,2026/05,履約價87.5,買權",TWCAO0875E68,2026/03/19,期貨及選擇權,,OCESCS,
"CAO00875EL　南亞股票選擇權,2026/05,履約價87.5,買權",TWCAO0875EL8,2026/04/29,期貨及選擇權,,OCESCS,
"CAO00875F6　南亞股票選擇權,2026/06,履約價87.5,買權",TWCAO0875F67,2026/04/16,期貨及選擇權,,OCESCS,
"CAO00900E6　南亞股票選擇權,2026/05,履約價90.0,買權",TWCAO0900E67,2026/03/19,期貨及選擇權,,OCESCS,
"CAO00900EL　南亞股票選擇權,2026/05,履約價90.0,買權",TWCAO0900EL4,2026/04/29,期貨及選擇權,,OCESCS,
"CAO00900F6　南亞股票選擇權,2026/06,履約價90.0,買權",TWCAO0900F66,2026/01/23,期貨及選擇權,,OCESCS,
"CAO00900I6　南亞股票選擇權,2026/09,履約價90.0,買權",TWCAO0900I63,2026/04/16,期貨及選擇權,,OCESCS,
"CAO00925E6　南亞股票選擇權,2026/05,履約價92.5,買權",TWCAO0925E68,2026/03/19,期貨及選擇權,,OCESCS,
"CAO00925EL　南亞股票選擇權,2026/05,履約價92.5,買權",TWCAO0925EL1,2026/04/29,期貨及選擇權,,OCESCS,
"CAO00925F6　南亞股票選擇權,2026/06,履約價92.5,買權",TWCAO0925F67,2026/04/16,期貨及選擇權,,OCESCS,
"CAO00950E6　南亞股票選擇權,2026/05,履約價95.0,買權",TWCAO0950E66,2026/03/19,期貨及選擇權,,OCESCS,
"CAO00950EL　南亞股票選擇權,2026/05,履約價95.0,買權",TWCAO0950EL9,2026/04/29,期貨及選擇權,,OCESCS,
"CAO00950F6　南亞股票選擇權,2026/06,履約價95.0,買權",TWCAO0950F65,2026/01/27,期貨及選擇權,,OCESCS,
"CAO00950I6　南亞股票選擇權,2026/09,履約價95.0,買權",TWCAO0950I62,2026/04/16,期貨及選擇權,,OCESCS,
"CAO00975E6　南亞股票選擇權,2026/05,履約價97.5,買權",TWCAO0975E67,2026/03/19,期貨及選擇權,,OCESCS,
"CAO00975EL　南亞股票選擇權,2026/05,履約價97.5,買權",TWCAO0975EL6,2026/04/29,期貨及選擇權,,OCESCS,
"CAO00975F6　南亞股票選擇權,2026/06,履約價97.5,買權",TWCAO0975F66,2026/04/16,期貨及選擇權,,OCESCS,
"CAO01000E6　南亞股票選擇權,2026/05,履約價100.0,買權",TWCAO1000E64,2026/03/19,期貨及選擇權,,OCESCS,
"CAO01000EL　南亞股票選擇權,2026/05,履約價100.0,買權",TWCAO1000EL2,2026/04/29,期貨及選擇權,,OCESCS,
"CAO01000F6　南亞股票選擇權,2026/06,履約價100.0,買權",TWCAO1000F63,2026/02/24,期貨及選擇權,,OCESCS,
"CAO01000I6　南亞股票選擇權,2026/09,履約價100.0,買權",TWCAO1000I60,2026/04/16,期貨及選擇權,,OCESCS,
"CAO01050E6　南亞股票選擇權,2026/05,履約價105.0,買權",TWCAO1050E63,2026/04/15,期貨及選擇權,,OCESCS,
"CAO01050EL　南亞股票選擇權,2026/05,履約價105.0,買權",TWCAO1050EL7,2026/04/29,期貨及選擇權,,OCESCS,
"CAO01050F6　南亞股票選擇權,2026/06,履約價105.0,買權",TWCAO1050F62,2026/04/16,期貨及選擇權,,OCESCS,
"CAO01100E6　南亞股票選擇權,2026/05,履約價110.0,買權",TWCAO1100E63,2026/04/30,期貨及選擇權,,OCESCS,
"CAO01100EL　南亞股票選擇權,2026/05,履約價110.0,買權",TWCAO1100EL0,2026/04/30,期貨及選擇權,,OCESCS,
"CAO01100F6　南亞股票選擇權,2026/06,履約價110.0,買權",TWCAO1100F62,2026/02/25,期貨及選擇權,,OCESCS,
"CAO01100I6　南亞股票選擇權,2026/09,履約價110.0,買權",TWCAO1100I69,2026/04/16,期貨及選擇權,,OCESCS,
"CBO00150F6　中鋼股票選擇權,2026/06,履約價15.0,買權",TWCBO0150F62,2026/03/20,期貨及選擇權,,OCESCS,
"CBO00150I6　中鋼股票選擇權,2026/09,履約價15.0,買權",TWCBO0150I69,2026/04/28,期貨及選擇權,,OCESCS,
"CBO00155E6　中鋼股票選擇權,2026/05,履約價15.5,買權",TWCBO0155E68,2026/03/20,期貨及選擇權,,OCESCS,
"CBO00155F6　中鋼股票選擇權,2026/06,履約價15.5,買權",TWCBO0155F67,2026/04/28,期貨及選擇權,,OCESCS,
"CBO00160E6　中鋼股票選擇權,2026/05,履約價16.0,買權",TWCBO0160E61,2026/03/19,期貨及選擇權,,OCESCS,
"CBO00160F6　中鋼股票選擇權,2026/06,履約價16.0,買權",TWCBO0160F60,2026/01/22,期貨及選擇權,,OCESCS,
"CBO00160I6　中鋼股票選擇權,2026/09,履約價16.0,買權",TWCBO0160I67,2026/04/17,期貨及選擇權,,OCESCS,
"CBO00165E6　中鋼股票選擇權,2026/05,履約價16.5,買權",TWCBO0165E66,2026/03/19,期貨及選擇權,,OCESCS,
"CBO00165F6　中鋼股票選擇權,2026/06,履約價16.5,買權",TWCBO0165F65,2026/04/17,期貨及選擇權,,OCESCS,
"CBO00170E6　中鋼股票選擇權,2026/05,履約價17.0,買權",TWCBO0170E69,2026/03/19,期貨及選擇權,,OCESCS,
"CBO00170F6　中鋼股票選擇權,2026/06,履約價17.0,買權",TWCBO0170F68,2026/01/22,期貨及選擇權,,OCESCS,
"CBO00170I6　中鋼股票選擇權,2026/09,履約價17.0,買權",TWCBO0170I65,2026/04/16,期貨及選擇權,,OCESCS,
"CBO00175E6　中鋼股票選擇權,2026/05,履約價17.5,買權",TWCBO0175E64,2026/03/19,期貨及選擇權,,OCESCS,
"CBO00175F6　中鋼股票選擇權,2026/06,履約價17.5,買權",TWCBO0175F63,2026/04/16,期貨及選擇權,,OCESCS,
"CBO00180E6　中鋼股票選擇權,2026/05,履約價18.0,買權",TWCBO0180E67,2026/03/19,期貨及選擇權,,OCESCS,
"CBO00180F6　中鋼股票選擇權,2026/06,履約價18.0,買權",TWCBO0180F66,2026/01/22,期貨及選擇權,,OCESCS,
"CBO00180I6　中鋼股票選擇權,2026/09,履約價18.0,買權",TWCBO0180I63,2026/04/16,期貨及選擇權,,OCESCS,
"CBO00185E6　中鋼股票選擇權,2026/05,履約價18.5,買權",TWCBO0185E62,2026/03/19,期貨及選擇權,,OCESCS,
"CBO00185F6　中鋼股票選擇權,2026/06,履約價18.5,買權",TWCBO0185F61,2026/04/16,期貨及選擇權,,OCESCS,
"CBO00190E6　中鋼股票選擇權,2026/05,履約價19.0,買權",TWCBO0190E65,2026/03/19,期貨及選擇權,,OCESCS,
"CBO00190F6　中鋼股票選擇權,2026/06,履約價19.0,買權",TWCBO0190F64,2026/01/22,期貨及選擇權,,OCESCS,
"CBO00190I6　中鋼股票選擇權,2026/09,履約價19.0,買權",TWCBO0190I61,2026/04/16,期貨及選擇權,,OCESCS,
"CBO00195E6　中鋼股票選擇權,2026/05,履約價19.5,買權",TWCBO0195E60,2026/03/19,期貨及選擇權,,OCESCS,
"CBO00195F6　中鋼股票選擇權,2026/06,履約價19.5,買權",TWCBO0195F69,2026/04/16,期貨及選擇權,,OCESCS,
"CBO00200E6　中鋼股票選擇權,2026/05,履約價20.0,買權",TWCBO0200E63,2026/03/19,期貨及選擇權,,OCESCS,
"CBO00200F6　中鋼股票選擇權,2026/06,履約價20.0,買權",TWCBO0200F62,2026/01/22,期貨及選擇權,,OCESCS,
"CBO00200I6　中鋼股票選擇權,2026/09,履約價20.0,買權",TWCBO0200I69,2026/04/16,期貨及選擇權,,OCESCS,
"CBO00205E6　中鋼股票選擇權,2026/05,履約價20.5,買權",TWCBO0205E68,2026/03/19,期貨及選擇權,,OCESCS,
"CBO00205F6　中鋼股票選擇權,2026/06,履約價20.5,買權",TWCBO0205F67,2026/04/16,期貨及選擇權,,OCESCS,
"CBO00210E6　中鋼股票選擇權,2026/05,履約價21.0,買權",TWCBO0210E61,2026/03/19,期貨及選擇權,,OCESCS,
"CBO00210F6　中鋼股票選擇權,2026/06,履約價21.0,買權",TWCBO0210F60,2026/01/22,期貨及選擇權,,OCESCS,
"CBO00210I6　中鋼股票選擇權,2026/09,履約價21.0,買權",TWCBO0210I67,2026/04/16,期貨及選擇權,,OCESCS,
"CBO00215E6　中鋼股票選擇權,2026/05,履約價21.5,買權",TWCBO0215E66,2026/03/19,期貨及選擇權,,OCESCS,
"CBO00215F6　中鋼股票選擇權,2026/06,履約價21.5,買權",TWCBO0215F65,2026/04/16,期貨及選擇權,,OCESCS,
"CBO00220E6　中鋼股票選擇權,2026/05,履約價22.0,買權",TWCBO0220E69,2026/03/19,期貨及選擇權,,OCESCS,
"CBO00220F6　中鋼股票選擇權,2026/06,履約價22.0,買權",TWCBO0220F68,2026/01/22,期貨及選擇權,,OCESCS,
"CBO00220I6　中鋼股票選擇權,2026/09,履約價22.0,買權",TWCBO0220I65,2026/04/16,期貨及選擇權,,OCESCS,
"CBO00225E6　中鋼股票選擇權,2026/05,履約價22.5,買權",TWCBO0225E64,2026/03/19,期貨及選擇權,,OCESCS,
"CBO00225F6　中鋼股票選擇權,2026/06,履約價22.5,買權",TWCBO0225F63,2026/04/16,期貨及選擇權,,OCESCS,
"CBO00230E6　中鋼股票選擇權,2026/05,履約價23.0,買權",TWCBO0230E67,2026/03/27,期貨及選擇權,,OCESCS,
"CBO00230F6　中鋼股票選擇權,2026/06,履約價23.0,買權",TWCBO0230F66,2026/01/26,期貨及選擇權,,OCESCS,
"CBO00230I6　中鋼股票選擇權,2026/09,履約價23.0,買權",TWCBO0230I63,2026/04/16,期貨及選擇權,,OCESCS,
"CBO00235E6　中鋼股票選擇權,2026/05,履約價23.5,買權",TWCBO0235E62,2026/04/10,期貨及選擇權,,OCESCS,
"CBO00235F6　中鋼股票選擇權,2026/06,履約價23.5,買權",TWCBO0235F61,2026/04/16,期貨及選擇權,,OCESCS,
"CBO00240E6　中鋼股票選擇權,2026/05,履約價24.0,買權",TWCBO0240E65,2026/04/15,期貨及選擇權,,OCESCS,
"CBO00240F6　中鋼股票選擇權,2026/06,履約價24.0,買權",TWCBO0240F64,2026/01/30,期貨及選擇權,,OCESCS,
"CBO00240I6　中鋼股票選擇權,2026/09,履約價24.0,買權",TWCBO0240I61,2026/04/16,期貨及選擇權,,OCESCS,
"CBO00250F6　中鋼股票選擇權,2026/06,履約價25.0,買權",TWCBO0250F61,2026/02/03,期貨及選擇權,,OCESCS,
"CCO00440F6　聯電股票選擇權,2026/06,履約價44.0,買權",TWCCO0440F61,2026/04/07,期貨及選擇權,,OCESCS,
"CCO00450E6　聯電股票選擇權,2026/05,履約價45.0,買權",TWCCO0450E69,2026/04/07,期貨及選擇權,,OCESCS,
"CCO00460E6　聯電股票選擇權,2026/05,履約價46.0,買權",TWCCO0460E67,2026/04/07,期貨及選擇權,,OCESCS,
"CCO00460F6　聯電股票選擇權,2026/06,履約價46.0,買權",TWCCO0460F66,2026/04/07,期貨及選擇權,,OCESCS,
"CCO00470E6　聯電股票選擇權,2026/05,履約價47.0,買權",TWCCO0470E65,2026/04/07,期貨及選擇權,,OCESCS,
"CCO00480E6　聯電股票選擇權,2026/05,履約價48.0,買權",TWCCO0480E63,2026/03/24,期貨及選擇權,,OCESCS,
"CCO00480F6　聯電股票選擇權,2026/06,履約價48.0,買權",TWCCO0480F62,2026/03/20,期貨及選擇權,,OCESCS,
"CCO00490E6　聯電股票選擇權,2026/05,履約價49.0,買權",TWCCO0490E61,2026/03/20,期貨及選擇權,,OCESCS,
"CCO00500E6　聯電股票選擇權,2026/05,履約價50.0,買權",TWCCO0500E69,2026/03/19,期貨及選擇權,,OCESCS,
"CCO00500F6　聯電股票選擇權,2026/06,履約價50.0,買權",TWCCO0500F68,2026/02/02,期貨及選擇權,,OCESCS,
"CCO00500I6　聯電股票選擇權,2026/09,履約價50.0,買權",TWCCO0500I65,2026/04/16,期貨及選擇權,,OCESCS,
"CCO00525E6　聯電股票選擇權,2026/05,履約價52.5,買權",TWCCO0525E60,2026/03/19,期貨及選擇權,,OCESCS,
"CCO00525F6　聯電股票選擇權,2026/06,履約價52.5,買權",TWCCO0525F69,2026/04/16,期貨及選擇權,,OCESCS,
"CCO00550E6　聯電股票選擇權,2026/05,履約價55.0,買權",TWCCO0550E68,2026/03/19,期貨及選擇權,,OCESCS,
"CCO00550F6　聯電股票選擇權,2026/06,履約價55.0,買權",TWCCO0550F67,2026/01/22,期貨及選擇權,,OCESCS,
"CCO00550I6　聯電股票選擇權,2026/09,履約價55.0,買權",TWCCO0550I64,2026/04/16,期貨及選擇權,,OCESCS,
"CCO00575E6　聯電股票選擇權,2026/05,履約價57.5,買權",TWCCO0575E69,2026/03/19,期貨及選擇權,,OCESCS,
"CCO00575F6　聯電股票選擇權,2026/06,履約價57.5,買權",TWCCO0575F68,2026/04/16,期貨及選擇權,,OCESCS,
"CCO00600E6　聯電股票選擇權,2026/05,履約價60.0,買權",TWCCO0600E68,2026/03/19,期貨及選擇權,,OCESCS,
"CCO00600F6　聯電股票選擇權,2026/06,履約價60.0,買權",TWCCO0600F67,2026/01/22,期貨及選擇權,,OCESCS,
"CCO00600I6　聯電股票選擇權,2026/09,履約價60.0,買權",TWCCO0600I64,2026/04/16,期貨及選擇權,,OCESCS,
"CCO00625E6　聯電股票選擇權,2026/05,履約價62.5,買權",TWCCO0625E69,2026/03/19,期貨及選擇權,,OCESCS,
"CCO00625EL　聯電股票選擇權,2026/05,履約價62.5,買權",TWCCO0625EL3,2026/04/29,期貨及選擇權,,OCESCS,
"CCO00625F6　聯電股票選擇權,2026/06,履約價62.5,買權",TWCCO0625F68,2026/04/16,期貨及選擇權,,OCESCS,
"CCO00650E6　聯電股票選擇權,2026/05,履約價65.0,買權",TWCCO0650E67,2026/03/19,期貨及選擇權,,OCESCS,
"CCO00650EL　聯電股票選擇權,2026/05,履約價65.0,買權",TWCCO0650EL1,2026/04/29,期貨及選擇權,,OCESCS,
"CCO00650F6　聯電股票選擇權,2026/06,履約價65.0,買權",TWCCO0650F66,2026/01/22,期貨及選擇權,,OCESCS,
"CCO00650I6　聯電股票選擇權,2026/09,履約價65.0,買權",TWCCO0650I63,2026/04/16,期貨及選擇權,,OCESCS,
"CCO00675E6　聯電股票選擇權,2026/05,履約價67.5,買權",TWCCO0675E68,2026/03/19,期貨及選擇權,,OCESCS,
"CCO00675EL　聯電股票選擇權,2026/05,履約價67.5,買權",TWCCO0675EL8,2026/04/29,期貨及選擇權,,OCESCS,
"CCO00675F6　聯電股票選擇權,2026/06,履約價67.5,買權",TWCCO0675F67,2026/04/16,期貨及選擇權,,OCESCS,
"CCO00700E6　聯電股票選擇權,2026/05,履約價70.0,買權",TWCCO0700E67,2026/03/19,期貨及選擇權,,OCESCS,
"CCO00700EL　聯電股票選擇權,2026/05,履約價70.0,買權",TWCCO0700EL4,2026/04/29,期貨及選擇權,,OCESCS,
"CCO00700F6　聯電股票選擇權,2026/06,履約價70.0,買權",TWCCO0700F66,2026/01/22,期貨及選擇權,,OCESCS,
"CCO00700I6　聯電股票選擇權,2026/09,履約價70.0,買權",TWCCO0700I63,2026/04/16,期貨及選擇權,,OCESCS,
"CCO00725E6　聯電股票選擇權,2026/05,履約價72.5,買權",TWCCO0725E68,2026/03/19,期貨及選擇權,,OCESCS,
"CCO00725EL　聯電股票選擇權,2026/05,履約價72.5,買權",TWCCO0725EL1,2026/04/29,期貨及選擇權,,OCESCS,
"CCO00725F6　聯電股票選擇權,2026/06,履約價72.5,買權",TWCCO0725F67,2026/04/16,期貨及選擇權,,OCESCS,
"CCO00750E6　聯電股票選擇權,2026/05,履約價75.0,買權",TWCCO0750E66,2026/04/17,期貨及選擇權,,OCESCS,
"CCO00750EL　聯電股票選擇權,2026/05,履約價75.0,買權",TWCCO0750EL9,2026/04/29,期貨及選擇權,,OCESCS,
"CCO00750F6　聯電股票選擇權,2026/06,履約價75.0,買權",TWCCO0750F65,2026/01/22,期貨及選擇權,,OCESCS,
"CCO00750I6　聯電股票選擇權,2026/09,履約價75.0,買權",TWCCO0750I62,2026/04/16,期貨及選擇權,,OCESCS,
"CCO00775E6　聯電股票選擇權,2026/05,履約價77.5,買權",TWCCO0775E67,2026/04/17,期貨及選擇權,,OCESCS,
"CCO00775EL　聯電股票選擇權,2026/05,履約價77.5,買權",TWCCO0775EL6,2026/04/29,期貨及選擇權,,OCESCS,
"CCO00775F6　聯電股票選擇權,2026/06,履約價77.5,買權",TWCCO0775F66,2026/04/17,期貨及選擇權,,OCESCS,
"CCO00800E6　聯電股票選擇權,2026/05,履約價80.0,買權",TWCCO0800E66,2026/04/17,期貨及選擇權,,OCESCS,
"CCO00800EL　聯電股票選擇權,2026/05,履約價80.0,買權",TWCCO0800EL2,2026/04/29,期貨及選擇權,,OCESCS,
"CCO00800F6　聯電股票選擇權,2026/06,履約價80.0,買權",TWCCO0800F65,2026/01/22,期貨及選擇權,,OCESCS,
"CCO00800I6　聯電股票選擇權,2026/09,履約價80.0,買權",TWCCO0800I62,2026/04/17,期貨及選擇權,,OCESCS,
"CCO00825E6　聯電股票選擇權,2026/05,履約價82.5,買權",TWCCO0825E67,2026/04/20,期貨及選擇權,,OCESCS,
"CCO00825EL　聯電股票選擇權,2026/05,履約價82.5,買權",TWCCO0825EL9,2026/04/29,期貨及選擇權,,OCESCS,
"CCO00825F6　聯電股票選擇權,2026/06,履約價82.5,買權",TWCCO0825F66,2026/04/20,期貨及選擇權,,OCESCS,
"CCO00850E6　聯電股票選擇權,2026/05,履約價85.0,買權",TWCCO0850E65,2026/04/20,期貨及選擇權,,OCESCS,
"CCO00850EL　聯電股票選擇權,2026/05,履約價85.0,買權",TWCCO0850EL7,2026/04/29,期貨及選擇權,,OCESCS,
"CCO00850F6　聯電股票選擇權,2026/06,履約價85.0,買權",TWCCO0850F64,2026/01/28,期貨及選擇權,,OCESCS,
"CCO00850I6　聯電股票選擇權,2026/09,履約價85.0,買權",TWCCO0850I61,2026/04/20,期貨及選擇權,,OCESCS,
"CCO00875E6　聯電股票選擇權,2026/05,履約價87.5,買權",TWCCO0875E66,2026/04/21,期貨及選擇權,,OCESCS,
"CCO00875EL　聯電股票選擇權,2026/05,履約價87.5,買權",TWCCO0875EL4,2026/04/29,期貨及選擇權,,OCESCS,
"CCO00875F6　聯電股票選擇權,2026/06,履約價87.5,買權",TWCCO0875F65,2026/04/21,期貨及選擇權,,OCESCS,
"CCO00900E6　聯電股票選擇權,2026/05,履約價90.0,買權",TWCCO0900E65,2026/04/21,期貨及選擇權,,OCESCS,
"CCO00900EL　聯電股票選擇權,2026/05,履約價90.0,買權",TWCCO0900EL0,2026/05/04,期貨及選擇權,,OCESCS,
"CCO00900F6　聯電股票選擇權,2026/06,履約價90.0,買權",TWCCO0900F64,2026/01/28,期貨及選擇權,,OCESCS,
"CCO00900I6　聯電股票選擇權,2026/09,履約價90.0,買權",TWCCO0900I61,2026/04/21,期貨及選擇權,,OCESCS,
"CCO00925E6　聯電股票選擇權,2026/05,履約價92.5,買權",TWCCO0925E66,2026/04/23,期貨及選擇權,,OCESCS,
"CCO00925EL　聯電股票選擇權,2026/05,履約價92.5,買權",TWCCO0925EL7,2026/05/05,期貨及選擇權,,OCESCS,
"CCO00925F6　聯電股票選擇權,2026/06,履約價92.5,買權",TWCCO0925F65,2026/04/23,期貨及選擇權,,OCESCS,
"CCO00950E6　聯電股票選擇權,2026/05,履約價95.0,買權",TWCCO0950E64,2026/05/05,期貨及選擇權,,OCESCS,
"CCO00950EL　聯電股票選擇權,2026/05,履約價95.0,買權",TWCCO0950EL5,2026/05/05,期貨及選擇權,,OCESCS,
"CCO00950F6　聯電股票選擇權,2026/06,履約價95.0,買權",TWCCO0950F63,2026/05/05,期貨及選擇權,,OCESCS,
"CCO00950I6　聯電股票選擇權,2026/09,履約價95.0,買權",TWCCO0950I60,2026/04/23,期貨及選擇權,,OCESCS,
"CCO00975E6　聯電股票選擇權,2026/05,履約價97.5,買權",TWCCO0975E65,2026/05/06,期貨及選擇權,,OCESCS,
"CCO00975EL　聯電股票選擇權,2026/05,履約價97.5,買權",TWCCO0975EL2,2026/05/06,期貨及選擇權,,OCESCS,
"CCO00975F6　聯電股票選擇權,2026/06,履約價97.5,買權",TWCCO0975F64,2026/05/06,期貨及選擇權,,OCESCS,
"CCO01000E6　聯電股票選擇權,2026/05,履約價100.0,買權",TWCCO1000E62,2026/05/07,期貨及選擇權,,OCESCS,
"CCO01000EL　聯電股票選擇權,2026/05,履約價100.0,買權",TWCCO1000EL8,2026/05/07,期貨及選擇權,,OCESCS,
"CCO01000F6　聯電股票選擇權,2026/06,履約價100.0,買權",TWCCO1000F61,2026/05/07,期貨及選擇權,,OCESCS,
"CCO01000I6　聯電股票選擇權,2026/09,履約價100.0,買權",TWCCO1000I68,2026/05/06,期貨及選擇權,,OCESCS,
"CCO01050E6　聯電股票選擇權,2026/05,履約價105.0,買權",TWCCO1050E61,2026/05/07,期貨及選擇權,,OCESCS,
"CCO01050EL　聯電股票選擇權,2026/05,履約價105.0,買權",TWCCO1050EL3,2026/05/07,期貨及選擇權,,OCESCS,
"CCO01050F6　聯電股票選擇權,2026/06,履約價105.0,買權",TWCCO1050F60,2026/05/07,期貨及選擇權,,OCESCS,
"CCO01100E6　聯電股票選擇權,2026/05,履約價110.0,買權",TWCCO1100E61,2026/05/07,期貨及選擇權,,OCESCS,
"CCO01100EL　聯電股票選擇權,2026/05,履約價110.0,買權",TWCCO1100EL6,2026/05/07,期貨及選擇權,,OCESCS,
"CCO01100F6　聯電股票選擇權,2026/06,履約價110.0,買權",TWCCO1100F60,2026/05/07,期貨及選擇權,,OCESCS,
"CCO01100I6　聯電股票選擇權,2026/09,履約價110.0,買權",TWCCO1100I67,2026/05/07,期貨及選擇權,,OCESCS,
"CCO01150E6　聯電股票選擇權,2026/05,履約價115.0,買權",TWCCO1150E60,2026/05/08,期貨及選擇權,,OCESCS,
"CCO01150EL　聯電股票選擇權,2026/05,履約價115.0,買權",TWCCO1150EL1,2026/05/08,期貨及選擇權,,OCESCS,
"CCO01150F6　聯電股票選擇權,2026/06,履約價115.0,買權",TWCCO1150F69,2026/05/08,期貨及選擇權,,OCESCS,
"CCO01200I6　聯電股票選擇權,2026/09,履約價120.0,買權",TWCCO1200I66,2026/05/08,期貨及選擇權,,OCESCS,
"CDO14000F6　台積電股票選擇權,2026/06,履約價1400.0,買權",TWCDO400AF64,2026/01/22,期貨及選擇權,,OCESCS,
"CDO14800E6　台積電股票選擇權,2026/05,履約價1480.0,買權",TWCDO480AE68,2026/04/01,期貨及選擇權,,OCESCS,
"CDO15000E6　台積電股票選擇權,2026/05,履約價1500.0,買權",TWCDO500AE64,2026/03/31,期貨及選擇權,,OCESCS,
"CDO15000F6　台積電股票選擇權,2026/06,履約價1500.0,買權",TWCDO500AF63,2026/01/22,期貨及選擇權,,OCESCS,
"CDO15200E6　台積電股票選擇權,2026/05,履約價1520.0,買權",TWCDO520AE60,2026/03/24,期貨及選擇權,,OCESCS,
"CDO15400E6　台積電股票選擇權,2026/05,履約價1540.0,買權",TWCDO540AE66,2026/03/24,期貨及選擇權,,OCESCS,
"CDO15600E6　台積電股票選擇權,2026/05,履約價1560.0,買權",TWCDO560AE61,2026/03/20,期貨及選擇權,,OCESCS,
"CDO15800E6　台積電股票選擇權,2026/05,履約價1580.0,買權",TWCDO580AE67,2026/03/20,期貨及選擇權,,OCESCS,
"CDO16000E6　台積電股票選擇權,2026/05,履約價1600.0,買權",TWCDO600AE63,2026/03/19,期貨及選擇權,,OCESCS,
"CDO16000F6　台積電股票選擇權,2026/06,履約價1600.0,買權",TWCDO600AF62,2026/01/22,期貨及選擇權,,OCESCS,
"CDO16200E6　台積電股票選擇權,2026/05,履約價1620.0,買權",TWCDO620AE69,2026/03/19,期貨及選擇權,,OCESCS,
"CDO16400E6　台積電股票選擇權,2026/05,履約價1640.0,買權",TWCDO640AE65,2026/03/19,期貨及選擇權,,OCESCS,
"CDO16600E6　台積電股票選擇權,2026/05,履約價1660.0,買權",TWCDO660AE60,2026/03/19,期貨及選擇權,,OCESCS,
"CDO16800E6　台積電股票選擇權,2026/05,履約價1680.0,買權",TWCDO680AE66,2026/03/19,期貨及選擇權,,OCESCS,
"CDO17000E6　台積電股票選擇權,2026/05,履約價1700.0,買權",TWCDO700AE62,2026/03/19,期貨及選擇權,,OCESCS,
"CDO17000F6　台積電股票選擇權,2026/06,履約價1700.0,買權",TWCDO700AF61,2026/01/22,期貨及選擇權,,OCESCS,
"CDO17000I6　台積電股票選擇權,2026/09,履約價1700.0,買權",TWCDO700AI68,2026/04/16,期貨及選擇權,,OCESCS,
"CDO17200E6　台積電股票選擇權,2026/05,履約價1720.0,買權",TWCDO720AE68,2026/03/19,期貨及選擇權,,OCESCS,
"CDO17200F6　台積電股票選擇權,2026/06,履約價1720.0,買權",TWCDO720AF67,2026/04/20,期貨及選擇權,,OCESCS,
"CDO17400E6　台積電股票選擇權,2026/05,履約價1740.0,買權",TWCDO740AE64,2026/03/19,期貨及選擇權,,OCESCS,
"CDO17400F6　台積電股票選擇權,2026/06,履約價1740.0,買權",TWCDO740AF63,2026/04/20,期貨及選擇權,,OCESCS,
"CDO17600E6　台積電股票選擇權,2026/05,履約價1760.0,買權",TWCDO760AE69,2026/03/19,期貨及選擇權,,OCESCS,
"CDO17600F6　台積電股票選擇權,2026/06,履約價1760.0,買權",TWCDO760AF68,2026/04/16,期貨及選擇權,,OCESCS,
"CDO17800E6　台積電股票選擇權,2026/05,履約價1780.0,買權",TWCDO780AE65,2026/03/19,期貨及選擇權,,OCESCS,
"CDO17800F6　台積電股票選擇權,2026/06,履約價1780.0,買權",TWCDO780AF64,2026/04/16,期貨及選擇權,,OCESCS,
"CDO18000E6　台積電股票選擇權,2026/05,履約價1800.0,買權",TWCDO800AE61,2026/03/19,期貨及選擇權,,OCESCS,
"CDO18000EL　台積電股票選擇權,2026/05,履約價1800.0,買權",TWCDO800AEL1,2026/05/04,期貨及選擇權,,OCESCS,
"CDO18000F6　台積電股票選擇權,2026/06,履約價1800.0,買權",TWCDO800AF60,2026/01/22,期貨及選擇權,,OCESCS,
"CDO18000I6　台積電股票選擇權,2026/09,履約價1800.0,買權",TWCDO800AI67,2026/04/16,期貨及選擇權,,OCESCS,
"CDO18200E6　台積電股票選擇權,2026/05,履約價1820.0,買權",TWCDO820AE67,2026/03/19,期貨及選擇權,,OCESCS,
"CDO18200EL　台積電股票選擇權,2026/05,履約價1820.0,買權",TWCDO820AEL9,2026/05/04,期貨及選擇權,,OCESCS,
"CDO18200F6　台積電股票選擇權,2026/06,履約價1820.0,買權",TWCDO820AF66,2026/04/16,期貨及選擇權,,OCESCS,
"CDO18400E6　台積電股票選擇權,2026/05,履約價1840.0,買權",TWCDO840AE63,2026/03/19,期貨及選擇權,,OCESCS,
"CDO18400EL　台積電股票選擇權,2026/05,履約價1840.0,買權",TWCDO840AEL7,2026/04/30,期貨及選擇權,,OCESCS,
"CDO18400F6　台積電股票選擇權,2026/06,履約價1840.0,買權",TWCDO840AF62,2026/04/16,期貨及選擇權,,OCESCS,
"CDO18600E6　台積電股票選擇權,2026/05,履約價1860.0,買權",TWCDO860AE68,2026/03/19,期貨及選擇權,,OCESCS,
"CDO18600EL　台積電股票選擇權,2026/05,履約價1860.0,買權",TWCDO860AEL5,2026/04/30,期貨及選擇權,,OCESCS,
"CDO18600F6　台積電股票選擇權,2026/06,履約價1860.0,買權",TWCDO860AF67,2026/04/16,期貨及選擇權,,OCESCS,
"CDO18800E6　台積電股票選擇權,2026/05,履約價1880.0,買權",TWCDO880AE64,2026/03/19,期貨及選擇權,,OCESCS,
"CDO18800EL　台積電股票選擇權,2026/05,履約價1880.0,買權",TWCDO880AEL3,2026/04/29,期貨及選擇權,,OCESCS,
"CDO18800F6　台積電股票選擇權,2026/06,履約價1880.0,買權",TWCDO880AF63,2026/04/16,期貨及選擇權,,OCESCS,
"CDO19000E6　台積電股票選擇權,2026/05,履約價1900.0,買權",TWCDO900AE60,2026/03/19,期貨及選擇權,,OCESCS,
"CDO19000EL　台積電股票選擇權,2026/05,履約價1900.0,買權",TWCDO900AEL9,2026/04/29,期貨及選擇權,,OCESCS,
"CDO19000F6　台積電股票選擇權,2026/06,履約價1900.0,買權",TWCDO900AF69,2026/01/22,期貨及選擇權,,OCESCS,
"CDO19000I6　台積電股票選擇權,2026/09,履約價1900.0,買權",TWCDO900AI66,2026/04/16,期貨及選擇權,,OCESCS,
"CDO19200E6　台積電股票選擇權,2026/05,履約價1920.0,買權",TWCDO920AE66,2026/03/19,期貨及選擇權,,OCESCS,
"CDO19200EL　台積電股票選擇權,2026/05,履約價1920.0,買權",TWCDO920AEL7,2026/04/29,期貨及選擇權,,OCESCS,
"CDO19200F6　台積電股票選擇權,2026/06,履約價1920.0,買權",TWCDO920AF65,2026/04/16,期貨及選擇權,,OCESCS,
"CDO19400E6　台積電股票選擇權,2026/05,履約價1940.0,買權",TWCDO940AE62,2026/03/19,期貨及選擇權,,OCESCS,
"CDO19400EL　台積電股票選擇權,2026/05,履約價1940.0,買權",TWCDO940AEL5,2026/04/29,期貨及選擇權,,OCESCS,
"CDO19400F6　台積電股票選擇權,2026/06,履約價1940.0,買權",TWCDO940AF61,2026/04/16,期貨及選擇權,,OCESCS,
"CDO19600E6　台積電股票選擇權,2026/05,履約價1960.0,買權",TWCDO960AE67,2026/03/19,期貨及選擇權,,OCESCS,
"CDO19600EL　台積電股票選擇權,2026/05,履約價1960.0,買權",TWCDO960AEL3,2026/04/29,期貨及選擇權,,OCESCS,
"CDO19600F6　台積電股票選擇權,2026/06,履約價1960.0,買權",TWCDO960AF66,2026/04/16,期貨及選擇權,,OCESCS,
"CDO19800E6　台積電股票選擇權,2026/05,履約價1980.0,買權",TWCDO980AE63,2026/03/19,期貨及選擇權,,OCESCS,
"CDO19800EL　台積電股票選擇權,2026/05,履約價1980.0,買權",TWCDO980AEL1,2026/04/29,期貨及選擇權,,OCESCS,
"CDO19800F6　台積電股票選擇權,2026/06,履約價1980.0,買權",TWCDO980AF62,2026/04/16,期貨及選擇權,,OCESCS,
"CDO20000E6　台積電股票選擇權,2026/05,履約價2000.0,買權",TWCDO000BE68,2026/03/19,期貨及選擇權,,OCESCS,
"CDO20000EL　台積電股票選擇權,2026/05,履約價2000.0,買權",TWCDO000BEL6,2026/04/29,期貨及選擇權,,OCESCS,
"CDO20000F6　台積電股票選擇權,2026/06,履約價2000.0,買權",TWCDO000BF67,2026/01/22,期貨及選擇權,,OCESCS,
"CDO20000I6　台積電股票選擇權,2026/09,履約價2000.0,買權",TWCDO000BI64,2026/04/16,期貨及選擇權,,OCESCS,
"CDO20500E6　台積電股票選擇權,2026/05,履約價2050.0,買權",TWCDO050BE67,2026/03/19,期貨及選擇權,,OCESCS,
"CDO20500EL　台積電股票選擇權,2026/05,履約價2050.0,買權",TWCDO050BEL1,2026/04/29,期貨及選擇權,,OCESCS,
"CDO20500F6　台積電股票選擇權,2026/06,履約價2050.0,買權",TWCDO050BF66,2026/04/16,期貨及選擇權,,OCESCS,
"CDO21000E6　台積電股票選擇權,2026/05,履約價2100.0,買權",TWCDO100BE67,2026/03/19,期貨及選擇權,,OCESCS,
"CDO21000EL　台積電股票選擇權,2026/05,履約價2100.0,買權",TWCDO100BEL4,2026/04/29,期貨及選擇權,,OCESCS,
"CDO21000F6　台積電股票選擇權,2026/06,履約價2100.0,買權",TWCDO100BF66,2026/01/22,期貨及選擇權,,OCESCS,
"CDO21000I6　台積電股票選擇權,2026/09,履約價2100.0,買權",TWCDO100BI63,2026/04/16,期貨及選擇權,,OCESCS,
"CDO21500E6　台積電股票選擇權,2026/05,履約價2150.0,買權",TWCDO150BE66,2026/03/19,期貨及選擇權,,OCESCS,
"CDO21500EL　台積電股票選擇權,2026/05,履約價2150.0,買權",TWCDO150BEL9,2026/04/29,期貨及選擇權,,OCESCS,
"CDO21500F6　台積電股票選擇權,2026/06,履約價2150.0,買權",TWCDO150BF65,2026/04/16,期貨及選擇權,,OCESCS,
"CDO22000E6　台積電股票選擇權,2026/05,履約價2200.0,買權",TWCDO200BE66,2026/03/19,期貨及選擇權,,OCESCS,
"CDO22000EL　台積電股票選擇權,2026/05,履約價2200.0,買權",TWCDO200BEL2,2026/04/29,期貨及選擇權,,OCESCS,
"CDO22000F6　台積電股票選擇權,2026/06,履約價2200.0,買權",TWCDO200BF65,2026/02/11,期貨及選擇權,,OCESCS,
"CDO22000I6　台積電股票選擇權,2026/09,履約價2200.0,買權",TWCDO200BI62,2026/04/16,期貨及選擇權,,OCESCS,
"CDO22500E6　台積電股票選擇權,2026/05,履約價2250.0,買權",TWCDO250BE65,2026/04/09,期貨及選擇權,,OCESCS,
"CDO22500EL　台積電股票選擇權,2026/05,履約價2250.0,買權",TWCDO250BEL7,2026/04/29,期貨及選擇權,,OCESCS,
"CDO22500F6　台積電股票選擇權,2026/06,履約價2250.0,買權",TWCDO250BF64,2026/04/16,期貨及選擇權,,OCESCS,
"CDO23000E6　台積電股票選擇權,2026/05,履約價2300.0,買權",TWCDO300BE65,2026/04/13,期貨及選擇權,,OCESCS,
"CDO23000EL　台積電股票選擇權,2026/05,履約價2300.0,買權",TWCDO300BEL0,2026/04/29,期貨及選擇權,,OCESCS,
"CDO23000F6　台積電股票選擇權,2026/06,履約價2300.0,買權",TWCDO300BF64,2026/02/23,期貨及選擇權,,OCESCS,
"CDO23000I6　台積電股票選擇權,2026/09,履約價2300.0,買權",TWCDO300BI61,2026/04/16,期貨及選擇權,,OCESCS,
"CDO23500E6　台積電股票選擇權,2026/05,履約價2350.0,買權",TWCDO350BE64,2026/04/15,期貨及選擇權,,OCESCS,
"CDO23500EL　台積電股票選擇權,2026/05,履約價2350.0,買權",TWCDO350BEL5,2026/04/29,期貨及選擇權,,OCESCS,
"CDO23500F6　台積電股票選擇權,2026/06,履約價2350.0,買權",TWCDO350BF63,2026/04/16,期貨及選擇權,,OCESCS,
"CDO24000E6　台積電股票選擇權,2026/05,履約價2400.0,買權",TWCDO400BE64,2026/04/15,期貨及選擇權,,OCESCS,
"CDO24000EL　台積電股票選擇權,2026/05,履約價2400.0,買權",TWCDO400BEL8,2026/04/29,期貨及選擇權,,OCESCS,
"CDO24000F6　台積電股票選擇權,2026/06,履約價2400.0,買權",TWCDO400BF63,2026/02/26,期貨及選擇權,,OCESCS,
"CDO24000I6　台積電股票選擇權,2026/09,履約價2400.0,買權",TWCDO400BI60,2026/04/16,期貨及選擇權,,OCESCS,
"CDO24500E6　台積電股票選擇權,2026/05,履約價2450.0,買權",TWCDO450BE63,2026/04/27,期貨及選擇權,,OCESCS,
"CDO24500EL　台積電股票選擇權,2026/05,履約價2450.0,買權",TWCDO450BEL3,2026/04/29,期貨及選擇權,,OCESCS,
"CDO24500F6　台積電股票選擇權,2026/06,履約價2450.0,買權",TWCDO450BF62,2026/04/27,期貨及選擇權,,OCESCS,
"CDO25000E6　台積電股票選擇權,2026/05,履約價2500.0,買權",TWCDO500BE63,2026/04/27,期貨及選擇權,,OCESCS,
"CDO25000EL　台積電股票選擇權,2026/05,履約價2500.0,買權",TWCDO500BEL5,2026/04/29,期貨及選擇權,,OCESCS,
"CDO25000F6　台積電股票選擇權,2026/06,履約價2500.0,買權",TWCDO500BF62,2026/04/27,期貨及選擇權,,OCESCS,
"CDO25000I6　台積電股票選擇權,2026/09,履約價2500.0,買權",TWCDO500BI69,2026/04/27,期貨及選擇權,,OCESCS,
"CDO25500E6　台積電股票選擇權,2026/05,履約價2550.0,買權",TWCDO550BE62,2026/04/27,期貨及選擇權,,OCESCS,
"CDO25500EL　台積電股票選擇權,2026/05,履約價2550.0,買權",TWCDO550BEL0,2026/04/29,期貨及選擇權,,OCESCS,
"CDO25500F6　台積電股票選擇權,2026/06,履約價2550.0,買權",TWCDO550BF61,2026/04/27,期貨及選擇權,,OCESCS,
"CDO26000E6　台積電股票選擇權,2026/05,履約價2600.0,買權",TWCDO600BE62,2026/04/28,期貨及選擇權,,OCESCS,
"CDO26000EL　台積電股票選擇權,2026/05,履約價2600.0,買權",TWCDO600BEL3,2026/05/05,期貨及選擇權,,OCESCS,
"CDO26000F6　台積電股票選擇權,2026/06,履約價2600.0,買權",TWCDO600BF61,2026/04/28,期貨及選擇權,,OCESCS,
"CDO26000I6　台積電股票選擇權,2026/09,履約價2600.0,買權",TWCDO600BI68,2026/04/27,期貨及選擇權,,OCESCS,
"CDO26500E6　台積電股票選擇權,2026/05,履約價2650.0,買權",TWCDO650BE61,2026/04/28,期貨及選擇權,,OCESCS,
"CDO26500EL　台積電股票選擇權,2026/05,履約價2650.0,買權",TWCDO650BEL8,2026/05/05,期貨及選擇權,,OCESCS,
"CDO26500F6　台積電股票選擇權,2026/06,履約價2650.0,買權",TWCDO650BF60,2026/04/28,期貨及選擇權,,OCESCS,
"CDO27000E6　台積電股票選擇權,2026/05,履約價2700.0,買權",TWCDO700BE61,2026/05/08,期貨及選擇權,,OCESCS,
"CDO27000EL　台積電股票選擇權,2026/05,履約價2700.0,買權",TWCDO700BEL1,2026/05/08,期貨及選擇權,,OCESCS,
"CDO27000F6　台積電股票選擇權,2026/06,履約價2700.0,買權",TWCDO700BF60,2026/05/08,期貨及選擇權,,OCESCS,
"CDO27000I6　台積電股票選擇權,2026/09,履約價2700.0,買權",TWCDO700BI67,2026/04/28,期貨及選擇權,,OCESCS,
"CEO00700F6　富邦金股票選擇權,2026/06,履約價70.0,買權",TWCEO0700F64,2026/03/10,期貨及選擇權,,OCESCS,
"CEO00700I6　富邦金股票選擇權,2026/09,履約價70.0,買權",TWCEO0700I61,2026/04/16,期貨及選擇權,,OCESCS,
"CEO00725E6　富邦金股票選擇權,2026/05,履約價72.5,買權",TWCEO0725E66,2026/03/20,期貨及選擇權,,OCESCS,
"CEO00725F6　富邦金股票選擇權,2026/06,履約價72.5,買權",TWCEO0725F65,2026/04/16,期貨及選擇權,,OCESCS,
"CEO00750E6　富邦金股票選擇權,2026/05,履約價75.0,買權",TWCEO0750E64,2026/03/19,期貨及選擇權,,OCESCS,
"CEO00750F6　富邦金股票選擇權,2026/06,履約價75.0,買權",TWCEO0750F63,2026/01/22,期貨及選擇權,,OCESCS,
"CEO00750I6　富邦金股票選擇權,2026/09,履約價75.0,買權",TWCEO0750I60,2026/04/16,期貨及選擇權,,OCESCS,
"CEO00775E6　富邦金股票選擇權,2026/05,履約價77.5,買權",TWCEO0775E65,2026/03/19,期貨及選擇權,,OCESCS,
"CEO00775F6　富邦金股票選擇權,2026/06,履約價77.5,買權",TWCEO0775F64,2026/04/16,期貨及選擇權,,OCESCS,
"CEO00800E6　富邦金股票選擇權,2026/05,履約價80.0,買權",TWCEO0800E64,2026/03/19,期貨及選擇權,,OCESCS,
"CEO00800F6　富邦金股票選擇權,2026/06,履約價80.0,買權",TWCEO0800F63,2026/01/22,期貨及選擇權,,OCESCS,
"CEO00800I6　富邦金股票選擇權,2026/09,履約價80.0,買權",TWCEO0800I60,2026/04/16,期貨及選擇權,,OCESCS,
"CEO00825E6　富邦金股票選擇權,2026/05,履約價82.5,買權",TWCEO0825E65,2026/03/19,期貨及選擇權,,OCESCS,
"CEO00825F6　富邦金股票選擇權,2026/06,履約價82.5,買權",TWCEO0825F64,2026/04/16,期貨及選擇權,,OCESCS,
"CEO00850E6　富邦金股票選擇權,2026/05,履約價85.0,買權",TWCEO0850E63,2026/03/19,期貨及選擇權,,OCESCS,
"CEO00850F6　富邦金股票選擇權,2026/06,履約價85.0,買權",TWCEO0850F62,2026/01/22,期貨及選擇權,,OCESCS,
"CEO00850I6　富邦金股票選擇權,2026/09,履約價85.0,買權",TWCEO0850I69,2026/04/16,期貨及選擇權,,OCESCS,
"CEO00875E6　富邦金股票選擇權,2026/05,履約價87.5,買權",TWCEO0875E64,2026/03/19,期貨及選擇權,,OCESCS,
"CEO00875F6　富邦金股票選擇權,2026/06,履約價87.5,買權",TWCEO0875F63,2026/04/16,期貨及選擇權,,OCESCS,
"CEO00900E6　富邦金股票選擇權,2026/05,履約價90.0,買權",TWCEO0900E63,2026/03/19,期貨及選擇權,,OCESCS,
"CEO00900F6　富邦金股票選擇權,2026/06,履約價90.0,買權",TWCEO0900F62,2026/01/22,期貨及選擇權,,OCESCS,
"CEO00900I6　富邦金股票選擇權,2026/09,履約價90.0,買權",TWCEO0900I69,2026/04/16,期貨及選擇權,,OCESCS,
"CEO00925E6　富邦金股票選擇權,2026/05,履約價92.5,買權",TWCEO0925E64,2026/03/19,期貨及選擇權,,OCESCS,
"CEO00925F6　富邦金股票選擇權,2026/06,履約價92.5,買權",TWCEO0925F63,2026/04/16,期貨及選擇權,,OCESCS,
"CEO00950E6　富邦金股票選擇權,2026/05,履約價95.0,買權",TWCEO0950E62,2026/03/19,期貨及選擇權,,OCESCS,
"CEO00950F6　富邦金股票選擇權,2026/06,履約價95.0,買權",TWCEO0950F61,2026/01/22,期貨及選擇權,,OCESCS,
"CEO00950I6　富邦金股票選擇權,2026/09,履約價95.0,買權",TWCEO0950I68,2026/04/16,期貨及選擇權,,OCESCS,
"CEO00975E6　富邦金股票選擇權,2026/05,履約價97.5,買權",TWCEO0975E63,2026/03/19,期貨及選擇權,,OCESCS,
"CEO00975F6　富邦金股票選擇權,2026/06,履約價97.5,買權",TWCEO0975F62,2026/04/16,期貨及選擇權,,OCESCS,
"CEO01000E6　富邦金股票選擇權,2026/05,履約價100.0,買權",TWCEO1000E60,2026/03/19,期貨及選擇權,,OCESCS,
"CEO01000F6　富邦金股票選擇權,2026/06,履約價100.0,買權",TWCEO1000F69,2026/01/22,期貨及選擇權,,OCESCS,
"CEO01000I6　富邦金股票選擇權,2026/09,履約價100.0,買權",TWCEO1000I66,2026/04/16,期貨及選擇權,,OCESCS,
"CEO01050E6　富邦金股票選擇權,2026/05,履約價105.0,買權",TWCEO1050E69,2026/03/19,期貨及選擇權,,OCESCS,
"CEO01050F6　富邦金股票選擇權,2026/06,履約價105.0,買權",TWCEO1050F68,2026/04/16,期貨及選擇權,,OCESCS,
"CEO01100E6　富邦金股票選擇權,2026/05,履約價110.0,買權",TWCEO1100E69,2026/05/06,期貨及選擇權,,OCESCS,
"CEO01100F6　富邦金股票選擇權,2026/06,履約價110.0,買權",TWCEO1100F68,2026/01/22,期貨及選擇權,,OCESCS,
"CEO01100I6　富邦金股票選擇權,2026/09,履約價110.0,買權",TWCEO1100I65,2026/04/16,期貨及選擇權,,OCESCS,
"CEO01200F6　富邦金股票選擇權,2026/06,履約價120.0,買權",TWCEO1200F67,2026/02/24,期貨及選擇權,,OCESCS,
"CFO00340F6　台塑股票選擇權,2026/06,履約價34.0,買權",TWCFO0340F69,2026/01/22,期貨及選擇權,,OCESCS,
"CFO00360F6　台塑股票選擇權,2026/06,履約價36.0,買權",TWCFO0360F64,2026/01/22,期貨及選擇權,,OCESCS,
"CFO00380E6　台塑股票選擇權,2026/05,履約價38.0,買權",TWCFO0380E61,2026/03/24,期貨及選擇權,,OCESCS,
"CFO00380F6　台塑股票選擇權,2026/06,履約價38.0,買權",TWCFO0380F60,2026/01/22,期貨及選擇權,,OCESCS,
"CFO00390E6　台塑股票選擇權,2026/05,履約價39.0,買權",TWCFO0390E69,2026/03/24,期貨及選擇權,,OCESCS,
"CFO00400E6　台塑股票選擇權,2026/05,履約價40.0,買權",TWCFO0400E67,2026/03/19,期貨及選擇權,,OCESCS,
"CFO00400F6　台塑股票選擇權,2026/06,履約價40.0,買權",TWCFO0400F66,2026/01/22,期貨及選擇權,,OCESCS,
"CFO00410E6　台塑股票選擇權,2026/05,履約價41.0,買權",TWCFO0410E65,2026/03/19,期貨及選擇權,,OCESCS,
"CFO00420E6　台塑股票選擇權,2026/05,履約價42.0,買權",TWCFO0420E63,2026/03/19,期貨及選擇權,,OCESCS,
"CFO00420F6　台塑股票選擇權,2026/06,履約價42.0,買權",TWCFO0420F62,2026/01/22,期貨及選擇權,,OCESCS,
"CFO00420I6　台塑股票選擇權,2026/09,履約價42.0,買權",TWCFO0420I69,2026/04/24,期貨及選擇權,,OCESCS,
"CFO00430E6　台塑股票選擇權,2026/05,履約價43.0,買權",TWCFO0430E61,2026/03/19,期貨及選擇權,,OCESCS,
"CFO00430F6　台塑股票選擇權,2026/06,履約價43.0,買權",TWCFO0430F60,2026/04/24,期貨及選擇權,,OCESCS,
"CFO00440E6　台塑股票選擇權,2026/05,履約價44.0,買權",TWCFO0440E69,2026/03/19,期貨及選擇權,,OCESCS,
"CFO00440F6　台塑股票選擇權,2026/06,履約價44.0,買權",TWCFO0440F68,2026/01/22,期貨及選擇權,,OCESCS,
"CFO00440I6　台塑股票選擇權,2026/09,履約價44.0,買權",TWCFO0440I65,2026/04/16,期貨及選擇權,,OCESCS,
"CFO00450E6　台塑股票選擇權,2026/05,履約價45.0,買權",TWCFO0450E66,2026/03/19,期貨及選擇權,,OCESCS,
"CFO00450F6　台塑股票選擇權,2026/06,履約價45.0,買權",TWCFO0450F65,2026/04/16,期貨及選擇權,,OCESCS,
"CFO00460E6　台塑股票選擇權,2026/05,履約價46.0,買權",TWCFO0460E64,2026/03/19,期貨及選擇權,,OCESCS,
"CFO00460F6　台塑股票選擇權,2026/06,履約價46.0,買權",TWCFO0460F63,2026/01/22,期貨及選擇權,,OCESCS,
"CFO00460I6　台塑股票選擇權,2026/09,履約價46.0,買權",TWCFO0460I60,2026/04/16,期貨及選擇權,,OCESCS,
"CFO00470E6　台塑股票選擇權,2026/05,履約價47.0,買權",TWCFO0470E62,2026/03/19,期貨及選擇權,,OCESCS,
"CFO00470F6　台塑股票選擇權,2026/06,履約價47.0,買權",TWCFO0470F61,2026/04/16,期貨及選擇權,,OCESCS,
"CFO00480E6　台塑股票選擇權,2026/05,履約價48.0,買權",TWCFO0480E60,2026/03/19,期貨及選擇權,,OCESCS,
"CFO00480F6　台塑股票選擇權,2026/06,履約價48.0,買權",TWCFO0480F69,2026/01/22,期貨及選擇權,,OCESCS,
"CFO00480I6　台塑股票選擇權,2026/09,履約價48.0,買權",TWCFO0480I66,2026/04/16,期貨及選擇權,,OCESCS,
"CFO00490E6　台塑股票選擇權,2026/05,履約價49.0,買權",TWCFO0490E68,2026/03/19,期貨及選擇權,,OCESCS,
"CFO00490F6　台塑股票選擇權,2026/06,履約價49.0,買權",TWCFO0490F67,2026/04/16,期貨及選擇權,,OCESCS,
"CFO00500E6　台塑股票選擇權,2026/05,履約價50.0,買權",TWCFO0500E66,2026/03/19,期貨及選擇權,,OCESCS,
"CFO00500F6　台塑股票選擇權,2026/06,履約價50.0,買權",TWCFO0500F65,2026/01/22,期貨及選擇權,,OCESCS,
"CFO00500I6　台塑股票選擇權,2026/09,履約價50.0,買權",TWCFO0500I62,2026/04/16,期貨及選擇權,,OCESCS,
"CFO00525E6　台塑股票選擇權,2026/05,履約價52.5,買權",TWCFO0525E67,2026/03/19,期貨及選擇權,,OCESCS,
"CFO00525F6　台塑股票選擇權,2026/06,履約價52.5,買權",TWCFO0525F66,2026/04/16,期貨及選擇權,,OCESCS,
"CFO00550E6　台塑股票選擇權,2026/05,履約價55.0,買權",TWCFO0550E65,2026/03/19,期貨及選擇權,,OCESCS,
"CFO00550F6　台塑股票選擇權,2026/06,履約價55.0,買權",TWCFO0550F64,2026/01/23,期貨及選擇權,,OCESCS,
"CFO00550I6　台塑股票選擇權,2026/09,履約價55.0,買權",TWCFO0550I61,2026/04/16,期貨及選擇權,,OCESCS,
"CFO00575E6　台塑股票選擇權,2026/05,履約價57.5,買權",TWCFO0575E66,2026/03/20,期貨及選擇權,,OCESCS,
"CFO00575F6　台塑股票選擇權,2026/06,履約價57.5,買權",TWCFO0575F65,2026/04/16,期貨及選擇權,,OCESCS,
"CFO00600E6　台塑股票選擇權,2026/05,履約價60.0,買權",TWCFO0600E65,2026/04/14,期貨及選擇權,,OCESCS,
"CFO00600F6　台塑股票選擇權,2026/06,履約價60.0,買權",TWCFO0600F64,2026/01/27,期貨及選擇權,,OCESCS,
"CFO00600I6　台塑股票選擇權,2026/09,履約價60.0,買權",TWCFO0600I61,2026/04/16,期貨及選擇權,,OCESCS,
"CFO00625E6　台塑股票選擇權,2026/05,履約價62.5,買權",TWCFO0625E66,2026/04/15,期貨及選擇權,,OCESCS,
"CFO00625F6　台塑股票選擇權,2026/06,履約價62.5,買權",TWCFO0625F65,2026/04/16,期貨及選擇權,,OCESCS,
"CFO00650E6　台塑股票選擇權,2026/05,履約價65.0,買權",TWCFO0650E64,2026/04/17,期貨及選擇權,,OCESCS,
"CFO00650F6　台塑股票選擇權,2026/06,履約價65.0,買權",TWCFO0650F63,2026/02/26,期貨及選擇權,,OCESCS,
"CFO00650I6　台塑股票選擇權,2026/09,履約價65.0,買權",TWCFO0650I60,2026/04/16,期貨及選擇權,,OCESCS,
"CGO00220F6　仁寶股票選擇權,2026/06,履約價22.0,買權",TWCGO0220F63,2026/04/01,期貨及選擇權,,OCESCS,
"CGO00225E6　仁寶股票選擇權,2026/05,履約價22.5,買權",TWCGO0225E69,2026/04/01,期貨及選擇權,,OCESCS,
"CGO00230E6　仁寶股票選擇權,2026/05,履約價23.0,買權",TWCGO0230E62,2026/04/01,期貨及選擇權,,OCESCS,
"CGO00230F6　仁寶股票選擇權,2026/06,履約價23.0,買權",TWCGO0230F61,2026/04/01,期貨及選擇權,,OCESCS,
"CGO00235E6　仁寶股票選擇權,2026/05,履約價23.5,買權",TWCGO0235E67,2026/04/01,期貨及選擇權,,OCESCS,
"CGO00240E6　仁寶股票選擇權,2026/05,履約價24.0,買權",TWCGO0240E60,2026/03/31,期貨及選擇權,,OCESCS,
"CGO00240F6　仁寶股票選擇權,2026/06,履約價24.0,買權",TWCGO0240F69,2026/03/05,期貨及選擇權,,OCESCS,
"CGO00240I6　仁寶股票選擇權,2026/09,履約價24.0,買權",TWCGO0240I66,2026/04/17,期貨及選擇權,,OCESCS,
"CGO00245E6　仁寶股票選擇權,2026/05,履約價24.5,買權",TWCGO0245E65,2026/03/31,期貨及選擇權,,OCESCS,
"CGO00245F6　仁寶股票選擇權,2026/06,履約價24.5,買權",TWCGO0245F64,2026/04/17,期貨及選擇權,,OCESCS,
"CGO00250E6　仁寶股票選擇權,2026/05,履約價25.0,買權",TWCGO0250E67,2026/03/31,期貨及選擇權,,OCESCS,
"CGO00250F6　仁寶股票選擇權,2026/06,履約價25.0,買權",TWCGO0250F66,2026/02/24,期貨及選擇權,,OCESCS,
"CGO00250I6　仁寶股票選擇權,2026/09,履約價25.0,買權",TWCGO0250I63,2026/04/16,期貨及選擇權,,OCESCS,
"CGO00255E6　仁寶股票選擇權,2026/05,履約價25.5,買權",TWCGO0255E62,2026/03/27,期貨及選擇權,,OCESCS,
"CGO00255F6　仁寶股票選擇權,2026/06,履約價25.5,買權",TWCGO0255F61,2026/04/16,期貨及選擇權,,OCESCS,
"CGO00260E6　仁寶股票選擇權,2026/05,履約價26.0,買權",TWCGO0260E65,2026/03/25,期貨及選擇權,,OCESCS,
"CGO00260F6　仁寶股票選擇權,2026/06,履約價26.0,買權",TWCGO0260F64,2026/01/22,期貨及選擇權,,OCESCS,
"CGO00260I6　仁寶股票選擇權,2026/09,履約價26.0,買權",TWCGO0260I61,2026/04/16,期貨及選擇權,,OCESCS,
"CGO00270E6　仁寶股票選擇權,2026/05,履約價27.0,買權",TWCGO0270E63,2026/03/19,期貨及選擇權,,OCESCS,
"CGO00270F6　仁寶股票選擇權,2026/06,履約價27.0,買權",TWCGO0270F62,2026/04/16,期貨及選擇權,,OCESCS,
"CGO00280E6　仁寶股票選擇權,2026/05,履約價28.0,買權",TWCGO0280E61,2026/03/19,期貨及選擇權,,OCESCS,
"CGO00280F6　仁寶股票選擇權,2026/06,履約價28.0,買權",TWCGO0280F60,2026/01/22,期貨及選擇權,,OCESCS,
"CGO00280I6　仁寶股票選擇權,2026/09,履約價28.0,買權",TWCGO0280I67,2026/04/16,期貨及選擇權,,OCESCS,
"CGO00290E6　仁寶股票選擇權,2026/05,履約價29.0,買權",TWCGO0290E69,2026/03/19,期貨及選擇權,,OCESCS,
"CGO00290F6　仁寶股票選擇權,2026/06,履約價29.0,買權",TWCGO0290F68,2026/04/16,期貨及選擇權,,OCESCS,
"CGO00300E6　仁寶股票選擇權,2026/05,履約價30.0,買權",TWCGO0300E67,2026/03/19,期貨及選擇權,,OCESCS,
"CGO00300F6　仁寶股票選擇權,2026/06,履約價30.0,買權",TWCGO0300F66,2026/01/22,期貨及選擇權,,OCESCS,
"CGO00300I6　仁寶股票選擇權,2026/09,履約價30.0,買權",TWCGO0300I63,2026/04/16,期貨及選擇權,,OCESCS,
"CGO00310E6　仁寶股票選擇權,2026/05,履約價31.0,買權",TWCGO0310E65,2026/03/19,期貨及選擇權,,OCESCS,
"CGO00310F6　仁寶股票選擇權,2026/06,履約價31.0,買權",TWCGO0310F64,2026/04/16,期貨及選擇權,,OCESCS,
"CGO00320E6　仁寶股票選擇權,2026/05,履約價32.0,買權",TWCGO0320E63,2026/03/19,期貨及選擇權,,OCESCS,
"CGO00320F6　仁寶股票選擇權,2026/06,履約價32.0,買權",TWCGO0320F62,2026/01/22,期貨及選擇權,,OCESCS,
"CGO00320I6　仁寶股票選擇權,2026/09,履約價32.0,買權",TWCGO0320I69,2026/04/16,期貨及選擇權,,OCESCS,
"CGO00330E6　仁寶股票選擇權,2026/05,履約價33.0,買權",TWCGO0330E61,2026/03/19,期貨及選擇權,,OCESCS,
"CGO00330F6　仁寶股票選擇權,2026/06,履約價33.0,買權",TWCGO0330F60,2026/04/16,期貨及選擇權,,OCESCS,
"CGO00340E6　仁寶股票選擇權,2026/05,履約價34.0,買權",TWCGO0340E69,2026/03/19,期貨及選擇權,,OCESCS,
"CGO00340F6　仁寶股票選擇權,2026/06,履約價34.0,買權",TWCGO0340F68,2026/01/22,期貨及選擇權,,OCESCS,
"CGO00340I6　仁寶股票選擇權,2026/09,履約價34.0,買權",TWCGO0340I65,2026/04/16,期貨及選擇權,,OCESCS,
"CGO00350E6　仁寶股票選擇權,2026/05,履約價35.0,買權",TWCGO0350E66,2026/03/19,期貨及選擇權,,OCESCS,
"CGO00350F6　仁寶股票選擇權,2026/06,履約價35.0,買權",TWCGO0350F65,2026/04/20,期貨及選擇權,,OCESCS,
"CGO00360E6　仁寶股票選擇權,2026/05,履約價36.0,買權",TWCGO0360E64,2026/03/19,期貨及選擇權,,OCESCS,
"CGO00360F6　仁寶股票選擇權,2026/06,履約價36.0,買權",TWCGO0360F63,2026/01/22,期貨及選擇權,,OCESCS,
"CGO00360I6　仁寶股票選擇權,2026/09,履約價36.0,買權",TWCGO0360I60,2026/04/20,期貨及選擇權,,OCESCS,
"CGO00370E6　仁寶股票選擇權,2026/05,履約價37.0,買權",TWCGO0370E62,2026/03/19,期貨及選擇權,,OCESCS,
"CGO00370F6　仁寶股票選擇權,2026/06,履約價37.0,買權",TWCGO0370F61,2026/04/22,期貨及選擇權,,OCESCS,
"CGO00380E6　仁寶股票選擇權,2026/05,履約價38.0,買權",TWCGO0380E60,2026/03/19,期貨及選擇權,,OCESCS,
"CGO00380F6　仁寶股票選擇權,2026/06,履約價38.0,買權",TWCGO0380F69,2026/01/22,期貨及選擇權,,OCESCS,
"CGO00380I6　仁寶股票選擇權,2026/09,履約價38.0,買權",TWCGO0380I66,2026/04/22,期貨及選擇權,,OCESCS,
"CGO00400F6　仁寶股票選擇權,2026/06,履約價40.0,買權",TWCGO0400F65,2026/01/23,期貨及選擇權,,OCESCS,
"CHO00110F6　友達股票選擇權,2026/06,履約價11.0,買權",TWCHO0110F65,2026/01/29,期貨及選擇權,,OCESCS,
"CHO00120E6　友達股票選擇權,2026/05,履約價12.0,買權",TWCHO0120E64,2026/03/25,期貨及選擇權,,OCESCS,
"CHO00120F6　友達股票選擇權,2026/06,履約價12.0,買權",TWCHO0120F63,2026/01/26,期貨及選擇權,,OCESCS,
"CHO00125E6　友達股票選擇權,2026/05,履約價12.5,買權",TWCHO0125E69,2026/03/24,期貨及選擇權,,OCESCS,
"CHO00130E6　友達股票選擇權,2026/05,履約價13.0,買權",TWCHO0130E62,2026/03/20,期貨及選擇權,,OCESCS,
"CHO00130F6　友達股票選擇權,2026/06,履約價13.0,買權",TWCHO0130F61,2026/01/22,期貨及選擇權,,OCESCS,
"CHO00135E6　友達股票選擇權,2026/05,履約價13.5,買權",TWCHO0135E67,2026/03/19,期貨及選擇權,,OCESCS,
"CHO00140E6　友達股票選擇權,2026/05,履約價14.0,買權",TWCHO0140E60,2026/03/19,期貨及選擇權,,OCESCS,
"CHO00140F6　友達股票選擇權,2026/06,履約價14.0,買權",TWCHO0140F69,2026/01/22,期貨及選擇權,,OCESCS,
"CHO00140I6　友達股票選擇權,2026/09,履約價14.0,買權",TWCHO0140I66,2026/04/27,期貨及選擇權,,OCESCS,
"CHO00145E6　友達股票選擇權,2026/05,履約價14.5,買權",TWCHO0145E65,2026/03/19,期貨及選擇權,,OCESCS,
"CHO00145F6　友達股票選擇權,2026/06,履約價14.5,買權",TWCHO0145F64,2026/04/27,期貨及選擇權,,OCESCS,
"CHO00150E6　友達股票選擇權,2026/05,履約價15.0,買權",TWCHO0150E67,2026/03/19,期貨及選擇權,,OCESCS,
"CHO00150F6　友達股票選擇權,2026/06,履約價15.0,買權",TWCHO0150F66,2026/01/22,期貨及選擇權,,OCESCS,
"CHO00150I6　友達股票選擇權,2026/09,履約價15.0,買權",TWCHO0150I63,2026/04/23,期貨及選擇權,,OCESCS,
"CHO00155E6　友達股票選擇權,2026/05,履約價15.5,買權",TWCHO0155E62,2026/03/19,期貨及選擇權,,OCESCS,
"CHO00155F6　友達股票選擇權,2026/06,履約價15.5,買權",TWCHO0155F61,2026/04/23,期貨及選擇權,,OCESCS,
"CHO00160E6　友達股票選擇權,2026/05,履約價16.0,買權",TWCHO0160E65,2026/03/19,期貨及選擇權,,OCESCS,
"CHO00160F6　友達股票選擇權,2026/06,履約價16.0,買權",TWCHO0160F64,2026/01/22,期貨及選擇權,,OCESCS,
"CHO00160I6　友達股票選擇權,2026/09,履約價16.0,買權",TWCHO0160I61,2026/04/20,期貨及選擇權,,OCESCS,
"CHO00165E6　友達股票選擇權,2026/05,履約價16.5,買權",TWCHO0165E60,2026/03/19,期貨及選擇權,,OCESCS,
"CHO00165F6　友達股票選擇權,2026/06,履約價16.5,買權",TWCHO0165F69,2026/04/20,期貨及選擇權,,OCESCS,
"CHO00170E6　友達股票選擇權,2026/05,履約價17.0,買權",TWCHO0170E63,2026/03/19,期貨及選擇權,,OCESCS,
"CHO00170F6　友達股票選擇權,2026/06,履約價17.0,買權",TWCHO0170F62,2026/01/22,期貨及選擇權,,OCESCS,
"CHO00170I6　友達股票選擇權,2026/09,履約價17.0,買權",TWCHO0170I69,2026/04/16,期貨及選擇權,,OCESCS,
"CHO00175E6　友達股票選擇權,2026/05,履約價17.5,買權",TWCHO0175E68,2026/03/19,期貨及選擇權,,OCESCS,
"CHO00175F6　友達股票選擇權,2026/06,履約價17.5,買權",TWCHO0175F67,2026/04/16,期貨及選擇權,,OCESCS,
"CHO00180E6　友達股票選擇權,2026/05,履約價18.0,買權",TWCHO0180E61,2026/03/19,期貨及選擇權,,OCESCS,
"CHO00180F6　友達股票選擇權,2026/06,履約價18.0,買權",TWCHO0180F60,2026/01/22,期貨及選擇權,,OCESCS,
"CHO00180I6　友達股票選擇權,2026/09,履約價18.0,買權",TWCHO0180I67,2026/04/16,期貨及選擇權,,OCESCS,
"CHO00185E6　友達股票選擇權,2026/05,履約價18.5,買權",TWCHO0185E66,2026/03/19,期貨及選擇權,,OCESCS,
"CHO00185F6　友達股票選擇權,2026/06,履約價18.5,買權",TWCHO0185F65,2026/04/16,期貨及選擇權,,OCESCS,
"CHO00190E6　友達股票選擇權,2026/05,履約價19.0,買權",TWCHO0190E69,2026/03/19,期貨及選擇權,,OCESCS,
"CHO00190F6　友達股票選擇權,2026/06,履約價19.0,買權",TWCHO0190F68,2026/01/22,期貨及選擇權,,OCESCS,
"CHO00190I6　友達股票選擇權,2026/09,履約價19.0,買權",TWCHO0190I65,2026/04/16,期貨及選擇權,,OCESCS,
"CHO00195E6　友達股票選擇權,2026/05,履約價19.5,買權",TWCHO0195E64,2026/04/07,期貨及選擇權,,OCESCS,
"CHO00195F6　友達股票選擇權,2026/06,履約價19.5,買權",TWCHO0195F63,2026/04/16,期貨及選擇權,,OCESCS,
"CHO00200E6　友達股票選擇權,2026/05,履約價20.0,買權",TWCHO0200E67,2026/04/09,期貨及選擇權,,OCESCS,
"CHO00200F6　友達股票選擇權,2026/06,履約價20.0,買權",TWCHO0200F66,2026/03/02,期貨及選擇權,,OCESCS,
"CHO00200I6　友達股票選擇權,2026/09,履約價20.0,買權",TWCHO0200I63,2026/04/16,期貨及選擇權,,OCESCS,
"CHO00205E6　友達股票選擇權,2026/05,履約價20.5,買權",TWCHO0205E62,2026/04/10,期貨及選擇權,,OCESCS,
"CHO00205F6　友達股票選擇權,2026/06,履約價20.5,買權",TWCHO0205F61,2026/04/16,期貨及選擇權,,OCESCS,
"CHO00210E6　友達股票選擇權,2026/05,履約價21.0,買權",TWCHO0210E65,2026/04/10,期貨及選擇權,,OCESCS,
"CHO00210F6　友達股票選擇權,2026/06,履約價21.0,買權",TWCHO0210F64,2026/04/10,期貨及選擇權,,OCESCS,
"CHO00210I6　友達股票選擇權,2026/09,履約價21.0,買權",TWCHO0210I61,2026/04/16,期貨及選擇權,,OCESCS,
"CHO00215E6　友達股票選擇權,2026/05,履約價21.5,買權",TWCHO0215E60,2026/04/10,期貨及選擇權,,OCESCS,
"CHO00215F6　友達股票選擇權,2026/06,履約價21.5,買權",TWCHO0215F69,2026/04/16,期貨及選擇權,,OCESCS,
"CHO00220E6　友達股票選擇權,2026/05,履約價22.0,買權",TWCHO0220E63,2026/04/10,期貨及選擇權,,OCESCS,
"CHO00220F6　友達股票選擇權,2026/06,履約價22.0,買權",TWCHO0220F62,2026/04/10,期貨及選擇權,,OCESCS,
"CHO00220I6　友達股票選擇權,2026/09,履約價22.0,買權",TWCHO0220I69,2026/04/16,期貨及選擇權,,OCESCS,
"CHO00225E6　友達股票選擇權,2026/05,履約價22.5,買權",TWCHO0225E68,2026/04/15,期貨及選擇權,,OCESCS,
"CHO00225F6　友達股票選擇權,2026/06,履約價22.5,買權",TWCHO0225F67,2026/04/16,期貨及選擇權,,OCESCS,
"CHO00230E6　友達股票選擇權,2026/05,履約價23.0,買權",TWCHO0230E61,2026/04/15,期貨及選擇權,,OCESCS,
"CHO00230F6　友達股票選擇權,2026/06,履約價23.0,買權",TWCHO0230F60,2026/04/15,期貨及選擇權,,OCESCS,
"CHO00230I6　友達股票選擇權,2026/09,履約價23.0,買權",TWCHO0230I67,2026/04/16,期貨及選擇權,,OCESCS,
"CHO00235E6　友達股票選擇權,2026/05,履約價23.5,買權",TWCHO0235E66,2026/04/16,期貨及選擇權,,OCESCS,
"CHO00235F6　友達股票選擇權,2026/06,履約價23.5,買權",TWCHO0235F65,2026/04/16,期貨及選擇權,,OCESCS,
"CHO00240E6　友達股票選擇權,2026/05,履約價24.0,買權",TWCHO0240E69,2026/04/17,期貨及選擇權,,OCESCS,
"CHO00240F6　友達股票選擇權,2026/06,履約價24.0,買權",TWCHO0240F68,2026/04/17,期貨及選擇權,,OCESCS,
"CHO00240I6　友達股票選擇權,2026/09,履約價24.0,買權",TWCHO0240I65,2026/04/16,期貨及選擇權,,OCESCS,
"CKO00550F6　國泰金股票選擇權,2026/06,履約價55.0,買權",TWCKO0550F67,2026/03/10,期貨及選擇權,,OCESCS,
"CKO00575E6　國泰金股票選擇權,2026/05,履約價57.5,買權",TWCKO0575E69,2026/03/31,期貨及選擇權,,OCESCS,
"CKO00600E6　國泰金股票選擇權,2026/05,履約價60.0,買權",TWCKO0600E68,2026/03/19,期貨及選擇權,,OCESCS,
"CKO00600F6　國泰金股票選擇權,2026/06,履約價60.0,買權",TWCKO0600F67,2026/01/22,期貨及選擇權,,OCESCS,
"CKO00600I6　國泰金股票選擇權,2026/09,履約價60.0,買權",TWCKO0600I64,2026/04/16,期貨及選擇權,,OCESCS,
"CKO00625E6　國泰金股票選擇權,2026/05,履約價62.5,買權",TWCKO0625E69,2026/03/19,期貨及選擇權,,OCESCS,
"CKO00625F6　國泰金股票選擇權,2026/06,履約價62.5,買權",TWCKO0625F68,2026/04/16,期貨及選擇權,,OCESCS,
"CKO00650E6　國泰金股票選擇權,2026/05,履約價65.0,買權",TWCKO0650E67,2026/03/19,期貨及選擇權,,OCESCS,
"CKO00650F6　國泰金股票選擇權,2026/06,履約價65.0,買權",TWCKO0650F66,2026/01/22,期貨及選擇權,,OCESCS,
"CKO00650I6　國泰金股票選擇權,2026/09,履約價65.0,買權",TWCKO0650I63,2026/04/16,期貨及選擇權,,OCESCS,
"CKO00675E6　國泰金股票選擇權,2026/05,履約價67.5,買權",TWCKO0675E68,2026/03/19,期貨及選擇權,,OCESCS,
"CKO00675F6　國泰金股票選擇權,2026/06,履約價67.5,買權",TWCKO0675F67,2026/04/16,期貨及選擇權,,OCESCS,
"CKO00700E6　國泰金股票選擇權,2026/05,履約價70.0,買權",TWCKO0700E67,2026/03/19,期貨及選擇權,,OCESCS,
"CKO00700F6　國泰金股票選擇權,2026/06,履約價70.0,買權",TWCKO0700F66,2026/01/22,期貨及選擇權,,OCESCS,
"CKO00700I6　國泰金股票選擇權,2026/09,履約價70.0,買權",TWCKO0700I63,2026/04/16,期貨及選擇權,,OCESCS,
"CKO00725E6　國泰金股票選擇權,2026/05,履約價72.5,買權",TWCKO0725E68,2026/03/19,期貨及選擇權,,OCESCS,
"CKO00725F6　國泰金股票選擇權,2026/06,履約價72.5,買權",TWCKO0725F67,2026/04/16,期貨及選擇權,,OCESCS,
"CKO00750E6　國泰金股票選擇權,2026/05,履約價75.0,買權",TWCKO0750E66,2026/03/19,期貨及選擇權,,OCESCS,
"CKO00750F6　國泰金股票選擇權,2026/06,履約價75.0,買權",TWCKO0750F65,2026/01/22,期貨及選擇權,,OCESCS,
"CKO00750I6　國泰金股票選擇權,2026/09,履約價75.0,買權",TWCKO0750I62,2026/04/16,期貨及選擇權,,OCESCS,
"CKO00775E6　國泰金股票選擇權,2026/05,履約價77.5,買權",TWCKO0775E67,2026/03/19,期貨及選擇權,,OCESCS,
"CKO00775F6　國泰金股票選擇權,2026/06,履約價77.5,買權",TWCKO0775F66,2026/04/16,期貨及選擇權,,OCESCS,
"CKO00800E6　國泰金股票選擇權,2026/05,履約價80.0,買權",TWCKO0800E66,2026/03/19,期貨及選擇權,,OCESCS,
"CKO00800F6　國泰金股票選擇權,2026/06,履約價80.0,買權",TWCKO0800F65,2026/01/22,期貨及選擇權,,OCESCS,
"CKO00800I6　國泰金股票選擇權,2026/09,履約價80.0,買權",TWCKO0800I62,2026/04/16,期貨及選擇權,,OCESCS,
"CKO00825E6　國泰金股票選擇權,2026/05,履約價82.5,買權",TWCKO0825E67,2026/03/19,期貨及選擇權,,OCESCS,
"CKO00825F6　國泰金股票選擇權,2026/06,履約價82.5,買權",TWCKO0825F66,2026/04/16,期貨及選擇權,,OCESCS,
"CKO00850E6　國泰金股票選擇權,2026/05,履約價85.0,買權",TWCKO0850E65,2026/03/19,期貨及選擇權,,OCESCS,
"CKO00850F6　國泰金股票選擇權,2026/06,履約價85.0,買權",TWCKO0850F64,2026/01/22,期貨及選擇權,,OCESCS,
"CKO00850I6　國泰金股票選擇權,2026/09,履約價85.0,買權",TWCKO0850I61,2026/04/16,期貨及選擇權,,OCESCS,
"CKO00875E6　國泰金股票選擇權,2026/05,履約價87.5,買權",TWCKO0875E66,2026/04/17,期貨及選擇權,,OCESCS,
"CKO00875F6　國泰金股票選擇權,2026/06,履約價87.5,買權",TWCKO0875F65,2026/04/17,期貨及選擇權,,OCESCS,
"CKO00900E6　國泰金股票選擇權,2026/05,履約價90.0,買權",TWCKO0900E65,2026/04/30,期貨及選擇權,,OCESCS,
"CKO00900F6　國泰金股票選擇權,2026/06,履約價90.0,買權",TWCKO0900F64,2026/01/22,期貨及選擇權,,OCESCS,
"CKO00900I6　國泰金股票選擇權,2026/09,履約價90.0,買權",TWCKO0900I61,2026/04/17,期貨及選擇權,,OCESCS,
"CKO00925E6　國泰金股票選擇權,2026/05,履約價92.5,買權",TWCKO0925E66,2026/04/30,期貨及選擇權,,OCESCS,
"CKO00925F6　國泰金股票選擇權,2026/06,履約價92.5,買權",TWCKO0925F65,2026/04/30,期貨及選擇權,,OCESCS,
"CKO00950F6　國泰金股票選擇權,2026/06,履約價95.0,買權",TWCKO0950F63,2026/02/23,期貨及選擇權,,OCESCS,
"CKO00950I6　國泰金股票選擇權,2026/09,履約價95.0,買權",TWCKO0950I60,2026/04/30,期貨及選擇權,,OCESCS,
"CMO00180F6　台新新光金股票選擇權,2026/06,履約價18.0,買權",TWCMO0180F63,2026/01/22,期貨及選擇權,,OCESCS,
"CMO00190F6　台新新光金股票選擇權,2026/06,履約價19.0,買權",TWCMO0190F61,2026/01/22,期貨及選擇權,,OCESCS,
"CMO00190I6　台新新光金股票選擇權,2026/09,履約價19.0,買權",TWCMO0190I68,2026/05/05,期貨及選擇權,,OCESCS,
"CMO00195E6　台新新光金股票選擇權,2026/05,履約價19.5,買權",TWCMO0195E67,2026/04/01,期貨及選擇權,,OCESCS,
"CMO00195F6　台新新光金股票選擇權,2026/06,履約價19.5,買權",TWCMO0195F66,2026/05/05,期貨及選擇權,,OCESCS,
"CMO00200E6　台新新光金股票選擇權,2026/05,履約價20.0,買權",TWCMO0200E60,2026/03/24,期貨及選擇權,,OCESCS,
"CMO00200F6　台新新光金股票選擇權,2026/06,履約價20.0,買權",TWCMO0200F69,2026/01/22,期貨及選擇權,,OCESCS,
"CMO00200I6　台新新光金股票選擇權,2026/09,履約價20.0,買權",TWCMO0200I66,2026/04/16,期貨及選擇權,,OCESCS,
"CMO00205E6　台新新光金股票選擇權,2026/05,履約價20.5,買權",TWCMO0205E65,2026/03/19,期貨及選擇權,,OCESCS,
"CMO00205F6　台新新光金股票選擇權,2026/06,履約價20.5,買權",TWCMO0205F64,2026/04/16,期貨及選擇權,,OCESCS,
"CMO00210E6　台新新光金股票選擇權,2026/05,履約價21.0,買權",TWCMO0210E68,2026/03/19,期貨及選擇權,,OCESCS,
"CMO00210F6　台新新光金股票選擇權,2026/06,履約價21.0,買權",TWCMO0210F67,2026/01/22,期貨及選擇權,,OCESCS,
"CMO00210I6　台新新光金股票選擇權,2026/09,履約價21.0,買權",TWCMO0210I64,2026/04/16,期貨及選擇權,,OCESCS,
"CMO00215E6　台新新光金股票選擇權,2026/05,履約價21.5,買權",TWCMO0215E63,2026/03/19,期貨及選擇權,,OCESCS,
"CMO00215F6　台新新光金股票選擇權,2026/06,履約價21.5,買權",TWCMO0215F62,2026/04/16,期貨及選擇權,,OCESCS,
"CMO00220E6　台新新光金股票選擇權,2026/05,履約價22.0,買權",TWCMO0220E66,2026/03/19,期貨及選擇權,,OCESCS,
"CMO00220F6　台新新光金股票選擇權,2026/06,履約價22.0,買權",TWCMO0220F65,2026/01/22,期貨及選擇權,,OCESCS,
"CMO00220I6　台新新光金股票選擇權,2026/09,履約價22.0,買權",TWCMO0220I62,2026/04/16,期貨及選擇權,,OCESCS,
"CMO00225E6　台新新光金股票選擇權,2026/05,履約價22.5,買權",TWCMO0225E61,2026/03/19,期貨及選擇權,,OCESCS,
"CMO00225F6　台新新光金股票選擇權,2026/06,履約價22.5,買權",TWCMO0225F60,2026/04/16,期貨及選擇權,,OCESCS,
"CMO00230E6　台新新光金股票選擇權,2026/05,履約價23.0,買權",TWCMO0230E64,2026/03/19,期貨及選擇權,,OCESCS,
"CMO00230F6　台新新光金股票選擇權,2026/06,履約價23.0,買權",TWCMO0230F63,2026/01/22,期貨及選擇權,,OCESCS,
"CMO00230I6　台新新光金股票選擇權,2026/09,履約價23.0,買權",TWCMO0230I60,2026/04/16,期貨及選擇權,,OCESCS,
"CMO00235E6　台新新光金股票選擇權,2026/05,履約價23.5,買權",TWCMO0235E69,2026/03/19,期貨及選擇權,,OCESCS,
"CMO00235F6　台新新光金股票選擇權,2026/06,履約價23.5,買權",TWCMO0235F68,2026/04/16,期貨及選擇權,,OCESCS,
"CMO00240E6　台新新光金股票選擇權,2026/05,履約價24.0,買權",TWCMO0240E62,2026/03/19,期貨及選擇權,,OCESCS,
"CMO00240F6　台新新光金股票選擇權,2026/06,履約價24.0,買權",TWCMO0240F61,2026/01/22,期貨及選擇權,,OCESCS,
"CMO00240I6　台新新光金股票選擇權,2026/09,履約價24.0,買權",TWCMO0240I68,2026/04/16,期貨及選擇權,,OCESCS,
"CMO00245E6　台新新光金股票選擇權,2026/05,履約價24.5,買權",TWCMO0245E67,2026/03/19,期貨及選擇權,,OCESCS,
"CMO00245F6　台新新光金股票選擇權,2026/06,履約價24.5,買權",TWCMO0245F66,2026/04/16,期貨及選擇權,,OCESCS,
"CMO00250E6　台新新光金股票選擇權,2026/05,履約價25.0,買權",TWCMO0250E69,2026/03/19,期貨及選擇權,,OCESCS,
"CMO00250F6　台新新光金股票選擇權,2026/06,履約價25.0,買權",TWCMO0250F68,2026/01/22,期貨及選擇權,,OCESCS,
"CMO00250I6　台新新光金股票選擇權,2026/09,履約價25.0,買權",TWCMO0250I65,2026/04/16,期貨及選擇權,,OCESCS,
"CMO00255E6　台新新光金股票選擇權,2026/05,履約價25.5,買權",TWCMO0255E64,2026/03/19,期貨及選擇權,,OCESCS,
"CMO00255F6　台新新光金股票選擇權,2026/06,履約價25.5,買權",TWCMO0255F63,2026/04/16,期貨及選擇權,,OCESCS,
"CMO00260E6　台新新光金股票選擇權,2026/05,履約價26.0,買權",TWCMO0260E67,2026/03/19,期貨及選擇權,,OCESCS,
"CMO00260F6　台新新光金股票選擇權,2026/06,履約價26.0,買權",TWCMO0260F66,2026/01/22,期貨及選擇權,,OCESCS,
"CMO00260I6　台新新光金股票選擇權,2026/09,履約價26.0,買權",TWCMO0260I63,2026/04/16,期貨及選擇權,,OCESCS,
"CMO00270E6　台新新光金股票選擇權,2026/05,履約價27.0,買權",TWCMO0270E65,2026/03/19,期貨及選擇權,,OCESCS,
"CMO00270F6　台新新光金股票選擇權,2026/06,履約價27.0,買權",TWCMO0270F64,2026/04/16,期貨及選擇權,,OCESCS,
"CMO00280E6　台新新光金股票選擇權,2026/05,履約價28.0,買權",TWCMO0280E63,2026/03/19,期貨及選擇權,,OCESCS,
"CMO00280F6　台新新光金股票選擇權,2026/06,履約價28.0,買權",TWCMO0280F62,2026/01/27,期貨及選擇權,,OCESCS,
"CMO00280I6　台新新光金股票選擇權,2026/09,履約價28.0,買權",TWCMO0280I69,2026/04/16,期貨及選擇權,,OCESCS,
"CMO00290E6　台新新光金股票選擇權,2026/05,履約價29.0,買權",TWCMO0290E61,2026/03/19,期貨及選擇權,,OCESCS,
"CMO00290F6　台新新光金股票選擇權,2026/06,履約價29.0,買權",TWCMO0290F60,2026/04/16,期貨及選擇權,,OCESCS,
"CMO00300F6　台新新光金股票選擇權,2026/06,履約價30.0,買權",TWCMO0300F68,2026/02/24,期貨及選擇權,,OCESCS,
"CMO00300I6　台新新光金股票選擇權,2026/09,履約價30.0,買權",TWCMO0300I65,2026/04/16,期貨及選擇權,,OCESCS,
"CNO00420F6　中信金股票選擇權,2026/06,履約價42.0,買權",TWCNO0420F62,2026/01/22,期貨及選擇權,,OCESCS,
"CNO00430E6　中信金股票選擇權,2026/05,履約價43.0,買權",TWCNO0430E61,2026/03/20,期貨及選擇權,,OCESCS,
"CNO00440E6　中信金股票選擇權,2026/05,履約價44.0,買權",TWCNO0440E69,2026/03/20,期貨及選擇權,,OCESCS,
"CNO00440F6　中信金股票選擇權,2026/06,履約價44.0,買權",TWCNO0440F68,2026/01/22,期貨及選擇權,,OCESCS,
"CNO00440I6　中信金股票選擇權,2026/09,履約價44.0,買權",TWCNO0440I65,2026/04/16,期貨及選擇權,,OCESCS,
"CNO00450E6　中信金股票選擇權,2026/05,履約價45.0,買權",TWCNO0450E66,2026/03/19,期貨及選擇權,,OCESCS,
"CNO00450F6　中信金股票選擇權,2026/06,履約價45.0,買權",TWCNO0450F65,2026/04/16,期貨及選擇權,,OCESCS,
"CNO00460E6　中信金股票選擇權,2026/05,履約價46.0,買權",TWCNO0460E64,2026/03/19,期貨及選擇權,,OCESCS,
"CNO00460F6　中信金股票選擇權,2026/06,履約價46.0,買權",TWCNO0460F63,2026/01/22,期貨及選擇權,,OCESCS,
"CNO00460I6　中信金股票選擇權,2026/09,履約價46.0,買權",TWCNO0460I60,2026/04/16,期貨及選擇權,,OCESCS,
"CNO00470E6　中信金股票選擇權,2026/05,履約價47.0,買權",TWCNO0470E62,2026/03/19,期貨及選擇權,,OCESCS,
"CNO00470F6　中信金股票選擇權,2026/06,履約價47.0,買權",TWCNO0470F61,2026/04/16,期貨及選擇權,,OCESCS,
"CNO00480E6　中信金股票選擇權,2026/05,履約價48.0,買權",TWCNO0480E60,2026/03/19,期貨及選擇權,,OCESCS,
"CNO00480F6　中信金股票選擇權,2026/06,履約價48.0,買權",TWCNO0480F69,2026/01/22,期貨及選擇權,,OCESCS,
"CNO00480I6　中信金股票選擇權,2026/09,履約價48.0,買權",TWCNO0480I66,2026/04/16,期貨及選擇權,,OCESCS,
"CNO00490E6　中信金股票選擇權,2026/05,履約價49.0,買權",TWCNO0490E68,2026/03/19,期貨及選擇權,,OCESCS,
"CNO00490F6　中信金股票選擇權,2026/06,履約價49.0,買權",TWCNO0490F67,2026/04/16,期貨及選擇權,,OCESCS,
"CNO00500E6　中信金股票選擇權,2026/05,履約價50.0,買權",TWCNO0500E66,2026/03/19,期貨及選擇權,,OCESCS,
"CNO00500F6　中信金股票選擇權,2026/06,履約價50.0,買權",TWCNO0500F65,2026/01/22,期貨及選擇權,,OCESCS,
"CNO00500I6　中信金股票選擇權,2026/09,履約價50.0,買權",TWCNO0500I62,2026/04/16,期貨及選擇權,,OCESCS,
"CNO00525E6　中信金股票選擇權,2026/05,履約價52.5,買權",TWCNO0525E67,2026/03/19,期貨及選擇權,,OCESCS,
"CNO00525F6　中信金股票選擇權,2026/06,履約價52.5,買權",TWCNO0525F66,2026/04/16,期貨及選擇權,,OCESCS,
"CNO00550E6　中信金股票選擇權,2026/05,履約價55.0,買權",TWCNO0550E65,2026/03/19,期貨及選擇權,,OCESCS,
"CNO00550F6　中信金股票選擇權,2026/06,履約價55.0,買權",TWCNO0550F64,2026/01/22,期貨及選擇權,,OCESCS,
"CNO00550I6　中信金股票選擇權,2026/09,履約價55.0,買權",TWCNO0550I61,2026/04/16,期貨及選擇權,,OCESCS,
"CNO00575E6　中信金股票選擇權,2026/05,履約價57.5,買權",TWCNO0575E66,2026/03/19,期貨及選擇權,,OCESCS,
"CNO00575F6　中信金股票選擇權,2026/06,履約價57.5,買權",TWCNO0575F65,2026/04/16,期貨及選擇權,,OCESCS,
"CNO00600E6　中信金股票選擇權,2026/05,履約價60.0,買權",TWCNO0600E65,2026/03/19,期貨及選擇權,,OCESCS,
"CNO00600F6　中信金股票選擇權,2026/06,履約價60.0,買權",TWCNO0600F64,2026/01/22,期貨及選擇權,,OCESCS,
"CNO00600I6　中信金股票選擇權,2026/09,履約價60.0,買權",TWCNO0600I61,2026/04/16,期貨及選擇權,,OCESCS,
"CNO00625E6　中信金股票選擇權,2026/05,履約價62.5,買權",TWCNO0625E66,2026/03/19,期貨及選擇權,,OCESCS,
"CNO00625F6　中信金股票選擇權,2026/06,履約價62.5,買權",TWCNO0625F65,2026/04/16,期貨及選擇權,,OCESCS,
"CNO00650E6　中信金股票選擇權,2026/05,履約價65.0,買權",TWCNO0650E64,2026/04/07,期貨及選擇權,,OCESCS,
"CNO00650F6　中信金股票選擇權,2026/06,履約價65.0,買權",TWCNO0650F63,2026/02/23,期貨及選擇權,,OCESCS,
"CNO00650I6　中信金股票選擇權,2026/09,履約價65.0,買權",TWCNO0650I60,2026/04/16,期貨及選擇權,,OCESCS,
"CSO00250F6　華新股票選擇權,2026/06,履約價25.0,買權",TWCSO0250F62,2026/03/10,期貨及選擇權,,OCESCS,
"CSO00250I6　華新股票選擇權,2026/09,履約價25.0,買權",TWCSO0250I69,2026/04/24,期貨及選擇權,,OCESCS,
"CSO00255E6　華新股票選擇權,2026/05,履約價25.5,買權",TWCSO0255E68,2026/03/24,期貨及選擇權,,OCESCS,
"CSO00255F6　華新股票選擇權,2026/06,履約價25.5,買權",TWCSO0255F67,2026/04/24,期貨及選擇權,,OCESCS,
"CSO00260E6　華新股票選擇權,2026/05,履約價26.0,買權",TWCSO0260E61,2026/03/24,期貨及選擇權,,OCESCS,
"CSO00260F6　華新股票選擇權,2026/06,履約價26.0,買權",TWCSO0260F60,2026/03/05,期貨及選擇權,,OCESCS,
"CSO00260I6　華新股票選擇權,2026/09,履約價26.0,買權",TWCSO0260I67,2026/04/16,期貨及選擇權,,OCESCS,
"CSO00270E6　華新股票選擇權,2026/05,履約價27.0,買權",TWCSO0270E69,2026/03/20,期貨及選擇權,,OCESCS,
"CSO00270F6　華新股票選擇權,2026/06,履約價27.0,買權",TWCSO0270F68,2026/04/16,期貨及選擇權,,OCESCS,
"CSO00280E6　華新股票選擇權,2026/05,履約價28.0,買權",TWCSO0280E67,2026/03/19,期貨及選擇權,,OCESCS,
"CSO00280F6　華新股票選擇權,2026/06,履約價28.0,買權",TWCSO0280F66,2026/02/09,期貨及選擇權,,OCESCS,
"CSO00280I6　華新股票選擇權,2026/09,履約價28.0,買權",TWCSO0280I63,2026/04/16,期貨及選擇權,,OCESCS,
"CSO00290E6　華新股票選擇權,2026/05,履約價29.0,買權",TWCSO0290E65,2026/03/19,期貨及選擇權,,OCESCS,
"CSO00290F6　華新股票選擇權,2026/06,履約價29.0,買權",TWCSO0290F64,2026/04/16,期貨及選擇權,,OCESCS,
"CSO00300E6　華新股票選擇權,2026/05,履約價30.0,買權",TWCSO0300E63,2026/03/19,期貨及選擇權,,OCESCS,
"CSO00300F6　華新股票選擇權,2026/06,履約價30.0,買權",TWCSO0300F62,2026/02/04,期貨及選擇權,,OCESCS,
"CSO00300I6　華新股票選擇權,2026/09,履約價30.0,買權",TWCSO0300I69,2026/04/16,期貨及選擇權,,OCESCS,
"CSO00310E6　華新股票選擇權,2026/05,履約價31.0,買權",TWCSO0310E61,2026/03/19,期貨及選擇權,,OCESCS,
"CSO00310F6　華新股票選擇權,2026/06,履約價31.0,買權",TWCSO0310F60,2026/04/16,期貨及選擇權,,OCESCS,
"CSO00320E6　華新股票選擇權,2026/05,履約價32.0,買權",TWCSO0320E69,2026/03/19,期貨及選擇權,,OCESCS,
"CSO00320F6　華新股票選擇權,2026/06,履約價32.0,買權",TWCSO0320F68,2026/01/22,期貨及選擇權,,OCESCS,
"CSO00320I6　華新股票選擇權,2026/09,履約價32.0,買權",TWCSO0320I65,2026/04/16,期貨及選擇權,,OCESCS,
"CSO00330E6　華新股票選擇權,2026/05,履約價33.0,買權",TWCSO0330E67,2026/03/19,期貨及選擇權,,OCESCS,
"CSO00330F6　華新股票選擇權,2026/06,履約價33.0,買權",TWCSO0330F66,2026/04/16,期貨及選擇權,,OCESCS,
"CSO00340E6　華新股票選擇權,2026/05,履約價34.0,買權",TWCSO0340E65,2026/03/19,期貨及選擇權,,OCESCS,
"CSO00340F6　華新股票選擇權,2026/06,履約價34.0,買權",TWCSO0340F64,2026/01/22,期貨及選擇權,,OCESCS,
"CSO00340I6　華新股票選擇權,2026/09,履約價34.0,買權",TWCSO0340I61,2026/04/16,期貨及選擇權,,OCESCS,
"CSO00350E6　華新股票選擇權,2026/05,履約價35.0,買權",TWCSO0350E62,2026/03/19,期貨及選擇權,,OCESCS,
"CSO00350F6　華新股票選擇權,2026/06,履約價35.0,買權",TWCSO0350F61,2026/04/16,期貨及選擇權,,OCESCS,
"CSO00360E6　華新股票選擇權,2026/05,履約價36.0,買權",TWCSO0360E60,2026/03/19,期貨及選擇權,,OCESCS,
"CSO00360F6　華新股票選擇權,2026/06,履約價36.0,買權",TWCSO0360F69,2026/01/22,期貨及選擇權,,OCESCS,
"CSO00360I6　華新股票選擇權,2026/09,履約價36.0,買權",TWCSO0360I66,2026/04/16,期貨及選擇權,,OCESCS,
"CSO00370E6　華新股票選擇權,2026/05,履約價37.0,買權",TWCSO0370E68,2026/03/19,期貨及選擇權,,OCESCS,
"CSO00370F6　華新股票選擇權,2026/06,履約價37.0,買權",TWCSO0370F67,2026/04/16,期貨及選擇權,,OCESCS,
"CSO00380E6　華新股票選擇權,2026/05,履約價38.0,買權",TWCSO0380E66,2026/03/19,期貨及選擇權,,OCESCS,
"CSO00380F6　華新股票選擇權,2026/06,履約價38.0,買權",TWCSO0380F65,2026/01/22,期貨及選擇權,,OCESCS,
"CSO00380I6　華新股票選擇權,2026/09,履約價38.0,買權",TWCSO0380I62,2026/04/16,期貨及選擇權,,OCESCS,
"CSO00390E6　華新股票選擇權,2026/05,履約價39.0,買權",TWCSO0390E64,2026/03/19,期貨及選擇權,,OCESCS,
"CSO00390F6　華新股票選擇權,2026/06,履約價39.0,買權",TWCSO0390F63,2026/04/21,期貨及選擇權,,OCESCS,
"CSO00400E6　華新股票選擇權,2026/05,履約價40.0,買權",TWCSO0400E62,2026/05/08,期貨及選擇權,,OCESCS,
"CSO00400F6　華新股票選擇權,2026/06,履約價40.0,買權",TWCSO0400F61,2026/01/22,期貨及選擇權,,OCESCS,
"CSO00400I6　華新股票選擇權,2026/09,履約價40.0,買權",TWCSO0400I68,2026/04/21,期貨及選擇權,,OCESCS,
"CSO00410E6　華新股票選擇權,2026/05,履約價41.0,買權",TWCSO0410E60,2026/05/08,期貨及選擇權,,OCESCS,
"CSO00410F6　華新股票選擇權,2026/06,履約價41.0,買權",TWCSO0410F69,2026/05/08,期貨及選擇權,,OCESCS,
"CSO00420E6　華新股票選擇權,2026/05,履約價42.0,買權",TWCSO0420E68,2026/05/08,期貨及選擇權,,OCESCS,
"CSO00420F6　華新股票選擇權,2026/06,履約價42.0,買權",TWCSO0420F67,2026/01/22,期貨及選擇權,,OCESCS,
"CSO00420I6　華新股票選擇權,2026/09,履約價42.0,買權",TWCSO0420I64,2026/05/08,期貨及選擇權,,OCESCS,
"CSO00440F6　華新股票選擇權,2026/06,履約價44.0,買權",TWCSO0440F63,2026/01/22,期貨及選擇權,,OCESCS,
"CSO00460F6　華新股票選擇權,2026/06,履約價46.0,買權",TWCSO0460F68,2026/01/22,期貨及選擇權,,OCESCS,
"CSO00480F6　華新股票選擇權,2026/06,履約價48.0,買權",TWCSO0480F64,2026/01/27,期貨及選擇權,,OCESCS,
"CSO00500F6　華新股票選擇權,2026/06,履約價50.0,買權",TWCSO0500F60,2026/01/29,期貨及選擇權,,OCESCS,
"CSO00550F6　華新股票選擇權,2026/06,履約價55.0,買權",TWCSO0550F69,2026/01/30,期貨及選擇權,,OCESCS,
"CZO01500F6　長榮股票選擇權,2026/06,履約價150.0,買權",TWCZO1500F69,2026/01/28,期貨及選擇權,,OCESCS,
"CZO01600F6　長榮股票選擇權,2026/06,履約價160.0,買權",TWCZO1600F68,2026/01/22,期貨及選擇權,,OCESCS,
"CZO01600I6　長榮股票選擇權,2026/09,履約價160.0,買權",TWCZO1600I65,2026/04/20,期貨及選擇權,,OCESCS,
"CZO01650E6　長榮股票選擇權,2026/05,履約價165.0,買權",TWCZO1650E68,2026/04/01,期貨及選擇權,,OCESCS,
"CZO01650F6　長榮股票選擇權,2026/06,履約價165.0,買權",TWCZO1650F67,2026/04/20,期貨及選擇權,,OCESCS,
"CZO01700E6　長榮股票選擇權,2026/05,履約價170.0,買權",TWCZO1700E68,2026/03/24,期貨及選擇權,,OCESCS,
"CZO01700EL　長榮股票選擇權,2026/05,履約價170.0,買權",TWCZO1700EL4,2026/04/29,期貨及選擇權,,OCESCS,
"CZO01700F6　長榮股票選擇權,2026/06,履約價170.0,買權",TWCZO1700F67,2026/01/22,期貨及選擇權,,OCESCS,
"CZO01700I6　長榮股票選擇權,2026/09,履約價170.0,買權",TWCZO1700I64,2026/04/16,期貨及選擇權,,OCESCS,
"CZO01750E6　長榮股票選擇權,2026/05,履約價175.0,買權",TWCZO1750E67,2026/03/24,期貨及選擇權,,OCESCS,
"CZO01750EL　長榮股票選擇權,2026/05,履約價175.0,買權",TWCZO1750EL9,2026/04/29,期貨及選擇權,,OCESCS,
"CZO01750F6　長榮股票選擇權,2026/06,履約價175.0,買權",TWCZO1750F66,2026/04/16,期貨及選擇權,,OCESCS,
"CZO01800E6　長榮股票選擇權,2026/05,履約價180.0,買權",TWCZO1800E67,2026/03/20,期貨及選擇權,,OCESCS,
"CZO01800EL　長榮股票選擇權,2026/05,履約價180.0,買權",TWCZO1800EL2,2026/04/29,期貨及選擇權,,OCESCS,
"CZO01800F6　長榮股票選擇權,2026/06,履約價180.0,買權",TWCZO1800F66,2026/01/22,期貨及選擇權,,OCESCS,
"CZO01800I6　長榮股票選擇權,2026/09,履約價180.0,買權",TWCZO1800I63,2026/04/16,期貨及選擇權,,OCESCS,
"CZO01850E6　長榮股票選擇權,2026/05,履約價185.0,買權",TWCZO1850E66,2026/03/19,期貨及選擇權,,OCESCS,
"CZO01850EL　長榮股票選擇權,2026/05,履約價185.0,買權",TWCZO1850EL7,2026/04/29,期貨及選擇權,,OCESCS,
"CZO01850F6　長榮股票選擇權,2026/06,履約價185.0,買權",TWCZO1850F65,2026/04/16,期貨及選擇權,,OCESCS,
"CZO01900E6　長榮股票選擇權,2026/05,履約價190.0,買權",TWCZO1900E66,2026/03/19,期貨及選擇權,,OCESCS,
"CZO01900EL　長榮股票選擇權,2026/05,履約價190.0,買權",TWCZO1900EL0,2026/04/29,期貨及選擇權,,OCESCS,
"CZO01900F6　長榮股票選擇權,2026/06,履約價190.0,買權",TWCZO1900F65,2026/01/22,期貨及選擇權,,OCESCS,
"CZO01900I6　長榮股票選擇權,2026/09,履約價190.0,買權",TWCZO1900I62,2026/04/16,期貨及選擇權,,OCESCS,
"CZO01950E6　長榮股票選擇權,2026/05,履約價195.0,買權",TWCZO1950E65,2026/03/19,期貨及選擇權,,OCESCS,
"CZO01950EL　長榮股票選擇權,2026/05,履約價195.0,買權",TWCZO1950EL5,2026/04/29,期貨及選擇權,,OCESCS,
"CZO01950F6　長榮股票選擇權,2026/06,履約價195.0,買權",TWCZO1950F64,2026/04/16,期貨及選擇權,,OCESCS,
"CZO02000E6　長榮股票選擇權,2026/05,履約價200.0,買權",TWCZO2000E63,2026/03/19,期貨及選擇權,,OCESCS,
"CZO02000EL　長榮股票選擇權,2026/05,履約價200.0,買權",TWCZO2000EL8,2026/04/29,期貨及選擇權,,OCESCS,
"CZO02000F6　長榮股票選擇權,2026/06,履約價200.0,買權",TWCZO2000F62,2026/01/22,期貨及選擇權,,OCESCS,
"CZO02000I6　長榮股票選擇權,2026/09,履約價200.0,買權",TWCZO2000I69,2026/04/16,期貨及選擇權,,OCESCS,
"CZO02050E6　長榮股票選擇權,2026/05,履約價205.0,買權",TWCZO2050E62,2026/03/19,期貨及選擇權,,OCESCS,
"CZO02050EL　長榮股票選擇權,2026/05,履約價205.0,買權",TWCZO2050EL3,2026/04/29,期貨及選擇權,,OCESCS,
"CZO02050F6　長榮股票選擇權,2026/06,履約價205.0,買權",TWCZO2050F61,2026/04/16,期貨及選擇權,,OCESCS,
"CZO02100E6　長榮股票選擇權,2026/05,履約價210.0,買權",TWCZO2100E62,2026/03/19,期貨及選擇權,,OCESCS,
"CZO02100EL　長榮股票選擇權,2026/05,履約價210.0,買權",TWCZO2100EL6,2026/04/29,期貨及選擇權,,OCESCS,
"CZO02100F6　長榮股票選擇權,2026/06,履約價210.0,買權",TWCZO2100F61,2026/01/22,期貨及選擇權,,OCESCS,
"CZO02100I6　長榮股票選擇權,2026/09,履約價210.0,買權",TWCZO2100I68,2026/04/16,期貨及選擇權,,OCESCS,
"CZO02150E6　長榮股票選擇權,2026/05,履約價215.0,買權",TWCZO2150E61,2026/03/19,期貨及選擇權,,OCESCS,
"CZO02150EL　長榮股票選擇權,2026/05,履約價215.0,買權",TWCZO2150EL1,2026/04/29,期貨及選擇權,,OCESCS,
"CZO02150F6　長榮股票選擇權,2026/06,履約價215.0,買權",TWCZO2150F60,2026/04/16,期貨及選擇權,,OCESCS,
"CZO02200E6　長榮股票選擇權,2026/05,履約價220.0,買權",TWCZO2200E61,2026/03/19,期貨及選擇權,,OCESCS,
"CZO02200EL　長榮股票選擇權,2026/05,履約價220.0,買權",TWCZO2200EL4,2026/04/29,期貨及選擇權,,OCESCS,
"CZO02200F6　長榮股票選擇權,2026/06,履約價220.0,買權",TWCZO2200F60,2026/01/22,期貨及選擇權,,OCESCS,
"CZO02200I6　長榮股票選擇權,2026/09,履約價220.0,買權",TWCZO2200I67,2026/04/16,期貨及選擇權,,OCESCS,
"CZO02250E6　長榮股票選擇權,2026/05,履約價225.0,買權",TWCZO2250E60,2026/03/19,期貨及選擇權,,OCESCS,
"CZO02250EL　長榮股票選擇權,2026/05,履約價225.0,買權",TWCZO2250EL9,2026/04/29,期貨及選擇權,,OCESCS,
"CZO02250F6　長榮股票選擇權,2026/06,履約價225.0,買權",TWCZO2250F69,2026/04/16,期貨及選擇權,,OCESCS,
"CZO02300E6　長榮股票選擇權,2026/05,履約價230.0,買權",TWCZO2300E60,2026/03/19,期貨及選擇權,,OCESCS,
"CZO02300EL　長榮股票選擇權,2026/05,履約價230.0,買權",TWCZO2300EL2,2026/04/29,期貨及選擇權,,OCESCS,
"CZO02300F6　長榮股票選擇權,2026/06,履約價230.0,買權",TWCZO2300F69,2026/01/23,期貨及選擇權,,OCESCS,
"CZO02300I6　長榮股票選擇權,2026/09,履約價230.0,買權",TWCZO2300I66,2026/04/16,期貨及選擇權,,OCESCS,
"CZO02350E6　長榮股票選擇權,2026/05,履約價235.0,買權",TWCZO2350E69,2026/03/19,期貨及選擇權,,OCESCS,
"CZO02350EL　長榮股票選擇權,2026/05,履約價235.0,買權",TWCZO2350EL7,2026/04/30,期貨及選擇權,,OCESCS,
"CZO02350F6　長榮股票選擇權,2026/06,履約價235.0,買權",TWCZO2350F68,2026/04/16,期貨及選擇權,,OCESCS,
"CZO02400E6　長榮股票選擇權,2026/05,履約價240.0,買權",TWCZO2400E69,2026/03/19,期貨及選擇權,,OCESCS,
"CZO02400EL　長榮股票選擇權,2026/05,履約價240.0,買權",TWCZO2400EL0,2026/05/05,期貨及選擇權,,OCESCS,
"CZO02400F6　長榮股票選擇權,2026/06,履約價240.0,買權",TWCZO2400F68,2026/03/03,期貨及選擇權,,OCESCS,
"CZO02400I6　長榮股票選擇權,2026/09,履約價240.0,買權",TWCZO2400I65,2026/04/16,期貨及選擇權,,OCESCS,
"CZO02450E6　長榮股票選擇權,2026/05,履約價245.0,買權",TWCZO2450E68,2026/03/19,期貨及選擇權,,OCESCS,
"CZO02450EL　長榮股票選擇權,2026/05,履約價245.0,買權",TWCZO2450EL5,2026/05/07,期貨及選擇權,,OCESCS,
"CZO02450F6　長榮股票選擇權,2026/06,履約價245.0,買權",TWCZO2450F67,2026/05/07,期貨及選擇權,,OCESCS,
"CZO02500E6　長榮股票選擇權,2026/05,履約價250.0,買權",TWCZO2500E68,2026/03/19,期貨及選擇權,,OCESCS,
"CZO02500EL　長榮股票選擇權,2026/05,履約價250.0,買權",TWCZO2500EL7,2026/05/08,期貨及選擇權,,OCESCS,
"CZO02500F6　長榮股票選擇權,2026/06,履約價250.0,買權",TWCZO2500F67,2026/03/03,期貨及選擇權,,OCESCS,
"CZO02500I6　長榮股票選擇權,2026/09,履約價250.0,買權",TWCZO2500I64,2026/05/07,期貨及選擇權,,OCESCS,
"CZO02550E6　長榮股票選擇權,2026/05,履約價255.0,買權",TWCZO2550E67,2026/03/19,期貨及選擇權,,OCESCS,
"CZO02600F6　長榮股票選擇權,2026/06,履約價260.0,買權",TWCZO2600F66,2026/03/17,期貨及選擇權,,OCESCS,
"DFO00190E6　台泥股票選擇權,2026/05,履約價19.0,買權",TWDFO0190E60,2026/03/24,期貨及選擇權,,OCESCS,
"DFO00190F6　台泥股票選擇權,2026/06,履約價19.0,買權",TWDFO0190F69,2026/03/24,期貨及選擇權,,OCESCS,
"DFO00195E6　台泥股票選擇權,2026/05,履約價19.5,買權",TWDFO0195E65,2026/03/24,期貨及選擇權,,OCESCS,
"DFO00200E6　台泥股票選擇權,2026/05,履約價20.0,買權",TWDFO0200E68,2026/03/20,期貨及選擇權,,OCESCS,
"DFO00200F6　台泥股票選擇權,2026/06,履約價20.0,買權",TWDFO0200F67,2026/03/10,期貨及選擇權,,OCESCS,
"DFO00200I6　台泥股票選擇權,2026/09,履約價20.0,買權",TWDFO0200I64,2026/04/16,期貨及選擇權,,OCESCS,
"DFO00205E6　台泥股票選擇權,2026/05,履約價20.5,買權",TWDFO0205E63,2026/03/19,期貨及選擇權,,OCESCS,
"DFO00205F6　台泥股票選擇權,2026/06,履約價20.5,買權",TWDFO0205F62,2026/04/16,期貨及選擇權,,OCESCS,
"DFO00210E6　台泥股票選擇權,2026/05,履約價21.0,買權",TWDFO0210E66,2026/03/19,期貨及選擇權,,OCESCS,
"DFO00210F6　台泥股票選擇權,2026/06,履約價21.0,買權",TWDFO0210F65,2026/01/23,期貨及選擇權,,OCESCS,
"DFO00210I6　台泥股票選擇權,2026/09,履約價21.0,買權",TWDFO0210I62,2026/04/16,期貨及選擇權,,OCESCS,
"DFO00215E6　台泥股票選擇權,2026/05,履約價21.5,買權",TWDFO0215E61,2026/03/19,期貨及選擇權,,OCESCS,
"DFO00215F6　台泥股票選擇權,2026/06,履約價21.5,買權",TWDFO0215F60,2026/04/16,期貨及選擇權,,OCESCS,
"DFO00220E6　台泥股票選擇權,2026/05,履約價22.0,買權",TWDFO0220E64,2026/03/19,期貨及選擇權,,OCESCS,
"DFO00220F6　台泥股票選擇權,2026/06,履約價22.0,買權",TWDFO0220F63,2026/01/22,期貨及選擇權,,OCESCS,
"DFO00220I6　台泥股票選擇權,2026/09,履約價22.0,買權",TWDFO0220I60,2026/04/16,期貨及選擇權,,OCESCS,
"DFO00225E6　台泥股票選擇權,2026/05,履約價22.5,買權",TWDFO0225E69,2026/03/19,期貨及選擇權,,OCESCS,
"DFO00225F6　台泥股票選擇權,2026/06,履約價22.5,買權",TWDFO0225F68,2026/04/16,期貨及選擇權,,OCESCS,
"DFO00230E6　台泥股票選擇權,2026/05,履約價23.0,買權",TWDFO0230E62,2026/03/19,期貨及選擇權,,OCESCS,
"DFO00230F6　台泥股票選擇權,2026/06,履約價23.0,買權",TWDFO0230F61,2026/01/22,期貨及選擇權,,OCESCS,
"DFO00230I6　台泥股票選擇權,2026/09,履約價23.0,買權",TWDFO0230I68,2026/04/16,期貨及選擇權,,OCESCS,
"DFO00235E6　台泥股票選擇權,2026/05,履約價23.5,買權",TWDFO0235E67,2026/03/19,期貨及選擇權,,OCESCS,
"DFO00235F6　台泥股票選擇權,2026/06,履約價23.5,買權",TWDFO0235F66,2026/04/16,期貨及選擇權,,OCESCS,
"DFO00240E6　台泥股票選擇權,2026/05,履約價24.0,買權",TWDFO0240E60,2026/03/19,期貨及選擇權,,OCESCS,
"DFO00240F6　台泥股票選擇權,2026/06,履約價24.0,買權",TWDFO0240F69,2026/01/22,期貨及選擇權,,OCESCS,
"DFO00240I6　台泥股票選擇權,2026/09,履約價24.0,買權",TWDFO0240I66,2026/04/16,期貨及選擇權,,OCESCS,
"DFO00245E6　台泥股票選擇權,2026/05,履約價24.5,買權",TWDFO0245E65,2026/03/19,期貨及選擇權,,OCESCS,
"DFO00245F6　台泥股票選擇權,2026/06,履約價24.5,買權",TWDFO0245F64,2026/04/16,期貨及選擇權,,OCESCS,
"DFO00250E6　台泥股票選擇權,2026/05,履約價25.0,買權",TWDFO0250E67,2026/03/19,期貨及選擇權,,OCESCS,
"DFO00250F6　台泥股票選擇權,2026/06,履約價25.0,買權",TWDFO0250F66,2026/01/22,期貨及選擇權,,OCESCS,
"DFO00250I6　台泥股票選擇權,2026/09,履約價25.0,買權",TWDFO0250I63,2026/04/16,期貨及選擇權,,OCESCS,
"DFO00255E6　台泥股票選擇權,2026/05,履約價25.5,買權",TWDFO0255E62,2026/03/19,期貨及選擇權,,OCESCS,
"DFO00255F6　台泥股票選擇權,2026/06,履約價25.5,買權",TWDFO0255F61,2026/04/16,期貨及選擇權,,OCESCS,
"DFO00260E6　台泥股票選擇權,2026/05,履約價26.0,買權",TWDFO0260E65,2026/03/19,期貨及選擇權,,OCESCS,
"DFO00260F6　台泥股票選擇權,2026/06,履約價26.0,買權",TWDFO0260F64,2026/01/22,期貨及選擇權,,OCESCS,
"DFO00260I6　台泥股票選擇權,2026/09,履約價26.0,買權",TWDFO0260I61,2026/04/16,期貨及選擇權,,OCESCS,
"DFO00270E6　台泥股票選擇權,2026/05,履約價27.0,買權",TWDFO0270E63,2026/03/19,期貨及選擇權,,OCESCS,
"DFO00270F6　台泥股票選擇權,2026/06,履約價27.0,買權",TWDFO0270F62,2026/04/16,期貨及選擇權,,OCESCS,
"DFO00280E6　台泥股票選擇權,2026/05,履約價28.0,買權",TWDFO0280E61,2026/03/19,期貨及選擇權,,OCESCS,
"DFO00280F6　台泥股票選擇權,2026/06,履約價28.0,買權",TWDFO0280F60,2026/01/22,期貨及選擇權,,OCESCS,
"DFO00280I6　台泥股票選擇權,2026/09,履約價28.0,買權",TWDFO0280I67,2026/04/16,期貨及選擇權,,OCESCS,
"DFO00290E6　台泥股票選擇權,2026/05,履約價29.0,買權",TWDFO0290E69,2026/03/19,期貨及選擇權,,OCESCS,
"DFO00290F6　台泥股票選擇權,2026/06,履約價29.0,買權",TWDFO0290F68,2026/04/16,期貨及選擇權,,OCESCS,
"DFO00300E6　台泥股票選擇權,2026/05,履約價30.0,買權",TWDFO0300E67,2026/04/09,期貨及選擇權,,OCESCS,
"DFO00300F6　台泥股票選擇權,2026/06,履約價30.0,買權",TWDFO0300F66,2026/01/22,期貨及選擇權,,OCESCS,
"DFO00300I6　台泥股票選擇權,2026/09,履約價30.0,買權",TWDFO0300I63,2026/04/16,期貨及選擇權,,OCESCS,
"DFO00320F6　台泥股票選擇權,2026/06,履約價32.0,買權",TWDFO0320F62,2026/01/22,期貨及選擇權,,OCESCS,
"DGO00280F6　台化股票選擇權,2026/06,履約價28.0,買權",TWDGO0280F69,2026/01/22,期貨及選擇權,,OCESCS,
"DGO00300F6　台化股票選擇權,2026/06,履約價30.0,買權",TWDGO0300F65,2026/01/22,期貨及選擇權,,OCESCS,
"DGO00320F6　台化股票選擇權,2026/06,履約價32.0,買權",TWDGO0320F61,2026/01/22,期貨及選擇權,,OCESCS,
"DGO00340F6　台化股票選擇權,2026/06,履約價34.0,買權",TWDGO0340F67,2026/01/22,期貨及選擇權,,OCESCS,
"DGO00360E6　台化股票選擇權,2026/05,履約價36.0,買權",TWDGO0360E63,2026/03/24,期貨及選擇權,,OCESCS,
"DGO00360F6　台化股票選擇權,2026/06,履約價36.0,買權",TWDGO0360F62,2026/01/22,期貨及選擇權,,OCESCS,
"DGO00370E6　台化股票選擇權,2026/05,履約價37.0,買權",TWDGO0370E61,2026/03/24,期貨及選擇權,,OCESCS,
"DGO00380E6　台化股票選擇權,2026/05,履約價38.0,買權",TWDGO0380E69,2026/03/23,期貨及選擇權,,OCESCS,
"DGO00380F6　台化股票選擇權,2026/06,履約價38.0,買權",TWDGO0380F68,2026/01/22,期貨及選擇權,,OCESCS,
"DGO00390E6　台化股票選擇權,2026/05,履約價39.0,買權",TWDGO0390E67,2026/03/19,期貨及選擇權,,OCESCS,
"DGO00400E6　台化股票選擇權,2026/05,履約價40.0,買權",TWDGO0400E65,2026/03/19,期貨及選擇權,,OCESCS,
"DGO00400F6　台化股票選擇權,2026/06,履約價40.0,買權",TWDGO0400F64,2026/01/22,期貨及選擇權,,OCESCS,
"DGO00400I6　台化股票選擇權,2026/09,履約價40.0,買權",TWDGO0400I61,2026/04/24,期貨及選擇權,,OCESCS,
"DGO00410E6　台化股票選擇權,2026/05,履約價41.0,買權",TWDGO0410E63,2026/03/19,期貨及選擇權,,OCESCS,
"DGO00410F6　台化股票選擇權,2026/06,履約價41.0,買權",TWDGO0410F62,2026/04/24,期貨及選擇權,,OCESCS,
"DGO00420E6　台化股票選擇權,2026/05,履約價42.0,買權",TWDGO0420E61,2026/03/19,期貨及選擇權,,OCESCS,
"DGO00420F6　台化股票選擇權,2026/06,履約價42.0,買權",TWDGO0420F60,2026/01/23,期貨及選擇權,,OCESCS,
"DGO00420I6　台化股票選擇權,2026/09,履約價42.0,買權",TWDGO0420I67,2026/04/16,期貨及選擇權,,OCESCS,
"DGO00430E6　台化股票選擇權,2026/05,履約價43.0,買權",TWDGO0430E69,2026/03/19,期貨及選擇權,,OCESCS,
"DGO00430F6　台化股票選擇權,2026/06,履約價43.0,買權",TWDGO0430F68,2026/04/16,期貨及選擇權,,OCESCS,
"DGO00440E6　台化股票選擇權,2026/05,履約價44.0,買權",TWDGO0440E67,2026/03/19,期貨及選擇權,,OCESCS,
"DGO00440F6　台化股票選擇權,2026/06,履約價44.0,買權",TWDGO0440F66,2026/01/27,期貨及選擇權,,OCESCS,
"DGO00440I6　台化股票選擇權,2026/09,履約價44.0,買權",TWDGO0440I63,2026/04/16,期貨及選擇權,,OCESCS,
"DGO00450E6　台化股票選擇權,2026/05,履約價45.0,買權",TWDGO0450E64,2026/03/19,期貨及選擇權,,OCESCS,
"DGO00450F6　台化股票選擇權,2026/06,履約價45.0,買權",TWDGO0450F63,2026/04/16,期貨及選擇權,,OCESCS,
"DGO00460E6　台化股票選擇權,2026/05,履約價46.0,買權",TWDGO0460E62,2026/03/19,期貨及選擇權,,OCESCS,
"DGO00460F6　台化股票選擇權,2026/06,履約價46.0,買權",TWDGO0460F61,2026/01/27,期貨及選擇權,,OCESCS,
"DGO00460I6　台化股票選擇權,2026/09,履約價46.0,買權",TWDGO0460I68,2026/04/16,期貨及選擇權,,OCESCS,
"DGO00470E6　台化股票選擇權,2026/05,履約價47.0,買權",TWDGO0470E60,2026/03/19,期貨及選擇權,,OCESCS,
"DGO00470F6　台化股票選擇權,2026/06,履約價47.0,買權",TWDGO0470F69,2026/04/16,期貨及選擇權,,OCESCS,
"DGO00480E6　台化股票選擇權,2026/05,履約價48.0,買權",TWDGO0480E68,2026/03/19,期貨及選擇權,,OCESCS,
"DGO00480F6　台化股票選擇權,2026/06,履約價48.0,買權",TWDGO0480F67,2026/01/28,期貨及選擇權,,OCESCS,
"DGO00480I6　台化股票選擇權,2026/09,履約價48.0,買權",TWDGO0480I64,2026/04/16,期貨及選擇權,,OCESCS,
"DGO00490E6　台化股票選擇權,2026/05,履約價49.0,買權",TWDGO0490E66,2026/03/19,期貨及選擇權,,OCESCS,
"DGO00490F6　台化股票選擇權,2026/06,履約價49.0,買權",TWDGO0490F65,2026/04/16,期貨及選擇權,,OCESCS,
"DGO00500E6　台化股票選擇權,2026/05,履約價50.0,買權",TWDGO0500E64,2026/03/19,期貨及選擇權,,OCESCS,
"DGO00500F6　台化股票選擇權,2026/06,履約價50.0,買權",TWDGO0500F63,2026/01/29,期貨及選擇權,,OCESCS,
"DGO00500I6　台化股票選擇權,2026/09,履約價50.0,買權",TWDGO0500I60,2026/04/16,期貨及選擇權,,OCESCS,
"DGO00525E6　台化股票選擇權,2026/05,履約價52.5,買權",TWDGO0525E65,2026/03/19,期貨及選擇權,,OCESCS,
"DGO00525F6　台化股票選擇權,2026/06,履約價52.5,買權",TWDGO0525F64,2026/04/16,期貨及選擇權,,OCESCS,
"DGO00550E6　台化股票選擇權,2026/05,履約價55.0,買權",TWDGO0550E63,2026/03/19,期貨及選擇權,,OCESCS,
"DGO00550F6　台化股票選擇權,2026/06,履約價55.0,買權",TWDGO0550F62,2026/01/29,期貨及選擇權,,OCESCS,
"DGO00550I6　台化股票選擇權,2026/09,履約價55.0,買權",TWDGO0550I69,2026/04/16,期貨及選擇權,,OCESCS,
"DGO00575E6　台化股票選擇權,2026/05,履約價57.5,買權",TWDGO0575E64,2026/03/31,期貨及選擇權,,OCESCS,
"DGO00575F6　台化股票選擇權,2026/06,履約價57.5,買權",TWDGO0575F63,2026/04/16,期貨及選擇權,,OCESCS,
"DGO00600E6　台化股票選擇權,2026/05,履約價60.0,買權",TWDGO0600E63,2026/04/15,期貨及選擇權,,OCESCS,
"DGO00600F6　台化股票選擇權,2026/06,履約價60.0,買權",TWDGO0600F62,2026/02/26,期貨及選擇權,,OCESCS,
"DGO00600I6　台化股票選擇權,2026/09,履約價60.0,買權",TWDGO0600I69,2026/04/16,期貨及選擇權,,OCESCS,
"DGO00625E6　台化股票選擇權,2026/05,履約價62.5,買權",TWDGO0625E64,2026/04/15,期貨及選擇權,,OCESCS,
"DGO00625F6　台化股票選擇權,2026/06,履約價62.5,買權",TWDGO0625F63,2026/04/30,期貨及選擇權,,OCESCS,
"DGO00650E6　台化股票選擇權,2026/05,履約價65.0,買權",TWDGO0650E62,2026/04/15,期貨及選擇權,,OCESCS,
"DGO00650F6　台化股票選擇權,2026/06,履約價65.0,買權",TWDGO0650F61,2026/04/15,期貨及選擇權,,OCESCS,
"DGO00650I6　台化股票選擇權,2026/09,履約價65.0,買權",TWDGO0650I68,2026/04/30,期貨及選擇權,,OCESCS,
"DHO01500F6　鴻海股票選擇權,2026/06,履約價150.0,買權",TWDHO1500F60,2026/04/01,期貨及選擇權,,OCESCS,
"DHO01550E6　鴻海股票選擇權,2026/05,履約價155.0,買權",TWDHO1550E60,2026/04/01,期貨及選擇權,,OCESCS,
"DHO01600E6　鴻海股票選擇權,2026/05,履約價160.0,買權",TWDHO1600E60,2026/03/31,期貨及選擇權,,OCESCS,
"DHO01600F6　鴻海股票選擇權,2026/06,履約價160.0,買權",TWDHO1600F69,2026/03/24,期貨及選擇權,,OCESCS,
"DHO01650E6　鴻海股票選擇權,2026/05,履約價165.0,買權",TWDHO1650E69,2026/03/24,期貨及選擇權,,OCESCS,
"DHO01700E6　鴻海股票選擇權,2026/05,履約價170.0,買權",TWDHO1700E69,2026/03/20,期貨及選擇權,,OCESCS,
"DHO01700F6　鴻海股票選擇權,2026/06,履約價170.0,買權",TWDHO1700F68,2026/03/10,期貨及選擇權,,OCESCS,
"DHO01700I6　鴻海股票選擇權,2026/09,履約價170.0,買權",TWDHO1700I65,2026/04/16,期貨及選擇權,,OCESCS,
"DHO01750E6　鴻海股票選擇權,2026/05,履約價175.0,買權",TWDHO1750E68,2026/03/19,期貨及選擇權,,OCESCS,
"DHO01750F6　鴻海股票選擇權,2026/06,履約價175.0,買權",TWDHO1750F67,2026/04/16,期貨及選擇權,,OCESCS,
"DHO01800E6　鴻海股票選擇權,2026/05,履約價180.0,買權",TWDHO1800E68,2026/03/19,期貨及選擇權,,OCESCS,
"DHO01800F6　鴻海股票選擇權,2026/06,履約價180.0,買權",TWDHO1800F67,2026/01/22,期貨及選擇權,,OCESCS,
"DHO01800I6　鴻海股票選擇權,2026/09,履約價180.0,買權",TWDHO1800I64,2026/04/16,期貨及選擇權,,OCESCS,
"DHO01850E6　鴻海股票選擇權,2026/05,履約價185.0,買權",TWDHO1850E67,2026/03/19,期貨及選擇權,,OCESCS,
"DHO01850EL　鴻海股票選擇權,2026/05,履約價185.0,買權",TWDHO1850EL3,2026/05/04,期貨及選擇權,,OCESCS,
"DHO01850F6　鴻海股票選擇權,2026/06,履約價185.0,買權",TWDHO1850F66,2026/04/16,期貨及選擇權,,OCESCS,
"DHO01900E6　鴻海股票選擇權,2026/05,履約價190.0,買權",TWDHO1900E67,2026/03/19,期貨及選擇權,,OCESCS,
"DHO01900EL　鴻海股票選擇權,2026/05,履約價190.0,買權",TWDHO1900EL6,2026/04/29,期貨及選擇權,,OCESCS,
"DHO01900F6　鴻海股票選擇權,2026/06,履約價190.0,買權",TWDHO1900F66,2026/01/22,期貨及選擇權,,OCESCS,
"DHO01900I6　鴻海股票選擇權,2026/09,履約價190.0,買權",TWDHO1900I63,2026/04/16,期貨及選擇權,,OCESCS,
"DHO01950E6　鴻海股票選擇權,2026/05,履約價195.0,買權",TWDHO1950E66,2026/03/19,期貨及選擇權,,OCESCS,
"DHO01950EL　鴻海股票選擇權,2026/05,履約價195.0,買權",TWDHO1950EL1,2026/04/29,期貨及選擇權,,OCESCS,
"DHO01950F6　鴻海股票選擇權,2026/06,履約價195.0,買權",TWDHO1950F65,2026/04/16,期貨及選擇權,,OCESCS,
"DHO02000E6　鴻海股票選擇權,2026/05,履約價200.0,買權",TWDHO2000E64,2026/03/19,期貨及選擇權,,OCESCS,
"DHO02000EL　鴻海股票選擇權,2026/05,履約價200.0,買權",TWDHO2000EL4,2026/04/29,期貨及選擇權,,OCESCS,
"DHO02000F6　鴻海股票選擇權,2026/06,履約價200.0,買權",TWDHO2000F63,2026/01/22,期貨及選擇權,,OCESCS,
"DHO02000I6　鴻海股票選擇權,2026/09,履約價200.0,買權",TWDHO2000I60,2026/04/16,期貨及選擇權,,OCESCS,
"DHO02050E6　鴻海股票選擇權,2026/05,履約價205.0,買權",TWDHO2050E63,2026/03/19,期貨及選擇權,,OCESCS,
"DHO02050EL　鴻海股票選擇權,2026/05,履約價205.0,買權",TWDHO2050EL9,2026/04/29,期貨及選擇權,,OCESCS,
"DHO02050F6　鴻海股票選擇權,2026/06,履約價205.0,買權",TWDHO2050F62,2026/04/16,期貨及選擇權,,OCESCS,
"DHO02100E6　鴻海股票選擇權,2026/05,履約價210.0,買權",TWDHO2100E63,2026/03/19,期貨及選擇權,,OCESCS,
"DHO02100EL　鴻海股票選擇權,2026/05,履約價210.0,買權",TWDHO2100EL2,2026/04/29,期貨及選擇權,,OCESCS,
"DHO02100F6　鴻海股票選擇權,2026/06,履約價210.0,買權",TWDHO2100F62,2026/01/22,期貨及選擇權,,OCESCS,
"DHO02100I6　鴻海股票選擇權,2026/09,履約價210.0,買權",TWDHO2100I69,2026/04/16,期貨及選擇權,,OCESCS,
"DHO02150E6　鴻海股票選擇權,2026/05,履約價215.0,買權",TWDHO2150E62,2026/03/19,期貨及選擇權,,OCESCS,
"DHO02150EL　鴻海股票選擇權,2026/05,履約價215.0,買權",TWDHO2150EL7,2026/04/29,期貨及選擇權,,OCESCS,
"DHO02150F6　鴻海股票選擇權,2026/06,履約價215.0,買權",TWDHO2150F61,2026/04/16,期貨及選擇權,,OCESCS,
"DHO02200E6　鴻海股票選擇權,2026/05,履約價220.0,買權",TWDHO2200E62,2026/03/19,期貨及選擇權,,OCESCS,
"DHO02200EL　鴻海股票選擇權,2026/05,履約價220.0,買權",TWDHO2200EL0,2026/04/29,期貨及選擇權,,OCESCS,
"DHO02200F6　鴻海股票選擇權,2026/06,履約價220.0,買權",TWDHO2200F61,2026/01/22,期貨及選擇權,,OCESCS,
"DHO02200I6　鴻海股票選擇權,2026/09,履約價220.0,買權",TWDHO2200I68,2026/04/16,期貨及選擇權,,OCESCS,
"DHO02250E6　鴻海股票選擇權,2026/05,履約價225.0,買權",TWDHO2250E61,2026/03/19,期貨及選擇權,,OCESCS,
"DHO02250EL　鴻海股票選擇權,2026/05,履約價225.0,買權",TWDHO2250EL5,2026/04/29,期貨及選擇權,,OCESCS,
"DHO02250F6　鴻海股票選擇權,2026/06,履約價225.0,買權",TWDHO2250F60,2026/04/16,期貨及選擇權,,OCESCS,
"DHO02300E6　鴻海股票選擇權,2026/05,履約價230.0,買權",TWDHO2300E61,2026/03/19,期貨及選擇權,,OCESCS,
"DHO02300EL　鴻海股票選擇權,2026/05,履約價230.0,買權",TWDHO2300EL8,2026/04/29,期貨及選擇權,,OCESCS,
"DHO02300F6　鴻海股票選擇權,2026/06,履約價230.0,買權",TWDHO2300F60,2026/01/22,期貨及選擇權,,OCESCS,
"DHO02300I6　鴻海股票選擇權,2026/09,履約價230.0,買權",TWDHO2300I67,2026/04/16,期貨及選擇權,,OCESCS,
"DHO02350E6　鴻海股票選擇權,2026/05,履約價235.0,買權",TWDHO2350E60,2026/03/19,期貨及選擇權,,OCESCS,
"DHO02350EL　鴻海股票選擇權,2026/05,履約價235.0,買權",TWDHO2350EL3,2026/04/29,期貨及選擇權,,OCESCS,
"DHO02350F6　鴻海股票選擇權,2026/06,履約價235.0,買權",TWDHO2350F69,2026/04/16,期貨及選擇權,,OCESCS,
"DHO02400E6　鴻海股票選擇權,2026/05,履約價240.0,買權",TWDHO2400E60,2026/03/19,期貨及選擇權,,OCESCS,
"DHO02400EL　鴻海股票選擇權,2026/05,履約價240.0,買權",TWDHO2400EL6,2026/04/29,期貨及選擇權,,OCESCS,
"DHO02400F6　鴻海股票選擇權,2026/06,履約價240.0,買權",TWDHO2400F69,2026/01/22,期貨及選擇權,,OCESCS,
"DHO02400I6　鴻海股票選擇權,2026/09,履約價240.0,買權",TWDHO2400I66,2026/04/16,期貨及選擇權,,OCESCS,
"DHO02450E6　鴻海股票選擇權,2026/05,履約價245.0,買權",TWDHO2450E69,2026/03/19,期貨及選擇權,,OCESCS,
"DHO02450EL　鴻海股票選擇權,2026/05,履約價245.0,買權",TWDHO2450EL1,2026/04/29,期貨及選擇權,,OCESCS,
"DHO02450F6　鴻海股票選擇權,2026/06,履約價245.0,買權",TWDHO2450F68,2026/04/22,期貨及選擇權,,OCESCS,
"DHO02500E6　鴻海股票選擇權,2026/05,履約價250.0,買權",TWDHO2500E69,2026/04/23,期貨及選擇權,,OCESCS,
"DHO02500EL　鴻海股票選擇權,2026/05,履約價250.0,買權",TWDHO2500EL3,2026/04/29,期貨及選擇權,,OCESCS,
"DHO02500F6　鴻海股票選擇權,2026/06,履約價250.0,買權",TWDHO2500F68,2026/01/22,期貨及選擇權,,OCESCS,
"DHO02500I6　鴻海股票選擇權,2026/09,履約價250.0,買權",TWDHO2500I65,2026/04/22,期貨及選擇權,,OCESCS,
"DHO02550E6　鴻海股票選擇權,2026/05,履約價255.0,買權",TWDHO2550E68,2026/04/23,期貨及選擇權,,OCESCS,
"DHO02550EL　鴻海股票選擇權,2026/05,履約價255.0,買權",TWDHO2550EL8,2026/04/29,期貨及選擇權,,OCESCS,
"DHO02550F6　鴻海股票選擇權,2026/06,履約價255.0,買權",TWDHO2550F67,2026/04/23,期貨及選擇權,,OCESCS,
"DHO02600E6　鴻海股票選擇權,2026/05,履約價260.0,買權",TWDHO2600E68,2026/04/24,期貨及選擇權,,OCESCS,
"DHO02600EL　鴻海股票選擇權,2026/05,履約價260.0,買權",TWDHO2600EL1,2026/04/29,期貨及選擇權,,OCESCS,
"DHO02600F6　鴻海股票選擇權,2026/06,履約價260.0,買權",TWDHO2600F67,2026/01/22,期貨及選擇權,,OCESCS,
"DHO02600I6　鴻海股票選擇權,2026/09,履約價260.0,買權",TWDHO2600I64,2026/04/23,期貨及選擇權,,OCESCS,
"DHO02700E6　鴻海股票選擇權,2026/05,履約價270.0,買權",TWDHO2700E67,2026/04/28,期貨及選擇權,,OCESCS,
"DHO02700EL　鴻海股票選擇權,2026/05,履約價270.0,買權",TWDHO2700EL9,2026/05/05,期貨及選擇權,,OCESCS,
"DHO02700F6　鴻海股票選擇權,2026/06,履約價270.0,買權",TWDHO2700F66,2026/04/28,期貨及選擇權,,OCESCS,
"DHO02800E6　鴻海股票選擇權,2026/05,履約價280.0,買權",TWDHO2800E66,2026/05/06,期貨及選擇權,,OCESCS,
"DHO02800EL　鴻海股票選擇權,2026/05,履約價280.0,買權",TWDHO2800EL7,2026/05/06,期貨及選擇權,,OCESCS,
"DHO02800F6　鴻海股票選擇權,2026/06,履約價280.0,買權",TWDHO2800F65,2026/02/23,期貨及選擇權,,OCESCS,
"DHO02800I6　鴻海股票選擇權,2026/09,履約價280.0,買權",TWDHO2800I62,2026/04/28,期貨及選擇權,,OCESCS,
"DHO02900E6　鴻海股票選擇權,2026/05,履約價290.0,買權",TWDHO2900E65,2026/05/07,期貨及選擇權,,OCESCS,
"DHO02900EL　鴻海股票選擇權,2026/05,履約價290.0,買權",TWDHO2900EL5,2026/05/07,期貨及選擇權,,OCESCS,
"DHO02900F6　鴻海股票選擇權,2026/06,履約價290.0,買權",TWDHO2900F64,2026/05/07,期貨及選擇權,,OCESCS,
"DHO03000E6　鴻海股票選擇權,2026/05,履約價300.0,買權",TWDHO3000E62,2026/05/08,期貨及選擇權,,OCESCS,
"DHO03000EL　鴻海股票選擇權,2026/05,履約價300.0,買權",TWDHO3000EL3,2026/05/08,期貨及選擇權,,OCESCS,
"DHO03000F6　鴻海股票選擇權,2026/06,履約價300.0,買權",TWDHO3000F61,2026/02/26,期貨及選擇權,,OCESCS,
"DHO03000I6　鴻海股票選擇權,2026/09,履約價300.0,買權",TWDHO3000I68,2026/05/07,期貨及選擇權,,OCESCS,
"DJO04200F6　華碩股票選擇權,2026/06,履約價420.0,買權",TWDJO4200F65,2026/01/22,期貨及選擇權,,OCESCS,
"DJO04400F6　華碩股票選擇權,2026/06,履約價440.0,買權",TWDJO4400F63,2026/01/22,期貨及選擇權,,OCESCS,
"DJO04600E6　華碩股票選擇權,2026/05,履約價460.0,買權",TWDJO4600E62,2026/04/01,期貨及選擇權,,OCESCS,
"DJO04600F6　華碩股票選擇權,2026/06,履約價460.0,買權",TWDJO4600F61,2026/01/22,期貨及選擇權,,OCESCS,
"DJO04700E6　華碩股票選擇權,2026/05,履約價470.0,買權",TWDJO4700E61,2026/03/24,期貨及選擇權,,OCESCS,
"DJO04800E6　華碩股票選擇權,2026/05,履約價480.0,買權",TWDJO4800E60,2026/03/24,期貨及選擇權,,OCESCS,
"DJO04800F6　華碩股票選擇權,2026/06,履約價480.0,買權",TWDJO4800F69,2026/01/22,期貨及選擇權,,OCESCS,
"DJO04800I6　華碩股票選擇權,2026/09,履約價480.0,買權",TWDJO4800I66,2026/04/16,期貨及選擇權,,OCESCS,
"DJO04900E6　華碩股票選擇權,2026/05,履約價490.0,買權",TWDJO4900E69,2026/03/20,期貨及選擇權,,OCESCS,
"DJO04900F6　華碩股票選擇權,2026/06,履約價490.0,買權",TWDJO4900F68,2026/04/16,期貨及選擇權,,OCESCS,
"DJO05000E6　華碩股票選擇權,2026/05,履約價500.0,買權",TWDJO5000E65,2026/03/19,期貨及選擇權,,OCESCS,
"DJO05000F6　華碩股票選擇權,2026/06,履約價500.0,買權",TWDJO5000F64,2026/01/22,期貨及選擇權,,OCESCS,
"DJO05000I6　華碩股票選擇權,2026/09,履約價500.0,買權",TWDJO5000I61,2026/04/16,期貨及選擇權,,OCESCS,
"DJO05100E6　華碩股票選擇權,2026/05,履約價510.0,買權",TWDJO5100E64,2026/03/19,期貨及選擇權,,OCESCS,
"DJO05100F6　華碩股票選擇權,2026/06,履約價510.0,買權",TWDJO5100F63,2026/04/16,期貨及選擇權,,OCESCS,
"DJO05200E6　華碩股票選擇權,2026/05,履約價520.0,買權",TWDJO5200E63,2026/03/19,期貨及選擇權,,OCESCS,
"DJO05200F6　華碩股票選擇權,2026/06,履約價520.0,買權",TWDJO5200F62,2026/01/22,期貨及選擇權,,OCESCS,
"DJO05200I6　華碩股票選擇權,2026/09,履約價520.0,買權",TWDJO5200I69,2026/04/16,期貨及選擇權,,OCESCS,
"DJO05300E6　華碩股票選擇權,2026/05,履約價530.0,買權",TWDJO5300E62,2026/03/19,期貨及選擇權,,OCESCS,
"DJO05300F6　華碩股票選擇權,2026/06,履約價530.0,買權",TWDJO5300F61,2026/04/16,期貨及選擇權,,OCESCS,
"DJO05400E6　華碩股票選擇權,2026/05,履約價540.0,買權",TWDJO5400E61,2026/03/19,期貨及選擇權,,OCESCS,
"DJO05400F6　華碩股票選擇權,2026/06,履約價540.0,買權",TWDJO5400F60,2026/01/22,期貨及選擇權,,OCESCS,
"DJO05400I6　華碩股票選擇權,2026/09,履約價540.0,買權",TWDJO5400I67,2026/04/16,期貨及選擇權,,OCESCS,
"DJO05500E6　華碩股票選擇權,2026/05,履約價550.0,買權",TWDJO5500E60,2026/03/19,期貨及選擇權,,OCESCS,
"DJO05500F6　華碩股票選擇權,2026/06,履約價550.0,買權",TWDJO5500F69,2026/04/16,期貨及選擇權,,OCESCS,
"DJO05600E6　華碩股票選擇權,2026/05,履約價560.0,買權",TWDJO5600E69,2026/03/19,期貨及選擇權,,OCESCS,
"DJO05600F6　華碩股票選擇權,2026/06,履約價560.0,買權",TWDJO5600F68,2026/01/22,期貨及選擇權,,OCESCS,
"DJO05600I6　華碩股票選擇權,2026/09,履約價560.0,買權",TWDJO5600I65,2026/04/16,期貨及選擇權,,OCESCS,
"DJO05700E6　華碩股票選擇權,2026/05,履約價570.0,買權",TWDJO5700E68,2026/03/19,期貨及選擇權,,OCESCS,
"DJO05700F6　華碩股票選擇權,2026/06,履約價570.0,買權",TWDJO5700F67,2026/04/16,期貨及選擇權,,OCESCS,
"DJO05800E6　華碩股票選擇權,2026/05,履約價580.0,買權",TWDJO5800E67,2026/03/19,期貨及選擇權,,OCESCS,
"DJO05800F6　華碩股票選擇權,2026/06,履約價580.0,買權",TWDJO5800F66,2026/01/22,期貨及選擇權,,OCESCS,
"DJO05800I6　華碩股票選擇權,2026/09,履約價580.0,買權",TWDJO5800I63,2026/04/16,期貨及選擇權,,OCESCS,
"DJO05900E6　華碩股票選擇權,2026/05,履約價590.0,買權",TWDJO5900E66,2026/03/19,期貨及選擇權,,OCESCS,
"DJO05900F6　華碩股票選擇權,2026/06,履約價590.0,買權",TWDJO5900F65,2026/04/16,期貨及選擇權,,OCESCS,
"DJO06000E6　華碩股票選擇權,2026/05,履約價600.0,買權",TWDJO6000E63,2026/03/19,期貨及選擇權,,OCESCS,
"DJO06000F6　華碩股票選擇權,2026/06,履約價600.0,買權",TWDJO6000F62,2026/01/23,期貨及選擇權,,OCESCS,
"DJO06000I6　華碩股票選擇權,2026/09,履約價600.0,買權",TWDJO6000I69,2026/04/16,期貨及選擇權,,OCESCS,
"DJO06100E6　華碩股票選擇權,2026/05,履約價610.0,買權",TWDJO6100E62,2026/03/19,期貨及選擇權,,OCESCS,
"DJO06100F6　華碩股票選擇權,2026/06,履約價610.0,買權",TWDJO6100F61,2026/04/16,期貨及選擇權,,OCESCS,
"DJO06200E6　華碩股票選擇權,2026/05,履約價620.0,買權",TWDJO6200E61,2026/03/19,期貨及選擇權,,OCESCS,
"DJO06200F6　華碩股票選擇權,2026/06,履約價620.0,買權",TWDJO6200F60,2026/02/11,期貨及選擇權,,OCESCS,
"DJO06200I6　華碩股票選擇權,2026/09,履約價620.0,買權",TWDJO6200I67,2026/04/16,期貨及選擇權,,OCESCS,
"DJO06300E6　華碩股票選擇權,2026/05,履約價630.0,買權",TWDJO6300E60,2026/03/19,期貨及選擇權,,OCESCS,
"DJO06300F6　華碩股票選擇權,2026/06,履約價630.0,買權",TWDJO6300F69,2026/04/16,期貨及選擇權,,OCESCS,
"DJO06400E6　華碩股票選擇權,2026/05,履約價640.0,買權",TWDJO6400E69,2026/03/19,期貨及選擇權,,OCESCS,
"DJO06400F6　華碩股票選擇權,2026/06,履約價640.0,買權",TWDJO6400F68,2026/03/12,期貨及選擇權,,OCESCS,
"DJO06400I6　華碩股票選擇權,2026/09,履約價640.0,買權",TWDJO6400I65,2026/04/16,期貨及選擇權,,OCESCS,
"DJO06500E6　華碩股票選擇權,2026/05,履約價650.0,買權",TWDJO6500E68,2026/03/19,期貨及選擇權,,OCESCS,
"DJO06500F6　華碩股票選擇權,2026/06,履約價650.0,買權",TWDJO6500F67,2026/04/16,期貨及選擇權,,OCESCS,
"DJO06600E6　華碩股票選擇權,2026/05,履約價660.0,買權",TWDJO6600E67,2026/03/19,期貨及選擇權,,OCESCS,
"DJO06600F6　華碩股票選擇權,2026/06,履約價660.0,買權",TWDJO6600F66,2026/03/12,期貨及選擇權,,OCESCS,
"DJO06600I6　華碩股票選擇權,2026/09,履約價660.0,買權",TWDJO6600I63,2026/04/16,期貨及選擇權,,OCESCS,
"DJO06700E6　華碩股票選擇權,2026/05,履約價670.0,買權",TWDJO6700E66,2026/03/19,期貨及選擇權,,OCESCS,
"DJO06700F6　華碩股票選擇權,2026/06,履約價670.0,買權",TWDJO6700F65,2026/04/16,期貨及選擇權,,OCESCS,
"DJO06800E6　華碩股票選擇權,2026/05,履約價680.0,買權",TWDJO6800E65,2026/03/19,期貨及選擇權,,OCESCS,
"DJO06800F6　華碩股票選擇權,2026/06,履約價680.0,買權",TWDJO6800F64,2026/03/12,期貨及選擇權,,OCESCS,
"DJO06800I6　華碩股票選擇權,2026/09,履約價680.0,買權",TWDJO6800I61,2026/04/16,期貨及選擇權,,OCESCS,
"DJO06900E6　華碩股票選擇權,2026/05,履約價690.0,買權",TWDJO6900E64,2026/03/19,期貨及選擇權,,OCESCS,
"DJO06900F6　華碩股票選擇權,2026/06,履約價690.0,買權",TWDJO6900F63,2026/04/20,期貨及選擇權,,OCESCS,
"DJO07000E6　華碩股票選擇權,2026/05,履約價700.0,買權",TWDJO7000E61,2026/04/21,期貨及選擇權,,OCESCS,
"DJO07000F6　華碩股票選擇權,2026/06,履約價700.0,買權",TWDJO7000F60,2026/03/18,期貨及選擇權,,OCESCS,
"DJO07000I6　華碩股票選擇權,2026/09,履約價700.0,買權",TWDJO7000I67,2026/04/20,期貨及選擇權,,OCESCS,
"DJO07100E6　華碩股票選擇權,2026/05,履約價710.0,買權",TWDJO7100E60,2026/04/23,期貨及選擇權,,OCESCS,
"DJO07100F6　華碩股票選擇權,2026/06,履約價710.0,買權",TWDJO7100F69,2026/04/23,期貨及選擇權,,OCESCS,
"DJO07200E6　華碩股票選擇權,2026/05,履約價720.0,買權",TWDJO7200E69,2026/05/07,期貨及選擇權,,OCESCS,
"DJO07200F6　華碩股票選擇權,2026/06,履約價720.0,買權",TWDJO7200F68,2026/05/07,期貨及選擇權,,OCESCS,
"DJO07200I6　華碩股票選擇權,2026/09,履約價720.0,買權",TWDJO7200I65,2026/04/23,期貨及選擇權,,OCESCS,
"DJO07300E6　華碩股票選擇權,2026/05,履約價730.0,買權",TWDJO7300E68,2026/05/07,期貨及選擇權,,OCESCS,
"DJO07300F6　華碩股票選擇權,2026/06,履約價730.0,買權",TWDJO7300F67,2026/05/07,期貨及選擇權,,OCESCS,
"DJO07400E6　華碩股票選擇權,2026/05,履約價740.0,買權",TWDJO7400E67,2026/05/08,期貨及選擇權,,OCESCS,
"DJO07400F6　華碩股票選擇權,2026/06,履約價740.0,買權",TWDJO7400F66,2026/05/08,期貨及選擇權,,OCESCS,
"DJO07400I6　華碩股票選擇權,2026/09,履約價740.0,買權",TWDJO7400I63,2026/05/07,期貨及選擇權,,OCESCS,
"DKO02300F6　廣達股票選擇權,2026/06,履約價230.0,買權",TWDKO2300F65,2026/01/22,期貨及選擇權,,OCESCS,
"DKO02350E6　廣達股票選擇權,2026/05,履約價235.0,買權",TWDKO2350E65,2026/03/24,期貨及選擇權,,OCESCS,
"DKO02400E6　廣達股票選擇權,2026/05,履約價240.0,買權",TWDKO2400E65,2026/03/20,期貨及選擇權,,OCESCS,
"DKO02400F6　廣達股票選擇權,2026/06,履約價240.0,買權",TWDKO2400F64,2026/01/22,期貨及選擇權,,OCESCS,
"DKO02450E6　廣達股票選擇權,2026/05,履約價245.0,買權",TWDKO2450E64,2026/03/19,期貨及選擇權,,OCESCS,
"DKO02500E6　廣達股票選擇權,2026/05,履約價250.0,買權",TWDKO2500E64,2026/03/19,期貨及選擇權,,OCESCS,
"DKO02500F6　廣達股票選擇權,2026/06,履約價250.0,買權",TWDKO2500F63,2026/01/22,期貨及選擇權,,OCESCS,
"DKO02550E6　廣達股票選擇權,2026/05,履約價255.0,買權",TWDKO2550E63,2026/03/19,期貨及選擇權,,OCESCS,
"DKO02600E6　廣達股票選擇權,2026/05,履約價260.0,買權",TWDKO2600E63,2026/03/19,期貨及選擇權,,OCESCS,
"DKO02600F6　廣達股票選擇權,2026/06,履約價260.0,買權",TWDKO2600F62,2026/01/22,期貨及選擇權,,OCESCS,
"DKO02600I6　廣達股票選擇權,2026/09,履約價260.0,買權",TWDKO2600I69,2026/04/16,期貨及選擇權,,OCESCS,
"DKO02700E6　廣達股票選擇權,2026/05,履約價270.0,買權",TWDKO2700E62,2026/03/19,期貨及選擇權,,OCESCS,
"DKO02700F6　廣達股票選擇權,2026/06,履約價270.0,買權",TWDKO2700F61,2026/04/16,期貨及選擇權,,OCESCS,
"DKO02800E6　廣達股票選擇權,2026/05,履約價280.0,買權",TWDKO2800E61,2026/03/19,期貨及選擇權,,OCESCS,
"DKO02800F6　廣達股票選擇權,2026/06,履約價280.0,買權",TWDKO2800F60,2026/01/22,期貨及選擇權,,OCESCS,
"DKO02800I6　廣達股票選擇權,2026/09,履約價280.0,買權",TWDKO2800I67,2026/04/16,期貨及選擇權,,OCESCS,
"DKO02900E6　廣達股票選擇權,2026/05,履約價290.0,買權",TWDKO2900E60,2026/03/19,期貨及選擇權,,OCESCS,
"DKO02900F6　廣達股票選擇權,2026/06,履約價290.0,買權",TWDKO2900F69,2026/04/16,期貨及選擇權,,OCESCS,
"DKO03000E6　廣達股票選擇權,2026/05,履約價300.0,買權",TWDKO3000E67,2026/03/19,期貨及選擇權,,OCESCS,
"DKO03000F6　廣達股票選擇權,2026/06,履約價300.0,買權",TWDKO3000F66,2026/01/22,期貨及選擇權,,OCESCS,
"DKO03000I6　廣達股票選擇權,2026/09,履約價300.0,買權",TWDKO3000I63,2026/04/16,期貨及選擇權,,OCESCS,
"DKO03100E6　廣達股票選擇權,2026/05,履約價310.0,買權",TWDKO3100E66,2026/03/19,期貨及選擇權,,OCESCS,
"DKO03100F6　廣達股票選擇權,2026/06,履約價310.0,買權",TWDKO3100F65,2026/04/16,期貨及選擇權,,OCESCS,
"DKO03200E6　廣達股票選擇權,2026/05,履約價320.0,買權",TWDKO3200E65,2026/03/19,期貨及選擇權,,OCESCS,
"DKO03200F6　廣達股票選擇權,2026/06,履約價320.0,買權",TWDKO3200F64,2026/01/22,期貨及選擇權,,OCESCS,
"DKO03200I6　廣達股票選擇權,2026/09,履約價320.0,買權",TWDKO3200I61,2026/04/16,期貨及選擇權,,OCESCS,
"DKO03300E6　廣達股票選擇權,2026/05,履約價330.0,買權",TWDKO3300E64,2026/03/19,期貨及選擇權,,OCESCS,
"DKO03300F6　廣達股票選擇權,2026/06,履約價330.0,買權",TWDKO3300F63,2026/04/16,期貨及選擇權,,OCESCS,
"DKO03400E6　廣達股票選擇權,2026/05,履約價340.0,買權",TWDKO3400E63,2026/03/19,期貨及選擇權,,OCESCS,
"DKO03400F6　廣達股票選擇權,2026/06,履約價340.0,買權",TWDKO3400F62,2026/01/23,期貨及選擇權,,OCESCS,
"DKO03400I6　廣達股票選擇權,2026/09,履約價340.0,買權",TWDKO3400I69,2026/04/16,期貨及選擇權,,OCESCS,
"DKO03500E6　廣達股票選擇權,2026/05,履約價350.0,買權",TWDKO3500E62,2026/04/09,期貨及選擇權,,OCESCS,
"DKO03500F6　廣達股票選擇權,2026/06,履約價350.0,買權",TWDKO3500F61,2026/04/16,期貨及選擇權,,OCESCS,
"DKO03600E6　廣達股票選擇權,2026/05,履約價360.0,買權",TWDKO3600E61,2026/04/09,期貨及選擇權,,OCESCS,
"DKO03600F6　廣達股票選擇權,2026/06,履約價360.0,買權",TWDKO3600F60,2026/02/26,期貨及選擇權,,OCESCS,
"DKO03600I6　廣達股票選擇權,2026/09,履約價360.0,買權",TWDKO3600I67,2026/04/16,期貨及選擇權,,OCESCS,
"DKO03700E6　廣達股票選擇權,2026/05,履約價370.0,買權",TWDKO3700E60,2026/04/13,期貨及選擇權,,OCESCS,
"DKO03700F6　廣達股票選擇權,2026/06,履約價370.0,買權",TWDKO3700F69,2026/04/17,期貨及選擇權,,OCESCS,
"DKO03800E6　廣達股票選擇權,2026/05,履約價380.0,買權",TWDKO3800E69,2026/04/15,期貨及選擇權,,OCESCS,
"DKO03800F6　廣達股票選擇權,2026/06,履約價380.0,買權",TWDKO3800F68,2026/04/13,期貨及選擇權,,OCESCS,
"DKO03800I6　廣達股票選擇權,2026/09,履約價380.0,買權",TWDKO3800I65,2026/04/17,期貨及選擇權,,OCESCS,
"DKO03900E6　廣達股票選擇權,2026/05,履約價390.0,買權",TWDKO3900E68,2026/04/22,期貨及選擇權,,OCESCS,
"DKO03900F6　廣達股票選擇權,2026/06,履約價390.0,買權",TWDKO3900F67,2026/04/22,期貨及選擇權,,OCESCS,
"DKO04000E6　廣達股票選擇權,2026/05,履約價400.0,買權",TWDKO4000E65,2026/04/22,期貨及選擇權,,OCESCS,
"DKO04000F6　廣達股票選擇權,2026/06,履約價400.0,買權",TWDKO4000F64,2026/04/22,期貨及選擇權,,OCESCS,
"DKO04000I6　廣達股票選擇權,2026/09,履約價400.0,買權",TWDKO4000I61,2026/04/22,期貨及選擇權,,OCESCS,
"DQO00170F6　群創股票選擇權,2026/06,履約價17.0,買權",TWDQO0170F60,2026/02/03,期貨及選擇權,,OCESCS,
"DQO00180F6　群創股票選擇權,2026/06,履約價18.0,買權",TWDQO0180F68,2026/01/29,期貨及選擇權,,OCESCS,
"DQO00190F6　群創股票選擇權,2026/06,履約價19.0,買權",TWDQO0190F66,2026/01/28,期貨及選擇權,,OCESCS,
"DQO00190I6　群創股票選擇權,2026/09,履約價19.0,買權",TWDQO0190I63,2026/04/27,期貨及選擇權,,OCESCS,
"DQO00195E6　群創股票選擇權,2026/05,履約價19.5,買權",TWDQO0195E62,2026/04/27,期貨及選擇權,,OCESCS,
"DQO00195F6　群創股票選擇權,2026/06,履約價19.5,買權",TWDQO0195F61,2026/04/27,期貨及選擇權,,OCESCS,
"DQO00200E6　群創股票選擇權,2026/05,履約價20.0,買權",TWDQO0200E65,2026/04/01,期貨及選擇權,,OCESCS,
"DQO00200F6　群創股票選擇權,2026/06,履約價20.0,買權",TWDQO0200F64,2026/01/26,期貨及選擇權,,OCESCS,
"DQO00200I6　群創股票選擇權,2026/09,履約價20.0,買權",TWDQO0200I61,2026/04/24,期貨及選擇權,,OCESCS,
"DQO00205E6　群創股票選擇權,2026/05,履約價20.5,買權",TWDQO0205E60,2026/03/25,期貨及選擇權,,OCESCS,
"DQO00205F6　群創股票選擇權,2026/06,履約價20.5,買權",TWDQO0205F69,2026/04/24,期貨及選擇權,,OCESCS,
"DQO00210E6　群創股票選擇權,2026/05,履約價21.0,買權",TWDQO0210E63,2026/03/24,期貨及選擇權,,OCESCS,
"DQO00210F6　群創股票選擇權,2026/06,履約價21.0,買權",TWDQO0210F62,2026/01/23,期貨及選擇權,,OCESCS,
"DQO00210I6　群創股票選擇權,2026/09,履約價21.0,買權",TWDQO0210I69,2026/04/23,期貨及選擇權,,OCESCS,
"DQO00215E6　群創股票選擇權,2026/05,履約價21.5,買權",TWDQO0215E68,2026/03/24,期貨及選擇權,,OCESCS,
"DQO00215F6　群創股票選擇權,2026/06,履約價21.5,買權",TWDQO0215F67,2026/04/23,期貨及選擇權,,OCESCS,
"DQO00220E6　群創股票選擇權,2026/05,履約價22.0,買權",TWDQO0220E61,2026/03/23,期貨及選擇權,,OCESCS,
"DQO00220F6　群創股票選擇權,2026/06,履約價22.0,買權",TWDQO0220F60,2026/01/23,期貨及選擇權,,OCESCS,
"DQO00220I6　群創股票選擇權,2026/09,履約價22.0,買權",TWDQO0220I67,2026/04/20,期貨及選擇權,,OCESCS,
"DQO00225E6　群創股票選擇權,2026/05,履約價22.5,買權",TWDQO0225E66,2026/03/23,期貨及選擇權,,OCESCS,
"DQO00225F6　群創股票選擇權,2026/06,履約價22.5,買權",TWDQO0225F65,2026/04/20,期貨及選擇權,,OCESCS,
"DQO00230E6　群創股票選擇權,2026/05,履約價23.0,買權",TWDQO0230E69,2026/03/20,期貨及選擇權,,OCESCS,
"DQO00230F6　群創股票選擇權,2026/06,履約價23.0,買權",TWDQO0230F68,2026/01/22,期貨及選擇權,,OCESCS,
"DQO00230I6　群創股票選擇權,2026/09,履約價23.0,買權",TWDQO0230I65,2026/04/16,期貨及選擇權,,OCESCS,
"DQO00235E6　群創股票選擇權,2026/05,履約價23.5,買權",TWDQO0235E64,2026/03/19,期貨及選擇權,,OCESCS,
"DQO00235F6　群創股票選擇權,2026/06,履約價23.5,買權",TWDQO0235F63,2026/04/16,期貨及選擇權,,OCESCS,
"DQO00240E6　群創股票選擇權,2026/05,履約價24.0,買權",TWDQO0240E67,2026/03/19,期貨及選擇權,,OCESCS,
"DQO00240F6　群創股票選擇權,2026/06,履約價24.0,買權",TWDQO0240F66,2026/01/22,期貨及選擇權,,OCESCS,
"DQO00240I6　群創股票選擇權,2026/09,履約價24.0,買權",TWDQO0240I63,2026/04/16,期貨及選擇權,,OCESCS,
"DQO00245E6　群創股票選擇權,2026/05,履約價24.5,買權",TWDQO0245E62,2026/03/19,期貨及選擇權,,OCESCS,
"DQO00245F6　群創股票選擇權,2026/06,履約價24.5,買權",TWDQO0245F61,2026/04/16,期貨及選擇權,,OCESCS,
"DQO00250E6　群創股票選擇權,2026/05,履約價25.0,買權",TWDQO0250E64,2026/03/19,期貨及選擇權,,OCESCS,
"DQO00250F6　群創股票選擇權,2026/06,履約價25.0,買權",TWDQO0250F63,2026/01/22,期貨及選擇權,,OCESCS,
"DQO00250I6　群創股票選擇權,2026/09,履約價25.0,買權",TWDQO0250I60,2026/04/16,期貨及選擇權,,OCESCS,
"DQO00255E6　群創股票選擇權,2026/05,履約價25.5,買權",TWDQO0255E69,2026/03/19,期貨及選擇權,,OCESCS,
"DQO00255F6　群創股票選擇權,2026/06,履約價25.5,買權",TWDQO0255F68,2026/04/16,期貨及選擇權,,OCESCS,
"DQO00260E6　群創股票選擇權,2026/05,履約價26.0,買權",TWDQO0260E62,2026/03/19,期貨及選擇權,,OCESCS,
"DQO00260F6　群創股票選擇權,2026/06,履約價26.0,買權",TWDQO0260F61,2026/01/22,期貨及選擇權,,OCESCS,
"DQO00260I6　群創股票選擇權,2026/09,履約價26.0,買權",TWDQO0260I68,2026/04/16,期貨及選擇權,,OCESCS,
"DQO00270E6　群創股票選擇權,2026/05,履約價27.0,買權",TWDQO0270E60,2026/03/19,期貨及選擇權,,OCESCS,
"DQO00270F6　群創股票選擇權,2026/06,履約價27.0,買權",TWDQO0270F69,2026/04/16,期貨及選擇權,,OCESCS,
"DQO00280E6　群創股票選擇權,2026/05,履約價28.0,買權",TWDQO0280E68,2026/03/19,期貨及選擇權,,OCESCS,
"DQO00280F6　群創股票選擇權,2026/06,履約價28.0,買權",TWDQO0280F67,2026/01/22,期貨及選擇權,,OCESCS,
"DQO00280I6　群創股票選擇權,2026/09,履約價28.0,買權",TWDQO0280I64,2026/04/16,期貨及選擇權,,OCESCS,
"DQO00290E6　群創股票選擇權,2026/05,履約價29.0,買權",TWDQO0290E66,2026/03/19,期貨及選擇權,,OCESCS,
"DQO00290F6　群創股票選擇權,2026/06,履約價29.0,買權",TWDQO0290F65,2026/04/16,期貨及選擇權,,OCESCS,
"DQO00300E6　群創股票選擇權,2026/05,履約價30.0,買權",TWDQO0300E64,2026/03/19,期貨及選擇權,,OCESCS,
"DQO00300F6　群創股票選擇權,2026/06,履約價30.0,買權",TWDQO0300F63,2026/01/22,期貨及選擇權,,OCESCS,
"DQO00300I6　群創股票選擇權,2026/09,履約價30.0,買權",TWDQO0300I60,2026/04/16,期貨及選擇權,,OCESCS,
"DQO00310E6　群創股票選擇權,2026/05,履約價31.0,買權",TWDQO0310E62,2026/03/19,期貨及選擇權,,OCESCS,
"DQO00310F6　群創股票選擇權,2026/06,履約價31.0,買權",TWDQO0310F61,2026/04/16,期貨及選擇權,,OCESCS,
"DQO00320E6　群創股票選擇權,2026/05,履約價32.0,買權",TWDQO0320E60,2026/03/19,期貨及選擇權,,OCESCS,
"DQO00320F6　群創股票選擇權,2026/06,履約價32.0,買權",TWDQO0320F69,2026/01/22,期貨及選擇權,,OCESCS,
"DQO00320I6　群創股票選擇權,2026/09,履約價32.0,買權",TWDQO0320I66,2026/04/16,期貨及選擇權,,OCESCS,
"DQO00330E6　群創股票選擇權,2026/05,履約價33.0,買權",TWDQO0330E68,2026/03/19,期貨及選擇權,,OCESCS,
"DQO00330F6　群創股票選擇權,2026/06,履約價33.0,買權",TWDQO0330F67,2026/05/07,期貨及選擇權,,OCESCS,
"DQO00340E6　群創股票選擇權,2026/05,履約價34.0,買權",TWDQO0340E66,2026/05/08,期貨及選擇權,,OCESCS,
"DQO00340F6　群創股票選擇權,2026/06,履約價34.0,買權",TWDQO0340F65,2026/03/03,期貨及選擇權,,OCESCS,
"DQO00340I6　群創股票選擇權,2026/09,履約價34.0,買權",TWDQO0340I62,2026/05/07,期貨及選擇權,,OCESCS,
"DQO00350E6　群創股票選擇權,2026/05,履約價35.0,買權",TWDQO0350E63,2026/05/08,期貨及選擇權,,OCESCS,
"DQO00350F6　群創股票選擇權,2026/06,履約價35.0,買權",TWDQO0350F62,2026/05/08,期貨及選擇權,,OCESCS,
"DQO00360F6　群創股票選擇權,2026/06,履約價36.0,買權",TWDQO0360F60,2026/03/12,期貨及選擇權,,OCESCS,
"DQO00360I6　群創股票選擇權,2026/09,履約價36.0,買權",TWDQO0360I67,2026/05/08,期貨及選擇權,,OCESCS,
"DQO00380F6　群創股票選擇權,2026/06,履約價38.0,買權",TWDQO0380F66,2026/03/13,期貨及選擇權,,OCESCS,
"DSO00210F6　宏碁股票選擇權,2026/06,履約價21.0,買權",TWDSO0210F60,2026/01/28,期貨及選擇權,,OCESCS,
"DSO00220F6　宏碁股票選擇權,2026/06,履約價22.0,買權",TWDSO0220F68,2026/01/22,期貨及選擇權,,OCESCS,
"DSO00225E6　宏碁股票選擇權,2026/05,履約價22.5,買權",TWDSO0225E64,2026/03/24,期貨及選擇權,,OCESCS,
"DSO00230E6　宏碁股票選擇權,2026/05,履約價23.0,買權",TWDSO0230E67,2026/03/24,期貨及選擇權,,OCESCS,
"DSO00230F6　宏碁股票選擇權,2026/06,履約價23.0,買權",TWDSO0230F66,2026/01/22,期貨及選擇權,,OCESCS,
"DSO00230I6　宏碁股票選擇權,2026/09,履約價23.0,買權",TWDSO0230I63,2026/04/16,期貨及選擇權,,OCESCS,
"DSO00235E6　宏碁股票選擇權,2026/05,履約價23.5,買權",TWDSO0235E62,2026/03/23,期貨及選擇權,,OCESCS,
"DSO00235F6　宏碁股票選擇權,2026/06,履約價23.5,買權",TWDSO0235F61,2026/04/16,期貨及選擇權,,OCESCS,
"DSO00240E6　宏碁股票選擇權,2026/05,履約價24.0,買權",TWDSO0240E65,2026/03/20,期貨及選擇權,,OCESCS,
"DSO00240F6　宏碁股票選擇權,2026/06,履約價24.0,買權",TWDSO0240F64,2026/01/22,期貨及選擇權,,OCESCS,
"DSO00240I6　宏碁股票選擇權,2026/09,履約價24.0,買權",TWDSO0240I61,2026/04/16,期貨及選擇權,,OCESCS,
"DSO00245E6　宏碁股票選擇權,2026/05,履約價24.5,買權",TWDSO0245E60,2026/03/19,期貨及選擇權,,OCESCS,
"DSO00245F6　宏碁股票選擇權,2026/06,履約價24.5,買權",TWDSO0245F69,2026/04/16,期貨及選擇權,,OCESCS,
"DSO00250E6　宏碁股票選擇權,2026/05,履約價25.0,買權",TWDSO0250E62,2026/03/19,期貨及選擇權,,OCESCS,
"DSO00250F6　宏碁股票選擇權,2026/06,履約價25.0,買權",TWDSO0250F61,2026/01/22,期貨及選擇權,,OCESCS,
"DSO00250I6　宏碁股票選擇權,2026/09,履約價25.0,買權",TWDSO0250I68,2026/04/16,期貨及選擇權,,OCESCS,
"DSO00255E6　宏碁股票選擇權,2026/05,履約價25.5,買權",TWDSO0255E67,2026/03/19,期貨及選擇權,,OCESCS,
"DSO00255F6　宏碁股票選擇權,2026/06,履約價25.5,買權",TWDSO0255F66,2026/04/16,期貨及選擇權,,OCESCS,
"DSO00260E6　宏碁股票選擇權,2026/05,履約價26.0,買權",TWDSO0260E60,2026/03/19,期貨及選擇權,,OCESCS,
"DSO00260F6　宏碁股票選擇權,2026/06,履約價26.0,買權",TWDSO0260F69,2026/01/22,期貨及選擇權,,OCESCS,
"DSO00260I6　宏碁股票選擇權,2026/09,履約價26.0,買權",TWDSO0260I66,2026/04/16,期貨及選擇權,,OCESCS,
"DSO00270E6　宏碁股票選擇權,2026/05,履約價27.0,買權",TWDSO0270E68,2026/03/19,期貨及選擇權,,OCESCS,
"DSO00270F6　宏碁股票選擇權,2026/06,履約價27.0,買權",TWDSO0270F67,2026/04/16,期貨及選擇權,,OCESCS,
"DSO00280E6　宏碁股票選擇權,2026/05,履約價28.0,買權",TWDSO0280E66,2026/03/19,期貨及選擇權,,OCESCS,
"DSO00280F6　宏碁股票選擇權,2026/06,履約價28.0,買權",TWDSO0280F65,2026/01/22,期貨及選擇權,,OCESCS,
"DSO00280I6　宏碁股票選擇權,2026/09,履約價28.0,買權",TWDSO0280I62,2026/04/16,期貨及選擇權,,OCESCS,
"DSO00290E6　宏碁股票選擇權,2026/05,履約價29.0,買權",TWDSO0290E64,2026/03/19,期貨及選擇權,,OCESCS,
"DSO00290F6　宏碁股票選擇權,2026/06,履約價29.0,買權",TWDSO0290F63,2026/04/16,期貨及選擇權,,OCESCS,
"DSO00300E6　宏碁股票選擇權,2026/05,履約價30.0,買權",TWDSO0300E62,2026/03/19,期貨及選擇權,,OCESCS,
"DSO00300F6　宏碁股票選擇權,2026/06,履約價30.0,買權",TWDSO0300F61,2026/01/22,期貨及選擇權,,OCESCS,
"DSO00300I6　宏碁股票選擇權,2026/09,履約價30.0,買權",TWDSO0300I68,2026/04/16,期貨及選擇權,,OCESCS,
"DSO00310E6　宏碁股票選擇權,2026/05,履約價31.0,買權",TWDSO0310E60,2026/03/19,期貨及選擇權,,OCESCS,
"DSO00310F6　宏碁股票選擇權,2026/06,履約價31.0,買權",TWDSO0310F69,2026/04/16,期貨及選擇權,,OCESCS,
"DSO00320E6　宏碁股票選擇權,2026/05,履約價32.0,買權",TWDSO0320E68,2026/03/19,期貨及選擇權,,OCESCS,
"DSO00320F6　宏碁股票選擇權,2026/06,履約價32.0,買權",TWDSO0320F67,2026/01/22,期貨及選擇權,,OCESCS,
"DSO00320I6　宏碁股票選擇權,2026/09,履約價32.0,買權",TWDSO0320I64,2026/04/16,期貨及選擇權,,OCESCS,
"DSO00330E6　宏碁股票選擇權,2026/05,履約價33.0,買權",TWDSO0330E66,2026/03/19,期貨及選擇權,,OCESCS,
"DSO00330F6　宏碁股票選擇權,2026/06,履約價33.0,買權",TWDSO0330F65,2026/04/17,期貨及選擇權,,OCESCS,
"DSO00340E6　宏碁股票選擇權,2026/05,履約價34.0,買權",TWDSO0340E64,2026/03/19,期貨及選擇權,,OCESCS,
"DSO00340F6　宏碁股票選擇權,2026/06,履約價34.0,買權",TWDSO0340F63,2026/03/13,期貨及選擇權,,OCESCS,
"DSO00340I6　宏碁股票選擇權,2026/09,履約價34.0,買權",TWDSO0340I60,2026/04/17,期貨及選擇權,,OCESCS,
"DVO12000F6　聯發科股票選擇權,2026/06,履約價1200.0,買權",TWDVO200AF66,2026/01/22,期貨及選擇權,,OCESCS,
"DVO12400E6　聯發科股票選擇權,2026/05,履約價1240.0,買權",TWDVO240AE69,2026/04/02,期貨及選擇權,,OCESCS,
"DVO12600E6　聯發科股票選擇權,2026/05,履約價1260.0,買權",TWDVO260AE64,2026/04/01,期貨及選擇權,,OCESCS,
"DVO12800E6　聯發科股票選擇權,2026/05,履約價1280.0,買權",TWDVO280AE60,2026/03/31,期貨及選擇權,,OCESCS,
"DVO13000E6　聯發科股票選擇權,2026/05,履約價1300.0,買權",TWDVO300AE66,2026/03/31,期貨及選擇權,,OCESCS,
"DVO13000F6　聯發科股票選擇權,2026/06,履約價1300.0,買權",TWDVO300AF65,2026/01/22,期貨及選擇權,,OCESCS,
"DVO13200E6　聯發科股票選擇權,2026/05,履約價1320.0,買權",TWDVO320AE62,2026/03/31,期貨及選擇權,,OCESCS,
"DVO13400E6　聯發科股票選擇權,2026/05,履約價1340.0,買權",TWDVO340AE68,2026/03/27,期貨及選擇權,,OCESCS,
"DVO13600E6　聯發科股票選擇權,2026/05,履約價1360.0,買權",TWDVO360AE63,2026/03/25,期貨及選擇權,,OCESCS,
"DVO13800E6　聯發科股票選擇權,2026/05,履約價1380.0,買權",TWDVO380AE69,2026/03/24,期貨及選擇權,,OCESCS,
"DVO14000E6　聯發科股票選擇權,2026/05,履約價1400.0,買權",TWDVO400AE65,2026/03/24,期貨及選擇權,,OCESCS,
"DVO14000F6　聯發科股票選擇權,2026/06,履約價1400.0,買權",TWDVO400AF64,2026/01/22,期貨及選擇權,,OCESCS,
"DVO14200E6　聯發科股票選擇權,2026/05,履約價1420.0,買權",TWDVO420AE61,2026/03/20,期貨及選擇權,,OCESCS,
"DVO14400E6　聯發科股票選擇權,2026/05,履約價1440.0,買權",TWDVO440AE67,2026/03/20,期貨及選擇權,,OCESCS,
"DVO14600E6　聯發科股票選擇權,2026/05,履約價1460.0,買權",TWDVO460AE62,2026/03/19,期貨及選擇權,,OCESCS,
"DVO14800E6　聯發科股票選擇權,2026/05,履約價1480.0,買權",TWDVO480AE68,2026/03/19,期貨及選擇權,,OCESCS,
"DVO15000E6　聯發科股票選擇權,2026/05,履約價1500.0,買權",TWDVO500AE64,2026/03/19,期貨及選擇權,,OCESCS,
"DVO15000F6　聯發科股票選擇權,2026/06,履約價1500.0,買權",TWDVO500AF63,2026/01/22,期貨及選擇權,,OCESCS,
"DVO15000I6　聯發科股票選擇權,2026/09,履約價1500.0,買權",TWDVO500AI60,2026/04/16,期貨及選擇權,,OCESCS,
"DVO15200E6　聯發科股票選擇權,2026/05,履約價1520.0,買權",TWDVO520AE60,2026/03/19,期貨及選擇權,,OCESCS,
"DVO15200F6　聯發科股票選擇權,2026/06,履約價1520.0,買權",TWDVO520AF69,2026/04/16,期貨及選擇權,,OCESCS,
"DVO15400E6　聯發科股票選擇權,2026/05,履約價1540.0,買權",TWDVO540AE66,2026/03/19,期貨及選擇權,,OCESCS,
"DVO15400F6　聯發科股票選擇權,2026/06,履約價1540.0,買權",TWDVO540AF65,2026/04/16,期貨及選擇權,,OCESCS,
"DVO15600E6　聯發科股票選擇權,2026/05,履約價1560.0,買權",TWDVO560AE61,2026/03/19,期貨及選擇權,,OCESCS,
"DVO15600F6　聯發科股票選擇權,2026/06,履約價1560.0,買權",TWDVO560AF60,2026/04/16,期貨及選擇權,,OCESCS,
"DVO15800E6　聯發科股票選擇權,2026/05,履約價1580.0,買權",TWDVO580AE67,2026/03/19,期貨及選擇權,,OCESCS,
"DVO15800F6　聯發科股票選擇權,2026/06,履約價1580.0,買權",TWDVO580AF66,2026/04/16,期貨及選擇權,,OCESCS,
"DVO16000E6　聯發科股票選擇權,2026/05,履約價1600.0,買權",TWDVO600AE63,2026/03/19,期貨及選擇權,,OCESCS,
"DVO16000F6　聯發科股票選擇權,2026/06,履約價1600.0,買權",TWDVO600AF62,2026/01/22,期貨及選擇權,,OCESCS,
"DVO16000I6　聯發科股票選擇權,2026/09,履約價1600.0,買權",TWDVO600AI69,2026/04/16,期貨及選擇權,,OCESCS,
"DVO16200E6　聯發科股票選擇權,2026/05,履約價1620.0,買權",TWDVO620AE69,2026/03/19,期貨及選擇權,,OCESCS,
"DVO16200F6　聯發科股票選擇權,2026/06,履約價1620.0,買權",TWDVO620AF68,2026/04/16,期貨及選擇權,,OCESCS,
"DVO16400E6　聯發科股票選擇權,2026/05,履約價1640.0,買權",TWDVO640AE65,2026/03/19,期貨及選擇權,,OCESCS,
"DVO16400F6　聯發科股票選擇權,2026/06,履約價1640.0,買權",TWDVO640AF64,2026/04/16,期貨及選擇權,,OCESCS,
"DVO16600E6　聯發科股票選擇權,2026/05,履約價1660.0,買權",TWDVO660AE60,2026/03/19,期貨及選擇權,,OCESCS,
"DVO16600F6　聯發科股票選擇權,2026/06,履約價1660.0,買權",TWDVO660AF69,2026/04/16,期貨及選擇權,,OCESCS,
"DVO16800E6　聯發科股票選擇權,2026/05,履約價1680.0,買權",TWDVO680AE66,2026/03/19,期貨及選擇權,,OCESCS,
"DVO16800F6　聯發科股票選擇權,2026/06,履約價1680.0,買權",TWDVO680AF65,2026/04/16,期貨及選擇權,,OCESCS,
"DVO17000E6　聯發科股票選擇權,2026/05,履約價1700.0,買權",TWDVO700AE62,2026/03/19,期貨及選擇權,,OCESCS,
"DVO17000F6　聯發科股票選擇權,2026/06,履約價1700.0,買權",TWDVO700AF61,2026/01/22,期貨及選擇權,,OCESCS,
"DVO17000I6　聯發科股票選擇權,2026/09,履約價1700.0,買權",TWDVO700AI68,2026/04/16,期貨及選擇權,,OCESCS,
"DVO17200E6　聯發科股票選擇權,2026/05,履約價1720.0,買權",TWDVO720AE68,2026/03/19,期貨及選擇權,,OCESCS,
"DVO17200F6　聯發科股票選擇權,2026/06,履約價1720.0,買權",TWDVO720AF67,2026/04/16,期貨及選擇權,,OCESCS,
"DVO17400E6　聯發科股票選擇權,2026/05,履約價1740.0,買權",TWDVO740AE64,2026/03/19,期貨及選擇權,,OCESCS,
"DVO17400F6　聯發科股票選擇權,2026/06,履約價1740.0,買權",TWDVO740AF63,2026/04/16,期貨及選擇權,,OCESCS,
"DVO17600E6　聯發科股票選擇權,2026/05,履約價1760.0,買權",TWDVO760AE69,2026/03/19,期貨及選擇權,,OCESCS,
"DVO17600F6　聯發科股票選擇權,2026/06,履約價1760.0,買權",TWDVO760AF68,2026/04/16,期貨及選擇權,,OCESCS,
"DVO17800E6　聯發科股票選擇權,2026/05,履約價1780.0,買權",TWDVO780AE65,2026/03/19,期貨及選擇權,,OCESCS,
"DVO17800F6　聯發科股票選擇權,2026/06,履約價1780.0,買權",TWDVO780AF64,2026/04/16,期貨及選擇權,,OCESCS,
"DVO18000E6　聯發科股票選擇權,2026/05,履約價1800.0,買權",TWDVO800AE61,2026/03/19,期貨及選擇權,,OCESCS,
"DVO18000F6　聯發科股票選擇權,2026/06,履約價1800.0,買權",TWDVO800AF60,2026/01/23,期貨及選擇權,,OCESCS,
"DVO18000I6　聯發科股票選擇權,2026/09,履約價1800.0,買權",TWDVO800AI67,2026/04/16,期貨及選擇權,,OCESCS,
"DVO18200E6　聯發科股票選擇權,2026/05,履約價1820.0,買權",TWDVO820AE67,2026/03/19,期貨及選擇權,,OCESCS,
"DVO18200F6　聯發科股票選擇權,2026/06,履約價1820.0,買權",TWDVO820AF66,2026/04/16,期貨及選擇權,,OCESCS,
"DVO18400E6　聯發科股票選擇權,2026/05,履約價1840.0,買權",TWDVO840AE63,2026/03/19,期貨及選擇權,,OCESCS,
"DVO18400F6　聯發科股票選擇權,2026/06,履約價1840.0,買權",TWDVO840AF62,2026/04/16,期貨及選擇權,,OCESCS,
"DVO18600E6　聯發科股票選擇權,2026/05,履約價1860.0,買權",TWDVO860AE68,2026/03/19,期貨及選擇權,,OCESCS,
"DVO18600F6　聯發科股票選擇權,2026/06,履約價1860.0,買權",TWDVO860AF67,2026/04/16,期貨及選擇權,,OCESCS,
"DVO18800E6　聯發科股票選擇權,2026/05,履約價1880.0,買權",TWDVO880AE64,2026/03/19,期貨及選擇權,,OCESCS,
"DVO18800F6　聯發科股票選擇權,2026/06,履約價1880.0,買權",TWDVO880AF63,2026/04/16,期貨及選擇權,,OCESCS,
"DVO19000E6　聯發科股票選擇權,2026/05,履約價1900.0,買權",TWDVO900AE60,2026/03/19,期貨及選擇權,,OCESCS,
"DVO19000F6　聯發科股票選擇權,2026/06,履約價1900.0,買權",TWDVO900AF69,2026/01/26,期貨及選擇權,,OCESCS,
"DVO19000I6　聯發科股票選擇權,2026/09,履約價1900.0,買權",TWDVO900AI66,2026/04/16,期貨及選擇權,,OCESCS,
"DVO19200E6　聯發科股票選擇權,2026/05,履約價1920.0,買權",TWDVO920AE66,2026/03/19,期貨及選擇權,,OCESCS,
"DVO19200F6　聯發科股票選擇權,2026/06,履約價1920.0,買權",TWDVO920AF65,2026/04/16,期貨及選擇權,,OCESCS,
"DVO19400E6　聯發科股票選擇權,2026/05,履約價1940.0,買權",TWDVO940AE62,2026/03/19,期貨及選擇權,,OCESCS,
"DVO19400F6　聯發科股票選擇權,2026/06,履約價1940.0,買權",TWDVO940AF61,2026/04/16,期貨及選擇權,,OCESCS,
"DVO19600E6　聯發科股票選擇權,2026/05,履約價1960.0,買權",TWDVO960AE67,2026/03/19,期貨及選擇權,,OCESCS,
"DVO19600F6　聯發科股票選擇權,2026/06,履約價1960.0,買權",TWDVO960AF66,2026/04/16,期貨及選擇權,,OCESCS,
"DVO19800E6　聯發科股票選擇權,2026/05,履約價1980.0,買權",TWDVO980AE63,2026/03/19,期貨及選擇權,,OCESCS,
"DVO19800F6　聯發科股票選擇權,2026/06,履約價1980.0,買權",TWDVO980AF62,2026/04/16,期貨及選擇權,,OCESCS,
"DVO20000E6　聯發科股票選擇權,2026/05,履約價2000.0,買權",TWDVO000BE68,2026/03/19,期貨及選擇權,,OCESCS,
"DVO20000F6　聯發科股票選擇權,2026/06,履約價2000.0,買權",TWDVO000BF67,2026/01/27,期貨及選擇權,,OCESCS,
"DVO20000I6　聯發科股票選擇權,2026/09,履約價2000.0,買權",TWDVO000BI64,2026/04/16,期貨及選擇權,,OCESCS,
"DVO20500E6　聯發科股票選擇權,2026/05,履約價2050.0,買權",TWDVO050BE67,2026/04/16,期貨及選擇權,,OCESCS,
"DVO20500F6　聯發科股票選擇權,2026/06,履約價2050.0,買權",TWDVO050BF66,2026/04/16,期貨及選擇權,,OCESCS,
"DVO21000E6　聯發科股票選擇權,2026/05,履約價2100.0,買權",TWDVO100BE67,2026/04/16,期貨及選擇權,,OCESCS,
"DVO21000F6　聯發科股票選擇權,2026/06,履約價2100.0,買權",TWDVO100BF66,2026/01/27,期貨及選擇權,,OCESCS,
"DVO21000I6　聯發科股票選擇權,2026/09,履約價2100.0,買權",TWDVO100BI63,2026/04/16,期貨及選擇權,,OCESCS,
"DVO21500E6　聯發科股票選擇權,2026/05,履約價2150.0,買權",TWDVO150BE66,2026/04/17,期貨及選擇權,,OCESCS,
"DVO21500EL　聯發科股票選擇權,2026/05,履約價2150.0,買權",TWDVO150BEL6,2026/04/30,期貨及選擇權,,OCESCS,
"DVO21500F6　聯發科股票選擇權,2026/06,履約價2150.0,買權",TWDVO150BF65,2026/04/17,期貨及選擇權,,OCESCS,
"DVO22000E6　聯發科股票選擇權,2026/05,履約價2200.0,買權",TWDVO200BE66,2026/04/17,期貨及選擇權,,OCESCS,
"DVO22000EL　聯發科股票選擇權,2026/05,履約價2200.0,買權",TWDVO200BEL9,2026/04/29,期貨及選擇權,,OCESCS,
"DVO22000F6　聯發科股票選擇權,2026/06,履約價2200.0,買權",TWDVO200BF65,2026/02/10,期貨及選擇權,,OCESCS,
"DVO22000I6　聯發科股票選擇權,2026/09,履約價2200.0,買權",TWDVO200BI62,2026/04/17,期貨及選擇權,,OCESCS,
"DVO22500E6　聯發科股票選擇權,2026/05,履約價2250.0,買權",TWDVO250BE65,2026/04/20,期貨及選擇權,,OCESCS,
"DVO22500EL　聯發科股票選擇權,2026/05,履約價2250.0,買權",TWDVO250BEL4,2026/04/29,期貨及選擇權,,OCESCS,
"DVO22500F6　聯發科股票選擇權,2026/06,履約價2250.0,買權",TWDVO250BF64,2026/04/20,期貨及選擇權,,OCESCS,
"DVO23000E6　聯發科股票選擇權,2026/05,履約價2300.0,買權",TWDVO300BE65,2026/04/22,期貨及選擇權,,OCESCS,
"DVO23000EL　聯發科股票選擇權,2026/05,履約價2300.0,買權",TWDVO300BEL7,2026/04/29,期貨及選擇權,,OCESCS,
"DVO23000F6　聯發科股票選擇權,2026/06,履約價2300.0,買權",TWDVO300BF64,2026/03/02,期貨及選擇權,,OCESCS,
"DVO23000I6　聯發科股票選擇權,2026/09,履約價2300.0,買權",TWDVO300BI61,2026/04/20,期貨及選擇權,,OCESCS,
"DVO23500E6　聯發科股票選擇權,2026/05,履約價2350.0,買權",TWDVO350BE64,2026/04/22,期貨及選擇權,,OCESCS,
"DVO23500EL　聯發科股票選擇權,2026/05,履約價2350.0,買權",TWDVO350BEL2,2026/04/29,期貨及選擇權,,OCESCS,
"DVO23500F6　聯發科股票選擇權,2026/06,履約價2350.0,買權",TWDVO350BF63,2026/04/22,期貨及選擇權,,OCESCS,
"DVO24000E6　聯發科股票選擇權,2026/05,履約價2400.0,買權",TWDVO400BE64,2026/04/22,期貨及選擇權,,OCESCS,
"DVO24000EL　聯發科股票選擇權,2026/05,履約價2400.0,買權",TWDVO400BEL5,2026/04/29,期貨及選擇權,,OCESCS,
"DVO24000F6　聯發科股票選擇權,2026/06,履約價2400.0,買權",TWDVO400BF63,2026/04/22,期貨及選擇權,,OCESCS,
"DVO24000I6　聯發科股票選擇權,2026/09,履約價2400.0,買權",TWDVO400BI60,2026/04/22,期貨及選擇權,,OCESCS,
"DVO24500E6　聯發科股票選擇權,2026/05,履約價2450.0,買權",TWDVO450BE63,2026/04/22,期貨及選擇權,,OCESCS,
"DVO24500EL　聯發科股票選擇權,2026/05,履約價2450.0,買權",TWDVO450BEL0,2026/04/29,期貨及選擇權,,OCESCS,
"DVO24500F6　聯發科股票選擇權,2026/06,履約價2450.0,買權",TWDVO450BF62,2026/04/22,期貨及選擇權,,OCESCS,
"DVO25000E6　聯發科股票選擇權,2026/05,履約價2500.0,買權",TWDVO500BE63,2026/04/23,期貨及選擇權,,OCESCS,
"DVO25000EL　聯發科股票選擇權,2026/05,履約價2500.0,買權",TWDVO500BEL2,2026/04/29,期貨及選擇權,,OCESCS,
"DVO25000F6　聯發科股票選擇權,2026/06,履約價2500.0,買權",TWDVO500BF62,2026/04/23,期貨及選擇權,,OCESCS,
"DVO25000I6　聯發科股票選擇權,2026/09,履約價2500.0,買權",TWDVO500BI69,2026/04/22,期貨及選擇權,,OCESCS,
"DVO25500E6　聯發科股票選擇權,2026/05,履約價2550.0,買權",TWDVO550BE62,2026/04/23,期貨及選擇權,,OCESCS,
"DVO25500EL　聯發科股票選擇權,2026/05,履約價2550.0,買權",TWDVO550BEL7,2026/04/29,期貨及選擇權,,OCESCS,
"DVO25500F6　聯發科股票選擇權,2026/06,履約價2550.0,買權",TWDVO550BF61,2026/04/23,期貨及選擇權,,OCESCS,
"DVO26000E6　聯發科股票選擇權,2026/05,履約價2600.0,買權",TWDVO600BE62,2026/04/23,期貨及選擇權,,OCESCS,
"DVO26000EL　聯發科股票選擇權,2026/05,履約價2600.0,買權",TWDVO600BEL0,2026/04/29,期貨及選擇權,,OCESCS,
"DVO26000F6　聯發科股票選擇權,2026/06,履約價2600.0,買權",TWDVO600BF61,2026/04/23,期貨及選擇權,,OCESCS,
"DVO26000I6　聯發科股票選擇權,2026/09,履約價2600.0,買權",TWDVO600BI68,2026/04/23,期貨及選擇權,,OCESCS,
"DVO26500E6　聯發科股票選擇權,2026/05,履約價2650.0,買權",TWDVO650BE61,2026/04/23,期貨及選擇權,,OCESCS,
"DVO26500EL　聯發科股票選擇權,2026/05,履約價2650.0,買權",TWDVO650BEL5,2026/04/29,期貨及選擇權,,OCESCS,
"DVO26500F6　聯發科股票選擇權,2026/06,履約價2650.0,買權",TWDVO650BF60,2026/04/23,期貨及選擇權,,OCESCS,
"DVO27000E6　聯發科股票選擇權,2026/05,履約價2700.0,買權",TWDVO700BE61,2026/04/27,期貨及選擇權,,OCESCS,
"DVO27000EL　聯發科股票選擇權,2026/05,履約價2700.0,買權",TWDVO700BEL8,2026/04/29,期貨及選擇權,,OCESCS,
"DVO27000F6　聯發科股票選擇權,2026/06,履約價2700.0,買權",TWDVO700BF60,2026/04/27,期貨及選擇權,,OCESCS,
"DVO27000I6　聯發科股票選擇權,2026/09,履約價2700.0,買權",TWDVO700BI67,2026/04/23,期貨及選擇權,,OCESCS,
"DVO27500E6　聯發科股票選擇權,2026/05,履約價2750.0,買權",TWDVO750BE60,2026/04/27,期貨及選擇權,,OCESCS,
"DVO27500EL　聯發科股票選擇權,2026/05,履約價2750.0,買權",TWDVO750BEL3,2026/04/29,期貨及選擇權,,OCESCS,
"DVO27500F6　聯發科股票選擇權,2026/06,履約價2750.0,買權",TWDVO750BF69,2026/04/27,期貨及選擇權,,OCESCS,
"DVO28000E6　聯發科股票選擇權,2026/05,履約價2800.0,買權",TWDVO800BE60,2026/04/27,期貨及選擇權,,OCESCS,
"DVO28000EL　聯發科股票選擇權,2026/05,履約價2800.0,買權",TWDVO800BEL6,2026/04/29,期貨及選擇權,,OCESCS,
"DVO28000F6　聯發科股票選擇權,2026/06,履約價2800.0,買權",TWDVO800BF69,2026/04/27,期貨及選擇權,,OCESCS,
"DVO28000I6　聯發科股票選擇權,2026/09,履約價2800.0,買權",TWDVO800BI66,2026/04/27,期貨及選擇權,,OCESCS,
"DVO28500E6　聯發科股票選擇權,2026/05,履約價2850.0,買權",TWDVO850BE69,2026/04/27,期貨及選擇權,,OCESCS,
"DVO28500EL　聯發科股票選擇權,2026/05,履約價2850.0,買權",TWDVO850BEL1,2026/04/29,期貨及選擇權,,OCESCS,
"DVO28500F6　聯發科股票選擇權,2026/06,履約價2850.0,買權",TWDVO850BF68,2026/04/27,期貨及選擇權,,OCESCS,
"DVO29000E6　聯發科股票選擇權,2026/05,履約價2900.0,買權",TWDVO900BE69,2026/04/29,期貨及選擇權,,OCESCS,
"DVO29000EL　聯發科股票選擇權,2026/05,履約價2900.0,買權",TWDVO900BEL4,2026/04/29,期貨及選擇權,,OCESCS,
"DVO29000F6　聯發科股票選擇權,2026/06,履約價2900.0,買權",TWDVO900BF68,2026/04/29,期貨及選擇權,,OCESCS,
"DVO29000I6　聯發科股票選擇權,2026/09,履約價2900.0,買權",TWDVO900BI65,2026/04/27,期貨及選擇權,,OCESCS,
"DVO29500E6　聯發科股票選擇權,2026/05,履約價2950.0,買權",TWDVO950BE68,2026/04/29,期貨及選擇權,,OCESCS,
"DVO29500EL　聯發科股票選擇權,2026/05,履約價2950.0,買權",TWDVO950BEL9,2026/04/29,期貨及選擇權,,OCESCS,
"DVO29500F6　聯發科股票選擇權,2026/06,履約價2950.0,買權",TWDVO950BF67,2026/04/29,期貨及選擇權,,OCESCS,
"DVO30000E6　聯發科股票選擇權,2026/05,履約價3000.0,買權",TWDVO000CE67,2026/04/29,期貨及選擇權,,OCESCS,
"DVO30000EL　聯發科股票選擇權,2026/05,履約價3000.0,買權",TWDVO000CEL1,2026/04/29,期貨及選擇權,,OCESCS,
"DVO30000F6　聯發科股票選擇權,2026/06,履約價3000.0,買權",TWDVO000CF66,2026/04/29,期貨及選擇權,,OCESCS,
"DVO30000I6　聯發科股票選擇權,2026/09,履約價3000.0,買權",TWDVO000CI63,2026/04/29,期貨及選擇權,,OCESCS,
"DVO30500E6　聯發科股票選擇權,2026/05,履約價3050.0,買權",TWDVO050CE66,2026/04/29,期貨及選擇權,,OCESCS,
"DVO30500EL　聯發科股票選擇權,2026/05,履約價3050.0,買權",TWDVO050CEL6,2026/04/29,期貨及選擇權,,OCESCS,
"DVO30500F6　聯發科股票選擇權,2026/06,履約價3050.0,買權",TWDVO050CF65,2026/04/29,期貨及選擇權,,OCESCS,
"DVO31000E6　聯發科股票選擇權,2026/05,履約價3100.0,買權",TWDVO100CE66,2026/05/05,期貨及選擇權,,OCESCS,
"DVO31000EL　聯發科股票選擇權,2026/05,履約價3100.0,買權",TWDVO100CEL9,2026/05/05,期貨及選擇權,,OCESCS,
"DVO31000F6　聯發科股票選擇權,2026/06,履約價3100.0,買權",TWDVO100CF65,2026/05/05,期貨及選擇權,,OCESCS,
"DVO31000I6　聯發科股票選擇權,2026/09,履約價3100.0,買權",TWDVO100CI62,2026/04/29,期貨及選擇權,,OCESCS,
"DVO31500E6　聯發科股票選擇權,2026/05,履約價3150.0,買權",TWDVO150CE65,2026/05/05,期貨及選擇權,,OCESCS,
"DVO31500EL　聯發科股票選擇權,2026/05,履約價3150.0,買權",TWDVO150CEL4,2026/05/05,期貨及選擇權,,OCESCS,
"DVO31500F6　聯發科股票選擇權,2026/06,履約價3150.0,買權",TWDVO150CF64,2026/05/05,期貨及選擇權,,OCESCS,
"DVO32000E6　聯發科股票選擇權,2026/05,履約價3200.0,買權",TWDVO200CE65,2026/05/05,期貨及選擇權,,OCESCS,
"DVO32000EL　聯發科股票選擇權,2026/05,履約價3200.0,買權",TWDVO200CEL7,2026/05/05,期貨及選擇權,,OCESCS,
"DVO32000F6　聯發科股票選擇權,2026/06,履約價3200.0,買權",TWDVO200CF64,2026/05/05,期貨及選擇權,,OCESCS,
"DVO32000I6　聯發科股票選擇權,2026/09,履約價3200.0,買權",TWDVO200CI61,2026/05/05,期貨及選擇權,,OCESCS,
"DVO32500E6　聯發科股票選擇權,2026/05,履約價3250.0,買權",TWDVO250CE64,2026/05/05,期貨及選擇權,,OCESCS,
"DVO32500EL　聯發科股票選擇權,2026/05,履約價3250.0,買權",TWDVO250CEL2,2026/05/05,期貨及選擇權,,OCESCS,
"DVO32500F6　聯發科股票選擇權,2026/06,履約價3250.0,買權",TWDVO250CF63,2026/05/05,期貨及選擇權,,OCESCS,
"DVO33000E6　聯發科股票選擇權,2026/05,履約價3300.0,買權",TWDVO300CE64,2026/05/05,期貨及選擇權,,OCESCS,
"DVO33000EL　聯發科股票選擇權,2026/05,履約價3300.0,買權",TWDVO300CEL5,2026/05/05,期貨及選擇權,,OCESCS,
"DVO33000F6　聯發科股票選擇權,2026/06,履約價3300.0,買權",TWDVO300CF63,2026/05/05,期貨及選擇權,,OCESCS,
"DVO33000I6　聯發科股票選擇權,2026/09,履約價3300.0,買權",TWDVO300CI60,2026/05/05,期貨及選擇權,,OCESCS,
"DVO33500E6　聯發科股票選擇權,2026/05,履約價3350.0,買權",TWDVO350CE63,2026/05/05,期貨及選擇權,,OCESCS,
"DVO33500EL　聯發科股票選擇權,2026/05,履約價3350.0,買權",TWDVO350CEL0,2026/05/05,期貨及選擇權,,OCESCS,
"DVO33500F6　聯發科股票選擇權,2026/06,履約價3350.0,買權",TWDVO350CF62,2026/05/05,期貨及選擇權,,OCESCS,
"DVO34000E6　聯發科股票選擇權,2026/05,履約價3400.0,買權",TWDVO400CE63,2026/05/06,期貨及選擇權,,OCESCS,
"DVO34000EL　聯發科股票選擇權,2026/05,履約價3400.0,買權",TWDVO400CEL3,2026/05/06,期貨及選擇權,,OCESCS,
"DVO34000F6　聯發科股票選擇權,2026/06,履約價3400.0,買權",TWDVO400CF62,2026/05/06,期貨及選擇權,,OCESCS,
"DVO34000I6　聯發科股票選擇權,2026/09,履約價3400.0,買權",TWDVO400CI69,2026/05/05,期貨及選擇權,,OCESCS,
"DVO34500E6　聯發科股票選擇權,2026/05,履約價3450.0,買權",TWDVO450CE62,2026/05/06,期貨及選擇權,,OCESCS,
"DVO34500EL　聯發科股票選擇權,2026/05,履約價3450.0,買權",TWDVO450CEL8,2026/05/06,期貨及選擇權,,OCESCS,
"DVO34500F6　聯發科股票選擇權,2026/06,履約價3450.0,買權",TWDVO450CF61,2026/05/06,期貨及選擇權,,OCESCS,
"DVO35000E6　聯發科股票選擇權,2026/05,履約價3500.0,買權",TWDVO500CE62,2026/05/06,期貨及選擇權,,OCESCS,
"DVO35000EL　聯發科股票選擇權,2026/05,履約價3500.0,買權",TWDVO500CEL0,2026/05/06,期貨及選擇權,,OCESCS,
"DVO35000F6　聯發科股票選擇權,2026/06,履約價3500.0,買權",TWDVO500CF61,2026/05/06,期貨及選擇權,,OCESCS,
"DVO35000I6　聯發科股票選擇權,2026/09,履約價3500.0,買權",TWDVO500CI68,2026/05/06,期貨及選擇權,,OCESCS,
"DVO35500E6　聯發科股票選擇權,2026/05,履約價3550.0,買權",TWDVO550CE61,2026/05/06,期貨及選擇權,,OCESCS,
"DVO35500EL　聯發科股票選擇權,2026/05,履約價3550.0,買權",TWDVO550CEL5,2026/05/06,期貨及選擇權,,OCESCS,
"DVO35500F6　聯發科股票選擇權,2026/06,履約價3550.0,買權",TWDVO550CF60,2026/05/06,期貨及選擇權,,OCESCS,
"DVO36000E6　聯發科股票選擇權,2026/05,履約價3600.0,買權",TWDVO600CE61,2026/05/06,期貨及選擇權,,OCESCS,
"DVO36000EL　聯發科股票選擇權,2026/05,履約價3600.0,買權",TWDVO600CEL8,2026/05/06,期貨及選擇權,,OCESCS,
"DVO36000F6　聯發科股票選擇權,2026/06,履約價3600.0,買權",TWDVO600CF60,2026/05/06,期貨及選擇權,,OCESCS,
"DVO36000I6　聯發科股票選擇權,2026/09,履約價3600.0,買權",TWDVO600CI67,2026/05/06,期貨及選擇權,,OCESCS,
"DVO36500E6　聯發科股票選擇權,2026/05,履約價3650.0,買權",TWDVO650CE60,2026/05/06,期貨及選擇權,,OCESCS,
"DVO36500EL　聯發科股票選擇權,2026/05,履約價3650.0,買權",TWDVO650CEL3,2026/05/06,期貨及選擇權,,OCESCS,
"DVO36500F6　聯發科股票選擇權,2026/06,履約價3650.0,買權",TWDVO650CF69,2026/05/06,期貨及選擇權,,OCESCS,
"DVO37000E6　聯發科股票選擇權,2026/05,履約價3700.0,買權",TWDVO700CE60,2026/05/07,期貨及選擇權,,OCESCS,
"DVO37000EL　聯發科股票選擇權,2026/05,履約價3700.0,買權",TWDVO700CEL6,2026/05/07,期貨及選擇權,,OCESCS,
"DVO37000F6　聯發科股票選擇權,2026/06,履約價3700.0,買權",TWDVO700CF69,2026/05/07,期貨及選擇權,,OCESCS,
"DVO37000I6　聯發科股票選擇權,2026/09,履約價3700.0,買權",TWDVO700CI66,2026/05/06,期貨及選擇權,,OCESCS,
"DVO37500E6　聯發科股票選擇權,2026/05,履約價3750.0,買權",TWDVO750CE69,2026/05/07,期貨及選擇權,,OCESCS,
"DVO37500EL　聯發科股票選擇權,2026/05,履約價3750.0,買權",TWDVO750CEL1,2026/05/07,期貨及選擇權,,OCESCS,
"DVO37500F6　聯發科股票選擇權,2026/06,履約價3750.0,買權",TWDVO750CF68,2026/05/07,期貨及選擇權,,OCESCS,
"DVO38000E6　聯發科股票選擇權,2026/05,履約價3800.0,買權",TWDVO800CE69,2026/05/07,期貨及選擇權,,OCESCS,
"DVO38000EL　聯發科股票選擇權,2026/05,履約價3800.0,買權",TWDVO800CEL4,2026/05/07,期貨及選擇權,,OCESCS,
"DVO38000F6　聯發科股票選擇權,2026/06,履約價3800.0,買權",TWDVO800CF68,2026/05/07,期貨及選擇權,,OCESCS,
"DVO38000I6　聯發科股票選擇權,2026/09,履約價3800.0,買權",TWDVO800CI65,2026/05/07,期貨及選擇權,,OCESCS,
"DVO38500E6　聯發科股票選擇權,2026/05,履約價3850.0,買權",TWDVO850CE68,2026/05/07,期貨及選擇權,,OCESCS,
"DVO38500EL　聯發科股票選擇權,2026/05,履約價3850.0,買權",TWDVO850CEL9,2026/05/07,期貨及選擇權,,OCESCS,
"DVO38500F6　聯發科股票選擇權,2026/06,履約價3850.0,買權",TWDVO850CF67,2026/05/07,期貨及選擇權,,OCESCS,
"DVO39000E6　聯發科股票選擇權,2026/05,履約價3900.0,買權",TWDVO900CE68,2026/05/07,期貨及選擇權,,OCESCS,
"DVO39000EL　聯發科股票選擇權,2026/05,履約價3900.0,買權",TWDVO900CEL2,2026/05/07,期貨及選擇權,,OCESCS,
"DVO39000F6　聯發科股票選擇權,2026/06,履約價3900.0,買權",TWDVO900CF67,2026/05/07,期貨及選擇權,,OCESCS,
"DVO39000I6　聯發科股票選擇權,2026/09,履約價3900.0,買權",TWDVO900CI64,2026/05/07,期貨及選擇權,,OCESCS,
"DVO39500E6　聯發科股票選擇權,2026/05,履約價3950.0,買權",TWDVO950CE67,2026/05/07,期貨及選擇權,,OCESCS,
"DVO39500EL　聯發科股票選擇權,2026/05,履約價3950.0,買權",TWDVO950CEL7,2026/05/07,期貨及選擇權,,OCESCS,
"DVO39500F6　聯發科股票選擇權,2026/06,履約價3950.0,買權",TWDVO950CF66,2026/05/07,期貨及選擇權,,OCESCS,
"DVO40000I6　聯發科股票選擇權,2026/09,履約價4000.0,買權",TWDVO000DI62,2026/05/07,期貨及選擇權,,OCESCS,
"DXO01000E6　緯創股票選擇權,2026/05,履約價100.0,買權",TWDXO1000E66,2026/04/01,期貨及選擇權,,OCESCS,
"DXO01000F6　緯創股票選擇權,2026/06,履約價100.0,買權",TWDXO1000F65,2026/02/03,期貨及選擇權,,OCESCS,
"DXO01050E6　緯創股票選擇權,2026/05,履約價105.0,買權",TWDXO1050E65,2026/03/20,期貨及選擇權,,OCESCS,
"DXO01100E6　緯創股票選擇權,2026/05,履約價110.0,買權",TWDXO1100E65,2026/03/19,期貨及選擇權,,OCESCS,
"DXO01100F6　緯創股票選擇權,2026/06,履約價110.0,買權",TWDXO1100F64,2026/01/22,期貨及選擇權,,OCESCS,
"DXO01100I6　緯創股票選擇權,2026/09,履約價110.0,買權",TWDXO1100I61,2026/04/16,期貨及選擇權,,OCESCS,
"DXO01150E6　緯創股票選擇權,2026/05,履約價115.0,買權",TWDXO1150E64,2026/03/19,期貨及選擇權,,OCESCS,
"DXO01150EL　緯創股票選擇權,2026/05,履約價115.0,買權",TWDXO1150EL5,2026/04/29,期貨及選擇權,,OCESCS,
"DXO01150F6　緯創股票選擇權,2026/06,履約價115.0,買權",TWDXO1150F63,2026/04/16,期貨及選擇權,,OCESCS,
"DXO01200E6　緯創股票選擇權,2026/05,履約價120.0,買權",TWDXO1200E64,2026/03/19,期貨及選擇權,,OCESCS,
"DXO01200EL　緯創股票選擇權,2026/05,履約價120.0,買權",TWDXO1200EL8,2026/04/29,期貨及選擇權,,OCESCS,
"DXO01200F6　緯創股票選擇權,2026/06,履約價120.0,買權",TWDXO1200F63,2026/01/22,期貨及選擇權,,OCESCS,
"DXO01200I6　緯創股票選擇權,2026/09,履約價120.0,買權",TWDXO1200I60,2026/04/16,期貨及選擇權,,OCESCS,
"DXO01250E6　緯創股票選擇權,2026/05,履約價125.0,買權",TWDXO1250E63,2026/03/19,期貨及選擇權,,OCESCS,
"DXO01250EL　緯創股票選擇權,2026/05,履約價125.0,買權",TWDXO1250EL3,2026/04/29,期貨及選擇權,,OCESCS,
"DXO01250F6　緯創股票選擇權,2026/06,履約價125.0,買權",TWDXO1250F62,2026/04/16,期貨及選擇權,,OCESCS,
"DXO01300E6　緯創股票選擇權,2026/05,履約價130.0,買權",TWDXO1300E63,2026/03/19,期貨及選擇權,,OCESCS,
"DXO01300EL　緯創股票選擇權,2026/05,履約價130.0,買權",TWDXO1300EL6,2026/04/29,期貨及選擇權,,OCESCS,
"DXO01300F6　緯創股票選擇權,2026/06,履約價130.0,買權",TWDXO1300F62,2026/01/22,期貨及選擇權,,OCESCS,
"DXO01300I6　緯創股票選擇權,2026/09,履約價130.0,買權",TWDXO1300I69,2026/04/16,期貨及選擇權,,OCESCS,
"DXO01350E6　緯創股票選擇權,2026/05,履約價135.0,買權",TWDXO1350E62,2026/03/19,期貨及選擇權,,OCESCS,
"DXO01350EL　緯創股票選擇權,2026/05,履約價135.0,買權",TWDXO1350EL1,2026/04/29,期貨及選擇權,,OCESCS,
"DXO01350F6　緯創股票選擇權,2026/06,履約價135.0,買權",TWDXO1350F61,2026/04/16,期貨及選擇權,,OCESCS,
"DXO01400E6　緯創股票選擇權,2026/05,履約價140.0,買權",TWDXO1400E62,2026/03/19,期貨及選擇權,,OCESCS,
"DXO01400EL　緯創股票選擇權,2026/05,履約價140.0,買權",TWDXO1400EL4,2026/04/29,期貨及選擇權,,OCESCS,
"DXO01400F6　緯創股票選擇權,2026/06,履約價140.0,買權",TWDXO1400F61,2026/01/22,期貨及選擇權,,OCESCS,
"DXO01400I6　緯創股票選擇權,2026/09,履約價140.0,買權",TWDXO1400I68,2026/04/16,期貨及選擇權,,OCESCS,
"DXO01450E6　緯創股票選擇權,2026/05,履約價145.0,買權",TWDXO1450E61,2026/03/19,期貨及選擇權,,OCESCS,
"DXO01450EL　緯創股票選擇權,2026/05,履約價145.0,買權",TWDXO1450EL9,2026/04/29,期貨及選擇權,,OCESCS,
"DXO01450F6　緯創股票選擇權,2026/06,履約價145.0,買權",TWDXO1450F60,2026/04/16,期貨及選擇權,,OCESCS,
"DXO01500E6　緯創股票選擇權,2026/05,履約價150.0,買權",TWDXO1500E61,2026/03/19,期貨及選擇權,,OCESCS,
"DXO01500EL　緯創股票選擇權,2026/05,履約價150.0,買權",TWDXO1500EL1,2026/04/29,期貨及選擇權,,OCESCS,
"DXO01500F6　緯創股票選擇權,2026/06,履約價150.0,買權",TWDXO1500F60,2026/01/22,期貨及選擇權,,OCESCS,
"DXO01500I6　緯創股票選擇權,2026/09,履約價150.0,買權",TWDXO1500I67,2026/04/16,期貨及選擇權,,OCESCS,
"DXO01550E6　緯創股票選擇權,2026/05,履約價155.0,買權",TWDXO1550E60,2026/03/19,期貨及選擇權,,OCESCS,
"DXO01550EL　緯創股票選擇權,2026/05,履約價155.0,買權",TWDXO1550EL6,2026/04/29,期貨及選擇權,,OCESCS,
"DXO01550F6　緯創股票選擇權,2026/06,履約價155.0,買權",TWDXO1550F69,2026/04/16,期貨及選擇權,,OCESCS,
"DXO01600E6　緯創股票選擇權,2026/05,履約價160.0,買權",TWDXO1600E60,2026/04/13,期貨及選擇權,,OCESCS,
"DXO01600EL　緯創股票選擇權,2026/05,履約價160.0,買權",TWDXO1600EL9,2026/04/29,期貨及選擇權,,OCESCS,
"DXO01600F6　緯創股票選擇權,2026/06,履約價160.0,買權",TWDXO1600F69,2026/01/22,期貨及選擇權,,OCESCS,
"DXO01600I6　緯創股票選擇權,2026/09,履約價160.0,買權",TWDXO1600I66,2026/04/16,期貨及選擇權,,OCESCS,
"DXO01650E6　緯創股票選擇權,2026/05,履約價165.0,買權",TWDXO1650E69,2026/04/21,期貨及選擇權,,OCESCS,
"DXO01650EL　緯創股票選擇權,2026/05,履約價165.0,買權",TWDXO1650EL4,2026/04/29,期貨及選擇權,,OCESCS,
"DXO01650F6　緯創股票選擇權,2026/06,履約價165.0,買權",TWDXO1650F68,2026/04/21,期貨及選擇權,,OCESCS,
"DXO01700E6　緯創股票選擇權,2026/05,履約價170.0,買權",TWDXO1700E69,2026/04/22,期貨及選擇權,,OCESCS,
"DXO01700EL　緯創股票選擇權,2026/05,履約價170.0,買權",TWDXO1700EL7,2026/05/07,期貨及選擇權,,OCESCS,
"DXO01700F6　緯創股票選擇權,2026/06,履約價170.0,買權",TWDXO1700F68,2026/04/22,期貨及選擇權,,OCESCS,
"DXO01700I6　緯創股票選擇權,2026/09,履約價170.0,買權",TWDXO1700I65,2026/04/21,期貨及選擇權,,OCESCS,
"GIO00700E6　微星股票選擇權,2026/05,履約價70.0,買權",TWGIO0700E67,2026/04/01,期貨及選擇權,,OCESCS,
"GIO00700F6　微星股票選擇權,2026/06,履約價70.0,買權",TWGIO0700F66,2026/04/01,期貨及選擇權,,OCESCS,
"GIO00725E6　微星股票選擇權,2026/05,履約價72.5,買權",TWGIO0725E68,2026/04/01,期貨及選擇權,,OCESCS,
"GIO00750E6　微星股票選擇權,2026/05,履約價75.0,買權",TWGIO0750E66,2026/03/25,期貨及選擇權,,OCESCS,
"GIO00750F6　微星股票選擇權,2026/06,履約價75.0,買權",TWGIO0750F65,2026/01/30,期貨及選擇權,,OCESCS,
"GIO00750I6　微星股票選擇權,2026/09,履約價75.0,買權",TWGIO0750I62,2026/04/16,期貨及選擇權,,OCESCS,
"GIO00775E6　微星股票選擇權,2026/05,履約價77.5,買權",TWGIO0775E67,2026/03/23,期貨及選擇權,,OCESCS,
"GIO00775F6　微星股票選擇權,2026/06,履約價77.5,買權",TWGIO0775F66,2026/04/16,期貨及選擇權,,OCESCS,
"GIO00800E6　微星股票選擇權,2026/05,履約價80.0,買權",TWGIO0800E66,2026/03/20,期貨及選擇權,,OCESCS,
"GIO00800F6　微星股票選擇權,2026/06,履約價80.0,買權",TWGIO0800F65,2026/01/22,期貨及選擇權,,OCESCS,
"GIO00800I6　微星股票選擇權,2026/09,履約價80.0,買權",TWGIO0800I62,2026/04/16,期貨及選擇權,,OCESCS,
"GIO00825E6　微星股票選擇權,2026/05,履約價82.5,買權",TWGIO0825E67,2026/03/19,期貨及選擇權,,OCESCS,
"GIO00825F6　微星股票選擇權,2026/06,履約價82.5,買權",TWGIO0825F66,2026/04/16,期貨及選擇權,,OCESCS,
"GIO00850E6　微星股票選擇權,2026/05,履約價85.0,買權",TWGIO0850E65,2026/03/19,期貨及選擇權,,OCESCS,
"GIO00850F6　微星股票選擇權,2026/06,履約價85.0,買權",TWGIO0850F64,2026/01/22,期貨及選擇權,,OCESCS,
"GIO00850I6　微星股票選擇權,2026/09,履約價85.0,買權",TWGIO0850I61,2026/04/16,期貨及選擇權,,OCESCS,
"GIO00875E6　微星股票選擇權,2026/05,履約價87.5,買權",TWGIO0875E66,2026/03/19,期貨及選擇權,,OCESCS,
"GIO00875F6　微星股票選擇權,2026/06,履約價87.5,買權",TWGIO0875F65,2026/04/16,期貨及選擇權,,OCESCS,
"GIO00900E6　微星股票選擇權,2026/05,履約價90.0,買權",TWGIO0900E65,2026/03/19,期貨及選擇權,,OCESCS,
"GIO00900F6　微星股票選擇權,2026/06,履約價90.0,買權",TWGIO0900F64,2026/01/22,期貨及選擇權,,OCESCS,
"GIO00900I6　微星股票選擇權,2026/09,履約價90.0,買權",TWGIO0900I61,2026/04/16,期貨及選擇權,,OCESCS,
"GIO00925E6　微星股票選擇權,2026/05,履約價92.5,買權",TWGIO0925E66,2026/03/19,期貨及選擇權,,OCESCS,
"GIO00925F6　微星股票選擇權,2026/06,履約價92.5,買權",TWGIO0925F65,2026/04/16,期貨及選擇權,,OCESCS,
"GIO00950E6　微星股票選擇權,2026/05,履約價95.0,買權",TWGIO0950E64,2026/03/19,期貨及選擇權,,OCESCS,
"GIO00950F6　微星股票選擇權,2026/06,履約價95.0,買權",TWGIO0950F63,2026/01/22,期貨及選擇權,,OCESCS,
"GIO00950I6　微星股票選擇權,2026/09,履約價95.0,買權",TWGIO0950I60,2026/04/16,期貨及選擇權,,OCESCS,
"GIO00975E6　微星股票選擇權,2026/05,履約價97.5,買權",TWGIO0975E65,2026/03/19,期貨及選擇權,,OCESCS,
"GIO00975F6　微星股票選擇權,2026/06,履約價97.5,買權",TWGIO0975F64,2026/04/16,期貨及選擇權,,OCESCS,
"GIO01000E6　微星股票選擇權,2026/05,履約價100.0,買權",TWGIO1000E62,2026/03/19,期貨及選擇權,,OCESCS,
"GIO01000F6　微星股票選擇權,2026/06,履約價100.0,買權",TWGIO1000F61,2026/01/22,期貨及選擇權,,OCESCS,
"GIO01000I6　微星股票選擇權,2026/09,履約價100.0,買權",TWGIO1000I68,2026/04/16,期貨及選擇權,,OCESCS,
"GIO01050E6　微星股票選擇權,2026/05,履約價105.0,買權",TWGIO1050E61,2026/03/19,期貨及選擇權,,OCESCS,
"GIO01050F6　微星股票選擇權,2026/06,履約價105.0,買權",TWGIO1050F60,2026/04/16,期貨及選擇權,,OCESCS,
"GIO01100E6　微星股票選擇權,2026/05,履約價110.0,買權",TWGIO1100E61,2026/03/19,期貨及選擇權,,OCESCS,
"GIO01100F6　微星股票選擇權,2026/06,履約價110.0,買權",TWGIO1100F60,2026/01/22,期貨及選擇權,,OCESCS,
"GIO01100I6　微星股票選擇權,2026/09,履約價110.0,買權",TWGIO1100I67,2026/04/16,期貨及選擇權,,OCESCS,
"GIO01150E6　微星股票選擇權,2026/05,履約價115.0,買權",TWGIO1150E60,2026/03/19,期貨及選擇權,,OCESCS,
"GIO01200F6　微星股票選擇權,2026/06,履約價120.0,買權",TWGIO1200F69,2026/01/22,期貨及選擇權,,OCESCS,
"GXO01500F6　可成股票選擇權,2026/06,履約價150.0,買權",TWGXO1500F67,2026/03/05,期貨及選擇權,,OCESCS,
"GXO01550E6　可成股票選擇權,2026/05,履約價155.0,買權",TWGXO1550E67,2026/03/19,期貨及選擇權,,OCESCS,
"GXO01600E6　可成股票選擇權,2026/05,履約價160.0,買權",TWGXO1600E67,2026/03/19,期貨及選擇權,,OCESCS,
"GXO01600F6　可成股票選擇權,2026/06,履約價160.0,買權",TWGXO1600F66,2026/02/10,期貨及選擇權,,OCESCS,
"GXO01600I6　可成股票選擇權,2026/09,履約價160.0,買權",TWGXO1600I63,2026/04/17,期貨及選擇權,,OCESCS,
"GXO01650E6　可成股票選擇權,2026/05,履約價165.0,買權",TWGXO1650E66,2026/03/19,期貨及選擇權,,OCESCS,
"GXO01650F6　可成股票選擇權,2026/06,履約價165.0,買權",TWGXO1650F65,2026/04/17,期貨及選擇權,,OCESCS,
"GXO01700E6　可成股票選擇權,2026/05,履約價170.0,買權",TWGXO1700E66,2026/03/19,期貨及選擇權,,OCESCS,
"GXO01700F6　可成股票選擇權,2026/06,履約價170.0,買權",TWGXO1700F65,2026/01/22,期貨及選擇權,,OCESCS,
"GXO01700I6　可成股票選擇權,2026/09,履約價170.0,買權",TWGXO1700I62,2026/04/16,期貨及選擇權,,OCESCS,
"GXO01750E6　可成股票選擇權,2026/05,履約價175.0,買權",TWGXO1750E65,2026/03/19,期貨及選擇權,,OCESCS,
"GXO01750F6　可成股票選擇權,2026/06,履約價175.0,買權",TWGXO1750F64,2026/04/16,期貨及選擇權,,OCESCS,
"GXO01800E6　可成股票選擇權,2026/05,履約價180.0,買權",TWGXO1800E65,2026/03/19,期貨及選擇權,,OCESCS,
"GXO01800F6　可成股票選擇權,2026/06,履約價180.0,買權",TWGXO1800F64,2026/01/22,期貨及選擇權,,OCESCS,
"GXO01800I6　可成股票選擇權,2026/09,履約價180.0,買權",TWGXO1800I61,2026/04/16,期貨及選擇權,,OCESCS,
"GXO01850E6　可成股票選擇權,2026/05,履約價185.0,買權",TWGXO1850E64,2026/03/19,期貨及選擇權,,OCESCS,
"GXO01850F6　可成股票選擇權,2026/06,履約價185.0,買權",TWGXO1850F63,2026/04/16,期貨及選擇權,,OCESCS,
"GXO01900E6　可成股票選擇權,2026/05,履約價190.0,買權",TWGXO1900E64,2026/03/19,期貨及選擇權,,OCESCS,
"GXO01900F6　可成股票選擇權,2026/06,履約價190.0,買權",TWGXO1900F63,2026/01/22,期貨及選擇權,,OCESCS,
"GXO01900I6　可成股票選擇權,2026/09,履約價190.0,買權",TWGXO1900I60,2026/04/16,期貨及選擇權,,OCESCS,
"GXO01950E6　可成股票選擇權,2026/05,履約價195.0,買權",TWGXO1950E63,2026/03/19,期貨及選擇權,,OCESCS,
"GXO01950F6　可成股票選擇權,2026/06,履約價195.0,買權",TWGXO1950F62,2026/04/16,期貨及選擇權,,OCESCS,
"GXO02000E6　可成股票選擇權,2026/05,履約價200.0,買權",TWGXO2000E61,2026/03/19,期貨及選擇權,,OCESCS,
"GXO02000F6　可成股票選擇權,2026/06,履約價200.0,買權",TWGXO2000F60,2026/01/22,期貨及選擇權,,OCESCS,
"GXO02000I6　可成股票選擇權,2026/09,履約價200.0,買權",TWGXO2000I67,2026/04/16,期貨及選擇權,,OCESCS,
"GXO02050E6　可成股票選擇權,2026/05,履約價205.0,買權",TWGXO2050E60,2026/03/19,期貨及選擇權,,OCESCS,
"GXO02050F6　可成股票選擇權,2026/06,履約價205.0,買權",TWGXO2050F69,2026/04/16,期貨及選擇權,,OCESCS,
"GXO02100E6　可成股票選擇權,2026/05,履約價210.0,買權",TWGXO2100E60,2026/03/19,期貨及選擇權,,OCESCS,
"GXO02100F6　可成股票選擇權,2026/06,履約價210.0,買權",TWGXO2100F69,2026/01/22,期貨及選擇權,,OCESCS,
"GXO02100I6　可成股票選擇權,2026/09,履約價210.0,買權",TWGXO2100I66,2026/04/16,期貨及選擇權,,OCESCS,
"GXO02150E6　可成股票選擇權,2026/05,履約價215.0,買權",TWGXO2150E69,2026/03/19,期貨及選擇權,,OCESCS,
"GXO02150F6　可成股票選擇權,2026/06,履約價215.0,買權",TWGXO2150F68,2026/04/16,期貨及選擇權,,OCESCS,
"GXO02200E6　可成股票選擇權,2026/05,履約價220.0,買權",TWGXO2200E69,2026/03/19,期貨及選擇權,,OCESCS,
"GXO02200F6　可成股票選擇權,2026/06,履約價220.0,買權",TWGXO2200F68,2026/01/22,期貨及選擇權,,OCESCS,
"GXO02200I6　可成股票選擇權,2026/09,履約價220.0,買權",TWGXO2200I65,2026/04/16,期貨及選擇權,,OCESCS,
"GXO02250E6　可成股票選擇權,2026/05,履約價225.0,買權",TWGXO2250E68,2026/03/30,期貨及選擇權,,OCESCS,
"GXO02250F6　可成股票選擇權,2026/06,履約價225.0,買權",TWGXO2250F67,2026/04/16,期貨及選擇權,,OCESCS,
"GXO02300E6　可成股票選擇權,2026/05,履約價230.0,買權",TWGXO2300E68,2026/04/15,期貨及選擇權,,OCESCS,
"GXO02300F6　可成股票選擇權,2026/06,履約價230.0,買權",TWGXO2300F67,2026/01/22,期貨及選擇權,,OCESCS,
"GXO02300I6　可成股票選擇權,2026/09,履約價230.0,買權",TWGXO2300I64,2026/04/16,期貨及選擇權,,OCESCS,
"GXO02350E6　可成股票選擇權,2026/05,履約價235.0,買權",TWGXO2350E67,2026/04/20,期貨及選擇權,,OCESCS,
"GXO02350F6　可成股票選擇權,2026/06,履約價235.0,買權",TWGXO2350F66,2026/04/20,期貨及選擇權,,OCESCS,
"GXO02400E6　可成股票選擇權,2026/05,履約價240.0,買權",TWGXO2400E67,2026/04/20,期貨及選擇權,,OCESCS,
"GXO02400F6　可成股票選擇權,2026/06,履約價240.0,買權",TWGXO2400F66,2026/01/22,期貨及選擇權,,OCESCS,
"GXO02400I6　可成股票選擇權,2026/09,履約價240.0,買權",TWGXO2400I63,2026/04/20,期貨及選擇權,,OCESCS,
"GXO02450E6　可成股票選擇權,2026/05,履約價245.0,買權",TWGXO2450E66,2026/04/20,期貨及選擇權,,OCESCS,
"GXO02450F6　可成股票選擇權,2026/06,履約價245.0,買權",TWGXO2450F65,2026/04/20,期貨及選擇權,,OCESCS,
"GXO02500E6　可成股票選擇權,2026/05,履約價250.0,買權",TWGXO2500E66,2026/04/20,期貨及選擇權,,OCESCS,
"GXO02500F6　可成股票選擇權,2026/06,履約價250.0,買權",TWGXO2500F65,2026/04/20,期貨及選擇權,,OCESCS,
"GXO02500I6　可成股票選擇權,2026/09,履約價250.0,買權",TWGXO2500I62,2026/04/20,期貨及選擇權,,OCESCS,
"HCO00320F6　宏達電股票選擇權,2026/06,履約價32.0,買權",TWHCO0320F61,2026/04/01,期貨及選擇權,,OCESCS,
"HCO00330E6　宏達電股票選擇權,2026/05,履約價33.0,買權",TWHCO0330E60,2026/04/01,期貨及選擇權,,OCESCS,
"HCO00340E6　宏達電股票選擇權,2026/05,履約價34.0,買權",TWHCO0340E68,2026/03/24,期貨及選擇權,,OCESCS,
"HCO00340F6　宏達電股票選擇權,2026/06,履約價34.0,買權",TWHCO0340F67,2026/03/05,期貨及選擇權,,OCESCS,
"HCO00340I6　宏達電股票選擇權,2026/09,履約價34.0,買權",TWHCO0340I64,2026/04/16,期貨及選擇權,,OCESCS,
"HCO00350E6　宏達電股票選擇權,2026/05,履約價35.0,買權",TWHCO0350E65,2026/03/20,期貨及選擇權,,OCESCS,
"HCO00350F6　宏達電股票選擇權,2026/06,履約價35.0,買權",TWHCO0350F64,2026/04/16,期貨及選擇權,,OCESCS,
"HCO00360E6　宏達電股票選擇權,2026/05,履約價36.0,買權",TWHCO0360E63,2026/03/19,期貨及選擇權,,OCESCS,
"HCO00360F6　宏達電股票選擇權,2026/06,履約價36.0,買權",TWHCO0360F62,2026/02/03,期貨及選擇權,,OCESCS,
"HCO00360I6　宏達電股票選擇權,2026/09,履約價36.0,買權",TWHCO0360I69,2026/04/16,期貨及選擇權,,OCESCS,
"HCO00370E6　宏達電股票選擇權,2026/05,履約價37.0,買權",TWHCO0370E61,2026/03/19,期貨及選擇權,,OCESCS,
"HCO00370F6　宏達電股票選擇權,2026/06,履約價37.0,買權",TWHCO0370F60,2026/04/16,期貨及選擇權,,OCESCS,
"HCO00380E6　宏達電股票選擇權,2026/05,履約價38.0,買權",TWHCO0380E69,2026/03/19,期貨及選擇權,,OCESCS,
"HCO00380F6　宏達電股票選擇權,2026/06,履約價38.0,買權",TWHCO0380F68,2026/01/22,期貨及選擇權,,OCESCS,
"HCO00380I6　宏達電股票選擇權,2026/09,履約價38.0,買權",TWHCO0380I65,2026/04/16,期貨及選擇權,,OCESCS,
"HCO00390E6　宏達電股票選擇權,2026/05,履約價39.0,買權",TWHCO0390E67,2026/03/19,期貨及選擇權,,OCESCS,
"HCO00390F6　宏達電股票選擇權,2026/06,履約價39.0,買權",TWHCO0390F66,2026/04/16,期貨及選擇權,,OCESCS,
"HCO00400E6　宏達電股票選擇權,2026/05,履約價40.0,買權",TWHCO0400E65,2026/03/19,期貨及選擇權,,OCESCS,
"HCO00400F6　宏達電股票選擇權,2026/06,履約價40.0,買權",TWHCO0400F64,2026/01/22,期貨及選擇權,,OCESCS,
"HCO00400I6　宏達電股票選擇權,2026/09,履約價40.0,買權",TWHCO0400I61,2026/04/16,期貨及選擇權,,OCESCS,
"HCO00410E6　宏達電股票選擇權,2026/05,履約價41.0,買權",TWHCO0410E63,2026/03/19,期貨及選擇權,,OCESCS,
"HCO00410F6　宏達電股票選擇權,2026/06,履約價41.0,買權",TWHCO0410F62,2026/04/16,期貨及選擇權,,OCESCS,
"HCO00420E6　宏達電股票選擇權,2026/05,履約價42.0,買權",TWHCO0420E61,2026/03/19,期貨及選擇權,,OCESCS,
"HCO00420F6　宏達電股票選擇權,2026/06,履約價42.0,買權",TWHCO0420F60,2026/01/22,期貨及選擇權,,OCESCS,
"HCO00420I6　宏達電股票選擇權,2026/09,履約價42.0,買權",TWHCO0420I67,2026/04/16,期貨及選擇權,,OCESCS,
"HCO00430E6　宏達電股票選擇權,2026/05,履約價43.0,買權",TWHCO0430E69,2026/03/19,期貨及選擇權,,OCESCS,
"HCO00430F6　宏達電股票選擇權,2026/06,履約價43.0,買權",TWHCO0430F68,2026/04/16,期貨及選擇權,,OCESCS,
"HCO00440E6　宏達電股票選擇權,2026/05,履約價44.0,買權",TWHCO0440E67,2026/03/19,期貨及選擇權,,OCESCS,
"HCO00440F6　宏達電股票選擇權,2026/06,履約價44.0,買權",TWHCO0440F66,2026/01/22,期貨及選擇權,,OCESCS,
"HCO00440I6　宏達電股票選擇權,2026/09,履約價44.0,買權",TWHCO0440I63,2026/04/16,期貨及選擇權,,OCESCS,
"HCO00450E6　宏達電股票選擇權,2026/05,履約價45.0,買權",TWHCO0450E64,2026/03/19,期貨及選擇權,,OCESCS,
"HCO00450F6　宏達電股票選擇權,2026/06,履約價45.0,買權",TWHCO0450F63,2026/04/16,期貨及選擇權,,OCESCS,
"HCO00460E6　宏達電股票選擇權,2026/05,履約價46.0,買權",TWHCO0460E62,2026/03/19,期貨及選擇權,,OCESCS,
"HCO00460F6　宏達電股票選擇權,2026/06,履約價46.0,買權",TWHCO0460F61,2026/01/22,期貨及選擇權,,OCESCS,
"HCO00460I6　宏達電股票選擇權,2026/09,履約價46.0,買權",TWHCO0460I68,2026/04/16,期貨及選擇權,,OCESCS,
"HCO00470E6　宏達電股票選擇權,2026/05,履約價47.0,買權",TWHCO0470E60,2026/03/19,期貨及選擇權,,OCESCS,
"HCO00470F6　宏達電股票選擇權,2026/06,履約價47.0,買權",TWHCO0470F69,2026/04/16,期貨及選擇權,,OCESCS,
"HCO00480E6　宏達電股票選擇權,2026/05,履約價48.0,買權",TWHCO0480E68,2026/03/19,期貨及選擇權,,OCESCS,
"HCO00480F6　宏達電股票選擇權,2026/06,履約價48.0,買權",TWHCO0480F67,2026/01/22,期貨及選擇權,,OCESCS,
"HCO00480I6　宏達電股票選擇權,2026/09,履約價48.0,買權",TWHCO0480I64,2026/04/16,期貨及選擇權,,OCESCS,
"HCO00490E6　宏達電股票選擇權,2026/05,履約價49.0,買權",TWHCO0490E66,2026/03/19,期貨及選擇權,,OCESCS,
"HCO00500E6　宏達電股票選擇權,2026/05,履約價50.0,買權",TWHCO0500E64,2026/03/19,期貨及選擇權,,OCESCS,
"HCO00500F6　宏達電股票選擇權,2026/06,履約價50.0,買權",TWHCO0500F63,2026/01/22,期貨及選擇權,,OCESCS,
"HCO00550F6　宏達電股票選擇權,2026/06,履約價55.0,買權",TWHCO0550F62,2026/01/22,期貨及選擇權,,OCESCS,
"HSO00260F6　長榮航股票選擇權,2026/06,履約價26.0,買權",TWHSO0260F65,2026/03/10,期貨及選擇權,,OCESCS,
"HSO00280E6　長榮航股票選擇權,2026/05,履約價28.0,買權",TWHSO0280E62,2026/04/01,期貨及選擇權,,OCESCS,
"HSO00280F6　長榮航股票選擇權,2026/06,履約價28.0,買權",TWHSO0280F61,2026/03/05,期貨及選擇權,,OCESCS,
"HSO00280I6　長榮航股票選擇權,2026/09,履約價28.0,買權",TWHSO0280I68,2026/04/16,期貨及選擇權,,OCESCS,
"HSO00290E6　長榮航股票選擇權,2026/05,履約價29.0,買權",TWHSO0290E60,2026/03/20,期貨及選擇權,,OCESCS,
"HSO00290F6　長榮航股票選擇權,2026/06,履約價29.0,買權",TWHSO0290F69,2026/04/16,期貨及選擇權,,OCESCS,
"HSO00300E6　長榮航股票選擇權,2026/05,履約價30.0,買權",TWHSO0300E68,2026/03/19,期貨及選擇權,,OCESCS,
"HSO00300F6　長榮航股票選擇權,2026/06,履約價30.0,買權",TWHSO0300F67,2026/02/02,期貨及選擇權,,OCESCS,
"HSO00300I6　長榮航股票選擇權,2026/09,履約價30.0,買權",TWHSO0300I64,2026/04/16,期貨及選擇權,,OCESCS,
"HSO00310E6　長榮航股票選擇權,2026/05,履約價31.0,買權",TWHSO0310E66,2026/03/19,期貨及選擇權,,OCESCS,
"HSO00310F6　長榮航股票選擇權,2026/06,履約價31.0,買權",TWHSO0310F65,2026/04/16,期貨及選擇權,,OCESCS,
"HSO00320E6　長榮航股票選擇權,2026/05,履約價32.0,買權",TWHSO0320E64,2026/03/19,期貨及選擇權,,OCESCS,
"HSO00320F6　長榮航股票選擇權,2026/06,履約價32.0,買權",TWHSO0320F63,2026/01/22,期貨及選擇權,,OCESCS,
"HSO00320I6　長榮航股票選擇權,2026/09,履約價32.0,買權",TWHSO0320I60,2026/04/16,期貨及選擇權,,OCESCS,
"HSO00330E6　長榮航股票選擇權,2026/05,履約價33.0,買權",TWHSO0330E62,2026/03/19,期貨及選擇權,,OCESCS,
"HSO00330F6　長榮航股票選擇權,2026/06,履約價33.0,買權",TWHSO0330F61,2026/04/16,期貨及選擇權,,OCESCS,
"HSO00340E6　長榮航股票選擇權,2026/05,履約價34.0,買權",TWHSO0340E60,2026/03/19,期貨及選擇權,,OCESCS,
"HSO00340F6　長榮航股票選擇權,2026/06,履約價34.0,買權",TWHSO0340F69,2026/01/22,期貨及選擇權,,OCESCS,
"HSO00340I6　長榮航股票選擇權,2026/09,履約價34.0,買權",TWHSO0340I66,2026/04/16,期貨及選擇權,,OCESCS,
"HSO00350E6　長榮航股票選擇權,2026/05,履約價35.0,買權",TWHSO0350E67,2026/03/19,期貨及選擇權,,OCESCS,
"HSO00350F6　長榮航股票選擇權,2026/06,履約價35.0,買權",TWHSO0350F66,2026/04/16,期貨及選擇權,,OCESCS,
"HSO00360E6　長榮航股票選擇權,2026/05,履約價36.0,買權",TWHSO0360E65,2026/03/19,期貨及選擇權,,OCESCS,
"HSO00360F6　長榮航股票選擇權,2026/06,履約價36.0,買權",TWHSO0360F64,2026/01/22,期貨及選擇權,,OCESCS,
"HSO00360I6　長榮航股票選擇權,2026/09,履約價36.0,買權",TWHSO0360I61,2026/04/16,期貨及選擇權,,OCESCS,
"HSO00370E6　長榮航股票選擇權,2026/05,履約價37.0,買權",TWHSO0370E63,2026/03/19,期貨及選擇權,,OCESCS,
"HSO00370F6　長榮航股票選擇權,2026/06,履約價37.0,買權",TWHSO0370F62,2026/04/16,期貨及選擇權,,OCESCS,
"HSO00380E6　長榮航股票選擇權,2026/05,履約價38.0,買權",TWHSO0380E61,2026/03/19,期貨及選擇權,,OCESCS,
"HSO00380F6　長榮航股票選擇權,2026/06,履約價38.0,買權",TWHSO0380F60,2026/01/22,期貨及選擇權,,OCESCS,
"HSO00380I6　長榮航股票選擇權,2026/09,履約價38.0,買權",TWHSO0380I67,2026/04/16,期貨及選擇權,,OCESCS,
"HSO00390E6　長榮航股票選擇權,2026/05,履約價39.0,買權",TWHSO0390E69,2026/03/19,期貨及選擇權,,OCESCS,
"HSO00390F6　長榮航股票選擇權,2026/06,履約價39.0,買權",TWHSO0390F68,2026/04/16,期貨及選擇權,,OCESCS,
"HSO00400E6　長榮航股票選擇權,2026/05,履約價40.0,買權",TWHSO0400E67,2026/03/19,期貨及選擇權,,OCESCS,
"HSO00400F6　長榮航股票選擇權,2026/06,履約價40.0,買權",TWHSO0400F66,2026/01/22,期貨及選擇權,,OCESCS,
"HSO00400I6　長榮航股票選擇權,2026/09,履約價40.0,買權",TWHSO0400I63,2026/04/16,期貨及選擇權,,OCESCS,
"HSO00410E6　長榮航股票選擇權,2026/05,履約價41.0,買權",TWHSO0410E65,2026/03/19,期貨及選擇權,,OCESCS,
"HSO00410F6　長榮航股票選擇權,2026/06,履約價41.0,買權",TWHSO0410F64,2026/04/17,期貨及選擇權,,OCESCS,
"HSO00420F6　長榮航股票選擇權,2026/06,履約價42.0,買權",TWHSO0420F62,2026/01/22,期貨及選擇權,,OCESCS,
"HSO00420I6　長榮航股票選擇權,2026/09,履約價42.0,買權",TWHSO0420I69,2026/04/17,期貨及選擇權,,OCESCS,
"HSO00440F6　長榮航股票選擇權,2026/06,履約價44.0,買權",TWHSO0440F68,2026/01/22,期貨及選擇權,,OCESCS,
"HSO00460F6　長榮航股票選擇權,2026/06,履約價46.0,買權",TWHSO0460F63,2026/01/22,期貨及選擇權,,OCESCS,
"IJO18000E6　大立光股票選擇權,2026/05,履約價1800.0,買權",TWIJO800AE65,2026/04/07,期貨及選擇權,,OCESCS,
"IJO18000F6　大立光股票選擇權,2026/06,履約價1800.0,買權",TWIJO800AF64,2026/03/24,期貨及選擇權,,OCESCS,
"IJO18200E6　大立光股票選擇權,2026/05,履約價1820.0,買權",TWIJO820AE61,2026/04/01,期貨及選擇權,,OCESCS,
"IJO18400E6　大立光股票選擇權,2026/05,履約價1840.0,買權",TWIJO840AE67,2026/03/31,期貨及選擇權,,OCESCS,
"IJO18600E6　大立光股票選擇權,2026/05,履約價1860.0,買權",TWIJO860AE62,2026/03/27,期貨及選擇權,,OCESCS,
"IJO18800E6　大立光股票選擇權,2026/05,履約價1880.0,買權",TWIJO880AE68,2026/03/24,期貨及選擇權,,OCESCS,
"IJO19000E6　大立光股票選擇權,2026/05,履約價1900.0,買權",TWIJO900AE64,2026/03/24,期貨及選擇權,,OCESCS,
"IJO19000F6　大立光股票選擇權,2026/06,履約價1900.0,買權",TWIJO900AF63,2026/02/04,期貨及選擇權,,OCESCS,
"IJO19200E6　大立光股票選擇權,2026/05,履約價1920.0,買權",TWIJO920AE60,2026/03/24,期貨及選擇權,,OCESCS,
"IJO19400E6　大立光股票選擇權,2026/05,履約價1940.0,買權",TWIJO940AE66,2026/03/24,期貨及選擇權,,OCESCS,
"IJO19600E6　大立光股票選擇權,2026/05,履約價1960.0,買權",TWIJO960AE61,2026/03/20,期貨及選擇權,,OCESCS,
"IJO19800E6　大立光股票選擇權,2026/05,履約價1980.0,買權",TWIJO980AE67,2026/03/20,期貨及選擇權,,OCESCS,
"IJO20000E6　大立光股票選擇權,2026/05,履約價2000.0,買權",TWIJO000BE62,2026/03/19,期貨及選擇權,,OCESCS,
"IJO20000F6　大立光股票選擇權,2026/06,履約價2000.0,買權",TWIJO000BF61,2026/01/22,期貨及選擇權,,OCESCS,
"IJO20500E6　大立光股票選擇權,2026/05,履約價2050.0,買權",TWIJO050BE61,2026/03/19,期貨及選擇權,,OCESCS,
"IJO21000E6　大立光股票選擇權,2026/05,履約價2100.0,買權",TWIJO100BE61,2026/03/19,期貨及選擇權,,OCESCS,
"IJO21000F6　大立光股票選擇權,2026/06,履約價2100.0,買權",TWIJO100BF60,2026/01/22,期貨及選擇權,,OCESCS,
"IJO21000I6　大立光股票選擇權,2026/09,履約價2100.0,買權",TWIJO100BI67,2026/04/23,期貨及選擇權,,OCESCS,
"IJO21500E6　大立光股票選擇權,2026/05,履約價2150.0,買權",TWIJO150BE60,2026/03/19,期貨及選擇權,,OCESCS,
"IJO21500F6　大立光股票選擇權,2026/06,履約價2150.0,買權",TWIJO150BF69,2026/04/23,期貨及選擇權,,OCESCS,
"IJO22000E6　大立光股票選擇權,2026/05,履約價2200.0,買權",TWIJO200BE60,2026/03/19,期貨及選擇權,,OCESCS,
"IJO22000F6　大立光股票選擇權,2026/06,履約價2200.0,買權",TWIJO200BF69,2026/01/22,期貨及選擇權,,OCESCS,
"IJO22000I6　大立光股票選擇權,2026/09,履約價2200.0,買權",TWIJO200BI66,2026/04/20,期貨及選擇權,,OCESCS,
"IJO22500E6　大立光股票選擇權,2026/05,履約價2250.0,買權",TWIJO250BE69,2026/03/19,期貨及選擇權,,OCESCS,
"IJO22500F6　大立光股票選擇權,2026/06,履約價2250.0,買權",TWIJO250BF68,2026/04/20,期貨及選擇權,,OCESCS,
"IJO23000E6　大立光股票選擇權,2026/05,履約價2300.0,買權",TWIJO300BE69,2026/03/19,期貨及選擇權,,OCESCS,
"IJO23000F6　大立光股票選擇權,2026/06,履約價2300.0,買權",TWIJO300BF68,2026/01/22,期貨及選擇權,,OCESCS,
"IJO23000I6　大立光股票選擇權,2026/09,履約價2300.0,買權",TWIJO300BI65,2026/04/16,期貨及選擇權,,OCESCS,
"IJO23500E6　大立光股票選擇權,2026/05,履約價2350.0,買權",TWIJO350BE68,2026/03/19,期貨及選擇權,,OCESCS,
"IJO23500F6　大立光股票選擇權,2026/06,履約價2350.0,買權",TWIJO350BF67,2026/04/16,期貨及選擇權,,OCESCS,
"IJO24000E6　大立光股票選擇權,2026/05,履約價2400.0,買權",TWIJO400BE68,2026/03/19,期貨及選擇權,,OCESCS,
"IJO24000F6　大立光股票選擇權,2026/06,履約價2400.0,買權",TWIJO400BF67,2026/01/22,期貨及選擇權,,OCESCS,
"IJO24000I6　大立光股票選擇權,2026/09,履約價2400.0,買權",TWIJO400BI64,2026/04/16,期貨及選擇權,,OCESCS,
"IJO24500E6　大立光股票選擇權,2026/05,履約價2450.0,買權",TWIJO450BE67,2026/03/19,期貨及選擇權,,OCESCS,
"IJO24500F6　大立光股票選擇權,2026/06,履約價2450.0,買權",TWIJO450BF66,2026/04/16,期貨及選擇權,,OCESCS,
"IJO25000E6　大立光股票選擇權,2026/05,履約價2500.0,買權",TWIJO500BE67,2026/03/19,期貨及選擇權,,OCESCS,
"IJO25000F6　大立光股票選擇權,2026/06,履約價2500.0,買權",TWIJO500BF66,2026/01/22,期貨及選擇權,,OCESCS,
"IJO25000I6　大立光股票選擇權,2026/09,履約價2500.0,買權",TWIJO500BI63,2026/04/16,期貨及選擇權,,OCESCS,
"IJO25500E6　大立光股票選擇權,2026/05,履約價2550.0,買權",TWIJO550BE66,2026/03/19,期貨及選擇權,,OCESCS,
"IJO25500F6　大立光股票選擇權,2026/06,履約價2550.0,買權",TWIJO550BF65,2026/04/16,期貨及選擇權,,OCESCS,
"IJO26000E6　大立光股票選擇權,2026/05,履約價2600.0,買權",TWIJO600BE66,2026/03/19,期貨及選擇權,,OCESCS,
"IJO26000F6　大立光股票選擇權,2026/06,履約價2600.0,買權",TWIJO600BF65,2026/01/22,期貨及選擇權,,OCESCS,
"IJO26000I6　大立光股票選擇權,2026/09,履約價2600.0,買權",TWIJO600BI62,2026/04/16,期貨及選擇權,,OCESCS,
"IJO26500E6　大立光股票選擇權,2026/05,履約價2650.0,買權",TWIJO650BE65,2026/03/19,期貨及選擇權,,OCESCS,
"IJO26500F6　大立光股票選擇權,2026/06,履約價2650.0,買權",TWIJO650BF64,2026/04/16,期貨及選擇權,,OCESCS,
"IJO27000E6　大立光股票選擇權,2026/05,履約價2700.0,買權",TWIJO700BE65,2026/03/19,期貨及選擇權,,OCESCS,
"IJO27000F6　大立光股票選擇權,2026/06,履約價2700.0,買權",TWIJO700BF64,2026/01/22,期貨及選擇權,,OCESCS,
"IJO27000I6　大立光股票選擇權,2026/09,履約價2700.0,買權",TWIJO700BI61,2026/04/16,期貨及選擇權,,OCESCS,
"IJO27500E6　大立光股票選擇權,2026/05,履約價2750.0,買權",TWIJO750BE64,2026/03/19,期貨及選擇權,,OCESCS,
"IJO27500F6　大立光股票選擇權,2026/06,履約價2750.0,買權",TWIJO750BF63,2026/04/16,期貨及選擇權,,OCESCS,
"IJO28000E6　大立光股票選擇權,2026/05,履約價2800.0,買權",TWIJO800BE64,2026/04/14,期貨及選擇權,,OCESCS,
"IJO28000F6　大立光股票選擇權,2026/06,履約價2800.0,買權",TWIJO800BF63,2026/01/22,期貨及選擇權,,OCESCS,
"IJO28000I6　大立光股票選擇權,2026/09,履約價2800.0,買權",TWIJO800BI60,2026/04/16,期貨及選擇權,,OCESCS,
"IJO28500E6　大立光股票選擇權,2026/05,履約價2850.0,買權",TWIJO850BE63,2026/04/15,期貨及選擇權,,OCESCS,
"IJO28500F6　大立光股票選擇權,2026/06,履約價2850.0,買權",TWIJO850BF62,2026/04/16,期貨及選擇權,,OCESCS,
"IJO29000E6　大立光股票選擇權,2026/05,履約價2900.0,買權",TWIJO900BE63,2026/04/15,期貨及選擇權,,OCESCS,
"IJO29000F6　大立光股票選擇權,2026/06,履約價2900.0,買權",TWIJO900BF62,2026/01/22,期貨及選擇權,,OCESCS,
"IJO29000I6　大立光股票選擇權,2026/09,履約價2900.0,買權",TWIJO900BI69,2026/04/16,期貨及選擇權,,OCESCS,
"IJO29500E6　大立光股票選擇權,2026/05,履約價2950.0,買權",TWIJO950BE62,2026/04/15,期貨及選擇權,,OCESCS,
"IJO29500F6　大立光股票選擇權,2026/06,履約價2950.0,買權",TWIJO950BF61,2026/04/16,期貨及選擇權,,OCESCS,
"IJO30000E6　大立光股票選擇權,2026/05,履約價3000.0,買權",TWIJO000CE61,2026/04/15,期貨及選擇權,,OCESCS,
"IJO30000F6　大立光股票選擇權,2026/06,履約價3000.0,買權",TWIJO000CF60,2026/04/15,期貨及選擇權,,OCESCS,
"IJO30000I6　大立光股票選擇權,2026/09,履約價3000.0,買權",TWIJO000CI67,2026/04/16,期貨及選擇權,,OCESCS,
"IJO30500E6　大立光股票選擇權,2026/05,履約價3050.0,買權",TWIJO050CE60,2026/04/15,期貨及選擇權,,OCESCS,
"IJO30500F6　大立光股票選擇權,2026/06,履約價3050.0,買權",TWIJO050CF69,2026/04/16,期貨及選擇權,,OCESCS,
"IJO31000E6　大立光股票選擇權,2026/05,履約價3100.0,買權",TWIJO100CE60,2026/04/15,期貨及選擇權,,OCESCS,
"IJO31000F6　大立光股票選擇權,2026/06,履約價3100.0,買權",TWIJO100CF69,2026/04/15,期貨及選擇權,,OCESCS,
"IJO31000I6　大立光股票選擇權,2026/09,履約價3100.0,買權",TWIJO100CI66,2026/04/16,期貨及選擇權,,OCESCS,
"IJO31500E6　大立光股票選擇權,2026/05,履約價3150.0,買權",TWIJO150CE69,2026/04/16,期貨及選擇權,,OCESCS,
"IJO31500F6　大立光股票選擇權,2026/06,履約價3150.0,買權",TWIJO150CF68,2026/04/16,期貨及選擇權,,OCESCS,
"IJO32000E6　大立光股票選擇權,2026/05,履約價3200.0,買權",TWIJO200CE69,2026/04/16,期貨及選擇權,,OCESCS,
"IJO32000F6　大立光股票選擇權,2026/06,履約價3200.0,買權",TWIJO200CF68,2026/04/16,期貨及選擇權,,OCESCS,
"IJO32000I6　大立光股票選擇權,2026/09,履約價3200.0,買權",TWIJO200CI65,2026/04/16,期貨及選擇權,,OCESCS,
"IJO32500E6　大立光股票選擇權,2026/05,履約價3250.0,買權",TWIJO250CE68,2026/04/16,期貨及選擇權,,OCESCS,
"IJO32500F6　大立光股票選擇權,2026/06,履約價3250.0,買權",TWIJO250CF67,2026/04/16,期貨及選擇權,,OCESCS,
"IJO33000I6　大立光股票選擇權,2026/09,履約價3300.0,買權",TWIJO300CI64,2026/04/16,期貨及選擇權,,OCESCS,
"IRO02600F6　欣興股票選擇權,2026/06,履約價260.0,買權",TWIRO2600F60,2026/01/22,期貨及選擇權,,OCESCS,
"IRO02800F6　欣興股票選擇權,2026/06,履約價280.0,買權",TWIRO2800F68,2026/01/22,期貨及選擇權,,OCESCS,
"IRO03000F6　欣興股票選擇權,2026/06,履約價300.0,買權",TWIRO3000F64,2026/01/22,期貨及選擇權,,OCESCS,
"IRO03200F6　欣興股票選擇權,2026/06,履約價320.0,買權",TWIRO3200F62,2026/01/22,期貨及選擇權,,OCESCS,
"IRO03400F6　欣興股票選擇權,2026/06,履約價340.0,買權",TWIRO3400F60,2026/01/22,期貨及選擇權,,OCESCS,
"IRO03600F6　欣興股票選擇權,2026/06,履約價360.0,買權",TWIRO3600F68,2026/01/22,期貨及選擇權,,OCESCS,
"IRO03700E6　欣興股票選擇權,2026/05,履約價370.0,買權",TWIRO3700E68,2026/04/01,期貨及選擇權,,OCESCS,
"IRO03800E6　欣興股票選擇權,2026/05,履約價380.0,買權",TWIRO3800E67,2026/04/01,期貨及選擇權,,OCESCS,
"IRO03800F6　欣興股票選擇權,2026/06,履約價380.0,買權",TWIRO3800F66,2026/01/22,期貨及選擇權,,OCESCS,
"IRO03900E6　欣興股票選擇權,2026/05,履約價390.0,買權",TWIRO3900E66,2026/03/25,期貨及選擇權,,OCESCS,
"IRO04000E6　欣興股票選擇權,2026/05,履約價400.0,買權",TWIRO4000E63,2026/03/25,期貨及選擇權,,OCESCS,
"IRO04000F6　欣興股票選擇權,2026/06,履約價400.0,買權",TWIRO4000F62,2026/01/26,期貨及選擇權,,OCESCS,
"IRO04100E6　欣興股票選擇權,2026/05,履約價410.0,買權",TWIRO4100E62,2026/03/25,期貨及選擇權,,OCESCS,
"IRO04200E6　欣興股票選擇權,2026/05,履約價420.0,買權",TWIRO4200E61,2026/03/24,期貨及選擇權,,OCESCS,
"IRO04200F6　欣興股票選擇權,2026/06,履約價420.0,買權",TWIRO4200F60,2026/01/28,期貨及選擇權,,OCESCS,
"IRO04300E6　欣興股票選擇權,2026/05,履約價430.0,買權",TWIRO4300E60,2026/03/24,期貨及選擇權,,OCESCS,
"IRO04400E6　欣興股票選擇權,2026/05,履約價440.0,買權",TWIRO4400E69,2026/03/24,期貨及選擇權,,OCESCS,
"IRO04400F6　欣興股票選擇權,2026/06,履約價440.0,買權",TWIRO4400F68,2026/01/29,期貨及選擇權,,OCESCS,
"IRO04500E6　欣興股票選擇權,2026/05,履約價450.0,買權",TWIRO4500E68,2026/03/24,期貨及選擇權,,OCESCS,
"IRO04600E6　欣興股票選擇權,2026/05,履約價460.0,買權",TWIRO4600E67,2026/03/24,期貨及選擇權,,OCESCS,
"IRO04600F6　欣興股票選擇權,2026/06,履約價460.0,買權",TWIRO4600F66,2026/02/04,期貨及選擇權,,OCESCS,
"IRO04700E6　欣興股票選擇權,2026/05,履約價470.0,買權",TWIRO4700E66,2026/03/23,期貨及選擇權,,OCESCS,
"IRO04800E6　欣興股票選擇權,2026/05,履約價480.0,買權",TWIRO4800E65,2026/03/23,期貨及選擇權,,OCESCS,
"IRO04800F6　欣興股票選擇權,2026/06,履約價480.0,買權",TWIRO4800F64,2026/02/24,期貨及選擇權,,OCESCS,
"IRO04900E6　欣興股票選擇權,2026/05,履約價490.0,買權",TWIRO4900E64,2026/03/19,期貨及選擇權,,OCESCS,
"IRO05000E6　欣興股票選擇權,2026/05,履約價500.0,買權",TWIRO5000E60,2026/03/19,期貨及選擇權,,OCESCS,
"IRO05000F6　欣興股票選擇權,2026/06,履約價500.0,買權",TWIRO5000F69,2026/02/25,期貨及選擇權,,OCESCS,
"IRO05100E6　欣興股票選擇權,2026/05,履約價510.0,買權",TWIRO5100E69,2026/03/19,期貨及選擇權,,OCESCS,
"IRO05200E6　欣興股票選擇權,2026/05,履約價520.0,買權",TWIRO5200E68,2026/03/19,期貨及選擇權,,OCESCS,
"IRO05200F6　欣興股票選擇權,2026/06,履約價520.0,買權",TWIRO5200F67,2026/02/25,期貨及選擇權,,OCESCS,
"IRO05200I6　欣興股票選擇權,2026/09,履約價520.0,買權",TWIRO5200I64,2026/04/16,期貨及選擇權,,OCESCS,
"IRO05300E6　欣興股票選擇權,2026/05,履約價530.0,買權",TWIRO5300E67,2026/03/19,期貨及選擇權,,OCESCS,
"IRO05300F6　欣興股票選擇權,2026/06,履約價530.0,買權",TWIRO5300F66,2026/04/16,期貨及選擇權,,OCESCS,
"IRO05400E6　欣興股票選擇權,2026/05,履約價540.0,買權",TWIRO5400E66,2026/03/19,期貨及選擇權,,OCESCS,
"IRO05400F6　欣興股票選擇權,2026/06,履約價540.0,買權",TWIRO5400F65,2026/02/26,期貨及選擇權,,OCESCS,
"IRO05400I6　欣興股票選擇權,2026/09,履約價540.0,買權",TWIRO5400I62,2026/04/16,期貨及選擇權,,OCESCS,
"IRO05500E6　欣興股票選擇權,2026/05,履約價550.0,買權",TWIRO5500E65,2026/03/19,期貨及選擇權,,OCESCS,
"IRO05500F6　欣興股票選擇權,2026/06,履約價550.0,買權",TWIRO5500F64,2026/04/16,期貨及選擇權,,OCESCS,
"IRO05600E6　欣興股票選擇權,2026/05,履約價560.0,買權",TWIRO5600E64,2026/03/19,期貨及選擇權,,OCESCS,
"IRO05600F6　欣興股票選擇權,2026/06,履約價560.0,買權",TWIRO5600F63,2026/03/02,期貨及選擇權,,OCESCS,
"IRO05600I6　欣興股票選擇權,2026/09,履約價560.0,買權",TWIRO5600I60,2026/04/16,期貨及選擇權,,OCESCS,
"IRO05700E6　欣興股票選擇權,2026/05,履約價570.0,買權",TWIRO5700E63,2026/03/19,期貨及選擇權,,OCESCS,
"IRO05700F6　欣興股票選擇權,2026/06,履約價570.0,買權",TWIRO5700F62,2026/04/16,期貨及選擇權,,OCESCS,
"IRO05800E6　欣興股票選擇權,2026/05,履約價580.0,買權",TWIRO5800E62,2026/03/19,期貨及選擇權,,OCESCS,
"IRO05800F6　欣興股票選擇權,2026/06,履約價580.0,買權",TWIRO5800F61,2026/03/16,期貨及選擇權,,OCESCS,
"IRO05800I6　欣興股票選擇權,2026/09,履約價580.0,買權",TWIRO5800I68,2026/04/16,期貨及選擇權,,OCESCS,
"IRO05900E6　欣興股票選擇權,2026/05,履約價590.0,買權",TWIRO5900E61,2026/03/19,期貨及選擇權,,OCESCS,
"IRO05900F6　欣興股票選擇權,2026/06,履約價590.0,買權",TWIRO5900F60,2026/04/16,期貨及選擇權,,OCESCS,
"IRO06000E6　欣興股票選擇權,2026/05,履約價600.0,買權",TWIRO6000E68,2026/03/19,期貨及選擇權,,OCESCS,
"IRO06000F6　欣興股票選擇權,2026/06,履約價600.0,買權",TWIRO6000F67,2026/03/16,期貨及選擇權,,OCESCS,
"IRO06000I6　欣興股票選擇權,2026/09,履約價600.0,買權",TWIRO6000I64,2026/04/16,期貨及選擇權,,OCESCS,
"IRO06100E6　欣興股票選擇權,2026/05,履約價610.0,買權",TWIRO6100E67,2026/03/19,期貨及選擇權,,OCESCS,
"IRO06100F6　欣興股票選擇權,2026/06,履約價610.0,買權",TWIRO6100F66,2026/04/16,期貨及選擇權,,OCESCS,
"IRO06200E6　欣興股票選擇權,2026/05,履約價620.0,買權",TWIRO6200E66,2026/03/19,期貨及選擇權,,OCESCS,
"IRO06200F6　欣興股票選擇權,2026/06,履約價620.0,買權",TWIRO6200F65,2026/03/17,期貨及選擇權,,OCESCS,
"IRO06200I6　欣興股票選擇權,2026/09,履約價620.0,買權",TWIRO6200I62,2026/04/16,期貨及選擇權,,OCESCS,
"IRO06300E6　欣興股票選擇權,2026/05,履約價630.0,買權",TWIRO6300E65,2026/03/19,期貨及選擇權,,OCESCS,
"IRO06300F6　欣興股票選擇權,2026/06,履約價630.0,買權",TWIRO6300F64,2026/04/16,期貨及選擇權,,OCESCS,
"IRO06400E6　欣興股票選擇權,2026/05,履約價640.0,買權",TWIRO6400E64,2026/03/19,期貨及選擇權,,OCESCS,
"IRO06400F6　欣興股票選擇權,2026/06,履約價640.0,買權",TWIRO6400F63,2026/03/17,期貨及選擇權,,OCESCS,
"IRO06400I6　欣興股票選擇權,2026/09,履約價640.0,買權",TWIRO6400I60,2026/04/16,期貨及選擇權,,OCESCS,
"IRO06500E6　欣興股票選擇權,2026/05,履約價650.0,買權",TWIRO6500E63,2026/03/19,期貨及選擇權,,OCESCS,
"IRO06500F6　欣興股票選擇權,2026/06,履約價650.0,買權",TWIRO6500F62,2026/04/16,期貨及選擇權,,OCESCS,
"IRO06600E6　欣興股票選擇權,2026/05,履約價660.0,買權",TWIRO6600E62,2026/03/19,期貨及選擇權,,OCESCS,
"IRO06600F6　欣興股票選擇權,2026/06,履約價660.0,買權",TWIRO6600F61,2026/03/19,期貨及選擇權,,OCESCS,
"IRO06600I6　欣興股票選擇權,2026/09,履約價660.0,買權",TWIRO6600I68,2026/04/16,期貨及選擇權,,OCESCS,
"IRO06700E6　欣興股票選擇權,2026/05,履約價670.0,買權",TWIRO6700E61,2026/03/19,期貨及選擇權,,OCESCS,
"IRO06700F6　欣興股票選擇權,2026/06,履約價670.0,買權",TWIRO6700F60,2026/04/16,期貨及選擇權,,OCESCS,
"IRO06800E6　欣興股票選擇權,2026/05,履約價680.0,買權",TWIRO6800E60,2026/04/09,期貨及選擇權,,OCESCS,
"IRO06800F6　欣興股票選擇權,2026/06,履約價680.0,買權",TWIRO6800F69,2026/03/19,期貨及選擇權,,OCESCS,
"IRO06800I6　欣興股票選擇權,2026/09,履約價680.0,買權",TWIRO6800I66,2026/04/16,期貨及選擇權,,OCESCS,
"IRO06900E6　欣興股票選擇權,2026/05,履約價690.0,買權",TWIRO6900E69,2026/04/09,期貨及選擇權,,OCESCS,
"IRO06900F6　欣興股票選擇權,2026/06,履約價690.0,買權",TWIRO6900F68,2026/04/16,期貨及選擇權,,OCESCS,
"IRO07000E6　欣興股票選擇權,2026/05,履約價700.0,買權",TWIRO7000E66,2026/04/09,期貨及選擇權,,OCESCS,
"IRO07000F6　欣興股票選擇權,2026/06,履約價700.0,買權",TWIRO7000F65,2026/04/09,期貨及選擇權,,OCESCS,
"IRO07000I6　欣興股票選擇權,2026/09,履約價700.0,買權",TWIRO7000I62,2026/04/16,期貨及選擇權,,OCESCS,
"IRO07100E6　欣興股票選擇權,2026/05,履約價710.0,買權",TWIRO7100E65,2026/04/09,期貨及選擇權,,OCESCS,
"IRO07100F6　欣興股票選擇權,2026/06,履約價710.0,買權",TWIRO7100F64,2026/04/16,期貨及選擇權,,OCESCS,
"IRO07200E6　欣興股票選擇權,2026/05,履約價720.0,買權",TWIRO7200E64,2026/04/09,期貨及選擇權,,OCESCS,
"IRO07200F6　欣興股票選擇權,2026/06,履約價720.0,買權",TWIRO7200F63,2026/04/09,期貨及選擇權,,OCESCS,
"IRO07200I6　欣興股票選擇權,2026/09,履約價720.0,買權",TWIRO7200I60,2026/04/16,期貨及選擇權,,OCESCS,
"IRO07300E6　欣興股票選擇權,2026/05,履約價730.0,買權",TWIRO7300E63,2026/04/13,期貨及選擇權,,OCESCS,
"IRO07300F6　欣興股票選擇權,2026/06,履約價730.0,買權",TWIRO7300F62,2026/04/17,期貨及選擇權,,OCESCS,
"IRO07400E6　欣興股票選擇權,2026/05,履約價740.0,買權",TWIRO7400E62,2026/04/13,期貨及選擇權,,OCESCS,
"IRO07400F6　欣興股票選擇權,2026/06,履約價740.0,買權",TWIRO7400F61,2026/04/13,期貨及選擇權,,OCESCS,
"IRO07400I6　欣興股票選擇權,2026/09,履約價740.0,買權",TWIRO7400I68,2026/04/17,期貨及選擇權,,OCESCS,
"IRO07500E6　欣興股票選擇權,2026/05,履約價750.0,買權",TWIRO7500E61,2026/04/17,期貨及選擇權,,OCESCS,
"IRO07500F6　欣興股票選擇權,2026/06,履約價750.0,買權",TWIRO7500F60,2026/04/17,期貨及選擇權,,OCESCS,
"IRO07600E6　欣興股票選擇權,2026/05,履約價760.0,買權",TWIRO7600E60,2026/04/21,期貨及選擇權,,OCESCS,
"IRO07600F6　欣興股票選擇權,2026/06,履約價760.0,買權",TWIRO7600F69,2026/04/21,期貨及選擇權,,OCESCS,
"IRO07600I6　欣興股票選擇權,2026/09,履約價760.0,買權",TWIRO7600I66,2026/04/17,期貨及選擇權,,OCESCS,
"IRO07700E6　欣興股票選擇權,2026/05,履約價770.0,買權",TWIRO7700E69,2026/04/21,期貨及選擇權,,OCESCS,
"IRO07700F6　欣興股票選擇權,2026/06,履約價770.0,買權",TWIRO7700F68,2026/04/21,期貨及選擇權,,OCESCS,
"IRO07800E6　欣興股票選擇權,2026/05,履約價780.0,買權",TWIRO7800E68,2026/04/21,期貨及選擇權,,OCESCS,
"IRO07800F6　欣興股票選擇權,2026/06,履約價780.0,買權",TWIRO7800F67,2026/04/21,期貨及選擇權,,OCESCS,
"IRO07800I6　欣興股票選擇權,2026/09,履約價780.0,買權",TWIRO7800I64,2026/04/21,期貨及選擇權,,OCESCS,
"IRO07900E6　欣興股票選擇權,2026/05,履約價790.0,買權",TWIRO7900E67,2026/04/22,期貨及選擇權,,OCESCS,
"IRO07900F6　欣興股票選擇權,2026/06,履約價790.0,買權",TWIRO7900F66,2026/04/22,期貨及選擇權,,OCESCS,
"IRO08000E6　欣興股票選擇權,2026/05,履約價800.0,買權",TWIRO8000E64,2026/04/22,期貨及選擇權,,OCESCS,
"IRO08000F6　欣興股票選擇權,2026/06,履約價800.0,買權",TWIRO8000F63,2026/04/22,期貨及選擇權,,OCESCS,
"IRO08000I6　欣興股票選擇權,2026/09,履約價800.0,買權",TWIRO8000I60,2026/04/22,期貨及選擇權,,OCESCS,
"IRO08100E6　欣興股票選擇權,2026/05,履約價810.0,買權",TWIRO8100E63,2026/04/22,期貨及選擇權,,OCESCS,
"IRO08100F6　欣興股票選擇權,2026/06,履約價810.0,買權",TWIRO8100F62,2026/04/22,期貨及選擇權,,OCESCS,
"IRO08200E6　欣興股票選擇權,2026/05,履約價820.0,買權",TWIRO8200E62,2026/04/22,期貨及選擇權,,OCESCS,
"IRO08200F6　欣興股票選擇權,2026/06,履約價820.0,買權",TWIRO8200F61,2026/04/22,期貨及選擇權,,OCESCS,
"IRO08200I6　欣興股票選擇權,2026/09,履約價820.0,買權",TWIRO8200I68,2026/04/22,期貨及選擇權,,OCESCS,
"IRO08300E6　欣興股票選擇權,2026/05,履約價830.0,買權",TWIRO8300E61,2026/04/23,期貨及選擇權,,OCESCS,
"IRO08300F6　欣興股票選擇權,2026/06,履約價830.0,買權",TWIRO8300F60,2026/04/23,期貨及選擇權,,OCESCS,
"IRO08400E6　欣興股票選擇權,2026/05,履約價840.0,買權",TWIRO8400E60,2026/04/24,期貨及選擇權,,OCESCS,
"IRO08400F6　欣興股票選擇權,2026/06,履約價840.0,買權",TWIRO8400F69,2026/04/24,期貨及選擇權,,OCESCS,
"IRO08400I6　欣興股票選擇權,2026/09,履約價840.0,買權",TWIRO8400I66,2026/04/23,期貨及選擇權,,OCESCS,
"IRO08500E6　欣興股票選擇權,2026/05,履約價850.0,買權",TWIRO8500E69,2026/04/27,期貨及選擇權,,OCESCS,
"IRO08500F6　欣興股票選擇權,2026/06,履約價850.0,買權",TWIRO8500F68,2026/04/27,期貨及選擇權,,OCESCS,
"IRO08600E6　欣興股票選擇權,2026/05,履約價860.0,買權",TWIRO8600E68,2026/04/27,期貨及選擇權,,OCESCS,
"IRO08600F6　欣興股票選擇權,2026/06,履約價860.0,買權",TWIRO8600F67,2026/04/27,期貨及選擇權,,OCESCS,
"IRO08600I6　欣興股票選擇權,2026/09,履約價860.0,買權",TWIRO8600I64,2026/04/27,期貨及選擇權,,OCESCS,
"IRO08700E6　欣興股票選擇權,2026/05,履約價870.0,買權",TWIRO8700E67,2026/04/27,期貨及選擇權,,OCESCS,
"IRO08700F6　欣興股票選擇權,2026/06,履約價870.0,買權",TWIRO8700F66,2026/04/27,期貨及選擇權,,OCESCS,
"IRO08800E6　欣興股票選擇權,2026/05,履約價880.0,買權",TWIRO8800E66,2026/04/27,期貨及選擇權,,OCESCS,
"IRO08800F6　欣興股票選擇權,2026/06,履約價880.0,買權",TWIRO8800F65,2026/04/27,期貨及選擇權,,OCESCS,
"IRO08800I6　欣興股票選擇權,2026/09,履約價880.0,買權",TWIRO8800I62,2026/04/27,期貨及選擇權,,OCESCS,
"IRO08900E6　欣興股票選擇權,2026/05,履約價890.0,買權",TWIRO8900E65,2026/04/27,期貨及選擇權,,OCESCS,
"IRO08900F6　欣興股票選擇權,2026/06,履約價890.0,買權",TWIRO8900F64,2026/04/27,期貨及選擇權,,OCESCS,
"IRO09000E6　欣興股票選擇權,2026/05,履約價900.0,買權",TWIRO9000E62,2026/04/27,期貨及選擇權,,OCESCS,
"IRO09000F6　欣興股票選擇權,2026/06,履約價900.0,買權",TWIRO9000F61,2026/04/27,期貨及選擇權,,OCESCS,
"IRO09000I6　欣興股票選擇權,2026/09,履約價900.0,買權",TWIRO9000I68,2026/04/27,期貨及選擇權,,OCESCS,
"IRO09100E6　欣興股票選擇權,2026/05,履約價910.0,買權",TWIRO9100E61,2026/04/27,期貨及選擇權,,OCESCS,
"IRO09100F6　欣興股票選擇權,2026/06,履約價910.0,買權",TWIRO9100F60,2026/04/27,期貨及選擇權,,OCESCS,
"IRO09200E6　欣興股票選擇權,2026/05,履約價920.0,買權",TWIRO9200E60,2026/04/28,期貨及選擇權,,OCESCS,
"IRO09200F6　欣興股票選擇權,2026/06,履約價920.0,買權",TWIRO9200F69,2026/04/28,期貨及選擇權,,OCESCS,
"IRO09200I6　欣興股票選擇權,2026/09,履約價920.0,買權",TWIRO9200I66,2026/04/27,期貨及選擇權,,OCESCS,
"IRO09300E6　欣興股票選擇權,2026/05,履約價930.0,買權",TWIRO9300E69,2026/04/28,期貨及選擇權,,OCESCS,
"IRO09300F6　欣興股票選擇權,2026/06,履約價930.0,買權",TWIRO9300F68,2026/04/28,期貨及選擇權,,OCESCS,
"IRO09400E6　欣興股票選擇權,2026/05,履約價940.0,買權",TWIRO9400E68,2026/04/28,期貨及選擇權,,OCESCS,
"IRO09400F6　欣興股票選擇權,2026/06,履約價940.0,買權",TWIRO9400F67,2026/04/28,期貨及選擇權,,OCESCS,
"IRO09400I6　欣興股票選擇權,2026/09,履約價940.0,買權",TWIRO9400I64,2026/04/28,期貨及選擇權,,OCESCS,
"IRO09500E6　欣興股票選擇權,2026/05,履約價950.0,買權",TWIRO9500E67,2026/04/28,期貨及選擇權,,OCESCS,
"IRO09500F6　欣興股票選擇權,2026/06,履約價950.0,買權",TWIRO9500F66,2026/04/28,期貨及選擇權,,OCESCS,
"IRO09600E6　欣興股票選擇權,2026/05,履約價960.0,買權",TWIRO9600E66,2026/04/28,期貨及選擇權,,OCESCS,
"IRO09600F6　欣興股票選擇權,2026/06,履約價960.0,買權",TWIRO9600F65,2026/04/28,期貨及選擇權,,OCESCS,
"IRO09600I6　欣興股票選擇權,2026/09,履約價960.0,買權",TWIRO9600I62,2026/04/28,期貨及選擇權,,OCESCS,
"IRO09700E6　欣興股票選擇權,2026/05,履約價970.0,買權",TWIRO9700E65,2026/04/28,期貨及選擇權,,OCESCS,
"IRO09700F6　欣興股票選擇權,2026/06,履約價970.0,買權",TWIRO9700F64,2026/04/28,期貨及選擇權,,OCESCS,
"IRO09800E6　欣興股票選擇權,2026/05,履約價980.0,買權",TWIRO9800E64,2026/05/04,期貨及選擇權,,OCESCS,
"IRO09800F6　欣興股票選擇權,2026/06,履約價980.0,買權",TWIRO9800F63,2026/05/04,期貨及選擇權,,OCESCS,
"IRO09800I6　欣興股票選擇權,2026/09,履約價980.0,買權",TWIRO9800I60,2026/04/28,期貨及選擇權,,OCESCS,
"IRO09900E6　欣興股票選擇權,2026/05,履約價990.0,買權",TWIRO9900E63,2026/05/04,期貨及選擇權,,OCESCS,
"IRO09900F6　欣興股票選擇權,2026/06,履約價990.0,買權",TWIRO9900F62,2026/05/04,期貨及選擇權,,OCESCS,
"IRO10000E6　欣興股票選擇權,2026/05,履約價1000.0,買權",TWIRO000AE66,2026/05/04,期貨及選擇權,,OCESCS,
"IRO10000F6　欣興股票選擇權,2026/06,履約價1000.0,買權",TWIRO000AF65,2026/05/04,期貨及選擇權,,OCESCS,
"IRO10000I6　欣興股票選擇權,2026/09,履約價1000.0,買權",TWIRO000AI62,2026/05/04,期貨及選擇權,,OCESCS,
"IRO10200E6　欣興股票選擇權,2026/05,履約價1020.0,買權",TWIRO020AE62,2026/05/04,期貨及選擇權,,OCESCS,
"IRO10200F6　欣興股票選擇權,2026/06,履約價1020.0,買權",TWIRO020AF61,2026/05/04,期貨及選擇權,,OCESCS,
"IRO10400E6　欣興股票選擇權,2026/05,履約價1040.0,買權",TWIRO040AE68,2026/05/05,期貨及選擇權,,OCESCS,
"IRO10400F6　欣興股票選擇權,2026/06,履約價1040.0,買權",TWIRO040AF67,2026/05/05,期貨及選擇權,,OCESCS,
"IRO10600E6　欣興股票選擇權,2026/05,履約價1060.0,買權",TWIRO060AE63,2026/05/05,期貨及選擇權,,OCESCS,
"IRO10600F6　欣興股票選擇權,2026/06,履約價1060.0,買權",TWIRO060AF62,2026/05/05,期貨及選擇權,,OCESCS,
"IRO11000I6　欣興股票選擇權,2026/09,履約價1100.0,買權",TWIRO100AI61,2026/05/04,期貨及選擇權,,OCESCS,
"OZO02400F6　日月光投控選擇權,2026/06,履約價240.0,買權",TWOZO2400F64,2026/01/22,期貨及選擇權,,OCESCS,
"OZO02500F6　日月光投控選擇權,2026/06,履約價250.0,買權",TWOZO2500F63,2026/01/22,期貨及選擇權,,OCESCS,
"OZO02600F6　日月光投控選擇權,2026/06,履約價260.0,買權",TWOZO2600F62,2026/01/22,期貨及選擇權,,OCESCS,
"OZO02700E6　日月光投控選擇權,2026/05,履約價270.0,買權",TWOZO2700E62,2026/04/01,期貨及選擇權,,OCESCS,
"OZO02800E6　日月光投控選擇權,2026/05,履約價280.0,買權",TWOZO2800E61,2026/03/24,期貨及選擇權,,OCESCS,
"OZO02800F6　日月光投控選擇權,2026/06,履約價280.0,買權",TWOZO2800F60,2026/01/22,期貨及選擇權,,OCESCS,
"OZO02900E6　日月光投控選擇權,2026/05,履約價290.0,買權",TWOZO2900E60,2026/03/20,期貨及選擇權,,OCESCS,
"OZO03000E6　日月光投控選擇權,2026/05,履約價300.0,買權",TWOZO3000E67,2026/03/19,期貨及選擇權,,OCESCS,
"OZO03000F6　日月光投控選擇權,2026/06,履約價300.0,買權",TWOZO3000F66,2026/01/22,期貨及選擇權,,OCESCS,
"OZO03100E6　日月光投控選擇權,2026/05,履約價310.0,買權",TWOZO3100E66,2026/03/19,期貨及選擇權,,OCESCS,
"OZO03200E6　日月光投控選擇權,2026/05,履約價320.0,買權",TWOZO3200E65,2026/03/19,期貨及選擇權,,OCESCS,
"OZO03200F6　日月光投控選擇權,2026/06,履約價320.0,買權",TWOZO3200F64,2026/01/22,期貨及選擇權,,OCESCS,
"OZO03300E6　日月光投控選擇權,2026/05,履約價330.0,買權",TWOZO3300E64,2026/03/19,期貨及選擇權,,OCESCS,
"OZO03400E6　日月光投控選擇權,2026/05,履約價340.0,買權",TWOZO3400E63,2026/03/19,期貨及選擇權,,OCESCS,
"OZO03400F6　日月光投控選擇權,2026/06,履約價340.0,買權",TWOZO3400F62,2026/01/22,期貨及選擇權,,OCESCS,
"OZO03500E6　日月光投控選擇權,2026/05,履約價350.0,買權",TWOZO3500E62,2026/03/19,期貨及選擇權,,OCESCS,
"OZO03600E6　日月光投控選擇權,2026/05,履約價360.0,買權",TWOZO3600E61,2026/03/19,期貨及選擇權,,OCESCS,
"OZO03600F6　日月光投控選擇權,2026/06,履約價360.0,買權",TWOZO3600F60,2026/01/23,期貨及選擇權,,OCESCS,
"OZO03600I6　日月光投控選擇權,2026/09,履約價360.0,買權",TWOZO3600I67,2026/04/16,期貨及選擇權,,OCESCS,
"OZO03700E6　日月光投控選擇權,2026/05,履約價370.0,買權",TWOZO3700E60,2026/03/19,期貨及選擇權,,OCESCS,
"OZO03700F6　日月光投控選擇權,2026/06,履約價370.0,買權",TWOZO3700F69,2026/04/16,期貨及選擇權,,OCESCS,
"OZO03800E6　日月光投控選擇權,2026/05,履約價380.0,買權",TWOZO3800E69,2026/03/19,期貨及選擇權,,OCESCS,
"OZO03800F6　日月光投控選擇權,2026/06,履約價380.0,買權",TWOZO3800F68,2026/01/29,期貨及選擇權,,OCESCS,
"OZO03800I6　日月光投控選擇權,2026/09,履約價380.0,買權",TWOZO3800I65,2026/04/16,期貨及選擇權,,OCESCS,
"OZO03900E6　日月光投控選擇權,2026/05,履約價390.0,買權",TWOZO3900E68,2026/03/19,期貨及選擇權,,OCESCS,
"OZO03900F6　日月光投控選擇權,2026/06,履約價390.0,買權",TWOZO3900F67,2026/04/16,期貨及選擇權,,OCESCS,
"OZO04000E6　日月光投控選擇權,2026/05,履約價400.0,買權",TWOZO4000E65,2026/03/19,期貨及選擇權,,OCESCS,
"OZO04000F6　日月光投控選擇權,2026/06,履約價400.0,買權",TWOZO4000F64,2026/02/11,期貨及選擇權,,OCESCS,
"OZO04000I6　日月光投控選擇權,2026/09,履約價400.0,買權",TWOZO4000I61,2026/04/16,期貨及選擇權,,OCESCS,
"OZO04100E6　日月光投控選擇權,2026/05,履約價410.0,買權",TWOZO4100E64,2026/03/19,期貨及選擇權,,OCESCS,
"OZO04100F6　日月光投控選擇權,2026/06,履約價410.0,買權",TWOZO4100F63,2026/04/16,期貨及選擇權,,OCESCS,
"OZO04200E6　日月光投控選擇權,2026/05,履約價420.0,買權",TWOZO4200E63,2026/03/19,期貨及選擇權,,OCESCS,
"OZO04200F6　日月光投控選擇權,2026/06,履約價420.0,買權",TWOZO4200F62,2026/02/23,期貨及選擇權,,OCESCS,
"OZO04200I6　日月光投控選擇權,2026/09,履約價420.0,買權",TWOZO4200I69,2026/04/16,期貨及選擇權,,OCESCS,
"OZO04300E6　日月光投控選擇權,2026/05,履約價430.0,買權",TWOZO4300E62,2026/04/09,期貨及選擇權,,OCESCS,
"OZO04300F6　日月光投控選擇權,2026/06,履約價430.0,買權",TWOZO4300F61,2026/04/16,期貨及選擇權,,OCESCS,
"OZO04400E6　日月光投控選擇權,2026/05,履約價440.0,買權",TWOZO4400E61,2026/04/09,期貨及選擇權,,OCESCS,
"OZO04400F6　日月光投控選擇權,2026/06,履約價440.0,買權",TWOZO4400F60,2026/02/25,期貨及選擇權,,OCESCS,
"OZO04400I6　日月光投控選擇權,2026/09,履約價440.0,買權",TWOZO4400I67,2026/04/16,期貨及選擇權,,OCESCS,
"OZO04500E6　日月光投控選擇權,2026/05,履約價450.0,買權",TWOZO4500E60,2026/04/09,期貨及選擇權,,OCESCS,
"OZO04500F6　日月光投控選擇權,2026/06,履約價450.0,買權",TWOZO4500F69,2026/04/16,期貨及選擇權,,OCESCS,
"OZO04600E6　日月光投控選擇權,2026/05,履約價460.0,買權",TWOZO4600E69,2026/04/10,期貨及選擇權,,OCESCS,
"OZO04600F6　日月光投控選擇權,2026/06,履約價460.0,買權",TWOZO4600F68,2026/02/26,期貨及選擇權,,OCESCS,
"OZO04600I6　日月光投控選擇權,2026/09,履約價460.0,買權",TWOZO4600I65,2026/04/16,期貨及選擇權,,OCESCS,
"OZO04700E6　日月光投控選擇權,2026/05,履約價470.0,買權",TWOZO4700E68,2026/04/14,期貨及選擇權,,OCESCS,
"OZO04700F6　日月光投控選擇權,2026/06,履約價470.0,買權",TWOZO4700F67,2026/04/16,期貨及選擇權,,OCESCS,
"OZO04800E6　日月光投控選擇權,2026/05,履約價480.0,買權",TWOZO4800E67,2026/04/14,期貨及選擇權,,OCESCS,
"OZO04800F6　日月光投控選擇權,2026/06,履約價480.0,買權",TWOZO4800F66,2026/04/14,期貨及選擇權,,OCESCS,
"OZO04800I6　日月光投控選擇權,2026/09,履約價480.0,買權",TWOZO4800I63,2026/04/16,期貨及選擇權,,OCESCS,
"OZO04900E6　日月光投控選擇權,2026/05,履約價490.0,買權",TWOZO4900E66,2026/04/14,期貨及選擇權,,OCESCS,
"OZO04900F6　日月光投控選擇權,2026/06,履約價490.0,買權",TWOZO4900F65,2026/04/16,期貨及選擇權,,OCESCS,
"OZO05000E6　日月光投控選擇權,2026/05,履約價500.0,買權",TWOZO5000E62,2026/04/16,期貨及選擇權,,OCESCS,
"OZO05000F6　日月光投控選擇權,2026/06,履約價500.0,買權",TWOZO5000F61,2026/04/14,期貨及選擇權,,OCESCS,
"OZO05000I6　日月光投控選擇權,2026/09,履約價500.0,買權",TWOZO5000I68,2026/04/16,期貨及選擇權,,OCESCS,
"OZO05100E6　日月光投控選擇權,2026/05,履約價510.0,買權",TWOZO5100E61,2026/04/16,期貨及選擇權,,OCESCS,
"OZO05100F6　日月光投控選擇權,2026/06,履約價510.0,買權",TWOZO5100F60,2026/04/16,期貨及選擇權,,OCESCS,
"OZO05200E6　日月光投控選擇權,2026/05,履約價520.0,買權",TWOZO5200E60,2026/04/16,期貨及選擇權,,OCESCS,
"OZO05200F6　日月光投控選擇權,2026/06,履約價520.0,買權",TWOZO5200F69,2026/04/16,期貨及選擇權,,OCESCS,
"OZO05200I6　日月光投控選擇權,2026/09,履約價520.0,買權",TWOZO5200I66,2026/04/16,期貨及選擇權,,OCESCS,
"OZO05300E6　日月光投控選擇權,2026/05,履約價530.0,買權",TWOZO5300E69,2026/04/21,期貨及選擇權,,OCESCS,
"OZO05300F6　日月光投控選擇權,2026/06,履約價530.0,買權",TWOZO5300F68,2026/04/21,期貨及選擇權,,OCESCS,
"OZO05400E6　日月光投控選擇權,2026/05,履約價540.0,買權",TWOZO5400E68,2026/04/21,期貨及選擇權,,OCESCS,
"OZO05400F6　日月光投控選擇權,2026/06,履約價540.0,買權",TWOZO5400F67,2026/04/21,期貨及選擇權,,OCESCS,
"OZO05400I6　日月光投控選擇權,2026/09,履約價540.0,買權",TWOZO5400I64,2026/04/21,期貨及選擇權,,OCESCS,
"OZO05500E6　日月光投控選擇權,2026/05,履約價550.0,買權",TWOZO5500E67,2026/04/22,期貨及選擇權,,OCESCS,
"OZO05500F6　日月光投控選擇權,2026/06,履約價550.0,買權",TWOZO5500F66,2026/04/22,期貨及選擇權,,OCESCS,
"OZO05600E6　日月光投控選擇權,2026/05,履約價560.0,買權",TWOZO5600E66,2026/04/27,期貨及選擇權,,OCESCS,
"OZO05600F6　日月光投控選擇權,2026/06,履約價560.0,買權",TWOZO5600F65,2026/04/27,期貨及選擇權,,OCESCS,
"OZO05600I6　日月光投控選擇權,2026/09,履約價560.0,買權",TWOZO5600I62,2026/04/22,期貨及選擇權,,OCESCS,
"OZO05700E6　日月光投控選擇權,2026/05,履約價570.0,買權",TWOZO5700E65,2026/04/27,期貨及選擇權,,OCESCS,
"OZO05700F6　日月光投控選擇權,2026/06,履約價570.0,買權",TWOZO5700F64,2026/04/27,期貨及選擇權,,OCESCS,
"OZO05800E6　日月光投控選擇權,2026/05,履約價580.0,買權",TWOZO5800E64,2026/04/27,期貨及選擇權,,OCESCS,
"OZO05800F6　日月光投控選擇權,2026/06,履約價580.0,買權",TWOZO5800F63,2026/04/27,期貨及選擇權,,OCESCS,
"OZO05800I6　日月光投控選擇權,2026/09,履約價580.0,買權",TWOZO5800I60,2026/04/27,期貨及選擇權,,OCESCS,
"OZO05900E6　日月光投控選擇權,2026/05,履約價590.0,買權",TWOZO5900E63,2026/05/05,期貨及選擇權,,OCESCS,
"OZO05900F6　日月光投控選擇權,2026/06,履約價590.0,買權",TWOZO5900F62,2026/05/05,期貨及選擇權,,OCESCS,
"OZO06000E6　日月光投控選擇權,2026/05,履約價600.0,買權",TWOZO6000E60,2026/05/05,期貨及選擇權,,OCESCS,
"OZO06000F6　日月光投控選擇權,2026/06,履約價600.0,買權",TWOZO6000F69,2026/05/05,期貨及選擇權,,OCESCS,
"OZO06000I6　日月光投控選擇權,2026/09,履約價600.0,買權",TWOZO6000I66,2026/05/05,期貨及選擇權,,OCESCS,
"OZO06100E6　日月光投控選擇權,2026/05,履約價610.0,買權",TWOZO6100E69,2026/05/05,期貨及選擇權,,OCESCS,
"OZO06100F6　日月光投控選擇權,2026/06,履約價610.0,買權",TWOZO6100F68,2026/05/05,期貨及選擇權,,OCESCS,
"OZO06200E6　日月光投控選擇權,2026/05,履約價620.0,買權",TWOZO6200E68,2026/05/08,期貨及選擇權,,OCESCS,
"OZO06200F6　日月光投控選擇權,2026/06,履約價620.0,買權",TWOZO6200F67,2026/05/08,期貨及選擇權,,OCESCS,
"OZO06200I6　日月光投控選擇權,2026/09,履約價620.0,買權",TWOZO6200I64,2026/05/05,期貨及選擇權,,OCESCS,
"OZO06300E6　日月光投控選擇權,2026/05,履約價630.0,買權",TWOZO6300E67,2026/05/08,期貨及選擇權,,OCESCS,
"OZO06300F6　日月光投控選擇權,2026/06,履約價630.0,買權",TWOZO6300F66,2026/05/08,期貨及選擇權,,OCESCS,
"OZO06400I6　日月光投控選擇權,2026/09,履約價640.0,買權",TWOZO6400I62,2026/05/08,期貨及選擇權,,OCESCS,
股票選擇權賣權
"CAO00600Q6　南亞股票選擇權,2026/05,履約價60.0,賣權",TWCAO0600Q66,2026/03/25,期貨及選擇權,,OPESCS,
"CAO00600R6　南亞股票選擇權,2026/06,履約價60.0,賣權",TWCAO0600R65,2026/01/22,期貨及選擇權,,OPESCS,
"CAO00625Q6　南亞股票選擇權,2026/05,履約價62.5,賣權",TWCAO0625Q67,2026/03/24,期貨及選擇權,,OPESCS,
"CAO00650Q6　南亞股票選擇權,2026/05,履約價65.0,賣權",TWCAO0650Q65,2026/03/23,期貨及選擇權,,OPESCS,
"CAO00650R6　南亞股票選擇權,2026/06,履約價65.0,賣權",TWCAO0650R64,2026/01/22,期貨及選擇權,,OPESCS,
"CAO00675Q6　南亞股票選擇權,2026/05,履約價67.5,賣權",TWCAO0675Q66,2026/03/23,期貨及選擇權,,OPESCS,
"CAO00700Q6　南亞股票選擇權,2026/05,履約價70.0,賣權",TWCAO0700Q65,2026/03/20,期貨及選擇權,,OPESCS,
"CAO00700R6　南亞股票選擇權,2026/06,履約價70.0,賣權",TWCAO0700R64,2026/01/22,期貨及選擇權,,OPESCS,
"CAO00700U6　南亞股票選擇權,2026/09,履約價70.0,賣權",TWCAO0700U69,2026/04/20,期貨及選擇權,,OPESCS,
"CAO00725Q6　南亞股票選擇權,2026/05,履約價72.5,賣權",TWCAO0725Q66,2026/03/19,期貨及選擇權,,OPESCS,
"CAO00725R6　南亞股票選擇權,2026/06,履約價72.5,賣權",TWCAO0725R65,2026/04/20,期貨及選擇權,,OPESCS,
"CAO00750Q6　南亞股票選擇權,2026/05,履約價75.0,賣權",TWCAO0750Q64,2026/03/19,期貨及選擇權,,OPESCS,
"CAO00750QL　南亞股票選擇權,2026/05,履約價75.0,賣權",TWCAO0750QL7,2026/04/29,期貨及選擇權,,OPESCS,
"CAO00750R6　南亞股票選擇權,2026/06,履約價75.0,賣權",TWCAO0750R63,2026/01/22,期貨及選擇權,,OPESCS,
"CAO00750U6　南亞股票選擇權,2026/09,履約價75.0,賣權",TWCAO0750U68,2026/04/16,期貨及選擇權,,OPESCS,
"CAO00775Q6　南亞股票選擇權,2026/05,履約價77.5,賣權",TWCAO0775Q65,2026/03/19,期貨及選擇權,,OPESCS,
"CAO00775QL　南亞股票選擇權,2026/05,履約價77.5,賣權",TWCAO0775QL4,2026/04/29,期貨及選擇權,,OPESCS,
"CAO00775R6　南亞股票選擇權,2026/06,履約價77.5,賣權",TWCAO0775R64,2026/04/16,期貨及選擇權,,OPESCS,
"CAO00800Q6　南亞股票選擇權,2026/05,履約價80.0,賣權",TWCAO0800Q64,2026/03/19,期貨及選擇權,,OPESCS,
"CAO00800QL　南亞股票選擇權,2026/05,履約價80.0,賣權",TWCAO0800QL0,2026/04/29,期貨及選擇權,,OPESCS,
"CAO00800R6　南亞股票選擇權,2026/06,履約價80.0,賣權",TWCAO0800R63,2026/01/22,期貨及選擇權,,OPESCS,
"CAO00800U6　南亞股票選擇權,2026/09,履約價80.0,賣權",TWCAO0800U68,2026/04/16,期貨及選擇權,,OPESCS,
"CAO00825Q6　南亞股票選擇權,2026/05,履約價82.5,賣權",TWCAO0825Q65,2026/03/19,期貨及選擇權,,OPESCS,
"CAO00825QL　南亞股票選擇權,2026/05,履約價82.5,賣權",TWCAO0825QL7,2026/04/29,期貨及選擇權,,OPESCS,
"CAO00825R6　南亞股票選擇權,2026/06,履約價82.5,賣權",TWCAO0825R64,2026/04/16,期貨及選擇權,,OPESCS,
"CAO00850Q6　南亞股票選擇權,2026/05,履約價85.0,賣權",TWCAO0850Q63,2026/03/19,期貨及選擇權,,OPESCS,
"CAO00850QL　南亞股票選擇權,2026/05,履約價85.0,賣權",TWCAO0850QL5,2026/04/29,期貨及選擇權,,OPESCS,
"CAO00850R6　南亞股票選擇權,2026/06,履約價85.0,賣權",TWCAO0850R62,2026/01/22,期貨及選擇權,,OPESCS,
"CAO00850U6　南亞股票選擇權,2026/09,履約價85.0,賣權",TWCAO0850U67,2026/04/16,期貨及選擇權,,OPESCS,
"CAO00875Q6　南亞股票選擇權,2026/05,履約價87.5,賣權",TWCAO0875Q64,2026/03/19,期貨及選擇權,,OPESCS,
"CAO00875QL　南亞股票選擇權,2026/05,履約價87.5,賣權",TWCAO0875QL2,2026/04/29,期貨及選擇權,,OPESCS,
"CAO00875R6　南亞股票選擇權,2026/06,履約價87.5,賣權",TWCAO0875R63,2026/04/16,期貨及選擇權,,OPESCS,
"CAO00900Q6　南亞股票選擇權,2026/05,履約價90.0,賣權",TWCAO0900Q63,2026/03/19,期貨及選擇權,,OPESCS,
"CAO00900QL　南亞股票選擇權,2026/05,履約價90.0,賣權",TWCAO0900QL8,2026/04/29,期貨及選擇權,,OPESCS,
"CAO00900R6　南亞股票選擇權,2026/06,履約價90.0,賣權",TWCAO0900R62,2026/01/23,期貨及選擇權,,OPESCS,
"CAO00900U6　南亞股票選擇權,2026/09,履約價90.0,賣權",TWCAO0900U67,2026/04/16,期貨及選擇權,,OPESCS,
"CAO00925Q6　南亞股票選擇權,2026/05,履約價92.5,賣權",TWCAO0925Q64,2026/03/19,期貨及選擇權,,OPESCS,
"CAO00925QL　南亞股票選擇權,2026/05,履約價92.5,賣權",TWCAO0925QL5,2026/04/29,期貨及選擇權,,OPESCS,
"CAO00925R6　南亞股票選擇權,2026/06,履約價92.5,賣權",TWCAO0925R63,2026/04/16,期貨及選擇權,,OPESCS,
"CAO00950Q6　南亞股票選擇權,2026/05,履約價95.0,賣權",TWCAO0950Q62,2026/03/19,期貨及選擇權,,OPESCS,
"CAO00950QL　南亞股票選擇權,2026/05,履約價95.0,賣權",TWCAO0950QL3,2026/04/29,期貨及選擇權,,OPESCS,
"CAO00950R6　南亞股票選擇權,2026/06,履約價95.0,賣權",TWCAO0950R61,2026/01/27,期貨及選擇權,,OPESCS,
"CAO00950U6　南亞股票選擇權,2026/09,履約價95.0,賣權",TWCAO0950U66,2026/04/16,期貨及選擇權,,OPESCS,
"CAO00975Q6　南亞股票選擇權,2026/05,履約價97.5,賣權",TWCAO0975Q63,2026/03/19,期貨及選擇權,,OPESCS,
"CAO00975QL　南亞股票選擇權,2026/05,履約價97.5,賣權",TWCAO0975QL0,2026/04/29,期貨及選擇權,,OPESCS,
"CAO00975R6　南亞股票選擇權,2026/06,履約價97.5,賣權",TWCAO0975R62,2026/04/16,期貨及選擇權,,OPESCS,
"CAO01000Q6　南亞股票選擇權,2026/05,履約價100.0,賣權",TWCAO1000Q60,2026/03/19,期貨及選擇權,,OPESCS,
"CAO01000QL　南亞股票選擇權,2026/05,履約價100.0,賣權",TWCAO1000QL6,2026/04/29,期貨及選擇權,,OPESCS,
"CAO01000R6　南亞股票選擇權,2026/06,履約價100.0,賣權",TWCAO1000R69,2026/02/24,期貨及選擇權,,OPESCS,
"CAO01000U6　南亞股票選擇權,2026/09,履約價100.0,賣權",TWCAO1000U64,2026/04/16,期貨及選擇權,,OPESCS,
"CAO01050Q6　南亞股票選擇權,2026/05,履約價105.0,賣權",TWCAO1050Q69,2026/04/15,期貨及選擇權,,OPESCS,
"CAO01050QL　南亞股票選擇權,2026/05,履約價105.0,賣權",TWCAO1050QL1,2026/04/29,期貨及選擇權,,OPESCS,
"CAO01050R6　南亞股票選擇權,2026/06,履約價105.0,賣權",TWCAO1050R68,2026/04/16,期貨及選擇權,,OPESCS,
"CAO01100Q6　南亞股票選擇權,2026/05,履約價110.0,賣權",TWCAO1100Q69,2026/04/30,期貨及選擇權,,OPESCS,
"CAO01100QL　南亞股票選擇權,2026/05,履約價110.0,賣權",TWCAO1100QL4,2026/04/30,期貨及選擇權,,OPESCS,
"CAO01100R6　南亞股票選擇權,2026/06,履約價110.0,賣權",TWCAO1100R68,2026/02/25,期貨及選擇權,,OPESCS,
"CAO01100U6　南亞股票選擇權,2026/09,履約價110.0,賣權",TWCAO1100U63,2026/04/16,期貨及選擇權,,OPESCS,
"CBO00150R6　中鋼股票選擇權,2026/06,履約價15.0,賣權",TWCBO0150R68,2026/03/20,期貨及選擇權,,OPESCS,
"CBO00150U6　中鋼股票選擇權,2026/09,履約價15.0,賣權",TWCBO0150U63,2026/04/28,期貨及選擇權,,OPESCS,
"CBO00155Q6　中鋼股票選擇權,2026/05,履約價15.5,賣權",TWCBO0155Q64,2026/03/20,期貨及選擇權,,OPESCS,
"CBO00155R6　中鋼股票選擇權,2026/06,履約價15.5,賣權",TWCBO0155R63,2026/04/28,期貨及選擇權,,OPESCS,
"CBO00160Q6　中鋼股票選擇權,2026/05,履約價16.0,賣權",TWCBO0160Q67,2026/03/19,期貨及選擇權,,OPESCS,
"CBO00160R6　中鋼股票選擇權,2026/06,履約價16.0,賣權",TWCBO0160R66,2026/01/22,期貨及選擇權,,OPESCS,
"CBO00160U6　中鋼股票選擇權,2026/09,履約價16.0,賣權",TWCBO0160U61,2026/04/17,期貨及選擇權,,OPESCS,
"CBO00165Q6　中鋼股票選擇權,2026/05,履約價16.5,賣權",TWCBO0165Q62,2026/03/19,期貨及選擇權,,OPESCS,
"CBO00165R6　中鋼股票選擇權,2026/06,履約價16.5,賣權",TWCBO0165R61,2026/04/17,期貨及選擇權,,OPESCS,
"CBO00170Q6　中鋼股票選擇權,2026/05,履約價17.0,賣權",TWCBO0170Q65,2026/03/19,期貨及選擇權,,OPESCS,
"CBO00170R6　中鋼股票選擇權,2026/06,履約價17.0,賣權",TWCBO0170R64,2026/01/22,期貨及選擇權,,OPESCS,
"CBO00170U6　中鋼股票選擇權,2026/09,履約價17.0,賣權",TWCBO0170U69,2026/04/16,期貨及選擇權,,OPESCS,
"CBO00175Q6　中鋼股票選擇權,2026/05,履約價17.5,賣權",TWCBO0175Q60,2026/03/19,期貨及選擇權,,OPESCS,
"CBO00175R6　中鋼股票選擇權,2026/06,履約價17.5,賣權",TWCBO0175R69,2026/04/16,期貨及選擇權,,OPESCS,
"CBO00180Q6　中鋼股票選擇權,2026/05,履約價18.0,賣權",TWCBO0180Q63,2026/03/19,期貨及選擇權,,OPESCS,
"CBO00180R6　中鋼股票選擇權,2026/06,履約價18.0,賣權",TWCBO0180R62,2026/01/22,期貨及選擇權,,OPESCS,
"CBO00180U6　中鋼股票選擇權,2026/09,履約價18.0,賣權",TWCBO0180U67,2026/04/16,期貨及選擇權,,OPESCS,
"CBO00185Q6　中鋼股票選擇權,2026/05,履約價18.5,賣權",TWCBO0185Q68,2026/03/19,期貨及選擇權,,OPESCS,
"CBO00185R6　中鋼股票選擇權,2026/06,履約價18.5,賣權",TWCBO0185R67,2026/04/16,期貨及選擇權,,OPESCS,
"CBO00190Q6　中鋼股票選擇權,2026/05,履約價19.0,賣權",TWCBO0190Q61,2026/03/19,期貨及選擇權,,OPESCS,
"CBO00190R6　中鋼股票選擇權,2026/06,履約價19.0,賣權",TWCBO0190R60,2026/01/22,期貨及選擇權,,OPESCS,
"CBO00190U6　中鋼股票選擇權,2026/09,履約價19.0,賣權",TWCBO0190U65,2026/04/16,期貨及選擇權,,OPESCS,
"CBO00195Q6　中鋼股票選擇權,2026/05,履約價19.5,賣權",TWCBO0195Q66,2026/03/19,期貨及選擇權,,OPESCS,
"CBO00195R6　中鋼股票選擇權,2026/06,履約價19.5,賣權",TWCBO0195R65,2026/04/16,期貨及選擇權,,OPESCS,
"CBO00200Q6　中鋼股票選擇權,2026/05,履約價20.0,賣權",TWCBO0200Q69,2026/03/19,期貨及選擇權,,OPESCS,
"CBO00200R6　中鋼股票選擇權,2026/06,履約價20.0,賣權",TWCBO0200R68,2026/01/22,期貨及選擇權,,OPESCS,
"CBO00200U6　中鋼股票選擇權,2026/09,履約價20.0,賣權",TWCBO0200U63,2026/04/16,期貨及選擇權,,OPESCS,
"CBO00205Q6　中鋼股票選擇權,2026/05,履約價20.5,賣權",TWCBO0205Q64,2026/03/19,期貨及選擇權,,OPESCS,
"CBO00205R6　中鋼股票選擇權,2026/06,履約價20.5,賣權",TWCBO0205R63,2026/04/16,期貨及選擇權,,OPESCS,
"CBO00210Q6　中鋼股票選擇權,2026/05,履約價21.0,賣權",TWCBO0210Q67,2026/03/19,期貨及選擇權,,OPESCS,
"CBO00210R6　中鋼股票選擇權,2026/06,履約價21.0,賣權",TWCBO0210R66,2026/01/22,期貨及選擇權,,OPESCS,
"CBO00210U6　中鋼股票選擇權,2026/09,履約價21.0,賣權",TWCBO0210U61,2026/04/16,期貨及選擇權,,OPESCS,
"CBO00215Q6　中鋼股票選擇權,2026/05,履約價21.5,賣權",TWCBO0215Q62,2026/03/19,期貨及選擇權,,OPESCS,
"CBO00215R6　中鋼股票選擇權,2026/06,履約價21.5,賣權",TWCBO0215R61,2026/04/16,期貨及選擇權,,OPESCS,
"CBO00220Q6　中鋼股票選擇權,2026/05,履約價22.0,賣權",TWCBO0220Q65,2026/03/19,期貨及選擇權,,OPESCS,
"CBO00220R6　中鋼股票選擇權,2026/06,履約價22.0,賣權",TWCBO0220R64,2026/01/22,期貨及選擇權,,OPESCS,
"CBO00220U6　中鋼股票選擇權,2026/09,履約價22.0,賣權",TWCBO0220U69,2026/04/16,期貨及選擇權,,OPESCS,
"CBO00225Q6　中鋼股票選擇權,2026/05,履約價22.5,賣權",TWCBO0225Q60,2026/03/19,期貨及選擇權,,OPESCS,
"CBO00225R6　中鋼股票選擇權,2026/06,履約價22.5,賣權",TWCBO0225R69,2026/04/16,期貨及選擇權,,OPESCS,
"CBO00230Q6　中鋼股票選擇權,2026/05,履約價23.0,賣權",TWCBO0230Q63,2026/03/27,期貨及選擇權,,OPESCS,
"CBO00230R6　中鋼股票選擇權,2026/06,履約價23.0,賣權",TWCBO0230R62,2026/01/26,期貨及選擇權,,OPESCS,
"CBO00230U6　中鋼股票選擇權,2026/09,履約價23.0,賣權",TWCBO0230U67,2026/04/16,期貨及選擇權,,OPESCS,
"CBO00235Q6　中鋼股票選擇權,2026/05,履約價23.5,賣權",TWCBO0235Q68,2026/04/10,期貨及選擇權,,OPESCS,
"CBO00235R6　中鋼股票選擇權,2026/06,履約價23.5,賣權",TWCBO0235R67,2026/04/16,期貨及選擇權,,OPESCS,
"CBO00240Q6　中鋼股票選擇權,2026/05,履約價24.0,賣權",TWCBO0240Q61,2026/04/15,期貨及選擇權,,OPESCS,
"CBO00240R6　中鋼股票選擇權,2026/06,履約價24.0,賣權",TWCBO0240R60,2026/01/30,期貨及選擇權,,OPESCS,
"CBO00240U6　中鋼股票選擇權,2026/09,履約價24.0,賣權",TWCBO0240U65,2026/04/16,期貨及選擇權,,OPESCS,
"CBO00250R6　中鋼股票選擇權,2026/06,履約價25.0,賣權",TWCBO0250R67,2026/02/03,期貨及選擇權,,OPESCS,
"CCO00440R6　聯電股票選擇權,2026/06,履約價44.0,賣權",TWCCO0440R67,2026/04/07,期貨及選擇權,,OPESCS,
"CCO00450Q6　聯電股票選擇權,2026/05,履約價45.0,賣權",TWCCO0450Q65,2026/04/07,期貨及選擇權,,OPESCS,
"CCO00460Q6　聯電股票選擇權,2026/05,履約價46.0,賣權",TWCCO0460Q63,2026/04/07,期貨及選擇權,,OPESCS,
"CCO00460R6　聯電股票選擇權,2026/06,履約價46.0,賣權",TWCCO0460R62,2026/04/07,期貨及選擇權,,OPESCS,
"CCO00470Q6　聯電股票選擇權,2026/05,履約價47.0,賣權",TWCCO0470Q61,2026/04/07,期貨及選擇權,,OPESCS,
"CCO00480Q6　聯電股票選擇權,2026/05,履約價48.0,賣權",TWCCO0480Q69,2026/03/24,期貨及選擇權,,OPESCS,
"CCO00480R6　聯電股票選擇權,2026/06,履約價48.0,賣權",TWCCO0480R68,2026/03/20,期貨及選擇權,,OPESCS,
"CCO00490Q6　聯電股票選擇權,2026/05,履約價49.0,賣權",TWCCO0490Q67,2026/03/20,期貨及選擇權,,OPESCS,
"CCO00500Q6　聯電股票選擇權,2026/05,履約價50.0,賣權",TWCCO0500Q65,2026/03/19,期貨及選擇權,,OPESCS,
"CCO00500R6　聯電股票選擇權,2026/06,履約價50.0,賣權",TWCCO0500R64,2026/02/02,期貨及選擇權,,OPESCS,
"CCO00500U6　聯電股票選擇權,2026/09,履約價50.0,賣權",TWCCO0500U69,2026/04/16,期貨及選擇權,,OPESCS,
"CCO00525Q6　聯電股票選擇權,2026/05,履約價52.5,賣權",TWCCO0525Q66,2026/03/19,期貨及選擇權,,OPESCS,
"CCO00525R6　聯電股票選擇權,2026/06,履約價52.5,賣權",TWCCO0525R65,2026/04/16,期貨及選擇權,,OPESCS,
"CCO00550Q6　聯電股票選擇權,2026/05,履約價55.0,賣權",TWCCO0550Q64,2026/03/19,期貨及選擇權,,OPESCS,
"CCO00550R6　聯電股票選擇權,2026/06,履約價55.0,賣權",TWCCO0550R63,2026/01/22,期貨及選擇權,,OPESCS,
"CCO00550U6　聯電股票選擇權,2026/09,履約價55.0,賣權",TWCCO0550U68,2026/04/16,期貨及選擇權,,OPESCS,
"CCO00575Q6　聯電股票選擇權,2026/05,履約價57.5,賣權",TWCCO0575Q65,2026/03/19,期貨及選擇權,,OPESCS,
"CCO00575R6　聯電股票選擇權,2026/06,履約價57.5,賣權",TWCCO0575R64,2026/04/16,期貨及選擇權,,OPESCS,
"CCO00600Q6　聯電股票選擇權,2026/05,履約價60.0,賣權",TWCCO0600Q64,2026/03/19,期貨及選擇權,,OPESCS,
"CCO00600R6　聯電股票選擇權,2026/06,履約價60.0,賣權",TWCCO0600R63,2026/01/22,期貨及選擇權,,OPESCS,
"CCO00600U6　聯電股票選擇權,2026/09,履約價60.0,賣權",TWCCO0600U68,2026/04/16,期貨及選擇權,,OPESCS,
"CCO00625Q6　聯電股票選擇權,2026/05,履約價62.5,賣權",TWCCO0625Q65,2026/03/19,期貨及選擇權,,OPESCS,
"CCO00625QL　聯電股票選擇權,2026/05,履約價62.5,賣權",TWCCO0625QL7,2026/04/29,期貨及選擇權,,OPESCS,
"CCO00625R6　聯電股票選擇權,2026/06,履約價62.5,賣權",TWCCO0625R64,2026/04/16,期貨及選擇權,,OPESCS,
"CCO00650Q6　聯電股票選擇權,2026/05,履約價65.0,賣權",TWCCO0650Q63,2026/03/19,期貨及選擇權,,OPESCS,
"CCO00650QL　聯電股票選擇權,2026/05,履約價65.0,賣權",TWCCO0650QL5,2026/04/29,期貨及選擇權,,OPESCS,
"CCO00650R6　聯電股票選擇權,2026/06,履約價65.0,賣權",TWCCO0650R62,2026/01/22,期貨及選擇權,,OPESCS,
"CCO00650U6　聯電股票選擇權,2026/09,履約價65.0,賣權",TWCCO0650U67,2026/04/16,期貨及選擇權,,OPESCS,
"CCO00675Q6　聯電股票選擇權,2026/05,履約價67.5,賣權",TWCCO0675Q64,2026/03/19,期貨及選擇權,,OPESCS,
"CCO00675QL　聯電股票選擇權,2026/05,履約價67.5,賣權",TWCCO0675QL2,2026/04/29,期貨及選擇權,,OPESCS,
"CCO00675R6　聯電股票選擇權,2026/06,履約價67.5,賣權",TWCCO0675R63,2026/04/16,期貨及選擇權,,OPESCS,
"CCO00700Q6　聯電股票選擇權,2026/05,履約價70.0,賣權",TWCCO0700Q63,2026/03/19,期貨及選擇權,,OPESCS,
"CCO00700QL　聯電股票選擇權,2026/05,履約價70.0,賣權",TWCCO0700QL8,2026/04/29,期貨及選擇權,,OPESCS,
"CCO00700R6　聯電股票選擇權,2026/06,履約價70.0,賣權",TWCCO0700R62,2026/01/22,期貨及選擇權,,OPESCS,
"CCO00700U6　聯電股票選擇權,2026/09,履約價70.0,賣權",TWCCO0700U67,2026/04/16,期貨及選擇權,,OPESCS,
"CCO00725Q6　聯電股票選擇權,2026/05,履約價72.5,賣權",TWCCO0725Q64,2026/03/19,期貨及選擇權,,OPESCS,
"CCO00725QL　聯電股票選擇權,2026/05,履約價72.5,賣權",TWCCO0725QL5,2026/04/29,期貨及選擇權,,OPESCS,
"CCO00725R6　聯電股票選擇權,2026/06,履約價72.5,賣權",TWCCO0725R63,2026/04/16,期貨及選擇權,,OPESCS,
"CCO00750Q6　聯電股票選擇權,2026/05,履約價75.0,賣權",TWCCO0750Q62,2026/04/17,期貨及選擇權,,OPESCS,
"CCO00750QL　聯電股票選擇權,2026/05,履約價75.0,賣權",TWCCO0750QL3,2026/04/29,期貨及選擇權,,OPESCS,
"CCO00750R6　聯電股票選擇權,2026/06,履約價75.0,賣權",TWCCO0750R61,2026/01/22,期貨及選擇權,,OPESCS,
"CCO00750U6　聯電股票選擇權,2026/09,履約價75.0,賣權",TWCCO0750U66,2026/04/16,期貨及選擇權,,OPESCS,
"CCO00775Q6　聯電股票選擇權,2026/05,履約價77.5,賣權",TWCCO0775Q63,2026/04/17,期貨及選擇權,,OPESCS,
"CCO00775QL　聯電股票選擇權,2026/05,履約價77.5,賣權",TWCCO0775QL0,2026/04/29,期貨及選擇權,,OPESCS,
"CCO00775R6　聯電股票選擇權,2026/06,履約價77.5,賣權",TWCCO0775R62,2026/04/17,期貨及選擇權,,OPESCS,
"CCO00800Q6　聯電股票選擇權,2026/05,履約價80.0,賣權",TWCCO0800Q62,2026/04/17,期貨及選擇權,,OPESCS,
"CCO00800QL　聯電股票選擇權,2026/05,履約價80.0,賣權",TWCCO0800QL6,2026/04/29,期貨及選擇權,,OPESCS,
"CCO00800R6　聯電股票選擇權,2026/06,履約價80.0,賣權",TWCCO0800R61,2026/01/22,期貨及選擇權,,OPESCS,
"CCO00800U6　聯電股票選擇權,2026/09,履約價80.0,賣權",TWCCO0800U66,2026/04/17,期貨及選擇權,,OPESCS,
"CCO00825Q6　聯電股票選擇權,2026/05,履約價82.5,賣權",TWCCO0825Q63,2026/04/20,期貨及選擇權,,OPESCS,
"CCO00825QL　聯電股票選擇權,2026/05,履約價82.5,賣權",TWCCO0825QL3,2026/04/29,期貨及選擇權,,OPESCS,
"CCO00825R6　聯電股票選擇權,2026/06,履約價82.5,賣權",TWCCO0825R62,2026/04/20,期貨及選擇權,,OPESCS,
"CCO00850Q6　聯電股票選擇權,2026/05,履約價85.0,賣權",TWCCO0850Q61,2026/04/20,期貨及選擇權,,OPESCS,
"CCO00850QL　聯電股票選擇權,2026/05,履約價85.0,賣權",TWCCO0850QL1,2026/04/29,期貨及選擇權,,OPESCS,
"CCO00850R6　聯電股票選擇權,2026/06,履約價85.0,賣權",TWCCO0850R60,2026/01/28,期貨及選擇權,,OPESCS,
"CCO00850U6　聯電股票選擇權,2026/09,履約價85.0,賣權",TWCCO0850U65,2026/04/20,期貨及選擇權,,OPESCS,
"CCO00875Q6　聯電股票選擇權,2026/05,履約價87.5,賣權",TWCCO0875Q62,2026/04/21,期貨及選擇權,,OPESCS,
"CCO00875QL　聯電股票選擇權,2026/05,履約價87.5,賣權",TWCCO0875QL8,2026/04/29,期貨及選擇權,,OPESCS,
"CCO00875R6　聯電股票選擇權,2026/06,履約價87.5,賣權",TWCCO0875R61,2026/04/21,期貨及選擇權,,OPESCS,
"CCO00900Q6　聯電股票選擇權,2026/05,履約價90.0,賣權",TWCCO0900Q61,2026/04/21,期貨及選擇權,,OPESCS,
"CCO00900QL　聯電股票選擇權,2026/05,履約價90.0,賣權",TWCCO0900QL4,2026/05/04,期貨及選擇權,,OPESCS,
"CCO00900R6　聯電股票選擇權,2026/06,履約價90.0,賣權",TWCCO0900R60,2026/01/28,期貨及選擇權,,OPESCS,
"CCO00900U6　聯電股票選擇權,2026/09,履約價90.0,賣權",TWCCO0900U65,2026/04/21,期貨及選擇權,,OPESCS,
"CCO00925Q6　聯電股票選擇權,2026/05,履約價92.5,賣權",TWCCO0925Q62,2026/04/23,期貨及選擇權,,OPESCS,
"CCO00925QL　聯電股票選擇權,2026/05,履約價92.5,賣權",TWCCO0925QL1,2026/05/05,期貨及選擇權,,OPESCS,
"CCO00925R6　聯電股票選擇權,2026/06,履約價92.5,賣權",TWCCO0925R61,2026/04/23,期貨及選擇權,,OPESCS,
"CCO00950Q6　聯電股票選擇權,2026/05,履約價95.0,賣權",TWCCO0950Q60,2026/05/05,期貨及選擇權,,OPESCS,
"CCO00950QL　聯電股票選擇權,2026/05,履約價95.0,賣權",TWCCO0950QL9,2026/05/05,期貨及選擇權,,OPESCS,
"CCO00950R6　聯電股票選擇權,2026/06,履約價95.0,賣權",TWCCO0950R69,2026/05/05,期貨及選擇權,,OPESCS,
"CCO00950U6　聯電股票選擇權,2026/09,履約價95.0,賣權",TWCCO0950U64,2026/04/23,期貨及選擇權,,OPESCS,
"CCO00975Q6　聯電股票選擇權,2026/05,履約價97.5,賣權",TWCCO0975Q61,2026/05/06,期貨及選擇權,,OPESCS,
"CCO00975QL　聯電股票選擇權,2026/05,履約價97.5,賣權",TWCCO0975QL6,2026/05/06,期貨及選擇權,,OPESCS,
"CCO00975R6　聯電股票選擇權,2026/06,履約價97.5,賣權",TWCCO0975R60,2026/05/06,期貨及選擇權,,OPESCS,
"CCO01000Q6　聯電股票選擇權,2026/05,履約價100.0,賣權",TWCCO1000Q68,2026/05/07,期貨及選擇權,,OPESCS,
"CCO01000QL　聯電股票選擇權,2026/05,履約價100.0,賣權",TWCCO1000QL2,2026/05/07,期貨及選擇權,,OPESCS,
"CCO01000R6　聯電股票選擇權,2026/06,履約價100.0,賣權",TWCCO1000R67,2026/05/07,期貨及選擇權,,OPESCS,
"CCO01000U6　聯電股票選擇權,2026/09,履約價100.0,賣權",TWCCO1000U62,2026/05/06,期貨及選擇權,,OPESCS,
"CCO01050Q6　聯電股票選擇權,2026/05,履約價105.0,賣權",TWCCO1050Q67,2026/05/07,期貨及選擇權,,OPESCS,
"CCO01050QL　聯電股票選擇權,2026/05,履約價105.0,賣權",TWCCO1050QL7,2026/05/07,期貨及選擇權,,OPESCS,
"CCO01050R6　聯電股票選擇權,2026/06,履約價105.0,賣權",TWCCO1050R66,2026/05/07,期貨及選擇權,,OPESCS,
"CCO01100Q6　聯電股票選擇權,2026/05,履約價110.0,賣權",TWCCO1100Q67,2026/05/07,期貨及選擇權,,OPESCS,
"CCO01100QL　聯電股票選擇權,2026/05,履約價110.0,賣權",TWCCO1100QL0,2026/05/07,期貨及選擇權,,OPESCS,
"CCO01100R6　聯電股票選擇權,2026/06,履約價110.0,賣權",TWCCO1100R66,2026/05/07,期貨及選擇權,,OPESCS,
"CCO01100U6　聯電股票選擇權,2026/09,履約價110.0,賣權",TWCCO1100U61,2026/05/07,期貨及選擇權,,OPESCS,
"CCO01150Q6　聯電股票選擇權,2026/05,履約價115.0,賣權",TWCCO1150Q66,2026/05/08,期貨及選擇權,,OPESCS,
"CCO01150QL　聯電股票選擇權,2026/05,履約價115.0,賣權",TWCCO1150QL5,2026/05/08,期貨及選擇權,,OPESCS,
"CCO01150R6　聯電股票選擇權,2026/06,履約價115.0,賣權",TWCCO1150R65,2026/05/08,期貨及選擇權,,OPESCS,
"CCO01200U6　聯電股票選擇權,2026/09,履約價120.0,賣權",TWCCO1200U60,2026/05/08,期貨及選擇權,,OPESCS,
"CDA15000R6　台積電股票選擇權,2026/06,履約價1500.0,賣權(調整後)",TWCDA500AR68,2026/01/22,期貨及選擇權,,OPESCS,
"CDO14000R6　台積電股票選擇權,2026/06,履約價1400.0,賣權",TWCDO400AR60,2026/01/22,期貨及選擇權,,OPESCS,
"CDO14800Q6　台積電股票選擇權,2026/05,履約價1480.0,賣權",TWCDO480AQ64,2026/04/01,期貨及選擇權,,OPESCS,
"CDO15000Q6　台積電股票選擇權,2026/05,履約價1500.0,賣權",TWCDO500AQ60,2026/03/31,期貨及選擇權,,OPESCS,
"CDO15000R6　台積電股票選擇權,2026/06,履約價1500.0,賣權",TWCDO500AR69,2026/01/22,期貨及選擇權,,OPESCS,
"CDO15200Q6　台積電股票選擇權,2026/05,履約價1520.0,賣權",TWCDO520AQ66,2026/03/24,期貨及選擇權,,OPESCS,
"CDO15400Q6　台積電股票選擇權,2026/05,履約價1540.0,賣權",TWCDO540AQ62,2026/03/24,期貨及選擇權,,OPESCS,
"CDO15600Q6　台積電股票選擇權,2026/05,履約價1560.0,賣權",TWCDO560AQ67,2026/03/20,期貨及選擇權,,OPESCS,
"CDO15800Q6　台積電股票選擇權,2026/05,履約價1580.0,賣權",TWCDO580AQ63,2026/03/20,期貨及選擇權,,OPESCS,
"CDO16000Q6　台積電股票選擇權,2026/05,履約價1600.0,賣權",TWCDO600AQ69,2026/03/19,期貨及選擇權,,OPESCS,
"CDO16000R6　台積電股票選擇權,2026/06,履約價1600.0,賣權",TWCDO600AR68,2026/01/22,期貨及選擇權,,OPESCS,
"CDO16200Q6　台積電股票選擇權,2026/05,履約價1620.0,賣權",TWCDO620AQ65,2026/03/19,期貨及選擇權,,OPESCS,
"CDO16400Q6　台積電股票選擇權,2026/05,履約價1640.0,賣權",TWCDO640AQ61,2026/03/19,期貨及選擇權,,OPESCS,
"CDO16600Q6　台積電股票選擇權,2026/05,履約價1660.0,賣權",TWCDO660AQ66,2026/03/19,期貨及選擇權,,OPESCS,
"CDO16800Q6　台積電股票選擇權,2026/05,履約價1680.0,賣權",TWCDO680AQ62,2026/03/19,期貨及選擇權,,OPESCS,
"CDO17000Q6　台積電股票選擇權,2026/05,履約價1700.0,賣權",TWCDO700AQ68,2026/03/19,期貨及選擇權,,OPESCS,
"CDO17000R6　台積電股票選擇權,2026/06,履約價1700.0,賣權",TWCDO700AR67,2026/01/22,期貨及選擇權,,OPESCS,
"CDO17000U6　台積電股票選擇權,2026/09,履約價1700.0,賣權",TWCDO700AU62,2026/04/16,期貨及選擇權,,OPESCS,
"CDO17200Q6　台積電股票選擇權,2026/05,履約價1720.0,賣權",TWCDO720AQ64,2026/03/19,期貨及選擇權,,OPESCS,
"CDO17200R6　台積電股票選擇權,2026/06,履約價1720.0,賣權",TWCDO720AR63,2026/04/20,期貨及選擇權,,OPESCS,
"CDO17400Q6　台積電股票選擇權,2026/05,履約價1740.0,賣權",TWCDO740AQ60,2026/03/19,期貨及選擇權,,OPESCS,
"CDO17400R6　台積電股票選擇權,2026/06,履約價1740.0,賣權",TWCDO740AR69,2026/04/20,期貨及選擇權,,OPESCS,
"CDO17600Q6　台積電股票選擇權,2026/05,履約價1760.0,賣權",TWCDO760AQ65,2026/03/19,期貨及選擇權,,OPESCS,
"CDO17600R6　台積電股票選擇權,2026/06,履約價1760.0,賣權",TWCDO760AR64,2026/04/16,期貨及選擇權,,OPESCS,
"CDO17800Q6　台積電股票選擇權,2026/05,履約價1780.0,賣權",TWCDO780AQ61,2026/03/19,期貨及選擇權,,OPESCS,
"CDO17800R6　台積電股票選擇權,2026/06,履約價1780.0,賣權",TWCDO780AR60,2026/04/16,期貨及選擇權,,OPESCS,
"CDO18000Q6　台積電股票選擇權,2026/05,履約價1800.0,賣權",TWCDO800AQ67,2026/03/19,期貨及選擇權,,OPESCS,
"CDO18000QL　台積電股票選擇權,2026/05,履約價1800.0,賣權",TWCDO800AQL5,2026/05/04,期貨及選擇權,,OPESCS,
"CDO18000R6　台積電股票選擇權,2026/06,履約價1800.0,賣權",TWCDO800AR66,2026/01/22,期貨及選擇權,,OPESCS,
"CDO18000U6　台積電股票選擇權,2026/09,履約價1800.0,賣權",TWCDO800AU61,2026/04/16,期貨及選擇權,,OPESCS,
"CDO18200Q6　台積電股票選擇權,2026/05,履約價1820.0,賣權",TWCDO820AQ63,2026/03/19,期貨及選擇權,,OPESCS,
"CDO18200QL　台積電股票選擇權,2026/05,履約價1820.0,賣權",TWCDO820AQL3,2026/05/04,期貨及選擇權,,OPESCS,
"CDO18200R6　台積電股票選擇權,2026/06,履約價1820.0,賣權",TWCDO820AR62,2026/04/16,期貨及選擇權,,OPESCS,
"CDO18400Q6　台積電股票選擇權,2026/05,履約價1840.0,賣權",TWCDO840AQ69,2026/03/19,期貨及選擇權,,OPESCS,
"CDO18400QL　台積電股票選擇權,2026/05,履約價1840.0,賣權",TWCDO840AQL1,2026/04/30,期貨及選擇權,,OPESCS,
"CDO18400R6　台積電股票選擇權,2026/06,履約價1840.0,賣權",TWCDO840AR68,2026/04/16,期貨及選擇權,,OPESCS,
"CDO18600Q6　台積電股票選擇權,2026/05,履約價1860.0,賣權",TWCDO860AQ64,2026/03/19,期貨及選擇權,,OPESCS,
"CDO18600QL　台積電股票選擇權,2026/05,履約價1860.0,賣權",TWCDO860AQL9,2026/04/30,期貨及選擇權,,OPESCS,
"CDO18600R6　台積電股票選擇權,2026/06,履約價1860.0,賣權",TWCDO860AR63,2026/04/16,期貨及選擇權,,OPESCS,
"CDO18800Q6　台積電股票選擇權,2026/05,履約價1880.0,賣權",TWCDO880AQ60,2026/03/19,期貨及選擇權,,OPESCS,
"CDO18800QL　台積電股票選擇權,2026/05,履約價1880.0,賣權",TWCDO880AQL7,2026/04/29,期貨及選擇權,,OPESCS,
"CDO18800R6　台積電股票選擇權,2026/06,履約價1880.0,賣權",TWCDO880AR69,2026/04/16,期貨及選擇權,,OPESCS,
"CDO19000Q6　台積電股票選擇權,2026/05,履約價1900.0,賣權",TWCDO900AQ66,2026/03/19,期貨及選擇權,,OPESCS,
"CDO19000QL　台積電股票選擇權,2026/05,履約價1900.0,賣權",TWCDO900AQL3,2026/04/29,期貨及選擇權,,OPESCS,
"CDO19000R6　台積電股票選擇權,2026/06,履約價1900.0,賣權",TWCDO900AR65,2026/01/22,期貨及選擇權,,OPESCS,
"CDO19000U6　台積電股票選擇權,2026/09,履約價1900.0,賣權",TWCDO900AU60,2026/04/16,期貨及選擇權,,OPESCS,
"CDO19200Q6　台積電股票選擇權,2026/05,履約價1920.0,賣權",TWCDO920AQ62,2026/03/19,期貨及選擇權,,OPESCS,
"CDO19200QL　台積電股票選擇權,2026/05,履約價1920.0,賣權",TWCDO920AQL1,2026/04/29,期貨及選擇權,,OPESCS,
"CDO19200R6　台積電股票選擇權,2026/06,履約價1920.0,賣權",TWCDO920AR61,2026/04/16,期貨及選擇權,,OPESCS,
"CDO19400Q6　台積電股票選擇權,2026/05,履約價1940.0,賣權",TWCDO940AQ68,2026/03/19,期貨及選擇權,,OPESCS,
"CDO19400QL　台積電股票選擇權,2026/05,履約價1940.0,賣權",TWCDO940AQL9,2026/04/29,期貨及選擇權,,OPESCS,
"CDO19400R6　台積電股票選擇權,2026/06,履約價1940.0,賣權",TWCDO940AR67,2026/04/16,期貨及選擇權,,OPESCS,
"CDO19600Q6　台積電股票選擇權,2026/05,履約價1960.0,賣權",TWCDO960AQ63,2026/03/19,期貨及選擇權,,OPESCS,
"CDO19600QL　台積電股票選擇權,2026/05,履約價1960.0,賣權",TWCDO960AQL7,2026/04/29,期貨及選擇權,,OPESCS,
"CDO19600R6　台積電股票選擇權,2026/06,履約價1960.0,賣權",TWCDO960AR62,2026/04/16,期貨及選擇權,,OPESCS,
"CDO19800Q6　台積電股票選擇權,2026/05,履約價1980.0,賣權",TWCDO980AQ69,2026/03/19,期貨及選擇權,,OPESCS,
"CDO19800QL　台積電股票選擇權,2026/05,履約價1980.0,賣權",TWCDO980AQL5,2026/04/29,期貨及選擇權,,OPESCS,
"CDO19800R6　台積電股票選擇權,2026/06,履約價1980.0,賣權",TWCDO980AR68,2026/04/16,期貨及選擇權,,OPESCS,
"CDO20000Q6　台積電股票選擇權,2026/05,履約價2000.0,賣權",TWCDO000BQ64,2026/03/19,期貨及選擇權,,OPESCS,
"CDO20000QL　台積電股票選擇權,2026/05,履約價2000.0,賣權",TWCDO000BQL0,2026/04/29,期貨及選擇權,,OPESCS,
"CDO20000R6　台積電股票選擇權,2026/06,履約價2000.0,賣權",TWCDO000BR63,2026/01/22,期貨及選擇權,,OPESCS,
"CDO20000U6　台積電股票選擇權,2026/09,履約價2000.0,賣權",TWCDO000BU68,2026/04/16,期貨及選擇權,,OPESCS,
"CDO20500Q6　台積電股票選擇權,2026/05,履約價2050.0,賣權",TWCDO050BQ63,2026/03/19,期貨及選擇權,,OPESCS,
"CDO20500QL　台積電股票選擇權,2026/05,履約價2050.0,賣權",TWCDO050BQL5,2026/04/29,期貨及選擇權,,OPESCS,
"CDO20500R6　台積電股票選擇權,2026/06,履約價2050.0,賣權",TWCDO050BR62,2026/04/16,期貨及選擇權,,OPESCS,
"CDO21000Q6　台積電股票選擇權,2026/05,履約價2100.0,賣權",TWCDO100BQ63,2026/03/19,期貨及選擇權,,OPESCS,
"CDO21000QL　台積電股票選擇權,2026/05,履約價2100.0,賣權",TWCDO100BQL8,2026/04/29,期貨及選擇權,,OPESCS,
"CDO21000R6　台積電股票選擇權,2026/06,履約價2100.0,賣權",TWCDO100BR62,2026/01/22,期貨及選擇權,,OPESCS,
"CDO21000U6　台積電股票選擇權,2026/09,履約價2100.0,賣權",TWCDO100BU67,2026/04/16,期貨及選擇權,,OPESCS,
"CDO21500Q6　台積電股票選擇權,2026/05,履約價2150.0,賣權",TWCDO150BQ62,2026/03/19,期貨及選擇權,,OPESCS,
"CDO21500QL　台積電股票選擇權,2026/05,履約價2150.0,賣權",TWCDO150BQL3,2026/04/29,期貨及選擇權,,OPESCS,
"CDO21500R6　台積電股票選擇權,2026/06,履約價2150.0,賣權",TWCDO150BR61,2026/04/16,期貨及選擇權,,OPESCS,
"CDO22000Q6　台積電股票選擇權,2026/05,履約價2200.0,賣權",TWCDO200BQ62,2026/03/19,期貨及選擇權,,OPESCS,
"CDO22000QL　台積電股票選擇權,2026/05,履約價2200.0,賣權",TWCDO200BQL6,2026/04/29,期貨及選擇權,,OPESCS,
"CDO22000R6　台積電股票選擇權,2026/06,履約價2200.0,賣權",TWCDO200BR61,2026/02/11,期貨及選擇權,,OPESCS,
"CDO22000U6　台積電股票選擇權,2026/09,履約價2200.0,賣權",TWCDO200BU66,2026/04/16,期貨及選擇權,,OPESCS,
"CDO22500Q6　台積電股票選擇權,2026/05,履約價2250.0,賣權",TWCDO250BQ61,2026/04/09,期貨及選擇權,,OPESCS,
"CDO22500QL　台積電股票選擇權,2026/05,履約價2250.0,賣權",TWCDO250BQL1,2026/04/29,期貨及選擇權,,OPESCS,
"CDO22500R6　台積電股票選擇權,2026/06,履約價2250.0,賣權",TWCDO250BR60,2026/04/16,期貨及選擇權,,OPESCS,
"CDO23000Q6　台積電股票選擇權,2026/05,履約價2300.0,賣權",TWCDO300BQ61,2026/04/13,期貨及選擇權,,OPESCS,
"CDO23000QL　台積電股票選擇權,2026/05,履約價2300.0,賣權",TWCDO300BQL4,2026/04/29,期貨及選擇權,,OPESCS,
"CDO23000R6　台積電股票選擇權,2026/06,履約價2300.0,賣權",TWCDO300BR60,2026/02/23,期貨及選擇權,,OPESCS,
"CDO23000U6　台積電股票選擇權,2026/09,履約價2300.0,賣權",TWCDO300BU65,2026/04/16,期貨及選擇權,,OPESCS,
"CDO23500Q6　台積電股票選擇權,2026/05,履約價2350.0,賣權",TWCDO350BQ60,2026/04/15,期貨及選擇權,,OPESCS,
"CDO23500QL　台積電股票選擇權,2026/05,履約價2350.0,賣權",TWCDO350BQL9,2026/04/29,期貨及選擇權,,OPESCS,
"CDO23500R6　台積電股票選擇權,2026/06,履約價2350.0,賣權",TWCDO350BR69,2026/04/16,期貨及選擇權,,OPESCS,
"CDO24000Q6　台積電股票選擇權,2026/05,履約價2400.0,賣權",TWCDO400BQ60,2026/04/15,期貨及選擇權,,OPESCS,
"CDO24000QL　台積電股票選擇權,2026/05,履約價2400.0,賣權",TWCDO400BQL2,2026/04/29,期貨及選擇權,,OPESCS,
"CDO24000R6　台積電股票選擇權,2026/06,履約價2400.0,賣權",TWCDO400BR69,2026/02/26,期貨及選擇權,,OPESCS,
"CDO24000U6　台積電股票選擇權,2026/09,履約價2400.0,賣權",TWCDO400BU64,2026/04/16,期貨及選擇權,,OPESCS,
"CDO24500Q6　台積電股票選擇權,2026/05,履約價2450.0,賣權",TWCDO450BQ69,2026/04/27,期貨及選擇權,,OPESCS,
"CDO24500QL　台積電股票選擇權,2026/05,履約價2450.0,賣權",TWCDO450BQL7,2026/04/29,期貨及選擇權,,OPESCS,
"CDO24500R6　台積電股票選擇權,2026/06,履約價2450.0,賣權",TWCDO450BR68,2026/04/27,期貨及選擇權,,OPESCS,
"CDO25000Q6　台積電股票選擇權,2026/05,履約價2500.0,賣權",TWCDO500BQ69,2026/04/27,期貨及選擇權,,OPESCS,
"CDO25000QL　台積電股票選擇權,2026/05,履約價2500.0,賣權",TWCDO500BQL9,2026/04/29,期貨及選擇權,,OPESCS,
"CDO25000R6　台積電股票選擇權,2026/06,履約價2500.0,賣權",TWCDO500BR68,2026/04/27,期貨及選擇權,,OPESCS,
"CDO25000U6　台積電股票選擇權,2026/09,履約價2500.0,賣權",TWCDO500BU63,2026/04/27,期貨及選擇權,,OPESCS,
"CDO25500Q6　台積電股票選擇權,2026/05,履約價2550.0,賣權",TWCDO550BQ68,2026/04/27,期貨及選擇權,,OPESCS,
"CDO25500QL　台積電股票選擇權,2026/05,履約價2550.0,賣權",TWCDO550BQL4,2026/04/29,期貨及選擇權,,OPESCS,
"CDO25500R6　台積電股票選擇權,2026/06,履約價2550.0,賣權",TWCDO550BR67,2026/04/27,期貨及選擇權,,OPESCS,
"CDO26000Q6　台積電股票選擇權,2026/05,履約價2600.0,賣權",TWCDO600BQ68,2026/04/28,期貨及選擇權,,OPESCS,
"CDO26000QL　台積電股票選擇權,2026/05,履約價2600.0,賣權",TWCDO600BQL7,2026/05/05,期貨及選擇權,,OPESCS,
"CDO26000R6　台積電股票選擇權,2026/06,履約價2600.0,賣權",TWCDO600BR67,2026/04/28,期貨及選擇權,,OPESCS,
"CDO26000U6　台積電股票選擇權,2026/09,履約價2600.0,賣權",TWCDO600BU62,2026/04/27,期貨及選擇權,,OPESCS,
"CDO26500Q6　台積電股票選擇權,2026/05,履約價2650.0,賣權",TWCDO650BQ67,2026/04/28,期貨及選擇權,,OPESCS,
"CDO26500QL　台積電股票選擇權,2026/05,履約價2650.0,賣權",TWCDO650BQL2,2026/05/05,期貨及選擇權,,OPESCS,
"CDO26500R6　台積電股票選擇權,2026/06,履約價2650.0,賣權",TWCDO650BR66,2026/04/28,期貨及選擇權,,OPESCS,
"CDO27000Q6　台積電股票選擇權,2026/05,履約價2700.0,賣權",TWCDO700BQ67,2026/05/08,期貨及選擇權,,OPESCS,
"CDO27000QL　台積電股票選擇權,2026/05,履約價2700.0,賣權",TWCDO700BQL5,2026/05/08,期貨及選擇權,,OPESCS,
"CDO27000R6　台積電股票選擇權,2026/06,履約價2700.0,賣權",TWCDO700BR66,2026/05/08,期貨及選擇權,,OPESCS,
"CDO27000U6　台積電股票選擇權,2026/09,履約價2700.0,賣權",TWCDO700BU61,2026/04/28,期貨及選擇權,,OPESCS,
"CEO00700R6　富邦金股票選擇權,2026/06,履約價70.0,賣權",TWCEO0700R60,2026/03/10,期貨及選擇權,,OPESCS,
"CEO00700U6　富邦金股票選擇權,2026/09,履約價70.0,賣權",TWCEO0700U65,2026/04/16,期貨及選擇權,,OPESCS,
"CEO00725Q6　富邦金股票選擇權,2026/05,履約價72.5,賣權",TWCEO0725Q62,2026/03/20,期貨及選擇權,,OPESCS,
"CEO00725R6　富邦金股票選擇權,2026/06,履約價72.5,賣權",TWCEO0725R61,2026/04/16,期貨及選擇權,,OPESCS,
"CEO00750Q6　富邦金股票選擇權,2026/05,履約價75.0,賣權",TWCEO0750Q60,2026/03/19,期貨及選擇權,,OPESCS,
"CEO00750R6　富邦金股票選擇權,2026/06,履約價75.0,賣權",TWCEO0750R69,2026/01/22,期貨及選擇權,,OPESCS,
"CEO00750U6　富邦金股票選擇權,2026/09,履約價75.0,賣權",TWCEO0750U64,2026/04/16,期貨及選擇權,,OPESCS,
"CEO00775Q6　富邦金股票選擇權,2026/05,履約價77.5,賣權",TWCEO0775Q61,2026/03/19,期貨及選擇權,,OPESCS,
"CEO00775R6　富邦金股票選擇權,2026/06,履約價77.5,賣權",TWCEO0775R60,2026/04/16,期貨及選擇權,,OPESCS,
"CEO00800Q6　富邦金股票選擇權,2026/05,履約價80.0,賣權",TWCEO0800Q60,2026/03/19,期貨及選擇權,,OPESCS,
"CEO00800R6　富邦金股票選擇權,2026/06,履約價80.0,賣權",TWCEO0800R69,2026/01/22,期貨及選擇權,,OPESCS,
"CEO00800U6　富邦金股票選擇權,2026/09,履約價80.0,賣權",TWCEO0800U64,2026/04/16,期貨及選擇權,,OPESCS,
"CEO00825Q6　富邦金股票選擇權,2026/05,履約價82.5,賣權",TWCEO0825Q61,2026/03/19,期貨及選擇權,,OPESCS,
"CEO00825R6　富邦金股票選擇權,2026/06,履約價82.5,賣權",TWCEO0825R60,2026/04/16,期貨及選擇權,,OPESCS,
"CEO00850Q6　富邦金股票選擇權,2026/05,履約價85.0,賣權",TWCEO0850Q69,2026/03/19,期貨及選擇權,,OPESCS,
"CEO00850R6　富邦金股票選擇權,2026/06,履約價85.0,賣權",TWCEO0850R68,2026/01/22,期貨及選擇權,,OPESCS,
"CEO00850U6　富邦金股票選擇權,2026/09,履約價85.0,賣權",TWCEO0850U63,2026/04/16,期貨及選擇權,,OPESCS,
"CEO00875Q6　富邦金股票選擇權,2026/05,履約價87.5,賣權",TWCEO0875Q60,2026/03/19,期貨及選擇權,,OPESCS,
"CEO00875R6　富邦金股票選擇權,2026/06,履約價87.5,賣權",TWCEO0875R69,2026/04/16,期貨及選擇權,,OPESCS,
"CEO00900Q6　富邦金股票選擇權,2026/05,履約價90.0,賣權",TWCEO0900Q69,2026/03/19,期貨及選擇權,,OPESCS,
"CEO00900R6　富邦金股票選擇權,2026/06,履約價90.0,賣權",TWCEO0900R68,2026/01/22,期貨及選擇權,,OPESCS,
"CEO00900U6　富邦金股票選擇權,2026/09,履約價90.0,賣權",TWCEO0900U63,2026/04/16,期貨及選擇權,,OPESCS,
"CEO00925Q6　富邦金股票選擇權,2026/05,履約價92.5,賣權",TWCEO0925Q60,2026/03/19,期貨及選擇權,,OPESCS,
"CEO00925R6　富邦金股票選擇權,2026/06,履約價92.5,賣權",TWCEO0925R69,2026/04/16,期貨及選擇權,,OPESCS,
"CEO00950Q6　富邦金股票選擇權,2026/05,履約價95.0,賣權",TWCEO0950Q68,2026/03/19,期貨及選擇權,,OPESCS,
"CEO00950R6　富邦金股票選擇權,2026/06,履約價95.0,賣權",TWCEO0950R67,2026/01/22,期貨及選擇權,,OPESCS,
"CEO00950U6　富邦金股票選擇權,2026/09,履約價95.0,賣權",TWCEO0950U62,2026/04/16,期貨及選擇權,,OPESCS,
"CEO00975Q6　富邦金股票選擇權,2026/05,履約價97.5,賣權",TWCEO0975Q69,2026/03/19,期貨及選擇權,,OPESCS,
"CEO00975R6　富邦金股票選擇權,2026/06,履約價97.5,賣權",TWCEO0975R68,2026/04/16,期貨及選擇權,,OPESCS,
"CEO01000Q6　富邦金股票選擇權,2026/05,履約價100.0,賣權",TWCEO1000Q66,2026/03/19,期貨及選擇權,,OPESCS,
"CEO01000R6　富邦金股票選擇權,2026/06,履約價100.0,賣權",TWCEO1000R65,2026/01/22,期貨及選擇權,,OPESCS,
"CEO01000U6　富邦金股票選擇權,2026/09,履約價100.0,賣權",TWCEO1000U60,2026/04/16,期貨及選擇權,,OPESCS,
"CEO01050Q6　富邦金股票選擇權,2026/05,履約價105.0,賣權",TWCEO1050Q65,2026/03/19,期貨及選擇權,,OPESCS,
"CEO01050R6　富邦金股票選擇權,2026/06,履約價105.0,賣權",TWCEO1050R64,2026/04/16,期貨及選擇權,,OPESCS,
"CEO01100Q6　富邦金股票選擇權,2026/05,履約價110.0,賣權",TWCEO1100Q65,2026/05/06,期貨及選擇權,,OPESCS,
"CEO01100R6　富邦金股票選擇權,2026/06,履約價110.0,賣權",TWCEO1100R64,2026/01/22,期貨及選擇權,,OPESCS,
"CEO01100U6　富邦金股票選擇權,2026/09,履約價110.0,賣權",TWCEO1100U69,2026/04/16,期貨及選擇權,,OPESCS,
"CEO01200R6　富邦金股票選擇權,2026/06,履約價120.0,賣權",TWCEO1200R63,2026/02/24,期貨及選擇權,,OPESCS,
"CFO00340R6　台塑股票選擇權,2026/06,履約價34.0,賣權",TWCFO0340R65,2026/01/22,期貨及選擇權,,OPESCS,
"CFO00360R6　台塑股票選擇權,2026/06,履約價36.0,賣權",TWCFO0360R60,2026/01/22,期貨及選擇權,,OPESCS,
"CFO00380Q6　台塑股票選擇權,2026/05,履約價38.0,賣權",TWCFO0380Q67,2026/03/24,期貨及選擇權,,OPESCS,
"CFO00380R6　台塑股票選擇權,2026/06,履約價38.0,賣權",TWCFO0380R66,2026/01/22,期貨及選擇權,,OPESCS,
"CFO00390Q6　台塑股票選擇權,2026/05,履約價39.0,賣權",TWCFO0390Q65,2026/03/24,期貨及選擇權,,OPESCS,
"CFO00400Q6　台塑股票選擇權,2026/05,履約價40.0,賣權",TWCFO0400Q63,2026/03/19,期貨及選擇權,,OPESCS,
"CFO00400R6　台塑股票選擇權,2026/06,履約價40.0,賣權",TWCFO0400R62,2026/01/22,期貨及選擇權,,OPESCS,
"CFO00410Q6　台塑股票選擇權,2026/05,履約價41.0,賣權",TWCFO0410Q61,2026/03/19,期貨及選擇權,,OPESCS,
"CFO00420Q6　台塑股票選擇權,2026/05,履約價42.0,賣權",TWCFO0420Q69,2026/03/19,期貨及選擇權,,OPESCS,
"CFO00420R6　台塑股票選擇權,2026/06,履約價42.0,賣權",TWCFO0420R68,2026/01/22,期貨及選擇權,,OPESCS,
"CFO00420U6　台塑股票選擇權,2026/09,履約價42.0,賣權",TWCFO0420U63,2026/04/24,期貨及選擇權,,OPESCS,
"CFO00430Q6　台塑股票選擇權,2026/05,履約價43.0,賣權",TWCFO0430Q67,2026/03/19,期貨及選擇權,,OPESCS,
"CFO00430R6　台塑股票選擇權,2026/06,履約價43.0,賣權",TWCFO0430R66,2026/04/24,期貨及選擇權,,OPESCS,
"CFO00440Q6　台塑股票選擇權,2026/05,履約價44.0,賣權",TWCFO0440Q65,2026/03/19,期貨及選擇權,,OPESCS,
"CFO00440R6　台塑股票選擇權,2026/06,履約價44.0,賣權",TWCFO0440R64,2026/01/22,期貨及選擇權,,OPESCS,
"CFO00440U6　台塑股票選擇權,2026/09,履約價44.0,賣權",TWCFO0440U69,2026/04/16,期貨及選擇權,,OPESCS,
"CFO00450Q6　台塑股票選擇權,2026/05,履約價45.0,賣權",TWCFO0450Q62,2026/03/19,期貨及選擇權,,OPESCS,
"CFO00450R6　台塑股票選擇權,2026/06,履約價45.0,賣權",TWCFO0450R61,2026/04/16,期貨及選擇權,,OPESCS,
"CFO00460Q6　台塑股票選擇權,2026/05,履約價46.0,賣權",TWCFO0460Q60,2026/03/19,期貨及選擇權,,OPESCS,
"CFO00460R6　台塑股票選擇權,2026/06,履約價46.0,賣權",TWCFO0460R69,2026/01/22,期貨及選擇權,,OPESCS,
"CFO00460U6　台塑股票選擇權,2026/09,履約價46.0,賣權",TWCFO0460U64,2026/04/16,期貨及選擇權,,OPESCS,
"CFO00470Q6　台塑股票選擇權,2026/05,履約價47.0,賣權",TWCFO0470Q68,2026/03/19,期貨及選擇權,,OPESCS,
"CFO00470R6　台塑股票選擇權,2026/06,履約價47.0,賣權",TWCFO0470R67,2026/04/16,期貨及選擇權,,OPESCS,
"CFO00480Q6　台塑股票選擇權,2026/05,履約價48.0,賣權",TWCFO0480Q66,2026/03/19,期貨及選擇權,,OPESCS,
"CFO00480R6　台塑股票選擇權,2026/06,履約價48.0,賣權",TWCFO0480R65,2026/01/22,期貨及選擇權,,OPESCS,
"CFO00480U6　台塑股票選擇權,2026/09,履約價48.0,賣權",TWCFO0480U60,2026/04/16,期貨及選擇權,,OPESCS,
"CFO00490Q6　台塑股票選擇權,2026/05,履約價49.0,賣權",TWCFO0490Q64,2026/03/19,期貨及選擇權,,OPESCS,
"CFO00490R6　台塑股票選擇權,2026/06,履約價49.0,賣權",TWCFO0490R63,2026/04/16,期貨及選擇權,,OPESCS,
"CFO00500Q6　台塑股票選擇權,2026/05,履約價50.0,賣權",TWCFO0500Q62,2026/03/19,期貨及選擇權,,OPESCS,
"CFO00500R6　台塑股票選擇權,2026/06,履約價50.0,賣權",TWCFO0500R61,2026/01/22,期貨及選擇權,,OPESCS,
"CFO00500U6　台塑股票選擇權,2026/09,履約價50.0,賣權",TWCFO0500U66,2026/04/16,期貨及選擇權,,OPESCS,
"CFO00525Q6　台塑股票選擇權,2026/05,履約價52.5,賣權",TWCFO0525Q63,2026/03/19,期貨及選擇權,,OPESCS,
"CFO00525R6　台塑股票選擇權,2026/06,履約價52.5,賣權",TWCFO0525R62,2026/04/16,期貨及選擇權,,OPESCS,
"CFO00550Q6　台塑股票選擇權,2026/05,履約價55.0,賣權",TWCFO0550Q61,2026/03/19,期貨及選擇權,,OPESCS,
"CFO00550R6　台塑股票選擇權,2026/06,履約價55.0,賣權",TWCFO0550R60,2026/01/23,期貨及選擇權,,OPESCS,
"CFO00550U6　台塑股票選擇權,2026/09,履約價55.0,賣權",TWCFO0550U65,2026/04/16,期貨及選擇權,,OPESCS,
"CFO00575Q6　台塑股票選擇權,2026/05,履約價57.5,賣權",TWCFO0575Q62,2026/03/20,期貨及選擇權,,OPESCS,
"CFO00575R6　台塑股票選擇權,2026/06,履約價57.5,賣權",TWCFO0575R61,2026/04/16,期貨及選擇權,,OPESCS,
"CFO00600Q6　台塑股票選擇權,2026/05,履約價60.0,賣權",TWCFO0600Q61,2026/04/14,期貨及選擇權,,OPESCS,
"CFO00600R6　台塑股票選擇權,2026/06,履約價60.0,賣權",TWCFO0600R60,2026/01/27,期貨及選擇權,,OPESCS,
"CFO00600U6　台塑股票選擇權,2026/09,履約價60.0,賣權",TWCFO0600U65,2026/04/16,期貨及選擇權,,OPESCS,
"CFO00625Q6　台塑股票選擇權,2026/05,履約價62.5,賣權",TWCFO0625Q62,2026/04/15,期貨及選擇權,,OPESCS,
"CFO00625R6　台塑股票選擇權,2026/06,履約價62.5,賣權",TWCFO0625R61,2026/04/16,期貨及選擇權,,OPESCS,
"CFO00650Q6　台塑股票選擇權,2026/05,履約價65.0,賣權",TWCFO0650Q60,2026/04/17,期貨及選擇權,,OPESCS,
"CFO00650R6　台塑股票選擇權,2026/06,履約價65.0,賣權",TWCFO0650R69,2026/02/26,期貨及選擇權,,OPESCS,
"CFO00650U6　台塑股票選擇權,2026/09,履約價65.0,賣權",TWCFO0650U64,2026/04/16,期貨及選擇權,,OPESCS,
"CGO00220R6　仁寶股票選擇權,2026/06,履約價22.0,賣權",TWCGO0220R69,2026/04/01,期貨及選擇權,,OPESCS,
"CGO00225Q6　仁寶股票選擇權,2026/05,履約價22.5,賣權",TWCGO0225Q65,2026/04/01,期貨及選擇權,,OPESCS,
"CGO00230Q6　仁寶股票選擇權,2026/05,履約價23.0,賣權",TWCGO0230Q68,2026/04/01,期貨及選擇權,,OPESCS,
"CGO00230R6　仁寶股票選擇權,2026/06,履約價23.0,賣權",TWCGO0230R67,2026/04/01,期貨及選擇權,,OPESCS,
"CGO00235Q6　仁寶股票選擇權,2026/05,履約價23.5,賣權",TWCGO0235Q63,2026/04/01,期貨及選擇權,,OPESCS,
"CGO00240Q6　仁寶股票選擇權,2026/05,履約價24.0,賣權",TWCGO0240Q66,2026/03/31,期貨及選擇權,,OPESCS,
"CGO00240R6　仁寶股票選擇權,2026/06,履約價24.0,賣權",TWCGO0240R65,2026/03/05,期貨及選擇權,,OPESCS,
"CGO00240U6　仁寶股票選擇權,2026/09,履約價24.0,賣權",TWCGO0240U60,2026/04/17,期貨及選擇權,,OPESCS,
"CGO00245Q6　仁寶股票選擇權,2026/05,履約價24.5,賣權",TWCGO0245Q61,2026/03/31,期貨及選擇權,,OPESCS,
"CGO00245R6　仁寶股票選擇權,2026/06,履約價24.5,賣權",TWCGO0245R60,2026/04/17,期貨及選擇權,,OPESCS,
"CGO00250Q6　仁寶股票選擇權,2026/05,履約價25.0,賣權",TWCGO0250Q63,2026/03/31,期貨及選擇權,,OPESCS,
"CGO00250R6　仁寶股票選擇權,2026/06,履約價25.0,賣權",TWCGO0250R62,2026/02/24,期貨及選擇權,,OPESCS,
"CGO00250U6　仁寶股票選擇權,2026/09,履約價25.0,賣權",TWCGO0250U67,2026/04/16,期貨及選擇權,,OPESCS,
"CGO00255Q6　仁寶股票選擇權,2026/05,履約價25.5,賣權",TWCGO0255Q68,2026/03/27,期貨及選擇權,,OPESCS,
"CGO00255R6　仁寶股票選擇權,2026/06,履約價25.5,賣權",TWCGO0255R67,2026/04/16,期貨及選擇權,,OPESCS,
"CGO00260Q6　仁寶股票選擇權,2026/05,履約價26.0,賣權",TWCGO0260Q61,2026/03/25,期貨及選擇權,,OPESCS,
"CGO00260R6　仁寶股票選擇權,2026/06,履約價26.0,賣權",TWCGO0260R60,2026/01/22,期貨及選擇權,,OPESCS,
"CGO00260U6　仁寶股票選擇權,2026/09,履約價26.0,賣權",TWCGO0260U65,2026/04/16,期貨及選擇權,,OPESCS,
"CGO00270Q6　仁寶股票選擇權,2026/05,履約價27.0,賣權",TWCGO0270Q69,2026/03/19,期貨及選擇權,,OPESCS,
"CGO00270R6　仁寶股票選擇權,2026/06,履約價27.0,賣權",TWCGO0270R68,2026/04/16,期貨及選擇權,,OPESCS,
"CGO00280Q6　仁寶股票選擇權,2026/05,履約價28.0,賣權",TWCGO0280Q67,2026/03/19,期貨及選擇權,,OPESCS,
"CGO00280R6　仁寶股票選擇權,2026/06,履約價28.0,賣權",TWCGO0280R66,2026/01/22,期貨及選擇權,,OPESCS,
"CGO00280U6　仁寶股票選擇權,2026/09,履約價28.0,賣權",TWCGO0280U61,2026/04/16,期貨及選擇權,,OPESCS,
"CGO00290Q6　仁寶股票選擇權,2026/05,履約價29.0,賣權",TWCGO0290Q65,2026/03/19,期貨及選擇權,,OPESCS,
"CGO00290R6　仁寶股票選擇權,2026/06,履約價29.0,賣權",TWCGO0290R64,2026/04/16,期貨及選擇權,,OPESCS,
"CGO00300Q6　仁寶股票選擇權,2026/05,履約價30.0,賣權",TWCGO0300Q63,2026/03/19,期貨及選擇權,,OPESCS,
"CGO00300R6　仁寶股票選擇權,2026/06,履約價30.0,賣權",TWCGO0300R62,2026/01/22,期貨及選擇權,,OPESCS,
"CGO00300U6　仁寶股票選擇權,2026/09,履約價30.0,賣權",TWCGO0300U67,2026/04/16,期貨及選擇權,,OPESCS,
"CGO00310Q6　仁寶股票選擇權,2026/05,履約價31.0,賣權",TWCGO0310Q61,2026/03/19,期貨及選擇權,,OPESCS,
"CGO00310R6　仁寶股票選擇權,2026/06,履約價31.0,賣權",TWCGO0310R60,2026/04/16,期貨及選擇權,,OPESCS,
"CGO00320Q6　仁寶股票選擇權,2026/05,履約價32.0,賣權",TWCGO0320Q69,2026/03/19,期貨及選擇權,,OPESCS,
"CGO00320R6　仁寶股票選擇權,2026/06,履約價32.0,賣權",TWCGO0320R68,2026/01/22,期貨及選擇權,,OPESCS,
"CGO00320U6　仁寶股票選擇權,2026/09,履約價32.0,賣權",TWCGO0320U63,2026/04/16,期貨及選擇權,,OPESCS,
"CGO00330Q6　仁寶股票選擇權,2026/05,履約價33.0,賣權",TWCGO0330Q67,2026/03/19,期貨及選擇權,,OPESCS,
"CGO00330R6　仁寶股票選擇權,2026/06,履約價33.0,賣權",TWCGO0330R66,2026/04/16,期貨及選擇權,,OPESCS,
"CGO00340Q6　仁寶股票選擇權,2026/05,履約價34.0,賣權",TWCGO0340Q65,2026/03/19,期貨及選擇權,,OPESCS,
"CGO00340R6　仁寶股票選擇權,2026/06,履約價34.0,賣權",TWCGO0340R64,2026/01/22,期貨及選擇權,,OPESCS,
"CGO00340U6　仁寶股票選擇權,2026/09,履約價34.0,賣權",TWCGO0340U69,2026/04/16,期貨及選擇權,,OPESCS,
"CGO00350Q6　仁寶股票選擇權,2026/05,履約價35.0,賣權",TWCGO0350Q62,2026/03/19,期貨及選擇權,,OPESCS,
"CGO00350R6　仁寶股票選擇權,2026/06,履約價35.0,賣權",TWCGO0350R61,2026/04/20,期貨及選擇權,,OPESCS,
"CGO00360Q6　仁寶股票選擇權,2026/05,履約價36.0,賣權",TWCGO0360Q60,2026/03/19,期貨及選擇權,,OPESCS,
"CGO00360R6　仁寶股票選擇權,2026/06,履約價36.0,賣權",TWCGO0360R69,2026/01/22,期貨及選擇權,,OPESCS,
"CGO00360U6　仁寶股票選擇權,2026/09,履約價36.0,賣權",TWCGO0360U64,2026/04/20,期貨及選擇權,,OPESCS,
"CGO00370Q6　仁寶股票選擇權,2026/05,履約價37.0,賣權",TWCGO0370Q68,2026/03/19,期貨及選擇權,,OPESCS,
"CGO00370R6　仁寶股票選擇權,2026/06,履約價37.0,賣權",TWCGO0370R67,2026/04/22,期貨及選擇權,,OPESCS,
"CGO00380Q6　仁寶股票選擇權,2026/05,履約價38.0,賣權",TWCGO0380Q66,2026/03/19,期貨及選擇權,,OPESCS,
"CGO00380R6　仁寶股票選擇權,2026/06,履約價38.0,賣權",TWCGO0380R65,2026/01/22,期貨及選擇權,,OPESCS,
"CGO00380U6　仁寶股票選擇權,2026/09,履約價38.0,賣權",TWCGO0380U60,2026/04/22,期貨及選擇權,,OPESCS,
"CGO00400R6　仁寶股票選擇權,2026/06,履約價40.0,賣權",TWCGO0400R61,2026/01/23,期貨及選擇權,,OPESCS,
"CHO00110R6　友達股票選擇權,2026/06,履約價11.0,賣權",TWCHO0110R61,2026/01/29,期貨及選擇權,,OPESCS,
"CHO00120Q6　友達股票選擇權,2026/05,履約價12.0,賣權",TWCHO0120Q60,2026/03/25,期貨及選擇權,,OPESCS,
"CHO00120R6　友達股票選擇權,2026/06,履約價12.0,賣權",TWCHO0120R69,2026/01/26,期貨及選擇權,,OPESCS,
"CHO00125Q6　友達股票選擇權,2026/05,履約價12.5,賣權",TWCHO0125Q65,2026/03/24,期貨及選擇權,,OPESCS,
"CHO00130Q6　友達股票選擇權,2026/05,履約價13.0,賣權",TWCHO0130Q68,2026/03/20,期貨及選擇權,,OPESCS,
"CHO00130R6　友達股票選擇權,2026/06,履約價13.0,賣權",TWCHO0130R67,2026/01/22,期貨及選擇權,,OPESCS,
"CHO00135Q6　友達股票選擇權,2026/05,履約價13.5,賣權",TWCHO0135Q63,2026/03/19,期貨及選擇權,,OPESCS,
"CHO00140Q6　友達股票選擇權,2026/05,履約價14.0,賣權",TWCHO0140Q66,2026/03/19,期貨及選擇權,,OPESCS,
"CHO00140R6　友達股票選擇權,2026/06,履約價14.0,賣權",TWCHO0140R65,2026/01/22,期貨及選擇權,,OPESCS,
"CHO00140U6　友達股票選擇權,2026/09,履約價14.0,賣權",TWCHO0140U60,2026/04/27,期貨及選擇權,,OPESCS,
"CHO00145Q6　友達股票選擇權,2026/05,履約價14.5,賣權",TWCHO0145Q61,2026/03/19,期貨及選擇權,,OPESCS,
"CHO00145R6　友達股票選擇權,2026/06,履約價14.5,賣權",TWCHO0145R60,2026/04/27,期貨及選擇權,,OPESCS,
"CHO00150Q6　友達股票選擇權,2026/05,履約價15.0,賣權",TWCHO0150Q63,2026/03/19,期貨及選擇權,,OPESCS,
"CHO00150R6　友達股票選擇權,2026/06,履約價15.0,賣權",TWCHO0150R62,2026/01/22,期貨及選擇權,,OPESCS,
"CHO00150U6　友達股票選擇權,2026/09,履約價15.0,賣權",TWCHO0150U67,2026/04/23,期貨及選擇權,,OPESCS,
"CHO00155Q6　友達股票選擇權,2026/05,履約價15.5,賣權",TWCHO0155Q68,2026/03/19,期貨及選擇權,,OPESCS,
"CHO00155R6　友達股票選擇權,2026/06,履約價15.5,賣權",TWCHO0155R67,2026/04/23,期貨及選擇權,,OPESCS,
"CHO00160Q6　友達股票選擇權,2026/05,履約價16.0,賣權",TWCHO0160Q61,2026/03/19,期貨及選擇權,,OPESCS,
"CHO00160R6　友達股票選擇權,2026/06,履約價16.0,賣權",TWCHO0160R60,2026/01/22,期貨及選擇權,,OPESCS,
"CHO00160U6　友達股票選擇權,2026/09,履約價16.0,賣權",TWCHO0160U65,2026/04/20,期貨及選擇權,,OPESCS,
"CHO00165Q6　友達股票選擇權,2026/05,履約價16.5,賣權",TWCHO0165Q66,2026/03/19,期貨及選擇權,,OPESCS,
"CHO00165R6　友達股票選擇權,2026/06,履約價16.5,賣權",TWCHO0165R65,2026/04/20,期貨及選擇權,,OPESCS,
"CHO00170Q6　友達股票選擇權,2026/05,履約價17.0,賣權",TWCHO0170Q69,2026/03/19,期貨及選擇權,,OPESCS,
"CHO00170R6　友達股票選擇權,2026/06,履約價17.0,賣權",TWCHO0170R68,2026/01/22,期貨及選擇權,,OPESCS,
"CHO00170U6　友達股票選擇權,2026/09,履約價17.0,賣權",TWCHO0170U63,2026/04/16,期貨及選擇權,,OPESCS,
"CHO00175Q6　友達股票選擇權,2026/05,履約價17.5,賣權",TWCHO0175Q64,2026/03/19,期貨及選擇權,,OPESCS,
"CHO00175R6　友達股票選擇權,2026/06,履約價17.5,賣權",TWCHO0175R63,2026/04/16,期貨及選擇權,,OPESCS,
"CHO00180Q6　友達股票選擇權,2026/05,履約價18.0,賣權",TWCHO0180Q67,2026/03/19,期貨及選擇權,,OPESCS,
"CHO00180R6　友達股票選擇權,2026/06,履約價18.0,賣權",TWCHO0180R66,2026/01/22,期貨及選擇權,,OPESCS,
"CHO00180U6　友達股票選擇權,2026/09,履約價18.0,賣權",TWCHO0180U61,2026/04/16,期貨及選擇權,,OPESCS,
"CHO00185Q6　友達股票選擇權,2026/05,履約價18.5,賣權",TWCHO0185Q62,2026/03/19,期貨及選擇權,,OPESCS,
"CHO00185R6　友達股票選擇權,2026/06,履約價18.5,賣權",TWCHO0185R61,2026/04/16,期貨及選擇權,,OPESCS,
"CHO00190Q6　友達股票選擇權,2026/05,履約價19.0,賣權",TWCHO0190Q65,2026/03/19,期貨及選擇權,,OPESCS,
"CHO00190R6　友達股票選擇權,2026/06,履約價19.0,賣權",TWCHO0190R64,2026/01/22,期貨及選擇權,,OPESCS,
"CHO00190U6　友達股票選擇權,2026/09,履約價19.0,賣權",TWCHO0190U69,2026/04/16,期貨及選擇權,,OPESCS,
"CHO00195Q6　友達股票選擇權,2026/05,履約價19.5,賣權",TWCHO0195Q60,2026/04/07,期貨及選擇權,,OPESCS,
"CHO00195R6　友達股票選擇權,2026/06,履約價19.5,賣權",TWCHO0195R69,2026/04/16,期貨及選擇權,,OPESCS,
"CHO00200Q6　友達股票選擇權,2026/05,履約價20.0,賣權",TWCHO0200Q63,2026/04/09,期貨及選擇權,,OPESCS,
"CHO00200R6　友達股票選擇權,2026/06,履約價20.0,賣權",TWCHO0200R62,2026/03/02,期貨及選擇權,,OPESCS,
"CHO00200U6　友達股票選擇權,2026/09,履約價20.0,賣權",TWCHO0200U67,2026/04/16,期貨及選擇權,,OPESCS,
"CHO00205Q6　友達股票選擇權,2026/05,履約價20.5,賣權",TWCHO0205Q68,2026/04/10,期貨及選擇權,,OPESCS,
"CHO00205R6　友達股票選擇權,2026/06,履約價20.5,賣權",TWCHO0205R67,2026/04/16,期貨及選擇權,,OPESCS,
"CHO00210Q6　友達股票選擇權,2026/05,履約價21.0,賣權",TWCHO0210Q61,2026/04/10,期貨及選擇權,,OPESCS,
"CHO00210R6　友達股票選擇權,2026/06,履約價21.0,賣權",TWCHO0210R60,2026/04/10,期貨及選擇權,,OPESCS,
"CHO00210U6　友達股票選擇權,2026/09,履約價21.0,賣權",TWCHO0210U65,2026/04/16,期貨及選擇權,,OPESCS,
"CHO00215Q6　友達股票選擇權,2026/05,履約價21.5,賣權",TWCHO0215Q66,2026/04/10,期貨及選擇權,,OPESCS,
"CHO00215R6　友達股票選擇權,2026/06,履約價21.5,賣權",TWCHO0215R65,2026/04/16,期貨及選擇權,,OPESCS,
"CHO00220Q6　友達股票選擇權,2026/05,履約價22.0,賣權",TWCHO0220Q69,2026/04/10,期貨及選擇權,,OPESCS,
"CHO00220R6　友達股票選擇權,2026/06,履約價22.0,賣權",TWCHO0220R68,2026/04/10,期貨及選擇權,,OPESCS,
"CHO00220U6　友達股票選擇權,2026/09,履約價22.0,賣權",TWCHO0220U63,2026/04/16,期貨及選擇權,,OPESCS,
"CHO00225Q6　友達股票選擇權,2026/05,履約價22.5,賣權",TWCHO0225Q64,2026/04/15,期貨及選擇權,,OPESCS,
"CHO00225R6　友達股票選擇權,2026/06,履約價22.5,賣權",TWCHO0225R63,2026/04/16,期貨及選擇權,,OPESCS,
"CHO00230Q6　友達股票選擇權,2026/05,履約價23.0,賣權",TWCHO0230Q67,2026/04/15,期貨及選擇權,,OPESCS,
"CHO00230R6　友達股票選擇權,2026/06,履約價23.0,賣權",TWCHO0230R66,2026/04/15,期貨及選擇權,,OPESCS,
"CHO00230U6　友達股票選擇權,2026/09,履約價23.0,賣權",TWCHO0230U61,2026/04/16,期貨及選擇權,,OPESCS,
"CHO00235Q6　友達股票選擇權,2026/05,履約價23.5,賣權",TWCHO0235Q62,2026/04/16,期貨及選擇權,,OPESCS,
"CHO00235R6　友達股票選擇權,2026/06,履約價23.5,賣權",TWCHO0235R61,2026/04/16,期貨及選擇權,,OPESCS,
"CHO00240Q6　友達股票選擇權,2026/05,履約價24.0,賣權",TWCHO0240Q65,2026/04/17,期貨及選擇權,,OPESCS,
"CHO00240R6　友達股票選擇權,2026/06,履約價24.0,賣權",TWCHO0240R64,2026/04/17,期貨及選擇權,,OPESCS,
"CHO00240U6　友達股票選擇權,2026/09,履約價24.0,賣權",TWCHO0240U69,2026/04/16,期貨及選擇權,,OPESCS,
"CKO00550R6　國泰金股票選擇權,2026/06,履約價55.0,賣權",TWCKO0550R63,2026/03/10,期貨及選擇權,,OPESCS,
"CKO00575Q6　國泰金股票選擇權,2026/05,履約價57.5,賣權",TWCKO0575Q65,2026/03/31,期貨及選擇權,,OPESCS,
"CKO00600Q6　國泰金股票選擇權,2026/05,履約價60.0,賣權",TWCKO0600Q64,2026/03/19,期貨及選擇權,,OPESCS,
"CKO00600R6　國泰金股票選擇權,2026/06,履約價60.0,賣權",TWCKO0600R63,2026/01/22,期貨及選擇權,,OPESCS,
"CKO00600U6　國泰金股票選擇權,2026/09,履約價60.0,賣權",TWCKO0600U68,2026/04/16,期貨及選擇權,,OPESCS,
"CKO00625Q6　國泰金股票選擇權,2026/05,履約價62.5,賣權",TWCKO0625Q65,2026/03/19,期貨及選擇權,,OPESCS,
"CKO00625R6　國泰金股票選擇權,2026/06,履約價62.5,賣權",TWCKO0625R64,2026/04/16,期貨及選擇權,,OPESCS,
"CKO00650Q6　國泰金股票選擇權,2026/05,履約價65.0,賣權",TWCKO0650Q63,2026/03/19,期貨及選擇權,,OPESCS,
"CKO00650R6　國泰金股票選擇權,2026/06,履約價65.0,賣權",TWCKO0650R62,2026/01/22,期貨及選擇權,,OPESCS,
"CKO00650U6　國泰金股票選擇權,2026/09,履約價65.0,賣權",TWCKO0650U67,2026/04/16,期貨及選擇權,,OPESCS,
"CKO00675Q6　國泰金股票選擇權,2026/05,履約價67.5,賣權",TWCKO0675Q64,2026/03/19,期貨及選擇權,,OPESCS,
"CKO00675R6　國泰金股票選擇權,2026/06,履約價67.5,賣權",TWCKO0675R63,2026/04/16,期貨及選擇權,,OPESCS,
"CKO00700Q6　國泰金股票選擇權,2026/05,履約價70.0,賣權",TWCKO0700Q63,2026/03/19,期貨及選擇權,,OPESCS,
"CKO00700R6　國泰金股票選擇權,2026/06,履約價70.0,賣權",TWCKO0700R62,2026/01/22,期貨及選擇權,,OPESCS,
"CKO00700U6　國泰金股票選擇權,2026/09,履約價70.0,賣權",TWCKO0700U67,2026/04/16,期貨及選擇權,,OPESCS,
"CKO00725Q6　國泰金股票選擇權,2026/05,履約價72.5,賣權",TWCKO0725Q64,2026/03/19,期貨及選擇權,,OPESCS,
"CKO00725R6　國泰金股票選擇權,2026/06,履約價72.5,賣權",TWCKO0725R63,2026/04/16,期貨及選擇權,,OPESCS,
"CKO00750Q6　國泰金股票選擇權,2026/05,履約價75.0,賣權",TWCKO0750Q62,2026/03/19,期貨及選擇權,,OPESCS,
"CKO00750R6　國泰金股票選擇權,2026/06,履約價75.0,賣權",TWCKO0750R61,2026/01/22,期貨及選擇權,,OPESCS,
"CKO00750U6　國泰金股票選擇權,2026/09,履約價75.0,賣權",TWCKO0750U66,2026/04/16,期貨及選擇權,,OPESCS,
"CKO00775Q6　國泰金股票選擇權,2026/05,履約價77.5,賣權",TWCKO0775Q63,2026/03/19,期貨及選擇權,,OPESCS,
"CKO00775R6　國泰金股票選擇權,2026/06,履約價77.5,賣權",TWCKO0775R62,2026/04/16,期貨及選擇權,,OPESCS,
"CKO00800Q6　國泰金股票選擇權,2026/05,履約價80.0,賣權",TWCKO0800Q62,2026/03/19,期貨及選擇權,,OPESCS,
"CKO00800R6　國泰金股票選擇權,2026/06,履約價80.0,賣權",TWCKO0800R61,2026/01/22,期貨及選擇權,,OPESCS,
"CKO00800U6　國泰金股票選擇權,2026/09,履約價80.0,賣權",TWCKO0800U66,2026/04/16,期貨及選擇權,,OPESCS,
"CKO00825Q6　國泰金股票選擇權,2026/05,履約價82.5,賣權",TWCKO0825Q63,2026/03/19,期貨及選擇權,,OPESCS,
"CKO00825R6　國泰金股票選擇權,2026/06,履約價82.5,賣權",TWCKO0825R62,2026/04/16,期貨及選擇權,,OPESCS,
"CKO00850Q6　國泰金股票選擇權,2026/05,履約價85.0,賣權",TWCKO0850Q61,2026/03/19,期貨及選擇權,,OPESCS,
"CKO00850R6　國泰金股票選擇權,2026/06,履約價85.0,賣權",TWCKO0850R60,2026/01/22,期貨及選擇權,,OPESCS,
"CKO00850U6　國泰金股票選擇權,2026/09,履約價85.0,賣權",TWCKO0850U65,2026/04/16,期貨及選擇權,,OPESCS,
"CKO00875Q6　國泰金股票選擇權,2026/05,履約價87.5,賣權",TWCKO0875Q62,2026/04/17,期貨及選擇權,,OPESCS,
"CKO00875R6　國泰金股票選擇權,2026/06,履約價87.5,賣權",TWCKO0875R61,2026/04/17,期貨及選擇權,,OPESCS,
"CKO00900Q6　國泰金股票選擇權,2026/05,履約價90.0,賣權",TWCKO0900Q61,2026/04/30,期貨及選擇權,,OPESCS,
"CKO00900R6　國泰金股票選擇權,2026/06,履約價90.0,賣權",TWCKO0900R60,2026/01/22,期貨及選擇權,,OPESCS,
"CKO00900U6　國泰金股票選擇權,2026/09,履約價90.0,賣權",TWCKO0900U65,2026/04/17,期貨及選擇權,,OPESCS,
"CKO00925Q6　國泰金股票選擇權,2026/05,履約價92.5,賣權",TWCKO0925Q62,2026/04/30,期貨及選擇權,,OPESCS,
"CKO00925R6　國泰金股票選擇權,2026/06,履約價92.5,賣權",TWCKO0925R61,2026/04/30,期貨及選擇權,,OPESCS,
"CKO00950R6　國泰金股票選擇權,2026/06,履約價95.0,賣權",TWCKO0950R69,2026/02/23,期貨及選擇權,,OPESCS,
"CKO00950U6　國泰金股票選擇權,2026/09,履約價95.0,賣權",TWCKO0950U64,2026/04/30,期貨及選擇權,,OPESCS,
"CMO00180R6　台新新光金股票選擇權,2026/06,履約價18.0,賣權",TWCMO0180R69,2026/01/22,期貨及選擇權,,OPESCS,
"CMO00190R6　台新新光金股票選擇權,2026/06,履約價19.0,賣權",TWCMO0190R67,2026/01/22,期貨及選擇權,,OPESCS,
"CMO00190U6　台新新光金股票選擇權,2026/09,履約價19.0,賣權",TWCMO0190U62,2026/05/05,期貨及選擇權,,OPESCS,
"CMO00195Q6　台新新光金股票選擇權,2026/05,履約價19.5,賣權",TWCMO0195Q63,2026/04/01,期貨及選擇權,,OPESCS,
"CMO00195R6　台新新光金股票選擇權,2026/06,履約價19.5,賣權",TWCMO0195R62,2026/05/05,期貨及選擇權,,OPESCS,
"CMO00200Q6　台新新光金股票選擇權,2026/05,履約價20.0,賣權",TWCMO0200Q66,2026/03/24,期貨及選擇權,,OPESCS,
"CMO00200R6　台新新光金股票選擇權,2026/06,履約價20.0,賣權",TWCMO0200R65,2026/01/22,期貨及選擇權,,OPESCS,
"CMO00200U6　台新新光金股票選擇權,2026/09,履約價20.0,賣權",TWCMO0200U60,2026/04/16,期貨及選擇權,,OPESCS,
"CMO00205Q6　台新新光金股票選擇權,2026/05,履約價20.5,賣權",TWCMO0205Q61,2026/03/19,期貨及選擇權,,OPESCS,
"CMO00205R6　台新新光金股票選擇權,2026/06,履約價20.5,賣權",TWCMO0205R60,2026/04/16,期貨及選擇權,,OPESCS,
"CMO00210Q6　台新新光金股票選擇權,2026/05,履約價21.0,賣權",TWCMO0210Q64,2026/03/19,期貨及選擇權,,OPESCS,
"CMO00210R6　台新新光金股票選擇權,2026/06,履約價21.0,賣權",TWCMO0210R63,2026/01/22,期貨及選擇權,,OPESCS,
"CMO00210U6　台新新光金股票選擇權,2026/09,履約價21.0,賣權",TWCMO0210U68,2026/04/16,期貨及選擇權,,OPESCS,
"CMO00215Q6　台新新光金股票選擇權,2026/05,履約價21.5,賣權",TWCMO0215Q69,2026/03/19,期貨及選擇權,,OPESCS,
"CMO00215R6　台新新光金股票選擇權,2026/06,履約價21.5,賣權",TWCMO0215R68,2026/04/16,期貨及選擇權,,OPESCS,
"CMO00220Q6　台新新光金股票選擇權,2026/05,履約價22.0,賣權",TWCMO0220Q62,2026/03/19,期貨及選擇權,,OPESCS,
"CMO00220R6　台新新光金股票選擇權,2026/06,履約價22.0,賣權",TWCMO0220R61,2026/01/22,期貨及選擇權,,OPESCS,
"CMO00220U6　台新新光金股票選擇權,2026/09,履約價22.0,賣權",TWCMO0220U66,2026/04/16,期貨及選擇權,,OPESCS,
"CMO00225Q6　台新新光金股票選擇權,2026/05,履約價22.5,賣權",TWCMO0225Q67,2026/03/19,期貨及選擇權,,OPESCS,
"CMO00225R6　台新新光金股票選擇權,2026/06,履約價22.5,賣權",TWCMO0225R66,2026/04/16,期貨及選擇權,,OPESCS,
"CMO00230Q6　台新新光金股票選擇權,2026/05,履約價23.0,賣權",TWCMO0230Q60,2026/03/19,期貨及選擇權,,OPESCS,
"CMO00230R6　台新新光金股票選擇權,2026/06,履約價23.0,賣權",TWCMO0230R69,2026/01/22,期貨及選擇權,,OPESCS,
"CMO00230U6　台新新光金股票選擇權,2026/09,履約價23.0,賣權",TWCMO0230U64,2026/04/16,期貨及選擇權,,OPESCS,
"CMO00235Q6　台新新光金股票選擇權,2026/05,履約價23.5,賣權",TWCMO0235Q65,2026/03/19,期貨及選擇權,,OPESCS,
"CMO00235R6　台新新光金股票選擇權,2026/06,履約價23.5,賣權",TWCMO0235R64,2026/04/16,期貨及選擇權,,OPESCS,
"CMO00240Q6　台新新光金股票選擇權,2026/05,履約價24.0,賣權",TWCMO0240Q68,2026/03/19,期貨及選擇權,,OPESCS,
"CMO00240R6　台新新光金股票選擇權,2026/06,履約價24.0,賣權",TWCMO0240R67,2026/01/22,期貨及選擇權,,OPESCS,
"CMO00240U6　台新新光金股票選擇權,2026/09,履約價24.0,賣權",TWCMO0240U62,2026/04/16,期貨及選擇權,,OPESCS,
"CMO00245Q6　台新新光金股票選擇權,2026/05,履約價24.5,賣權",TWCMO0245Q63,2026/03/19,期貨及選擇權,,OPESCS,
"CMO00245R6　台新新光金股票選擇權,2026/06,履約價24.5,賣權",TWCMO0245R62,2026/04/16,期貨及選擇權,,OPESCS,
"CMO00250Q6　台新新光金股票選擇權,2026/05,履約價25.0,賣權",TWCMO0250Q65,2026/03/19,期貨及選擇權,,OPESCS,
"CMO00250R6　台新新光金股票選擇權,2026/06,履約價25.0,賣權",TWCMO0250R64,2026/01/22,期貨及選擇權,,OPESCS,
"CMO00250U6　台新新光金股票選擇權,2026/09,履約價25.0,賣權",TWCMO0250U69,2026/04/16,期貨及選擇權,,OPESCS,
"CMO00255Q6　台新新光金股票選擇權,2026/05,履約價25.5,賣權",TWCMO0255Q60,2026/03/19,期貨及選擇權,,OPESCS,
"CMO00255R6　台新新光金股票選擇權,2026/06,履約價25.5,賣權",TWCMO0255R69,2026/04/16,期貨及選擇權,,OPESCS,
"CMO00260Q6　台新新光金股票選擇權,2026/05,履約價26.0,賣權",TWCMO0260Q63,2026/03/19,期貨及選擇權,,OPESCS,
"CMO00260R6　台新新光金股票選擇權,2026/06,履約價26.0,賣權",TWCMO0260R62,2026/01/22,期貨及選擇權,,OPESCS,
"CMO00260U6　台新新光金股票選擇權,2026/09,履約價26.0,賣權",TWCMO0260U67,2026/04/16,期貨及選擇權,,OPESCS,
"CMO00270Q6　台新新光金股票選擇權,2026/05,履約價27.0,賣權",TWCMO0270Q61,2026/03/19,期貨及選擇權,,OPESCS,
"CMO00270R6　台新新光金股票選擇權,2026/06,履約價27.0,賣權",TWCMO0270R60,2026/04/16,期貨及選擇權,,OPESCS,
"CMO00280Q6　台新新光金股票選擇權,2026/05,履約價28.0,賣權",TWCMO0280Q69,2026/03/19,期貨及選擇權,,OPESCS,
"CMO00280R6　台新新光金股票選擇權,2026/06,履約價28.0,賣權",TWCMO0280R68,2026/01/27,期貨及選擇權,,OPESCS,
"CMO00280U6　台新新光金股票選擇權,2026/09,履約價28.0,賣權",TWCMO0280U63,2026/04/16,期貨及選擇權,,OPESCS,
"CMO00290Q6　台新新光金股票選擇權,2026/05,履約價29.0,賣權",TWCMO0290Q67,2026/03/19,期貨及選擇權,,OPESCS,
"CMO00290R6　台新新光金股票選擇權,2026/06,履約價29.0,賣權",TWCMO0290R66,2026/04/16,期貨及選擇權,,OPESCS,
"CMO00300R6　台新新光金股票選擇權,2026/06,履約價30.0,賣權",TWCMO0300R64,2026/02/24,期貨及選擇權,,OPESCS,
"CMO00300U6　台新新光金股票選擇權,2026/09,履約價30.0,賣權",TWCMO0300U69,2026/04/16,期貨及選擇權,,OPESCS,
"CNO00420R6　中信金股票選擇權,2026/06,履約價42.0,賣權",TWCNO0420R68,2026/01/22,期貨及選擇權,,OPESCS,
"CNO00430Q6　中信金股票選擇權,2026/05,履約價43.0,賣權",TWCNO0430Q67,2026/03/20,期貨及選擇權,,OPESCS,
"CNO00440Q6　中信金股票選擇權,2026/05,履約價44.0,賣權",TWCNO0440Q65,2026/03/20,期貨及選擇權,,OPESCS,
"CNO00440R6　中信金股票選擇權,2026/06,履約價44.0,賣權",TWCNO0440R64,2026/01/22,期貨及選擇權,,OPESCS,
"CNO00440U6　中信金股票選擇權,2026/09,履約價44.0,賣權",TWCNO0440U69,2026/04/16,期貨及選擇權,,OPESCS,
"CNO00450Q6　中信金股票選擇權,2026/05,履約價45.0,賣權",TWCNO0450Q62,2026/03/19,期貨及選擇權,,OPESCS,
"CNO00450R6　中信金股票選擇權,2026/06,履約價45.0,賣權",TWCNO0450R61,2026/04/16,期貨及選擇權,,OPESCS,
"CNO00460Q6　中信金股票選擇權,2026/05,履約價46.0,賣權",TWCNO0460Q60,2026/03/19,期貨及選擇權,,OPESCS,
"CNO00460R6　中信金股票選擇權,2026/06,履約價46.0,賣權",TWCNO0460R69,2026/01/22,期貨及選擇權,,OPESCS,
"CNO00460U6　中信金股票選擇權,2026/09,履約價46.0,賣權",TWCNO0460U64,2026/04/16,期貨及選擇權,,OPESCS,
"CNO00470Q6　中信金股票選擇權,2026/05,履約價47.0,賣權",TWCNO0470Q68,2026/03/19,期貨及選擇權,,OPESCS,
"CNO00470R6　中信金股票選擇權,2026/06,履約價47.0,賣權",TWCNO0470R67,2026/04/16,期貨及選擇權,,OPESCS,
"CNO00480Q6　中信金股票選擇權,2026/05,履約價48.0,賣權",TWCNO0480Q66,2026/03/19,期貨及選擇權,,OPESCS,
"CNO00480R6　中信金股票選擇權,2026/06,履約價48.0,賣權",TWCNO0480R65,2026/01/22,期貨及選擇權,,OPESCS,
"CNO00480U6　中信金股票選擇權,2026/09,履約價48.0,賣權",TWCNO0480U60,2026/04/16,期貨及選擇權,,OPESCS,
"CNO00490Q6　中信金股票選擇權,2026/05,履約價49.0,賣權",TWCNO0490Q64,2026/03/19,期貨及選擇權,,OPESCS,
"CNO00490R6　中信金股票選擇權,2026/06,履約價49.0,賣權",TWCNO0490R63,2026/04/16,期貨及選擇權,,OPESCS,
"CNO00500Q6　中信金股票選擇權,2026/05,履約價50.0,賣權",TWCNO0500Q62,2026/03/19,期貨及選擇權,,OPESCS,
"CNO00500R6　中信金股票選擇權,2026/06,履約價50.0,賣權",TWCNO0500R61,2026/01/22,期貨及選擇權,,OPESCS,
"CNO00500U6　中信金股票選擇權,2026/09,履約價50.0,賣權",TWCNO0500U66,2026/04/16,期貨及選擇權,,OPESCS,
"CNO00525Q6　中信金股票選擇權,2026/05,履約價52.5,賣權",TWCNO0525Q63,2026/03/19,期貨及選擇權,,OPESCS,
"CNO00525R6　中信金股票選擇權,2026/06,履約價52.5,賣權",TWCNO0525R62,2026/04/16,期貨及選擇權,,OPESCS,
"CNO00550Q6　中信金股票選擇權,2026/05,履約價55.0,賣權",TWCNO0550Q61,2026/03/19,期貨及選擇權,,OPESCS,
"CNO00550R6　中信金股票選擇權,2026/06,履約價55.0,賣權",TWCNO0550R60,2026/01/22,期貨及選擇權,,OPESCS,
"CNO00550U6　中信金股票選擇權,2026/09,履約價55.0,賣權",TWCNO0550U65,2026/04/16,期貨及選擇權,,OPESCS,
"CNO00575Q6　中信金股票選擇權,2026/05,履約價57.5,賣權",TWCNO0575Q62,2026/03/19,期貨及選擇權,,OPESCS,
"CNO00575R6　中信金股票選擇權,2026/06,履約價57.5,賣權",TWCNO0575R61,2026/04/16,期貨及選擇權,,OPESCS,
"CNO00600Q6　中信金股票選擇權,2026/05,履約價60.0,賣權",TWCNO0600Q61,2026/03/19,期貨及選擇權,,OPESCS,
"CNO00600R6　中信金股票選擇權,2026/06,履約價60.0,賣權",TWCNO0600R60,2026/01/22,期貨及選擇權,,OPESCS,
"CNO00600U6　中信金股票選擇權,2026/09,履約價60.0,賣權",TWCNO0600U65,2026/04/16,期貨及選擇權,,OPESCS,
"CNO00625Q6　中信金股票選擇權,2026/05,履約價62.5,賣權",TWCNO0625Q62,2026/03/19,期貨及選擇權,,OPESCS,
"CNO00625R6　中信金股票選擇權,2026/06,履約價62.5,賣權",TWCNO0625R61,2026/04/16,期貨及選擇權,,OPESCS,
"CNO00650Q6　中信金股票選擇權,2026/05,履約價65.0,賣權",TWCNO0650Q60,2026/04/07,期貨及選擇權,,OPESCS,
"CNO00650R6　中信金股票選擇權,2026/06,履約價65.0,賣權",TWCNO0650R69,2026/02/23,期貨及選擇權,,OPESCS,
"CNO00650U6　中信金股票選擇權,2026/09,履約價65.0,賣權",TWCNO0650U64,2026/04/16,期貨及選擇權,,OPESCS,
"CSO00250R6　華新股票選擇權,2026/06,履約價25.0,賣權",TWCSO0250R68,2026/03/10,期貨及選擇權,,OPESCS,
"CSO00250U6　華新股票選擇權,2026/09,履約價25.0,賣權",TWCSO0250U63,2026/04/24,期貨及選擇權,,OPESCS,
"CSO00255Q6　華新股票選擇權,2026/05,履約價25.5,賣權",TWCSO0255Q64,2026/03/24,期貨及選擇權,,OPESCS,
"CSO00255R6　華新股票選擇權,2026/06,履約價25.5,賣權",TWCSO0255R63,2026/04/24,期貨及選擇權,,OPESCS,
"CSO00260Q6　華新股票選擇權,2026/05,履約價26.0,賣權",TWCSO0260Q67,2026/03/24,期貨及選擇權,,OPESCS,
"CSO00260R6　華新股票選擇權,2026/06,履約價26.0,賣權",TWCSO0260R66,2026/03/05,期貨及選擇權,,OPESCS,
"CSO00260U6　華新股票選擇權,2026/09,履約價26.0,賣權",TWCSO0260U61,2026/04/16,期貨及選擇權,,OPESCS,
"CSO00270Q6　華新股票選擇權,2026/05,履約價27.0,賣權",TWCSO0270Q65,2026/03/20,期貨及選擇權,,OPESCS,
"CSO00270R6　華新股票選擇權,2026/06,履約價27.0,賣權",TWCSO0270R64,2026/04/16,期貨及選擇權,,OPESCS,
"CSO00280Q6　華新股票選擇權,2026/05,履約價28.0,賣權",TWCSO0280Q63,2026/03/19,期貨及選擇權,,OPESCS,
"CSO00280R6　華新股票選擇權,2026/06,履約價28.0,賣權",TWCSO0280R62,2026/02/09,期貨及選擇權,,OPESCS,
"CSO00280U6　華新股票選擇權,2026/09,履約價28.0,賣權",TWCSO0280U67,2026/04/16,期貨及選擇權,,OPESCS,
"CSO00290Q6　華新股票選擇權,2026/05,履約價29.0,賣權",TWCSO0290Q61,2026/03/19,期貨及選擇權,,OPESCS,
"CSO00290R6　華新股票選擇權,2026/06,履約價29.0,賣權",TWCSO0290R60,2026/04/16,期貨及選擇權,,OPESCS,
"CSO00300Q6　華新股票選擇權,2026/05,履約價30.0,賣權",TWCSO0300Q69,2026/03/19,期貨及選擇權,,OPESCS,
"CSO00300R6　華新股票選擇權,2026/06,履約價30.0,賣權",TWCSO0300R68,2026/02/04,期貨及選擇權,,OPESCS,
"CSO00300U6　華新股票選擇權,2026/09,履約價30.0,賣權",TWCSO0300U63,2026/04/16,期貨及選擇權,,OPESCS,
"CSO00310Q6　華新股票選擇權,2026/05,履約價31.0,賣權",TWCSO0310Q67,2026/03/19,期貨及選擇權,,OPESCS,
"CSO00310R6　華新股票選擇權,2026/06,履約價31.0,賣權",TWCSO0310R66,2026/04/16,期貨及選擇權,,OPESCS,
"CSO00320Q6　華新股票選擇權,2026/05,履約價32.0,賣權",TWCSO0320Q65,2026/03/19,期貨及選擇權,,OPESCS,
"CSO00320R6　華新股票選擇權,2026/06,履約價32.0,賣權",TWCSO0320R64,2026/01/22,期貨及選擇權,,OPESCS,
"CSO00320U6　華新股票選擇權,2026/09,履約價32.0,賣權",TWCSO0320U69,2026/04/16,期貨及選擇權,,OPESCS,
"CSO00330Q6　華新股票選擇權,2026/05,履約價33.0,賣權",TWCSO0330Q63,2026/03/19,期貨及選擇權,,OPESCS,
"CSO00330R6　華新股票選擇權,2026/06,履約價33.0,賣權",TWCSO0330R62,2026/04/16,期貨及選擇權,,OPESCS,
"CSO00340Q6　華新股票選擇權,2026/05,履約價34.0,賣權",TWCSO0340Q61,2026/03/19,期貨及選擇權,,OPESCS,
"CSO00340R6　華新股票選擇權,2026/06,履約價34.0,賣權",TWCSO0340R60,2026/01/22,期貨及選擇權,,OPESCS,
"CSO00340U6　華新股票選擇權,2026/09,履約價34.0,賣權",TWCSO0340U65,2026/04/16,期貨及選擇權,,OPESCS,
"CSO00350Q6　華新股票選擇權,2026/05,履約價35.0,賣權",TWCSO0350Q68,2026/03/19,期貨及選擇權,,OPESCS,
"CSO00350R6　華新股票選擇權,2026/06,履約價35.0,賣權",TWCSO0350R67,2026/04/16,期貨及選擇權,,OPESCS,
"CSO00360Q6　華新股票選擇權,2026/05,履約價36.0,賣權",TWCSO0360Q66,2026/03/19,期貨及選擇權,,OPESCS,
"CSO00360R6　華新股票選擇權,2026/06,履約價36.0,賣權",TWCSO0360R65,2026/01/22,期貨及選擇權,,OPESCS,
"CSO00360U6　華新股票選擇權,2026/09,履約價36.0,賣權",TWCSO0360U60,2026/04/16,期貨及選擇權,,OPESCS,
"CSO00370Q6　華新股票選擇權,2026/05,履約價37.0,賣權",TWCSO0370Q64,2026/03/19,期貨及選擇權,,OPESCS,
"CSO00370R6　華新股票選擇權,2026/06,履約價37.0,賣權",TWCSO0370R63,2026/04/16,期貨及選擇權,,OPESCS,
"CSO00380Q6　華新股票選擇權,2026/05,履約價38.0,賣權",TWCSO0380Q62,2026/03/19,期貨及選擇權,,OPESCS,
"CSO00380R6　華新股票選擇權,2026/06,履約價38.0,賣權",TWCSO0380R61,2026/01/22,期貨及選擇權,,OPESCS,
"CSO00380U6　華新股票選擇權,2026/09,履約價38.0,賣權",TWCSO0380U66,2026/04/16,期貨及選擇權,,OPESCS,
"CSO00390Q6　華新股票選擇權,2026/05,履約價39.0,賣權",TWCSO0390Q60,2026/03/19,期貨及選擇權,,OPESCS,
"CSO00390R6　華新股票選擇權,2026/06,履約價39.0,賣權",TWCSO0390R69,2026/04/21,期貨及選擇權,,OPESCS,
"CSO00400Q6　華新股票選擇權,2026/05,履約價40.0,賣權",TWCSO0400Q68,2026/05/08,期貨及選擇權,,OPESCS,
"CSO00400R6　華新股票選擇權,2026/06,履約價40.0,賣權",TWCSO0400R67,2026/01/22,期貨及選擇權,,OPESCS,
"CSO00400U6　華新股票選擇權,2026/09,履約價40.0,賣權",TWCSO0400U62,2026/04/21,期貨及選擇權,,OPESCS,
"CSO00410Q6　華新股票選擇權,2026/05,履約價41.0,賣權",TWCSO0410Q66,2026/05/08,期貨及選擇權,,OPESCS,
"CSO00410R6　華新股票選擇權,2026/06,履約價41.0,賣權",TWCSO0410R65,2026/05/08,期貨及選擇權,,OPESCS,
"CSO00420Q6　華新股票選擇權,2026/05,履約價42.0,賣權",TWCSO0420Q64,2026/05/08,期貨及選擇權,,OPESCS,
"CSO00420R6　華新股票選擇權,2026/06,履約價42.0,賣權",TWCSO0420R63,2026/01/22,期貨及選擇權,,OPESCS,
"CSO00420U6　華新股票選擇權,2026/09,履約價42.0,賣權",TWCSO0420U68,2026/05/08,期貨及選擇權,,OPESCS,
"CSO00440R6　華新股票選擇權,2026/06,履約價44.0,賣權",TWCSO0440R69,2026/01/22,期貨及選擇權,,OPESCS,
"CSO00460R6　華新股票選擇權,2026/06,履約價46.0,賣權",TWCSO0460R64,2026/01/22,期貨及選擇權,,OPESCS,
"CSO00480R6　華新股票選擇權,2026/06,履約價48.0,賣權",TWCSO0480R60,2026/01/27,期貨及選擇權,,OPESCS,
"CSO00500R6　華新股票選擇權,2026/06,履約價50.0,賣權",TWCSO0500R66,2026/01/29,期貨及選擇權,,OPESCS,
"CSO00550R6　華新股票選擇權,2026/06,履約價55.0,賣權",TWCSO0550R65,2026/01/30,期貨及選擇權,,OPESCS,
"CZO01500R6　長榮股票選擇權,2026/06,履約價150.0,賣權",TWCZO1500R65,2026/01/28,期貨及選擇權,,OPESCS,
"CZO01600R6　長榮股票選擇權,2026/06,履約價160.0,賣權",TWCZO1600R64,2026/01/22,期貨及選擇權,,OPESCS,
"CZO01600U6　長榮股票選擇權,2026/09,履約價160.0,賣權",TWCZO1600U69,2026/04/20,期貨及選擇權,,OPESCS,
"CZO01650Q6　長榮股票選擇權,2026/05,履約價165.0,賣權",TWCZO1650Q64,2026/04/01,期貨及選擇權,,OPESCS,
"CZO01650R6　長榮股票選擇權,2026/06,履約價165.0,賣權",TWCZO1650R63,2026/04/20,期貨及選擇權,,OPESCS,
"CZO01700Q6　長榮股票選擇權,2026/05,履約價170.0,賣權",TWCZO1700Q64,2026/03/24,期貨及選擇權,,OPESCS,
"CZO01700QL　長榮股票選擇權,2026/05,履約價170.0,賣權",TWCZO1700QL8,2026/04/29,期貨及選擇權,,OPESCS,
"CZO01700R6　長榮股票選擇權,2026/06,履約價170.0,賣權",TWCZO1700R63,2026/01/22,期貨及選擇權,,OPESCS,
"CZO01700U6　長榮股票選擇權,2026/09,履約價170.0,賣權",TWCZO1700U68,2026/04/16,期貨及選擇權,,OPESCS,
"CZO01750Q6　長榮股票選擇權,2026/05,履約價175.0,賣權",TWCZO1750Q63,2026/03/24,期貨及選擇權,,OPESCS,
"CZO01750QL　長榮股票選擇權,2026/05,履約價175.0,賣權",TWCZO1750QL3,2026/04/29,期貨及選擇權,,OPESCS,
"CZO01750R6　長榮股票選擇權,2026/06,履約價175.0,賣權",TWCZO1750R62,2026/04/16,期貨及選擇權,,OPESCS,
"CZO01800Q6　長榮股票選擇權,2026/05,履約價180.0,賣權",TWCZO1800Q63,2026/03/20,期貨及選擇權,,OPESCS,
"CZO01800QL　長榮股票選擇權,2026/05,履約價180.0,賣權",TWCZO1800QL6,2026/04/29,期貨及選擇權,,OPESCS,
"CZO01800R6　長榮股票選擇權,2026/06,履約價180.0,賣權",TWCZO1800R62,2026/01/22,期貨及選擇權,,OPESCS,
"CZO01800U6　長榮股票選擇權,2026/09,履約價180.0,賣權",TWCZO1800U67,2026/04/16,期貨及選擇權,,OPESCS,
"CZO01850Q6　長榮股票選擇權,2026/05,履約價185.0,賣權",TWCZO1850Q62,2026/03/19,期貨及選擇權,,OPESCS,
"CZO01850QL　長榮股票選擇權,2026/05,履約價185.0,賣權",TWCZO1850QL1,2026/04/29,期貨及選擇權,,OPESCS,
"CZO01850R6　長榮股票選擇權,2026/06,履約價185.0,賣權",TWCZO1850R61,2026/04/16,期貨及選擇權,,OPESCS,
"CZO01900Q6　長榮股票選擇權,2026/05,履約價190.0,賣權",TWCZO1900Q62,2026/03/19,期貨及選擇權,,OPESCS,
"CZO01900QL　長榮股票選擇權,2026/05,履約價190.0,賣權",TWCZO1900QL4,2026/04/29,期貨及選擇權,,OPESCS,
"CZO01900R6　長榮股票選擇權,2026/06,履約價190.0,賣權",TWCZO1900R61,2026/01/22,期貨及選擇權,,OPESCS,
"CZO01900U6　長榮股票選擇權,2026/09,履約價190.0,賣權",TWCZO1900U66,2026/04/16,期貨及選擇權,,OPESCS,
"CZO01950Q6　長榮股票選擇權,2026/05,履約價195.0,賣權",TWCZO1950Q61,2026/03/19,期貨及選擇權,,OPESCS,
"CZO01950QL　長榮股票選擇權,2026/05,履約價195.0,賣權",TWCZO1950QL9,2026/04/29,期貨及選擇權,,OPESCS,
"CZO01950R6　長榮股票選擇權,2026/06,履約價195.0,賣權",TWCZO1950R60,2026/04/16,期貨及選擇權,,OPESCS,
"CZO02000Q6　長榮股票選擇權,2026/05,履約價200.0,賣權",TWCZO2000Q69,2026/03/19,期貨及選擇權,,OPESCS,
"CZO02000QL　長榮股票選擇權,2026/05,履約價200.0,賣權",TWCZO2000QL2,2026/04/29,期貨及選擇權,,OPESCS,
"CZO02000R6　長榮股票選擇權,2026/06,履約價200.0,賣權",TWCZO2000R68,2026/01/22,期貨及選擇權,,OPESCS,
"CZO02000U6　長榮股票選擇權,2026/09,履約價200.0,賣權",TWCZO2000U63,2026/04/16,期貨及選擇權,,OPESCS,
"CZO02050Q6　長榮股票選擇權,2026/05,履約價205.0,賣權",TWCZO2050Q68,2026/03/19,期貨及選擇權,,OPESCS,
"CZO02050QL　長榮股票選擇權,2026/05,履約價205.0,賣權",TWCZO2050QL7,2026/04/29,期貨及選擇權,,OPESCS,
"CZO02050R6　長榮股票選擇權,2026/06,履約價205.0,賣權",TWCZO2050R67,2026/04/16,期貨及選擇權,,OPESCS,
"CZO02100Q6　長榮股票選擇權,2026/05,履約價210.0,賣權",TWCZO2100Q68,2026/03/19,期貨及選擇權,,OPESCS,
"CZO02100QL　長榮股票選擇權,2026/05,履約價210.0,賣權",TWCZO2100QL0,2026/04/29,期貨及選擇權,,OPESCS,
"CZO02100R6　長榮股票選擇權,2026/06,履約價210.0,賣權",TWCZO2100R67,2026/01/22,期貨及選擇權,,OPESCS,
"CZO02100U6　長榮股票選擇權,2026/09,履約價210.0,賣權",TWCZO2100U62,2026/04/16,期貨及選擇權,,OPESCS,
"CZO02150Q6　長榮股票選擇權,2026/05,履約價215.0,賣權",TWCZO2150Q67,2026/03/19,期貨及選擇權,,OPESCS,
"CZO02150QL　長榮股票選擇權,2026/05,履約價215.0,賣權",TWCZO2150QL5,2026/04/29,期貨及選擇權,,OPESCS,
"CZO02150R6　長榮股票選擇權,2026/06,履約價215.0,賣權",TWCZO2150R66,2026/04/16,期貨及選擇權,,OPESCS,
"CZO02200Q6　長榮股票選擇權,2026/05,履約價220.0,賣權",TWCZO2200Q67,2026/03/19,期貨及選擇權,,OPESCS,
"CZO02200QL　長榮股票選擇權,2026/05,履約價220.0,賣權",TWCZO2200QL8,2026/04/29,期貨及選擇權,,OPESCS,
"CZO02200R6　長榮股票選擇權,2026/06,履約價220.0,賣權",TWCZO2200R66,2026/01/22,期貨及選擇權,,OPESCS,
"CZO02200U6　長榮股票選擇權,2026/09,履約價220.0,賣權",TWCZO2200U61,2026/04/16,期貨及選擇權,,OPESCS,
"CZO02250Q6　長榮股票選擇權,2026/05,履約價225.0,賣權",TWCZO2250Q66,2026/03/19,期貨及選擇權,,OPESCS,
"CZO02250QL　長榮股票選擇權,2026/05,履約價225.0,賣權",TWCZO2250QL3,2026/04/29,期貨及選擇權,,OPESCS,
"CZO02250R6　長榮股票選擇權,2026/06,履約價225.0,賣權",TWCZO2250R65,2026/04/16,期貨及選擇權,,OPESCS,
"CZO02300Q6　長榮股票選擇權,2026/05,履約價230.0,賣權",TWCZO2300Q66,2026/03/19,期貨及選擇權,,OPESCS,
"CZO02300QL　長榮股票選擇權,2026/05,履約價230.0,賣權",TWCZO2300QL6,2026/04/29,期貨及選擇權,,OPESCS,
"CZO02300R6　長榮股票選擇權,2026/06,履約價230.0,賣權",TWCZO2300R65,2026/01/23,期貨及選擇權,,OPESCS,
"CZO02300U6　長榮股票選擇權,2026/09,履約價230.0,賣權",TWCZO2300U60,2026/04/16,期貨及選擇權,,OPESCS,
"CZO02350Q6　長榮股票選擇權,2026/05,履約價235.0,賣權",TWCZO2350Q65,2026/03/19,期貨及選擇權,,OPESCS,
"CZO02350QL　長榮股票選擇權,2026/05,履約價235.0,賣權",TWCZO2350QL1,2026/04/30,期貨及選擇權,,OPESCS,
"CZO02350R6　長榮股票選擇權,2026/06,履約價235.0,賣權",TWCZO2350R64,2026/04/16,期貨及選擇權,,OPESCS,
"CZO02400Q6　長榮股票選擇權,2026/05,履約價240.0,賣權",TWCZO2400Q65,2026/03/19,期貨及選擇權,,OPESCS,
"CZO02400QL　長榮股票選擇權,2026/05,履約價240.0,賣權",TWCZO2400QL4,2026/05/05,期貨及選擇權,,OPESCS,
"CZO02400R6　長榮股票選擇權,2026/06,履約價240.0,賣權",TWCZO2400R64,2026/03/03,期貨及選擇權,,OPESCS,
"CZO02400U6　長榮股票選擇權,2026/09,履約價240.0,賣權",TWCZO2400U69,2026/04/16,期貨及選擇權,,OPESCS,
"CZO02450Q6　長榮股票選擇權,2026/05,履約價245.0,賣權",TWCZO2450Q64,2026/03/19,期貨及選擇權,,OPESCS,
"CZO02450QL　長榮股票選擇權,2026/05,履約價245.0,賣權",TWCZO2450QL9,2026/05/07,期貨及選擇權,,OPESCS,
"CZO02450R6　長榮股票選擇權,2026/06,履約價245.0,賣權",TWCZO2450R63,2026/05/07,期貨及選擇權,,OPESCS,
"CZO02500Q6　長榮股票選擇權,2026/05,履約價250.0,賣權",TWCZO2500Q64,2026/03/19,期貨及選擇權,,OPESCS,
"CZO02500QL　長榮股票選擇權,2026/05,履約價250.0,賣權",TWCZO2500QL1,2026/05/08,期貨及選擇權,,OPESCS,
"CZO02500R6　長榮股票選擇權,2026/06,履約價250.0,賣權",TWCZO2500R63,2026/03/03,期貨及選擇權,,OPESCS,
"CZO02500U6　長榮股票選擇權,2026/09,履約價250.0,賣權",TWCZO2500U68,2026/05/07,期貨及選擇權,,OPESCS,
"CZO02550Q6　長榮股票選擇權,2026/05,履約價255.0,賣權",TWCZO2550Q63,2026/03/19,期貨及選擇權,,OPESCS,
"CZO02600R6　長榮股票選擇權,2026/06,履約價260.0,賣權",TWCZO2600R62,2026/03/17,期貨及選擇權,,OPESCS,
"DFO00190Q6　台泥股票選擇權,2026/05,履約價19.0,賣權",TWDFO0190Q66,2026/03/24,期貨及選擇權,,OPESCS,
"DFO00190R6　台泥股票選擇權,2026/06,履約價19.0,賣權",TWDFO0190R65,2026/03/24,期貨及選擇權,,OPESCS,
"DFO00195Q6　台泥股票選擇權,2026/05,履約價19.5,賣權",TWDFO0195Q61,2026/03/24,期貨及選擇權,,OPESCS,
"DFO00200Q6　台泥股票選擇權,2026/05,履約價20.0,賣權",TWDFO0200Q64,2026/03/20,期貨及選擇權,,OPESCS,
"DFO00200R6　台泥股票選擇權,2026/06,履約價20.0,賣權",TWDFO0200R63,2026/03/10,期貨及選擇權,,OPESCS,
"DFO00200U6　台泥股票選擇權,2026/09,履約價20.0,賣權",TWDFO0200U68,2026/04/16,期貨及選擇權,,OPESCS,
"DFO00205Q6　台泥股票選擇權,2026/05,履約價20.5,賣權",TWDFO0205Q69,2026/03/19,期貨及選擇權,,OPESCS,
"DFO00205R6　台泥股票選擇權,2026/06,履約價20.5,賣權",TWDFO0205R68,2026/04/16,期貨及選擇權,,OPESCS,
"DFO00210Q6　台泥股票選擇權,2026/05,履約價21.0,賣權",TWDFO0210Q62,2026/03/19,期貨及選擇權,,OPESCS,
"DFO00210R6　台泥股票選擇權,2026/06,履約價21.0,賣權",TWDFO0210R61,2026/01/23,期貨及選擇權,,OPESCS,
"DFO00210U6　台泥股票選擇權,2026/09,履約價21.0,賣權",TWDFO0210U66,2026/04/16,期貨及選擇權,,OPESCS,
"DFO00215Q6　台泥股票選擇權,2026/05,履約價21.5,賣權",TWDFO0215Q67,2026/03/19,期貨及選擇權,,OPESCS,
"DFO00215R6　台泥股票選擇權,2026/06,履約價21.5,賣權",TWDFO0215R66,2026/04/16,期貨及選擇權,,OPESCS,
"DFO00220Q6　台泥股票選擇權,2026/05,履約價22.0,賣權",TWDFO0220Q60,2026/03/19,期貨及選擇權,,OPESCS,
"DFO00220R6　台泥股票選擇權,2026/06,履約價22.0,賣權",TWDFO0220R69,2026/01/22,期貨及選擇權,,OPESCS,
"DFO00220U6　台泥股票選擇權,2026/09,履約價22.0,賣權",TWDFO0220U64,2026/04/16,期貨及選擇權,,OPESCS,
"DFO00225Q6　台泥股票選擇權,2026/05,履約價22.5,賣權",TWDFO0225Q65,2026/03/19,期貨及選擇權,,OPESCS,
"DFO00225R6　台泥股票選擇權,2026/06,履約價22.5,賣權",TWDFO0225R64,2026/04/16,期貨及選擇權,,OPESCS,
"DFO00230Q6　台泥股票選擇權,2026/05,履約價23.0,賣權",TWDFO0230Q68,2026/03/19,期貨及選擇權,,OPESCS,
"DFO00230R6　台泥股票選擇權,2026/06,履約價23.0,賣權",TWDFO0230R67,2026/01/22,期貨及選擇權,,OPESCS,
"DFO00230U6　台泥股票選擇權,2026/09,履約價23.0,賣權",TWDFO0230U62,2026/04/16,期貨及選擇權,,OPESCS,
"DFO00235Q6　台泥股票選擇權,2026/05,履約價23.5,賣權",TWDFO0235Q63,2026/03/19,期貨及選擇權,,OPESCS,
"DFO00235R6　台泥股票選擇權,2026/06,履約價23.5,賣權",TWDFO0235R62,2026/04/16,期貨及選擇權,,OPESCS,
"DFO00240Q6　台泥股票選擇權,2026/05,履約價24.0,賣權",TWDFO0240Q66,2026/03/19,期貨及選擇權,,OPESCS,
"DFO00240R6　台泥股票選擇權,2026/06,履約價24.0,賣權",TWDFO0240R65,2026/01/22,期貨及選擇權,,OPESCS,
"DFO00240U6　台泥股票選擇權,2026/09,履約價24.0,賣權",TWDFO0240U60,2026/04/16,期貨及選擇權,,OPESCS,
"DFO00245Q6　台泥股票選擇權,2026/05,履約價24.5,賣權",TWDFO0245Q61,2026/03/19,期貨及選擇權,,OPESCS,
"DFO00245R6　台泥股票選擇權,2026/06,履約價24.5,賣權",TWDFO0245R60,2026/04/16,期貨及選擇權,,OPESCS,
"DFO00250Q6　台泥股票選擇權,2026/05,履約價25.0,賣權",TWDFO0250Q63,2026/03/19,期貨及選擇權,,OPESCS,
"DFO00250R6　台泥股票選擇權,2026/06,履約價25.0,賣權",TWDFO0250R62,2026/01/22,期貨及選擇權,,OPESCS,
"DFO00250U6　台泥股票選擇權,2026/09,履約價25.0,賣權",TWDFO0250U67,2026/04/16,期貨及選擇權,,OPESCS,
"DFO00255Q6　台泥股票選擇權,2026/05,履約價25.5,賣權",TWDFO0255Q68,2026/03/19,期貨及選擇權,,OPESCS,
"DFO00255R6　台泥股票選擇權,2026/06,履約價25.5,賣權",TWDFO0255R67,2026/04/16,期貨及選擇權,,OPESCS,
"DFO00260Q6　台泥股票選擇權,2026/05,履約價26.0,賣權",TWDFO0260Q61,2026/03/19,期貨及選擇權,,OPESCS,
"DFO00260R6　台泥股票選擇權,2026/06,履約價26.0,賣權",TWDFO0260R60,2026/01/22,期貨及選擇權,,OPESCS,
"DFO00260U6　台泥股票選擇權,2026/09,履約價26.0,賣權",TWDFO0260U65,2026/04/16,期貨及選擇權,,OPESCS,
"DFO00270Q6　台泥股票選擇權,2026/05,履約價27.0,賣權",TWDFO0270Q69,2026/03/19,期貨及選擇權,,OPESCS,
"DFO00270R6　台泥股票選擇權,2026/06,履約價27.0,賣權",TWDFO0270R68,2026/04/16,期貨及選擇權,,OPESCS,
"DFO00280Q6　台泥股票選擇權,2026/05,履約價28.0,賣權",TWDFO0280Q67,2026/03/19,期貨及選擇權,,OPESCS,
"DFO00280R6　台泥股票選擇權,2026/06,履約價28.0,賣權",TWDFO0280R66,2026/01/22,期貨及選擇權,,OPESCS,
"DFO00280U6　台泥股票選擇權,2026/09,履約價28.0,賣權",TWDFO0280U61,2026/04/16,期貨及選擇權,,OPESCS,
"DFO00290Q6　台泥股票選擇權,2026/05,履約價29.0,賣權",TWDFO0290Q65,2026/03/19,期貨及選擇權,,OPESCS,
"DFO00290R6　台泥股票選擇權,2026/06,履約價29.0,賣權",TWDFO0290R64,2026/04/16,期貨及選擇權,,OPESCS,
"DFO00300Q6　台泥股票選擇權,2026/05,履約價30.0,賣權",TWDFO0300Q63,2026/04/09,期貨及選擇權,,OPESCS,
"DFO00300R6　台泥股票選擇權,2026/06,履約價30.0,賣權",TWDFO0300R62,2026/01/22,期貨及選擇權,,OPESCS,
"DFO00300U6　台泥股票選擇權,2026/09,履約價30.0,賣權",TWDFO0300U67,2026/04/16,期貨及選擇權,,OPESCS,
"DFO00320R6　台泥股票選擇權,2026/06,履約價32.0,賣權",TWDFO0320R68,2026/01/22,期貨及選擇權,,OPESCS,
"DGO00280R6　台化股票選擇權,2026/06,履約價28.0,賣權",TWDGO0280R65,2026/01/22,期貨及選擇權,,OPESCS,
"DGO00300R6　台化股票選擇權,2026/06,履約價30.0,賣權",TWDGO0300R61,2026/01/22,期貨及選擇權,,OPESCS,
"DGO00320R6　台化股票選擇權,2026/06,履約價32.0,賣權",TWDGO0320R67,2026/01/22,期貨及選擇權,,OPESCS,
"DGO00340R6　台化股票選擇權,2026/06,履約價34.0,賣權",TWDGO0340R63,2026/01/22,期貨及選擇權,,OPESCS,
"DGO00360Q6　台化股票選擇權,2026/05,履約價36.0,賣權",TWDGO0360Q69,2026/03/24,期貨及選擇權,,OPESCS,
"DGO00360R6　台化股票選擇權,2026/06,履約價36.0,賣權",TWDGO0360R68,2026/01/22,期貨及選擇權,,OPESCS,
"DGO00370Q6　台化股票選擇權,2026/05,履約價37.0,賣權",TWDGO0370Q67,2026/03/24,期貨及選擇權,,OPESCS,
"DGO00380Q6　台化股票選擇權,2026/05,履約價38.0,賣權",TWDGO0380Q65,2026/03/23,期貨及選擇權,,OPESCS,
"DGO00380R6　台化股票選擇權,2026/06,履約價38.0,賣權",TWDGO0380R64,2026/01/22,期貨及選擇權,,OPESCS,
"DGO00390Q6　台化股票選擇權,2026/05,履約價39.0,賣權",TWDGO0390Q63,2026/03/19,期貨及選擇權,,OPESCS,
"DGO00400Q6　台化股票選擇權,2026/05,履約價40.0,賣權",TWDGO0400Q61,2026/03/19,期貨及選擇權,,OPESCS,
"DGO00400R6　台化股票選擇權,2026/06,履約價40.0,賣權",TWDGO0400R60,2026/01/22,期貨及選擇權,,OPESCS,
"DGO00400U6　台化股票選擇權,2026/09,履約價40.0,賣權",TWDGO0400U65,2026/04/24,期貨及選擇權,,OPESCS,
"DGO00410Q6　台化股票選擇權,2026/05,履約價41.0,賣權",TWDGO0410Q69,2026/03/19,期貨及選擇權,,OPESCS,
"DGO00410R6　台化股票選擇權,2026/06,履約價41.0,賣權",TWDGO0410R68,2026/04/24,期貨及選擇權,,OPESCS,
"DGO00420Q6　台化股票選擇權,2026/05,履約價42.0,賣權",TWDGO0420Q67,2026/03/19,期貨及選擇權,,OPESCS,
"DGO00420R6　台化股票選擇權,2026/06,履約價42.0,賣權",TWDGO0420R66,2026/01/23,期貨及選擇權,,OPESCS,
"DGO00420U6　台化股票選擇權,2026/09,履約價42.0,賣權",TWDGO0420U61,2026/04/16,期貨及選擇權,,OPESCS,
"DGO00430Q6　台化股票選擇權,2026/05,履約價43.0,賣權",TWDGO0430Q65,2026/03/19,期貨及選擇權,,OPESCS,
"DGO00430R6　台化股票選擇權,2026/06,履約價43.0,賣權",TWDGO0430R64,2026/04/16,期貨及選擇權,,OPESCS,
"DGO00440Q6　台化股票選擇權,2026/05,履約價44.0,賣權",TWDGO0440Q63,2026/03/19,期貨及選擇權,,OPESCS,
"DGO00440R6　台化股票選擇權,2026/06,履約價44.0,賣權",TWDGO0440R62,2026/01/27,期貨及選擇權,,OPESCS,
"DGO00440U6　台化股票選擇權,2026/09,履約價44.0,賣權",TWDGO0440U67,2026/04/16,期貨及選擇權,,OPESCS,
"DGO00450Q6　台化股票選擇權,2026/05,履約價45.0,賣權",TWDGO0450Q60,2026/03/19,期貨及選擇權,,OPESCS,
"DGO00450R6　台化股票選擇權,2026/06,履約價45.0,賣權",TWDGO0450R69,2026/04/16,期貨及選擇權,,OPESCS,
"DGO00460Q6　台化股票選擇權,2026/05,履約價46.0,賣權",TWDGO0460Q68,2026/03/19,期貨及選擇權,,OPESCS,
"DGO00460R6　台化股票選擇權,2026/06,履約價46.0,賣權",TWDGO0460R67,2026/01/27,期貨及選擇權,,OPESCS,
"DGO00460U6　台化股票選擇權,2026/09,履約價46.0,賣權",TWDGO0460U62,2026/04/16,期貨及選擇權,,OPESCS,
"DGO00470Q6　台化股票選擇權,2026/05,履約價47.0,賣權",TWDGO0470Q66,2026/03/19,期貨及選擇權,,OPESCS,
"DGO00470R6　台化股票選擇權,2026/06,履約價47.0,賣權",TWDGO0470R65,2026/04/16,期貨及選擇權,,OPESCS,
"DGO00480Q6　台化股票選擇權,2026/05,履約價48.0,賣權",TWDGO0480Q64,2026/03/19,期貨及選擇權,,OPESCS,
"DGO00480R6　台化股票選擇權,2026/06,履約價48.0,賣權",TWDGO0480R63,2026/01/28,期貨及選擇權,,OPESCS,
"DGO00480U6　台化股票選擇權,2026/09,履約價48.0,賣權",TWDGO0480U68,2026/04/16,期貨及選擇權,,OPESCS,
"DGO00490Q6　台化股票選擇權,2026/05,履約價49.0,賣權",TWDGO0490Q62,2026/03/19,期貨及選擇權,,OPESCS,
"DGO00490R6　台化股票選擇權,2026/06,履約價49.0,賣權",TWDGO0490R61,2026/04/16,期貨及選擇權,,OPESCS,
"DGO00500Q6　台化股票選擇權,2026/05,履約價50.0,賣權",TWDGO0500Q60,2026/03/19,期貨及選擇權,,OPESCS,
"DGO00500R6　台化股票選擇權,2026/06,履約價50.0,賣權",TWDGO0500R69,2026/01/29,期貨及選擇權,,OPESCS,
"DGO00500U6　台化股票選擇權,2026/09,履約價50.0,賣權",TWDGO0500U64,2026/04/16,期貨及選擇權,,OPESCS,
"DGO00525Q6　台化股票選擇權,2026/05,履約價52.5,賣權",TWDGO0525Q61,2026/03/19,期貨及選擇權,,OPESCS,
"DGO00525R6　台化股票選擇權,2026/06,履約價52.5,賣權",TWDGO0525R60,2026/04/16,期貨及選擇權,,OPESCS,
"DGO00550Q6　台化股票選擇權,2026/05,履約價55.0,賣權",TWDGO0550Q69,2026/03/19,期貨及選擇權,,OPESCS,
"DGO00550R6　台化股票選擇權,2026/06,履約價55.0,賣權",TWDGO0550R68,2026/01/29,期貨及選擇權,,OPESCS,
"DGO00550U6　台化股票選擇權,2026/09,履約價55.0,賣權",TWDGO0550U63,2026/04/16,期貨及選擇權,,OPESCS,
"DGO00575Q6　台化股票選擇權,2026/05,履約價57.5,賣權",TWDGO0575Q60,2026/03/31,期貨及選擇權,,OPESCS,
"DGO00575R6　台化股票選擇權,2026/06,履約價57.5,賣權",TWDGO0575R69,2026/04/16,期貨及選擇權,,OPESCS,
"DGO00600Q6　台化股票選擇權,2026/05,履約價60.0,賣權",TWDGO0600Q69,2026/04/15,期貨及選擇權,,OPESCS,
"DGO00600R6　台化股票選擇權,2026/06,履約價60.0,賣權",TWDGO0600R68,2026/02/26,期貨及選擇權,,OPESCS,
"DGO00600U6　台化股票選擇權,2026/09,履約價60.0,賣權",TWDGO0600U63,2026/04/16,期貨及選擇權,,OPESCS,
"DGO00625Q6　台化股票選擇權,2026/05,履約價62.5,賣權",TWDGO0625Q60,2026/04/15,期貨及選擇權,,OPESCS,
"DGO00625R6　台化股票選擇權,2026/06,履約價62.5,賣權",TWDGO0625R69,2026/04/30,期貨及選擇權,,OPESCS,
"DGO00650Q6　台化股票選擇權,2026/05,履約價65.0,賣權",TWDGO0650Q68,2026/04/15,期貨及選擇權,,OPESCS,
"DGO00650R6　台化股票選擇權,2026/06,履約價65.0,賣權",TWDGO0650R67,2026/04/15,期貨及選擇權,,OPESCS,
"DGO00650U6　台化股票選擇權,2026/09,履約價65.0,賣權",TWDGO0650U62,2026/04/30,期貨及選擇權,,OPESCS,
"DHO01500R6　鴻海股票選擇權,2026/06,履約價150.0,賣權",TWDHO1500R66,2026/04/01,期貨及選擇權,,OPESCS,
"DHO01550Q6　鴻海股票選擇權,2026/05,履約價155.0,賣權",TWDHO1550Q66,2026/04/01,期貨及選擇權,,OPESCS,
"DHO01600Q6　鴻海股票選擇權,2026/05,履約價160.0,賣權",TWDHO1600Q66,2026/03/31,期貨及選擇權,,OPESCS,
"DHO01600R6　鴻海股票選擇權,2026/06,履約價160.0,賣權",TWDHO1600R65,2026/03/24,期貨及選擇權,,OPESCS,
"DHO01650Q6　鴻海股票選擇權,2026/05,履約價165.0,賣權",TWDHO1650Q65,2026/03/24,期貨及選擇權,,OPESCS,
"DHO01700Q6　鴻海股票選擇權,2026/05,履約價170.0,賣權",TWDHO1700Q65,2026/03/20,期貨及選擇權,,OPESCS,
"DHO01700R6　鴻海股票選擇權,2026/06,履約價170.0,賣權",TWDHO1700R64,2026/03/10,期貨及選擇權,,OPESCS,
"DHO01700U6　鴻海股票選擇權,2026/09,履約價170.0,賣權",TWDHO1700U69,2026/04/16,期貨及選擇權,,OPESCS,
"DHO01750Q6　鴻海股票選擇權,2026/05,履約價175.0,賣權",TWDHO1750Q64,2026/03/19,期貨及選擇權,,OPESCS,
"DHO01750R6　鴻海股票選擇權,2026/06,履約價175.0,賣權",TWDHO1750R63,2026/04/16,期貨及選擇權,,OPESCS,
"DHO01800Q6　鴻海股票選擇權,2026/05,履約價180.0,賣權",TWDHO1800Q64,2026/03/19,期貨及選擇權,,OPESCS,
"DHO01800R6　鴻海股票選擇權,2026/06,履約價180.0,賣權",TWDHO1800R63,2026/01/22,期貨及選擇權,,OPESCS,
"DHO01800U6　鴻海股票選擇權,2026/09,履約價180.0,賣權",TWDHO1800U68,2026/04/16,期貨及選擇權,,OPESCS,
"DHO01850Q6　鴻海股票選擇權,2026/05,履約價185.0,賣權",TWDHO1850Q63,2026/03/19,期貨及選擇權,,OPESCS,
"DHO01850QL　鴻海股票選擇權,2026/05,履約價185.0,賣權",TWDHO1850QL7,2026/05/04,期貨及選擇權,,OPESCS,
"DHO01850R6　鴻海股票選擇權,2026/06,履約價185.0,賣權",TWDHO1850R62,2026/04/16,期貨及選擇權,,OPESCS,
"DHO01900Q6　鴻海股票選擇權,2026/05,履約價190.0,賣權",TWDHO1900Q63,2026/03/19,期貨及選擇權,,OPESCS,
"DHO01900QL　鴻海股票選擇權,2026/05,履約價190.0,賣權",TWDHO1900QL0,2026/04/29,期貨及選擇權,,OPESCS,
"DHO01900R6　鴻海股票選擇權,2026/06,履約價190.0,賣權",TWDHO1900R62,2026/01/22,期貨及選擇權,,OPESCS,
"DHO01900U6　鴻海股票選擇權,2026/09,履約價190.0,賣權",TWDHO1900U67,2026/04/16,期貨及選擇權,,OPESCS,
"DHO01950Q6　鴻海股票選擇權,2026/05,履約價195.0,賣權",TWDHO1950Q62,2026/03/19,期貨及選擇權,,OPESCS,
"DHO01950QL　鴻海股票選擇權,2026/05,履約價195.0,賣權",TWDHO1950QL5,2026/04/29,期貨及選擇權,,OPESCS,
"DHO01950R6　鴻海股票選擇權,2026/06,履約價195.0,賣權",TWDHO1950R61,2026/04/16,期貨及選擇權,,OPESCS,
"DHO02000Q6　鴻海股票選擇權,2026/05,履約價200.0,賣權",TWDHO2000Q60,2026/03/19,期貨及選擇權,,OPESCS,
"DHO02000QL　鴻海股票選擇權,2026/05,履約價200.0,賣權",TWDHO2000QL8,2026/04/29,期貨及選擇權,,OPESCS,
"DHO02000R6　鴻海股票選擇權,2026/06,履約價200.0,賣權",TWDHO2000R69,2026/01/22,期貨及選擇權,,OPESCS,
"DHO02000U6　鴻海股票選擇權,2026/09,履約價200.0,賣權",TWDHO2000U64,2026/04/16,期貨及選擇權,,OPESCS,
"DHO02050Q6　鴻海股票選擇權,2026/05,履約價205.0,賣權",TWDHO2050Q69,2026/03/19,期貨及選擇權,,OPESCS,
"DHO02050QL　鴻海股票選擇權,2026/05,履約價205.0,賣權",TWDHO2050QL3,2026/04/29,期貨及選擇權,,OPESCS,
"DHO02050R6　鴻海股票選擇權,2026/06,履約價205.0,賣權",TWDHO2050R68,2026/04/16,期貨及選擇權,,OPESCS,
"DHO02100Q6　鴻海股票選擇權,2026/05,履約價210.0,賣權",TWDHO2100Q69,2026/03/19,期貨及選擇權,,OPESCS,
"DHO02100QL　鴻海股票選擇權,2026/05,履約價210.0,賣權",TWDHO2100QL6,2026/04/29,期貨及選擇權,,OPESCS,
"DHO02100R6　鴻海股票選擇權,2026/06,履約價210.0,賣權",TWDHO2100R68,2026/01/22,期貨及選擇權,,OPESCS,
"DHO02100U6　鴻海股票選擇權,2026/09,履約價210.0,賣權",TWDHO2100U63,2026/04/16,期貨及選擇權,,OPESCS,
"DHO02150Q6　鴻海股票選擇權,2026/05,履約價215.0,賣權",TWDHO2150Q68,2026/03/19,期貨及選擇權,,OPESCS,
"DHO02150QL　鴻海股票選擇權,2026/05,履約價215.0,賣權",TWDHO2150QL1,2026/04/29,期貨及選擇權,,OPESCS,
"DHO02150R6　鴻海股票選擇權,2026/06,履約價215.0,賣權",TWDHO2150R67,2026/04/16,期貨及選擇權,,OPESCS,
"DHO02200Q6　鴻海股票選擇權,2026/05,履約價220.0,賣權",TWDHO2200Q68,2026/03/19,期貨及選擇權,,OPESCS,
"DHO02200QL　鴻海股票選擇權,2026/05,履約價220.0,賣權",TWDHO2200QL4,2026/04/29,期貨及選擇權,,OPESCS,
"DHO02200R6　鴻海股票選擇權,2026/06,履約價220.0,賣權",TWDHO2200R67,2026/01/22,期貨及選擇權,,OPESCS,
"DHO02200U6　鴻海股票選擇權,2026/09,履約價220.0,賣權",TWDHO2200U62,2026/04/16,期貨及選擇權,,OPESCS,
"DHO02250Q6　鴻海股票選擇權,2026/05,履約價225.0,賣權",TWDHO2250Q67,2026/03/19,期貨及選擇權,,OPESCS,
"DHO02250QL　鴻海股票選擇權,2026/05,履約價225.0,賣權",TWDHO2250QL9,2026/04/29,期貨及選擇權,,OPESCS,
"DHO02250R6　鴻海股票選擇權,2026/06,履約價225.0,賣權",TWDHO2250R66,2026/04/16,期貨及選擇權,,OPESCS,
"DHO02300Q6　鴻海股票選擇權,2026/05,履約價230.0,賣權",TWDHO2300Q67,2026/03/19,期貨及選擇權,,OPESCS,
"DHO02300QL　鴻海股票選擇權,2026/05,履約價230.0,賣權",TWDHO2300QL2,2026/04/29,期貨及選擇權,,OPESCS,
"DHO02300R6　鴻海股票選擇權,2026/06,履約價230.0,賣權",TWDHO2300R66,2026/01/22,期貨及選擇權,,OPESCS,
"DHO02300U6　鴻海股票選擇權,2026/09,履約價230.0,賣權",TWDHO2300U61,2026/04/16,期貨及選擇權,,OPESCS,
"DHO02350Q6　鴻海股票選擇權,2026/05,履約價235.0,賣權",TWDHO2350Q66,2026/03/19,期貨及選擇權,,OPESCS,
"DHO02350QL　鴻海股票選擇權,2026/05,履約價235.0,賣權",TWDHO2350QL7,2026/04/29,期貨及選擇權,,OPESCS,
"DHO02350R6　鴻海股票選擇權,2026/06,履約價235.0,賣權",TWDHO2350R65,2026/04/16,期貨及選擇權,,OPESCS,
"DHO02400Q6　鴻海股票選擇權,2026/05,履約價240.0,賣權",TWDHO2400Q66,2026/03/19,期貨及選擇權,,OPESCS,
"DHO02400QL　鴻海股票選擇權,2026/05,履約價240.0,賣權",TWDHO2400QL0,2026/04/29,期貨及選擇權,,OPESCS,
"DHO02400R6　鴻海股票選擇權,2026/06,履約價240.0,賣權",TWDHO2400R65,2026/01/22,期貨及選擇權,,OPESCS,
"DHO02400U6　鴻海股票選擇權,2026/09,履約價240.0,賣權",TWDHO2400U60,2026/04/16,期貨及選擇權,,OPESCS,
"DHO02450Q6　鴻海股票選擇權,2026/05,履約價245.0,賣權",TWDHO2450Q65,2026/03/19,期貨及選擇權,,OPESCS,
"DHO02450QL　鴻海股票選擇權,2026/05,履約價245.0,賣權",TWDHO2450QL5,2026/04/29,期貨及選擇權,,OPESCS,
"DHO02450R6　鴻海股票選擇權,2026/06,履約價245.0,賣權",TWDHO2450R64,2026/04/22,期貨及選擇權,,OPESCS,
"DHO02500Q6　鴻海股票選擇權,2026/05,履約價250.0,賣權",TWDHO2500Q65,2026/04/23,期貨及選擇權,,OPESCS,
"DHO02500QL　鴻海股票選擇權,2026/05,履約價250.0,賣權",TWDHO2500QL7,2026/04/29,期貨及選擇權,,OPESCS,
"DHO02500R6　鴻海股票選擇權,2026/06,履約價250.0,賣權",TWDHO2500R64,2026/01/22,期貨及選擇權,,OPESCS,
"DHO02500U6　鴻海股票選擇權,2026/09,履約價250.0,賣權",TWDHO2500U69,2026/04/22,期貨及選擇權,,OPESCS,
"DHO02550Q6　鴻海股票選擇權,2026/05,履約價255.0,賣權",TWDHO2550Q64,2026/04/23,期貨及選擇權,,OPESCS,
"DHO02550QL　鴻海股票選擇權,2026/05,履約價255.0,賣權",TWDHO2550QL2,2026/04/29,期貨及選擇權,,OPESCS,
"DHO02550R6　鴻海股票選擇權,2026/06,履約價255.0,賣權",TWDHO2550R63,2026/04/23,期貨及選擇權,,OPESCS,
"DHO02600Q6　鴻海股票選擇權,2026/05,履約價260.0,賣權",TWDHO2600Q64,2026/04/24,期貨及選擇權,,OPESCS,
"DHO02600QL　鴻海股票選擇權,2026/05,履約價260.0,賣權",TWDHO2600QL5,2026/04/29,期貨及選擇權,,OPESCS,
"DHO02600R6　鴻海股票選擇權,2026/06,履約價260.0,賣權",TWDHO2600R63,2026/01/22,期貨及選擇權,,OPESCS,
"DHO02600U6　鴻海股票選擇權,2026/09,履約價260.0,賣權",TWDHO2600U68,2026/04/23,期貨及選擇權,,OPESCS,
"DHO02700Q6　鴻海股票選擇權,2026/05,履約價270.0,賣權",TWDHO2700Q63,2026/04/28,期貨及選擇權,,OPESCS,
"DHO02700QL　鴻海股票選擇權,2026/05,履約價270.0,賣權",TWDHO2700QL3,2026/05/05,期貨及選擇權,,OPESCS,
"DHO02700R6　鴻海股票選擇權,2026/06,履約價270.0,賣權",TWDHO2700R62,2026/04/28,期貨及選擇權,,OPESCS,
"DHO02800Q6　鴻海股票選擇權,2026/05,履約價280.0,賣權",TWDHO2800Q62,2026/05/06,期貨及選擇權,,OPESCS,
"DHO02800QL　鴻海股票選擇權,2026/05,履約價280.0,賣權",TWDHO2800QL1,2026/05/06,期貨及選擇權,,OPESCS,
"DHO02800R6　鴻海股票選擇權,2026/06,履約價280.0,賣權",TWDHO2800R61,2026/02/23,期貨及選擇權,,OPESCS,
"DHO02800U6　鴻海股票選擇權,2026/09,履約價280.0,賣權",TWDHO2800U66,2026/04/28,期貨及選擇權,,OPESCS,
"DHO02900Q6　鴻海股票選擇權,2026/05,履約價290.0,賣權",TWDHO2900Q61,2026/05/07,期貨及選擇權,,OPESCS,
"DHO02900QL　鴻海股票選擇權,2026/05,履約價290.0,賣權",TWDHO2900QL9,2026/05/07,期貨及選擇權,,OPESCS,
"DHO02900R6　鴻海股票選擇權,2026/06,履約價290.0,賣權",TWDHO2900R60,2026/05/07,期貨及選擇權,,OPESCS,
"DHO03000Q6　鴻海股票選擇權,2026/05,履約價300.0,賣權",TWDHO3000Q68,2026/05/08,期貨及選擇權,,OPESCS,
"DHO03000QL　鴻海股票選擇權,2026/05,履約價300.0,賣權",TWDHO3000QL7,2026/05/08,期貨及選擇權,,OPESCS,
"DHO03000R6　鴻海股票選擇權,2026/06,履約價300.0,賣權",TWDHO3000R67,2026/02/26,期貨及選擇權,,OPESCS,
"DHO03000U6　鴻海股票選擇權,2026/09,履約價300.0,賣權",TWDHO3000U62,2026/05/07,期貨及選擇權,,OPESCS,
"DJO04200R6　華碩股票選擇權,2026/06,履約價420.0,賣權",TWDJO4200R61,2026/01/22,期貨及選擇權,,OPESCS,
"DJO04400R6　華碩股票選擇權,2026/06,履約價440.0,賣權",TWDJO4400R69,2026/01/22,期貨及選擇權,,OPESCS,
"DJO04600Q6　華碩股票選擇權,2026/05,履約價460.0,賣權",TWDJO4600Q68,2026/04/01,期貨及選擇權,,OPESCS,
"DJO04600R6　華碩股票選擇權,2026/06,履約價460.0,賣權",TWDJO4600R67,2026/01/22,期貨及選擇權,,OPESCS,
"DJO04700Q6　華碩股票選擇權,2026/05,履約價470.0,賣權",TWDJO4700Q67,2026/03/24,期貨及選擇權,,OPESCS,
"DJO04800Q6　華碩股票選擇權,2026/05,履約價480.0,賣權",TWDJO4800Q66,2026/03/24,期貨及選擇權,,OPESCS,
"DJO04800R6　華碩股票選擇權,2026/06,履約價480.0,賣權",TWDJO4800R65,2026/01/22,期貨及選擇權,,OPESCS,
"DJO04800U6　華碩股票選擇權,2026/09,履約價480.0,賣權",TWDJO4800U60,2026/04/16,期貨及選擇權,,OPESCS,
"DJO04900Q6　華碩股票選擇權,2026/05,履約價490.0,賣權",TWDJO4900Q65,2026/03/20,期貨及選擇權,,OPESCS,
"DJO04900R6　華碩股票選擇權,2026/06,履約價490.0,賣權",TWDJO4900R64,2026/04/16,期貨及選擇權,,OPESCS,
"DJO05000Q6　華碩股票選擇權,2026/05,履約價500.0,賣權",TWDJO5000Q61,2026/03/19,期貨及選擇權,,OPESCS,
"DJO05000R6　華碩股票選擇權,2026/06,履約價500.0,賣權",TWDJO5000R60,2026/01/22,期貨及選擇權,,OPESCS,
"DJO05000U6　華碩股票選擇權,2026/09,履約價500.0,賣權",TWDJO5000U65,2026/04/16,期貨及選擇權,,OPESCS,
"DJO05100Q6　華碩股票選擇權,2026/05,履約價510.0,賣權",TWDJO5100Q60,2026/03/19,期貨及選擇權,,OPESCS,
"DJO05100R6　華碩股票選擇權,2026/06,履約價510.0,賣權",TWDJO5100R69,2026/04/16,期貨及選擇權,,OPESCS,
"DJO05200Q6　華碩股票選擇權,2026/05,履約價520.0,賣權",TWDJO5200Q69,2026/03/19,期貨及選擇權,,OPESCS,
"DJO05200R6　華碩股票選擇權,2026/06,履約價520.0,賣權",TWDJO5200R68,2026/01/22,期貨及選擇權,,OPESCS,
"DJO05200U6　華碩股票選擇權,2026/09,履約價520.0,賣權",TWDJO5200U63,2026/04/16,期貨及選擇權,,OPESCS,
"DJO05300Q6　華碩股票選擇權,2026/05,履約價530.0,賣權",TWDJO5300Q68,2026/03/19,期貨及選擇權,,OPESCS,
"DJO05300R6　華碩股票選擇權,2026/06,履約價530.0,賣權",TWDJO5300R67,2026/04/16,期貨及選擇權,,OPESCS,
"DJO05400Q6　華碩股票選擇權,2026/05,履約價540.0,賣權",TWDJO5400Q67,2026/03/19,期貨及選擇權,,OPESCS,
"DJO05400R6　華碩股票選擇權,2026/06,履約價540.0,賣權",TWDJO5400R66,2026/01/22,期貨及選擇權,,OPESCS,
"DJO05400U6　華碩股票選擇權,2026/09,履約價540.0,賣權",TWDJO5400U61,2026/04/16,期貨及選擇權,,OPESCS,
"DJO05500Q6　華碩股票選擇權,2026/05,履約價550.0,賣權",TWDJO5500Q66,2026/03/19,期貨及選擇權,,OPESCS,
"DJO05500R6　華碩股票選擇權,2026/06,履約價550.0,賣權",TWDJO5500R65,2026/04/16,期貨及選擇權,,OPESCS,
"DJO05600Q6　華碩股票選擇權,2026/05,履約價560.0,賣權",TWDJO5600Q65,2026/03/19,期貨及選擇權,,OPESCS,
"DJO05600R6　華碩股票選擇權,2026/06,履約價560.0,賣權",TWDJO5600R64,2026/01/22,期貨及選擇權,,OPESCS,
"DJO05600U6　華碩股票選擇權,2026/09,履約價560.0,賣權",TWDJO5600U69,2026/04/16,期貨及選擇權,,OPESCS,
"DJO05700Q6　華碩股票選擇權,2026/05,履約價570.0,賣權",TWDJO5700Q64,2026/03/19,期貨及選擇權,,OPESCS,
"DJO05700R6　華碩股票選擇權,2026/06,履約價570.0,賣權",TWDJO5700R63,2026/04/16,期貨及選擇權,,OPESCS,
"DJO05800Q6　華碩股票選擇權,2026/05,履約價580.0,賣權",TWDJO5800Q63,2026/03/19,期貨及選擇權,,OPESCS,
"DJO05800R6　華碩股票選擇權,2026/06,履約價580.0,賣權",TWDJO5800R62,2026/01/22,期貨及選擇權,,OPESCS,
"DJO05800U6　華碩股票選擇權,2026/09,履約價580.0,賣權",TWDJO5800U67,2026/04/16,期貨及選擇權,,OPESCS,
"DJO05900Q6　華碩股票選擇權,2026/05,履約價590.0,賣權",TWDJO5900Q62,2026/03/19,期貨及選擇權,,OPESCS,
"DJO05900R6　華碩股票選擇權,2026/06,履約價590.0,賣權",TWDJO5900R61,2026/04/16,期貨及選擇權,,OPESCS,
"DJO06000Q6　華碩股票選擇權,2026/05,履約價600.0,賣權",TWDJO6000Q69,2026/03/19,期貨及選擇權,,OPESCS,
"DJO06000R6　華碩股票選擇權,2026/06,履約價600.0,賣權",TWDJO6000R68,2026/01/23,期貨及選擇權,,OPESCS,
"DJO06000U6　華碩股票選擇權,2026/09,履約價600.0,賣權",TWDJO6000U63,2026/04/16,期貨及選擇權,,OPESCS,
"DJO06100Q6　華碩股票選擇權,2026/05,履約價610.0,賣權",TWDJO6100Q68,2026/03/19,期貨及選擇權,,OPESCS,
"DJO06100R6　華碩股票選擇權,2026/06,履約價610.0,賣權",TWDJO6100R67,2026/04/16,期貨及選擇權,,OPESCS,
"DJO06200Q6　華碩股票選擇權,2026/05,履約價620.0,賣權",TWDJO6200Q67,2026/03/19,期貨及選擇權,,OPESCS,
"DJO06200R6　華碩股票選擇權,2026/06,履約價620.0,賣權",TWDJO6200R66,2026/02/11,期貨及選擇權,,OPESCS,
"DJO06200U6　華碩股票選擇權,2026/09,履約價620.0,賣權",TWDJO6200U61,2026/04/16,期貨及選擇權,,OPESCS,
"DJO06300Q6　華碩股票選擇權,2026/05,履約價630.0,賣權",TWDJO6300Q66,2026/03/19,期貨及選擇權,,OPESCS,
"DJO06300R6　華碩股票選擇權,2026/06,履約價630.0,賣權",TWDJO6300R65,2026/04/16,期貨及選擇權,,OPESCS,
"DJO06400Q6　華碩股票選擇權,2026/05,履約價640.0,賣權",TWDJO6400Q65,2026/03/19,期貨及選擇權,,OPESCS,
"DJO06400R6　華碩股票選擇權,2026/06,履約價640.0,賣權",TWDJO6400R64,2026/03/12,期貨及選擇權,,OPESCS,
"DJO06400U6　華碩股票選擇權,2026/09,履約價640.0,賣權",TWDJO6400U69,2026/04/16,期貨及選擇權,,OPESCS,
"DJO06500Q6　華碩股票選擇權,2026/05,履約價650.0,賣權",TWDJO6500Q64,2026/03/19,期貨及選擇權,,OPESCS,
"DJO06500R6　華碩股票選擇權,2026/06,履約價650.0,賣權",TWDJO6500R63,2026/04/16,期貨及選擇權,,OPESCS,
"DJO06600Q6　華碩股票選擇權,2026/05,履約價660.0,賣權",TWDJO6600Q63,2026/03/19,期貨及選擇權,,OPESCS,
"DJO06600R6　華碩股票選擇權,2026/06,履約價660.0,賣權",TWDJO6600R62,2026/03/12,期貨及選擇權,,OPESCS,
"DJO06600U6　華碩股票選擇權,2026/09,履約價660.0,賣權",TWDJO6600U67,2026/04/16,期貨及選擇權,,OPESCS,
"DJO06700Q6　華碩股票選擇權,2026/05,履約價670.0,賣權",TWDJO6700Q62,2026/03/19,期貨及選擇權,,OPESCS,
"DJO06700R6　華碩股票選擇權,2026/06,履約價670.0,賣權",TWDJO6700R61,2026/04/16,期貨及選擇權,,OPESCS,
"DJO06800Q6　華碩股票選擇權,2026/05,履約價680.0,賣權",TWDJO6800Q61,2026/03/19,期貨及選擇權,,OPESCS,
"DJO06800R6　華碩股票選擇權,2026/06,履約價680.0,賣權",TWDJO6800R60,2026/03/12,期貨及選擇權,,OPESCS,
"DJO06800U6　華碩股票選擇權,2026/09,履約價680.0,賣權",TWDJO6800U65,2026/04/16,期貨及選擇權,,OPESCS,
"DJO06900Q6　華碩股票選擇權,2026/05,履約價690.0,賣權",TWDJO6900Q60,2026/03/19,期貨及選擇權,,OPESCS,
"DJO06900R6　華碩股票選擇權,2026/06,履約價690.0,賣權",TWDJO6900R69,2026/04/20,期貨及選擇權,,OPESCS,
"DJO07000Q6　華碩股票選擇權,2026/05,履約價700.0,賣權",TWDJO7000Q67,2026/04/21,期貨及選擇權,,OPESCS,
"DJO07000R6　華碩股票選擇權,2026/06,履約價700.0,賣權",TWDJO7000R66,2026/03/18,期貨及選擇權,,OPESCS,
"DJO07000U6　華碩股票選擇權,2026/09,履約價700.0,賣權",TWDJO7000U61,2026/04/20,期貨及選擇權,,OPESCS,
"DJO07100Q6　華碩股票選擇權,2026/05,履約價710.0,賣權",TWDJO7100Q66,2026/04/23,期貨及選擇權,,OPESCS,
"DJO07100R6　華碩股票選擇權,2026/06,履約價710.0,賣權",TWDJO7100R65,2026/04/23,期貨及選擇權,,OPESCS,
"DJO07200Q6　華碩股票選擇權,2026/05,履約價720.0,賣權",TWDJO7200Q65,2026/05/07,期貨及選擇權,,OPESCS,
"DJO07200R6　華碩股票選擇權,2026/06,履約價720.0,賣權",TWDJO7200R64,2026/05/07,期貨及選擇權,,OPESCS,
"DJO07200U6　華碩股票選擇權,2026/09,履約價720.0,賣權",TWDJO7200U69,2026/04/23,期貨及選擇權,,OPESCS,
"DJO07300Q6　華碩股票選擇權,2026/05,履約價730.0,賣權",TWDJO7300Q64,2026/05/07,期貨及選擇權,,OPESCS,
"DJO07300R6　華碩股票選擇權,2026/06,履約價730.0,賣權",TWDJO7300R63,2026/05/07,期貨及選擇權,,OPESCS,
"DJO07400Q6　華碩股票選擇權,2026/05,履約價740.0,賣權",TWDJO7400Q63,2026/05/08,期貨及選擇權,,OPESCS,
"DJO07400R6　華碩股票選擇權,2026/06,履約價740.0,賣權",TWDJO7400R62,2026/05/08,期貨及選擇權,,OPESCS,
"DJO07400U6　華碩股票選擇權,2026/09,履約價740.0,賣權",TWDJO7400U67,2026/05/07,期貨及選擇權,,OPESCS,
"DKO02300R6　廣達股票選擇權,2026/06,履約價230.0,賣權",TWDKO2300R61,2026/01/22,期貨及選擇權,,OPESCS,
"DKO02350Q6　廣達股票選擇權,2026/05,履約價235.0,賣權",TWDKO2350Q61,2026/03/24,期貨及選擇權,,OPESCS,
"DKO02400Q6　廣達股票選擇權,2026/05,履約價240.0,賣權",TWDKO2400Q61,2026/03/20,期貨及選擇權,,OPESCS,
"DKO02400R6　廣達股票選擇權,2026/06,履約價240.0,賣權",TWDKO2400R60,2026/01/22,期貨及選擇權,,OPESCS,
"DKO02450Q6　廣達股票選擇權,2026/05,履約價245.0,賣權",TWDKO2450Q60,2026/03/19,期貨及選擇權,,OPESCS,
"DKO02500Q6　廣達股票選擇權,2026/05,履約價250.0,賣權",TWDKO2500Q60,2026/03/19,期貨及選擇權,,OPESCS,
"DKO02500R6　廣達股票選擇權,2026/06,履約價250.0,賣權",TWDKO2500R69,2026/01/22,期貨及選擇權,,OPESCS,
"DKO02550Q6　廣達股票選擇權,2026/05,履約價255.0,賣權",TWDKO2550Q69,2026/03/19,期貨及選擇權,,OPESCS,
"DKO02600Q6　廣達股票選擇權,2026/05,履約價260.0,賣權",TWDKO2600Q69,2026/03/19,期貨及選擇權,,OPESCS,
"DKO02600R6　廣達股票選擇權,2026/06,履約價260.0,賣權",TWDKO2600R68,2026/01/22,期貨及選擇權,,OPESCS,
"DKO02600U6　廣達股票選擇權,2026/09,履約價260.0,賣權",TWDKO2600U63,2026/04/16,期貨及選擇權,,OPESCS,
"DKO02700Q6　廣達股票選擇權,2026/05,履約價270.0,賣權",TWDKO2700Q68,2026/03/19,期貨及選擇權,,OPESCS,
"DKO02700R6　廣達股票選擇權,2026/06,履約價270.0,賣權",TWDKO2700R67,2026/04/16,期貨及選擇權,,OPESCS,
"DKO02800Q6　廣達股票選擇權,2026/05,履約價280.0,賣權",TWDKO2800Q67,2026/03/19,期貨及選擇權,,OPESCS,
"DKO02800R6　廣達股票選擇權,2026/06,履約價280.0,賣權",TWDKO2800R66,2026/01/22,期貨及選擇權,,OPESCS,
"DKO02800U6　廣達股票選擇權,2026/09,履約價280.0,賣權",TWDKO2800U61,2026/04/16,期貨及選擇權,,OPESCS,
"DKO02900Q6　廣達股票選擇權,2026/05,履約價290.0,賣權",TWDKO2900Q66,2026/03/19,期貨及選擇權,,OPESCS,
"DKO02900R6　廣達股票選擇權,2026/06,履約價290.0,賣權",TWDKO2900R65,2026/04/16,期貨及選擇權,,OPESCS,
"DKO03000Q6　廣達股票選擇權,2026/05,履約價300.0,賣權",TWDKO3000Q63,2026/03/19,期貨及選擇權,,OPESCS,
"DKO03000R6　廣達股票選擇權,2026/06,履約價300.0,賣權",TWDKO3000R62,2026/01/22,期貨及選擇權,,OPESCS,
"DKO03000U6　廣達股票選擇權,2026/09,履約價300.0,賣權",TWDKO3000U67,2026/04/16,期貨及選擇權,,OPESCS,
"DKO03100Q6　廣達股票選擇權,2026/05,履約價310.0,賣權",TWDKO3100Q62,2026/03/19,期貨及選擇權,,OPESCS,
"DKO03100R6　廣達股票選擇權,2026/06,履約價310.0,賣權",TWDKO3100R61,2026/04/16,期貨及選擇權,,OPESCS,
"DKO03200Q6　廣達股票選擇權,2026/05,履約價320.0,賣權",TWDKO3200Q61,2026/03/19,期貨及選擇權,,OPESCS,
"DKO03200R6　廣達股票選擇權,2026/06,履約價320.0,賣權",TWDKO3200R60,2026/01/22,期貨及選擇權,,OPESCS,
"DKO03200U6　廣達股票選擇權,2026/09,履約價320.0,賣權",TWDKO3200U65,2026/04/16,期貨及選擇權,,OPESCS,
"DKO03300Q6　廣達股票選擇權,2026/05,履約價330.0,賣權",TWDKO3300Q60,2026/03/19,期貨及選擇權,,OPESCS,
"DKO03300R6　廣達股票選擇權,2026/06,履約價330.0,賣權",TWDKO3300R69,2026/04/16,期貨及選擇權,,OPESCS,
"DKO03400Q6　廣達股票選擇權,2026/05,履約價340.0,賣權",TWDKO3400Q69,2026/03/19,期貨及選擇權,,OPESCS,
"DKO03400R6　廣達股票選擇權,2026/06,履約價340.0,賣權",TWDKO3400R68,2026/01/23,期貨及選擇權,,OPESCS,
"DKO03400U6　廣達股票選擇權,2026/09,履約價340.0,賣權",TWDKO3400U63,2026/04/16,期貨及選擇權,,OPESCS,
"DKO03500Q6　廣達股票選擇權,2026/05,履約價350.0,賣權",TWDKO3500Q68,2026/04/09,期貨及選擇權,,OPESCS,
"DKO03500R6　廣達股票選擇權,2026/06,履約價350.0,賣權",TWDKO3500R67,2026/04/16,期貨及選擇權,,OPESCS,
"DKO03600Q6　廣達股票選擇權,2026/05,履約價360.0,賣權",TWDKO3600Q67,2026/04/09,期貨及選擇權,,OPESCS,
"DKO03600R6　廣達股票選擇權,2026/06,履約價360.0,賣權",TWDKO3600R66,2026/02/26,期貨及選擇權,,OPESCS,
"DKO03600U6　廣達股票選擇權,2026/09,履約價360.0,賣權",TWDKO3600U61,2026/04/16,期貨及選擇權,,OPESCS,
"DKO03700Q6　廣達股票選擇權,2026/05,履約價370.0,賣權",TWDKO3700Q66,2026/04/13,期貨及選擇權,,OPESCS,
"DKO03700R6　廣達股票選擇權,2026/06,履約價370.0,賣權",TWDKO3700R65,2026/04/17,期貨及選擇權,,OPESCS,
"DKO03800Q6　廣達股票選擇權,2026/05,履約價380.0,賣權",TWDKO3800Q65,2026/04/15,期貨及選擇權,,OPESCS,
"DKO03800R6　廣達股票選擇權,2026/06,履約價380.0,賣權",TWDKO3800R64,2026/04/13,期貨及選擇權,,OPESCS,
"DKO03800U6　廣達股票選擇權,2026/09,履約價380.0,賣權",TWDKO3800U69,2026/04/17,期貨及選擇權,,OPESCS,
"DKO03900Q6　廣達股票選擇權,2026/05,履約價390.0,賣權",TWDKO3900Q64,2026/04/22,期貨及選擇權,,OPESCS,
"DKO03900R6　廣達股票選擇權,2026/06,履約價390.0,賣權",TWDKO3900R63,2026/04/22,期貨及選擇權,,OPESCS,
"DKO04000Q6　廣達股票選擇權,2026/05,履約價400.0,賣權",TWDKO4000Q61,2026/04/22,期貨及選擇權,,OPESCS,
"DKO04000R6　廣達股票選擇權,2026/06,履約價400.0,賣權",TWDKO4000R60,2026/04/22,期貨及選擇權,,OPESCS,
"DKO04000U6　廣達股票選擇權,2026/09,履約價400.0,賣權",TWDKO4000U65,2026/04/22,期貨及選擇權,,OPESCS,
"DQO00170R6　群創股票選擇權,2026/06,履約價17.0,賣權",TWDQO0170R66,2026/02/03,期貨及選擇權,,OPESCS,
"DQO00180R6　群創股票選擇權,2026/06,履約價18.0,賣權",TWDQO0180R64,2026/01/29,期貨及選擇權,,OPESCS,
"DQO00190R6　群創股票選擇權,2026/06,履約價19.0,賣權",TWDQO0190R62,2026/01/28,期貨及選擇權,,OPESCS,
"DQO00190U6　群創股票選擇權,2026/09,履約價19.0,賣權",TWDQO0190U67,2026/04/27,期貨及選擇權,,OPESCS,
"DQO00195Q6　群創股票選擇權,2026/05,履約價19.5,賣權",TWDQO0195Q68,2026/04/27,期貨及選擇權,,OPESCS,
"DQO00195R6　群創股票選擇權,2026/06,履約價19.5,賣權",TWDQO0195R67,2026/04/27,期貨及選擇權,,OPESCS,
"DQO00200Q6　群創股票選擇權,2026/05,履約價20.0,賣權",TWDQO0200Q61,2026/04/01,期貨及選擇權,,OPESCS,
"DQO00200R6　群創股票選擇權,2026/06,履約價20.0,賣權",TWDQO0200R60,2026/01/26,期貨及選擇權,,OPESCS,
"DQO00200U6　群創股票選擇權,2026/09,履約價20.0,賣權",TWDQO0200U65,2026/04/24,期貨及選擇權,,OPESCS,
"DQO00205Q6　群創股票選擇權,2026/05,履約價20.5,賣權",TWDQO0205Q66,2026/03/25,期貨及選擇權,,OPESCS,
"DQO00205R6　群創股票選擇權,2026/06,履約價20.5,賣權",TWDQO0205R65,2026/04/24,期貨及選擇權,,OPESCS,
"DQO00210Q6　群創股票選擇權,2026/05,履約價21.0,賣權",TWDQO0210Q69,2026/03/24,期貨及選擇權,,OPESCS,
"DQO00210R6　群創股票選擇權,2026/06,履約價21.0,賣權",TWDQO0210R68,2026/01/23,期貨及選擇權,,OPESCS,
"DQO00210U6　群創股票選擇權,2026/09,履約價21.0,賣權",TWDQO0210U63,2026/04/23,期貨及選擇權,,OPESCS,
"DQO00215Q6　群創股票選擇權,2026/05,履約價21.5,賣權",TWDQO0215Q64,2026/03/24,期貨及選擇權,,OPESCS,
"DQO00215R6　群創股票選擇權,2026/06,履約價21.5,賣權",TWDQO0215R63,2026/04/23,期貨及選擇權,,OPESCS,
"DQO00220Q6　群創股票選擇權,2026/05,履約價22.0,賣權",TWDQO0220Q67,2026/03/23,期貨及選擇權,,OPESCS,
"DQO00220R6　群創股票選擇權,2026/06,履約價22.0,賣權",TWDQO0220R66,2026/01/23,期貨及選擇權,,OPESCS,
"DQO00220U6　群創股票選擇權,2026/09,履約價22.0,賣權",TWDQO0220U61,2026/04/20,期貨及選擇權,,OPESCS,
"DQO00225Q6　群創股票選擇權,2026/05,履約價22.5,賣權",TWDQO0225Q62,2026/03/23,期貨及選擇權,,OPESCS,
"DQO00225R6　群創股票選擇權,2026/06,履約價22.5,賣權",TWDQO0225R61,2026/04/20,期貨及選擇權,,OPESCS,
"DQO00230Q6　群創股票選擇權,2026/05,履約價23.0,賣權",TWDQO0230Q65,2026/03/20,期貨及選擇權,,OPESCS,
"DQO00230R6　群創股票選擇權,2026/06,履約價23.0,賣權",TWDQO0230R64,2026/01/22,期貨及選擇權,,OPESCS,
"DQO00230U6　群創股票選擇權,2026/09,履約價23.0,賣權",TWDQO0230U69,2026/04/16,期貨及選擇權,,OPESCS,
"DQO00235Q6　群創股票選擇權,2026/05,履約價23.5,賣權",TWDQO0235Q60,2026/03/19,期貨及選擇權,,OPESCS,
"DQO00235R6　群創股票選擇權,2026/06,履約價23.5,賣權",TWDQO0235R69,2026/04/16,期貨及選擇權,,OPESCS,
"DQO00240Q6　群創股票選擇權,2026/05,履約價24.0,賣權",TWDQO0240Q63,2026/03/19,期貨及選擇權,,OPESCS,
"DQO00240R6　群創股票選擇權,2026/06,履約價24.0,賣權",TWDQO0240R62,2026/01/22,期貨及選擇權,,OPESCS,
"DQO00240U6　群創股票選擇權,2026/09,履約價24.0,賣權",TWDQO0240U67,2026/04/16,期貨及選擇權,,OPESCS,
"DQO00245Q6　群創股票選擇權,2026/05,履約價24.5,賣權",TWDQO0245Q68,2026/03/19,期貨及選擇權,,OPESCS,
"DQO00245R6　群創股票選擇權,2026/06,履約價24.5,賣權",TWDQO0245R67,2026/04/16,期貨及選擇權,,OPESCS,
"DQO00250Q6　群創股票選擇權,2026/05,履約價25.0,賣權",TWDQO0250Q60,2026/03/19,期貨及選擇權,,OPESCS,
"DQO00250R6　群創股票選擇權,2026/06,履約價25.0,賣權",TWDQO0250R69,2026/01/22,期貨及選擇權,,OPESCS,
"DQO00250U6　群創股票選擇權,2026/09,履約價25.0,賣權",TWDQO0250U64,2026/04/16,期貨及選擇權,,OPESCS,
"DQO00255Q6　群創股票選擇權,2026/05,履約價25.5,賣權",TWDQO0255Q65,2026/03/19,期貨及選擇權,,OPESCS,
"DQO00255R6　群創股票選擇權,2026/06,履約價25.5,賣權",TWDQO0255R64,2026/04/16,期貨及選擇權,,OPESCS,
"DQO00260Q6　群創股票選擇權,2026/05,履約價26.0,賣權",TWDQO0260Q68,2026/03/19,期貨及選擇權,,OPESCS,
"DQO00260R6　群創股票選擇權,2026/06,履約價26.0,賣權",TWDQO0260R67,2026/01/22,期貨及選擇權,,OPESCS,
"DQO00260U6　群創股票選擇權,2026/09,履約價26.0,賣權",TWDQO0260U62,2026/04/16,期貨及選擇權,,OPESCS,
"DQO00270Q6　群創股票選擇權,2026/05,履約價27.0,賣權",TWDQO0270Q66,2026/03/19,期貨及選擇權,,OPESCS,
"DQO00270R6　群創股票選擇權,2026/06,履約價27.0,賣權",TWDQO0270R65,2026/04/16,期貨及選擇權,,OPESCS,
"DQO00280Q6　群創股票選擇權,2026/05,履約價28.0,賣權",TWDQO0280Q64,2026/03/19,期貨及選擇權,,OPESCS,
"DQO00280R6　群創股票選擇權,2026/06,履約價28.0,賣權",TWDQO0280R63,2026/01/22,期貨及選擇權,,OPESCS,
"DQO00280U6　群創股票選擇權,2026/09,履約價28.0,賣權",TWDQO0280U68,2026/04/16,期貨及選擇權,,OPESCS,
"DQO00290Q6　群創股票選擇權,2026/05,履約價29.0,賣權",TWDQO0290Q62,2026/03/19,期貨及選擇權,,OPESCS,
"DQO00290R6　群創股票選擇權,2026/06,履約價29.0,賣權",TWDQO0290R61,2026/04/16,期貨及選擇權,,OPESCS,
"DQO00300Q6　群創股票選擇權,2026/05,履約價30.0,賣權",TWDQO0300Q60,2026/03/19,期貨及選擇權,,OPESCS,
"DQO00300R6　群創股票選擇權,2026/06,履約價30.0,賣權",TWDQO0300R69,2026/01/22,期貨及選擇權,,OPESCS,
"DQO00300U6　群創股票選擇權,2026/09,履約價30.0,賣權",TWDQO0300U64,2026/04/16,期貨及選擇權,,OPESCS,
"DQO00310Q6　群創股票選擇權,2026/05,履約價31.0,賣權",TWDQO0310Q68,2026/03/19,期貨及選擇權,,OPESCS,
"DQO00310R6　群創股票選擇權,2026/06,履約價31.0,賣權",TWDQO0310R67,2026/04/16,期貨及選擇權,,OPESCS,
"DQO00320Q6　群創股票選擇權,2026/05,履約價32.0,賣權",TWDQO0320Q66,2026/03/19,期貨及選擇權,,OPESCS,
"DQO00320R6　群創股票選擇權,2026/06,履約價32.0,賣權",TWDQO0320R65,2026/01/22,期貨及選擇權,,OPESCS,
"DQO00320U6　群創股票選擇權,2026/09,履約價32.0,賣權",TWDQO0320U60,2026/04/16,期貨及選擇權,,OPESCS,
"DQO00330Q6　群創股票選擇權,2026/05,履約價33.0,賣權",TWDQO0330Q64,2026/03/19,期貨及選擇權,,OPESCS,
"DQO00330R6　群創股票選擇權,2026/06,履約價33.0,賣權",TWDQO0330R63,2026/05/07,期貨及選擇權,,OPESCS,
"DQO00340Q6　群創股票選擇權,2026/05,履約價34.0,賣權",TWDQO0340Q62,2026/05/08,期貨及選擇權,,OPESCS,
"DQO00340R6　群創股票選擇權,2026/06,履約價34.0,賣權",TWDQO0340R61,2026/03/03,期貨及選擇權,,OPESCS,
"DQO00340U6　群創股票選擇權,2026/09,履約價34.0,賣權",TWDQO0340U66,2026/05/07,期貨及選擇權,,OPESCS,
"DQO00350Q6　群創股票選擇權,2026/05,履約價35.0,賣權",TWDQO0350Q69,2026/05/08,期貨及選擇權,,OPESCS,
"DQO00350R6　群創股票選擇權,2026/06,履約價35.0,賣權",TWDQO0350R68,2026/05/08,期貨及選擇權,,OPESCS,
"DQO00360R6　群創股票選擇權,2026/06,履約價36.0,賣權",TWDQO0360R66,2026/03/12,期貨及選擇權,,OPESCS,
"DQO00360U6　群創股票選擇權,2026/09,履約價36.0,賣權",TWDQO0360U61,2026/05/08,期貨及選擇權,,OPESCS,
"DQO00380R6　群創股票選擇權,2026/06,履約價38.0,賣權",TWDQO0380R62,2026/03/13,期貨及選擇權,,OPESCS,
"DSO00210R6　宏碁股票選擇權,2026/06,履約價21.0,賣權",TWDSO0210R66,2026/01/28,期貨及選擇權,,OPESCS,
"DSO00220R6　宏碁股票選擇權,2026/06,履約價22.0,賣權",TWDSO0220R64,2026/01/22,期貨及選擇權,,OPESCS,
"DSO00225Q6　宏碁股票選擇權,2026/05,履約價22.5,賣權",TWDSO0225Q60,2026/03/24,期貨及選擇權,,OPESCS,
"DSO00230Q6　宏碁股票選擇權,2026/05,履約價23.0,賣權",TWDSO0230Q63,2026/03/24,期貨及選擇權,,OPESCS,
"DSO00230R6　宏碁股票選擇權,2026/06,履約價23.0,賣權",TWDSO0230R62,2026/01/22,期貨及選擇權,,OPESCS,
"DSO00230U6　宏碁股票選擇權,2026/09,履約價23.0,賣權",TWDSO0230U67,2026/04/16,期貨及選擇權,,OPESCS,
"DSO00235Q6　宏碁股票選擇權,2026/05,履約價23.5,賣權",TWDSO0235Q68,2026/03/23,期貨及選擇權,,OPESCS,
"DSO00235R6　宏碁股票選擇權,2026/06,履約價23.5,賣權",TWDSO0235R67,2026/04/16,期貨及選擇權,,OPESCS,
"DSO00240Q6　宏碁股票選擇權,2026/05,履約價24.0,賣權",TWDSO0240Q61,2026/03/20,期貨及選擇權,,OPESCS,
"DSO00240R6　宏碁股票選擇權,2026/06,履約價24.0,賣權",TWDSO0240R60,2026/01/22,期貨及選擇權,,OPESCS,
"DSO00240U6　宏碁股票選擇權,2026/09,履約價24.0,賣權",TWDSO0240U65,2026/04/16,期貨及選擇權,,OPESCS,
"DSO00245Q6　宏碁股票選擇權,2026/05,履約價24.5,賣權",TWDSO0245Q66,2026/03/19,期貨及選擇權,,OPESCS,
"DSO00245R6　宏碁股票選擇權,2026/06,履約價24.5,賣權",TWDSO0245R65,2026/04/16,期貨及選擇權,,OPESCS,
"DSO00250Q6　宏碁股票選擇權,2026/05,履約價25.0,賣權",TWDSO0250Q68,2026/03/19,期貨及選擇權,,OPESCS,
"DSO00250R6　宏碁股票選擇權,2026/06,履約價25.0,賣權",TWDSO0250R67,2026/01/22,期貨及選擇權,,OPESCS,
"DSO00250U6　宏碁股票選擇權,2026/09,履約價25.0,賣權",TWDSO0250U62,2026/04/16,期貨及選擇權,,OPESCS,
"DSO00255Q6　宏碁股票選擇權,2026/05,履約價25.5,賣權",TWDSO0255Q63,2026/03/19,期貨及選擇權,,OPESCS,
"DSO00255R6　宏碁股票選擇權,2026/06,履約價25.5,賣權",TWDSO0255R62,2026/04/16,期貨及選擇權,,OPESCS,
"DSO00260Q6　宏碁股票選擇權,2026/05,履約價26.0,賣權",TWDSO0260Q66,2026/03/19,期貨及選擇權,,OPESCS,
"DSO00260R6　宏碁股票選擇權,2026/06,履約價26.0,賣權",TWDSO0260R65,2026/01/22,期貨及選擇權,,OPESCS,
"DSO00260U6　宏碁股票選擇權,2026/09,履約價26.0,賣權",TWDSO0260U60,2026/04/16,期貨及選擇權,,OPESCS,
"DSO00270Q6　宏碁股票選擇權,2026/05,履約價27.0,賣權",TWDSO0270Q64,2026/03/19,期貨及選擇權,,OPESCS,
"DSO00270R6　宏碁股票選擇權,2026/06,履約價27.0,賣權",TWDSO0270R63,2026/04/16,期貨及選擇權,,OPESCS,
"DSO00280Q6　宏碁股票選擇權,2026/05,履約價28.0,賣權",TWDSO0280Q62,2026/03/19,期貨及選擇權,,OPESCS,
"DSO00280R6　宏碁股票選擇權,2026/06,履約價28.0,賣權",TWDSO0280R61,2026/01/22,期貨及選擇權,,OPESCS,
"DSO00280U6　宏碁股票選擇權,2026/09,履約價28.0,賣權",TWDSO0280U66,2026/04/16,期貨及選擇權,,OPESCS,
"DSO00290Q6　宏碁股票選擇權,2026/05,履約價29.0,賣權",TWDSO0290Q60,2026/03/19,期貨及選擇權,,OPESCS,
"DSO00290R6　宏碁股票選擇權,2026/06,履約價29.0,賣權",TWDSO0290R69,2026/04/16,期貨及選擇權,,OPESCS,
"DSO00300Q6　宏碁股票選擇權,2026/05,履約價30.0,賣權",TWDSO0300Q68,2026/03/19,期貨及選擇權,,OPESCS,
"DSO00300R6　宏碁股票選擇權,2026/06,履約價30.0,賣權",TWDSO0300R67,2026/01/22,期貨及選擇權,,OPESCS,
"DSO00300U6　宏碁股票選擇權,2026/09,履約價30.0,賣權",TWDSO0300U62,2026/04/16,期貨及選擇權,,OPESCS,
"DSO00310Q6　宏碁股票選擇權,2026/05,履約價31.0,賣權",TWDSO0310Q66,2026/03/19,期貨及選擇權,,OPESCS,
"DSO00310R6　宏碁股票選擇權,2026/06,履約價31.0,賣權",TWDSO0310R65,2026/04/16,期貨及選擇權,,OPESCS,
"DSO00320Q6　宏碁股票選擇權,2026/05,履約價32.0,賣權",TWDSO0320Q64,2026/03/19,期貨及選擇權,,OPESCS,
"DSO00320R6　宏碁股票選擇權,2026/06,履約價32.0,賣權",TWDSO0320R63,2026/01/22,期貨及選擇權,,OPESCS,
"DSO00320U6　宏碁股票選擇權,2026/09,履約價32.0,賣權",TWDSO0320U68,2026/04/16,期貨及選擇權,,OPESCS,
"DSO00330Q6　宏碁股票選擇權,2026/05,履約價33.0,賣權",TWDSO0330Q62,2026/03/19,期貨及選擇權,,OPESCS,
"DSO00330R6　宏碁股票選擇權,2026/06,履約價33.0,賣權",TWDSO0330R61,2026/04/17,期貨及選擇權,,OPESCS,
"DSO00340Q6　宏碁股票選擇權,2026/05,履約價34.0,賣權",TWDSO0340Q60,2026/03/19,期貨及選擇權,,OPESCS,
"DSO00340R6　宏碁股票選擇權,2026/06,履約價34.0,賣權",TWDSO0340R69,2026/03/13,期貨及選擇權,,OPESCS,
"DSO00340U6　宏碁股票選擇權,2026/09,履約價34.0,賣權",TWDSO0340U64,2026/04/17,期貨及選擇權,,OPESCS,
"DVO12000R6　聯發科股票選擇權,2026/06,履約價1200.0,賣權",TWDVO200AR62,2026/01/22,期貨及選擇權,,OPESCS,
"DVO12400Q6　聯發科股票選擇權,2026/05,履約價1240.0,賣權",TWDVO240AQ65,2026/04/02,期貨及選擇權,,OPESCS,
"DVO12600Q6　聯發科股票選擇權,2026/05,履約價1260.0,賣權",TWDVO260AQ60,2026/04/01,期貨及選擇權,,OPESCS,
"DVO12800Q6　聯發科股票選擇權,2026/05,履約價1280.0,賣權",TWDVO280AQ66,2026/03/31,期貨及選擇權,,OPESCS,
"DVO13000Q6　聯發科股票選擇權,2026/05,履約價1300.0,賣權",TWDVO300AQ62,2026/03/31,期貨及選擇權,,OPESCS,
"DVO13000R6　聯發科股票選擇權,2026/06,履約價1300.0,賣權",TWDVO300AR61,2026/01/22,期貨及選擇權,,OPESCS,
"DVO13200Q6　聯發科股票選擇權,2026/05,履約價1320.0,賣權",TWDVO320AQ68,2026/03/31,期貨及選擇權,,OPESCS,
"DVO13400Q6　聯發科股票選擇權,2026/05,履約價1340.0,賣權",TWDVO340AQ64,2026/03/27,期貨及選擇權,,OPESCS,
"DVO13600Q6　聯發科股票選擇權,2026/05,履約價1360.0,賣權",TWDVO360AQ69,2026/03/25,期貨及選擇權,,OPESCS,
"DVO13800Q6　聯發科股票選擇權,2026/05,履約價1380.0,賣權",TWDVO380AQ65,2026/03/24,期貨及選擇權,,OPESCS,
"DVO14000Q6　聯發科股票選擇權,2026/05,履約價1400.0,賣權",TWDVO400AQ61,2026/03/24,期貨及選擇權,,OPESCS,
"DVO14000R6　聯發科股票選擇權,2026/06,履約價1400.0,賣權",TWDVO400AR60,2026/01/22,期貨及選擇權,,OPESCS,
"DVO14200Q6　聯發科股票選擇權,2026/05,履約價1420.0,賣權",TWDVO420AQ67,2026/03/20,期貨及選擇權,,OPESCS,
"DVO14400Q6　聯發科股票選擇權,2026/05,履約價1440.0,賣權",TWDVO440AQ63,2026/03/20,期貨及選擇權,,OPESCS,
"DVO14600Q6　聯發科股票選擇權,2026/05,履約價1460.0,賣權",TWDVO460AQ68,2026/03/19,期貨及選擇權,,OPESCS,
"DVO14800Q6　聯發科股票選擇權,2026/05,履約價1480.0,賣權",TWDVO480AQ64,2026/03/19,期貨及選擇權,,OPESCS,
"DVO15000Q6　聯發科股票選擇權,2026/05,履約價1500.0,賣權",TWDVO500AQ60,2026/03/19,期貨及選擇權,,OPESCS,
"DVO15000R6　聯發科股票選擇權,2026/06,履約價1500.0,賣權",TWDVO500AR69,2026/01/22,期貨及選擇權,,OPESCS,
"DVO15000U6　聯發科股票選擇權,2026/09,履約價1500.0,賣權",TWDVO500AU64,2026/04/16,期貨及選擇權,,OPESCS,
"DVO15200Q6　聯發科股票選擇權,2026/05,履約價1520.0,賣權",TWDVO520AQ66,2026/03/19,期貨及選擇權,,OPESCS,
"DVO15200R6　聯發科股票選擇權,2026/06,履約價1520.0,賣權",TWDVO520AR65,2026/04/16,期貨及選擇權,,OPESCS,
"DVO15400Q6　聯發科股票選擇權,2026/05,履約價1540.0,賣權",TWDVO540AQ62,2026/03/19,期貨及選擇權,,OPESCS,
"DVO15400R6　聯發科股票選擇權,2026/06,履約價1540.0,賣權",TWDVO540AR61,2026/04/16,期貨及選擇權,,OPESCS,
"DVO15600Q6　聯發科股票選擇權,2026/05,履約價1560.0,賣權",TWDVO560AQ67,2026/03/19,期貨及選擇權,,OPESCS,
"DVO15600R6　聯發科股票選擇權,2026/06,履約價1560.0,賣權",TWDVO560AR66,2026/04/16,期貨及選擇權,,OPESCS,
"DVO15800Q6　聯發科股票選擇權,2026/05,履約價1580.0,賣權",TWDVO580AQ63,2026/03/19,期貨及選擇權,,OPESCS,
"DVO15800R6　聯發科股票選擇權,2026/06,履約價1580.0,賣權",TWDVO580AR62,2026/04/16,期貨及選擇權,,OPESCS,
"DVO16000Q6　聯發科股票選擇權,2026/05,履約價1600.0,賣權",TWDVO600AQ69,2026/03/19,期貨及選擇權,,OPESCS,
"DVO16000R6　聯發科股票選擇權,2026/06,履約價1600.0,賣權",TWDVO600AR68,2026/01/22,期貨及選擇權,,OPESCS,
"DVO16000U6　聯發科股票選擇權,2026/09,履約價1600.0,賣權",TWDVO600AU63,2026/04/16,期貨及選擇權,,OPESCS,
"DVO16200Q6　聯發科股票選擇權,2026/05,履約價1620.0,賣權",TWDVO620AQ65,2026/03/19,期貨及選擇權,,OPESCS,
"DVO16200R6　聯發科股票選擇權,2026/06,履約價1620.0,賣權",TWDVO620AR64,2026/04/16,期貨及選擇權,,OPESCS,
"DVO16400Q6　聯發科股票選擇權,2026/05,履約價1640.0,賣權",TWDVO640AQ61,2026/03/19,期貨及選擇權,,OPESCS,
"DVO16400R6　聯發科股票選擇權,2026/06,履約價1640.0,賣權",TWDVO640AR60,2026/04/16,期貨及選擇權,,OPESCS,
"DVO16600Q6　聯發科股票選擇權,2026/05,履約價1660.0,賣權",TWDVO660AQ66,2026/03/19,期貨及選擇權,,OPESCS,
"DVO16600R6　聯發科股票選擇權,2026/06,履約價1660.0,賣權",TWDVO660AR65,2026/04/16,期貨及選擇權,,OPESCS,
"DVO16800Q6　聯發科股票選擇權,2026/05,履約價1680.0,賣權",TWDVO680AQ62,2026/03/19,期貨及選擇權,,OPESCS,
"DVO16800R6　聯發科股票選擇權,2026/06,履約價1680.0,賣權",TWDVO680AR61,2026/04/16,期貨及選擇權,,OPESCS,
"DVO17000Q6　聯發科股票選擇權,2026/05,履約價1700.0,賣權",TWDVO700AQ68,2026/03/19,期貨及選擇權,,OPESCS,
"DVO17000R6　聯發科股票選擇權,2026/06,履約價1700.0,賣權",TWDVO700AR67,2026/01/22,期貨及選擇權,,OPESCS,
"DVO17000U6　聯發科股票選擇權,2026/09,履約價1700.0,賣權",TWDVO700AU62,2026/04/16,期貨及選擇權,,OPESCS,
"DVO17200Q6　聯發科股票選擇權,2026/05,履約價1720.0,賣權",TWDVO720AQ64,2026/03/19,期貨及選擇權,,OPESCS,
"DVO17200R6　聯發科股票選擇權,2026/06,履約價1720.0,賣權",TWDVO720AR63,2026/04/16,期貨及選擇權,,OPESCS,
"DVO17400Q6　聯發科股票選擇權,2026/05,履約價1740.0,賣權",TWDVO740AQ60,2026/03/19,期貨及選擇權,,OPESCS,
"DVO17400R6　聯發科股票選擇權,2026/06,履約價1740.0,賣權",TWDVO740AR69,2026/04/16,期貨及選擇權,,OPESCS,
"DVO17600Q6　聯發科股票選擇權,2026/05,履約價1760.0,賣權",TWDVO760AQ65,2026/03/19,期貨及選擇權,,OPESCS,
"DVO17600R6　聯發科股票選擇權,2026/06,履約價1760.0,賣權",TWDVO760AR64,2026/04/16,期貨及選擇權,,OPESCS,
"DVO17800Q6　聯發科股票選擇權,2026/05,履約價1780.0,賣權",TWDVO780AQ61,2026/03/19,期貨及選擇權,,OPESCS,
"DVO17800R6　聯發科股票選擇權,2026/06,履約價1780.0,賣權",TWDVO780AR60,2026/04/16,期貨及選擇權,,OPESCS,
"DVO18000Q6　聯發科股票選擇權,2026/05,履約價1800.0,賣權",TWDVO800AQ67,2026/03/19,期貨及選擇權,,OPESCS,
"DVO18000R6　聯發科股票選擇權,2026/06,履約價1800.0,賣權",TWDVO800AR66,2026/01/23,期貨及選擇權,,OPESCS,
"DVO18000U6　聯發科股票選擇權,2026/09,履約價1800.0,賣權",TWDVO800AU61,2026/04/16,期貨及選擇權,,OPESCS,
"DVO18200Q6　聯發科股票選擇權,2026/05,履約價1820.0,賣權",TWDVO820AQ63,2026/03/19,期貨及選擇權,,OPESCS,
"DVO18200R6　聯發科股票選擇權,2026/06,履約價1820.0,賣權",TWDVO820AR62,2026/04/16,期貨及選擇權,,OPESCS,
"DVO18400Q6　聯發科股票選擇權,2026/05,履約價1840.0,賣權",TWDVO840AQ69,2026/03/19,期貨及選擇權,,OPESCS,
"DVO18400R6　聯發科股票選擇權,2026/06,履約價1840.0,賣權",TWDVO840AR68,2026/04/16,期貨及選擇權,,OPESCS,
"DVO18600Q6　聯發科股票選擇權,2026/05,履約價1860.0,賣權",TWDVO860AQ64,2026/03/19,期貨及選擇權,,OPESCS,
"DVO18600R6　聯發科股票選擇權,2026/06,履約價1860.0,賣權",TWDVO860AR63,2026/04/16,期貨及選擇權,,OPESCS,
"DVO18800Q6　聯發科股票選擇權,2026/05,履約價1880.0,賣權",TWDVO880AQ60,2026/03/19,期貨及選擇權,,OPESCS,
"DVO18800R6　聯發科股票選擇權,2026/06,履約價1880.0,賣權",TWDVO880AR69,2026/04/16,期貨及選擇權,,OPESCS,
"DVO19000Q6　聯發科股票選擇權,2026/05,履約價1900.0,賣權",TWDVO900AQ66,2026/03/19,期貨及選擇權,,OPESCS,
"DVO19000R6　聯發科股票選擇權,2026/06,履約價1900.0,賣權",TWDVO900AR65,2026/01/26,期貨及選擇權,,OPESCS,
"DVO19000U6　聯發科股票選擇權,2026/09,履約價1900.0,賣權",TWDVO900AU60,2026/04/16,期貨及選擇權,,OPESCS,
"DVO19200Q6　聯發科股票選擇權,2026/05,履約價1920.0,賣權",TWDVO920AQ62,2026/03/19,期貨及選擇權,,OPESCS,
"DVO19200R6　聯發科股票選擇權,2026/06,履約價1920.0,賣權",TWDVO920AR61,2026/04/16,期貨及選擇權,,OPESCS,
"DVO19400Q6　聯發科股票選擇權,2026/05,履約價1940.0,賣權",TWDVO940AQ68,2026/03/19,期貨及選擇權,,OPESCS,
"DVO19400R6　聯發科股票選擇權,2026/06,履約價1940.0,賣權",TWDVO940AR67,2026/04/16,期貨及選擇權,,OPESCS,
"DVO19600Q6　聯發科股票選擇權,2026/05,履約價1960.0,賣權",TWDVO960AQ63,2026/03/19,期貨及選擇權,,OPESCS,
"DVO19600R6　聯發科股票選擇權,2026/06,履約價1960.0,賣權",TWDVO960AR62,2026/04/16,期貨及選擇權,,OPESCS,
"DVO19800Q6　聯發科股票選擇權,2026/05,履約價1980.0,賣權",TWDVO980AQ69,2026/03/19,期貨及選擇權,,OPESCS,
"DVO19800R6　聯發科股票選擇權,2026/06,履約價1980.0,賣權",TWDVO980AR68,2026/04/16,期貨及選擇權,,OPESCS,
"DVO20000Q6　聯發科股票選擇權,2026/05,履約價2000.0,賣權",TWDVO000BQ64,2026/03/19,期貨及選擇權,,OPESCS,
"DVO20000R6　聯發科股票選擇權,2026/06,履約價2000.0,賣權",TWDVO000BR63,2026/01/27,期貨及選擇權,,OPESCS,
"DVO20000U6　聯發科股票選擇權,2026/09,履約價2000.0,賣權",TWDVO000BU68,2026/04/16,期貨及選擇權,,OPESCS,
"DVO20500Q6　聯發科股票選擇權,2026/05,履約價2050.0,賣權",TWDVO050BQ63,2026/04/16,期貨及選擇權,,OPESCS,
"DVO20500R6　聯發科股票選擇權,2026/06,履約價2050.0,賣權",TWDVO050BR62,2026/04/16,期貨及選擇權,,OPESCS,
"DVO21000Q6　聯發科股票選擇權,2026/05,履約價2100.0,賣權",TWDVO100BQ63,2026/04/16,期貨及選擇權,,OPESCS,
"DVO21000R6　聯發科股票選擇權,2026/06,履約價2100.0,賣權",TWDVO100BR62,2026/01/27,期貨及選擇權,,OPESCS,
"DVO21000U6　聯發科股票選擇權,2026/09,履約價2100.0,賣權",TWDVO100BU67,2026/04/16,期貨及選擇權,,OPESCS,
"DVO21500Q6　聯發科股票選擇權,2026/05,履約價2150.0,賣權",TWDVO150BQ62,2026/04/17,期貨及選擇權,,OPESCS,
"DVO21500QL　聯發科股票選擇權,2026/05,履約價2150.0,賣權",TWDVO150BQL0,2026/04/30,期貨及選擇權,,OPESCS,
"DVO21500R6　聯發科股票選擇權,2026/06,履約價2150.0,賣權",TWDVO150BR61,2026/04/17,期貨及選擇權,,OPESCS,
"DVO22000Q6　聯發科股票選擇權,2026/05,履約價2200.0,賣權",TWDVO200BQ62,2026/04/17,期貨及選擇權,,OPESCS,
"DVO22000QL　聯發科股票選擇權,2026/05,履約價2200.0,賣權",TWDVO200BQL3,2026/04/29,期貨及選擇權,,OPESCS,
"DVO22000R6　聯發科股票選擇權,2026/06,履約價2200.0,賣權",TWDVO200BR61,2026/02/10,期貨及選擇權,,OPESCS,
"DVO22000U6　聯發科股票選擇權,2026/09,履約價2200.0,賣權",TWDVO200BU66,2026/04/17,期貨及選擇權,,OPESCS,
"DVO22500Q6　聯發科股票選擇權,2026/05,履約價2250.0,賣權",TWDVO250BQ61,2026/04/20,期貨及選擇權,,OPESCS,
"DVO22500QL　聯發科股票選擇權,2026/05,履約價2250.0,賣權",TWDVO250BQL8,2026/04/29,期貨及選擇權,,OPESCS,
"DVO22500R6　聯發科股票選擇權,2026/06,履約價2250.0,賣權",TWDVO250BR60,2026/04/20,期貨及選擇權,,OPESCS,
"DVO23000Q6　聯發科股票選擇權,2026/05,履約價2300.0,賣權",TWDVO300BQ61,2026/04/22,期貨及選擇權,,OPESCS,
"DVO23000QL　聯發科股票選擇權,2026/05,履約價2300.0,賣權",TWDVO300BQL1,2026/04/29,期貨及選擇權,,OPESCS,
"DVO23000R6　聯發科股票選擇權,2026/06,履約價2300.0,賣權",TWDVO300BR60,2026/03/02,期貨及選擇權,,OPESCS,
"DVO23000U6　聯發科股票選擇權,2026/09,履約價2300.0,賣權",TWDVO300BU65,2026/04/20,期貨及選擇權,,OPESCS,
"DVO23500Q6　聯發科股票選擇權,2026/05,履約價2350.0,賣權",TWDVO350BQ60,2026/04/22,期貨及選擇權,,OPESCS,
"DVO23500QL　聯發科股票選擇權,2026/05,履約價2350.0,賣權",TWDVO350BQL6,2026/04/29,期貨及選擇權,,OPESCS,
"DVO23500R6　聯發科股票選擇權,2026/06,履約價2350.0,賣權",TWDVO350BR69,2026/04/22,期貨及選擇權,,OPESCS,
"DVO24000Q6　聯發科股票選擇權,2026/05,履約價2400.0,賣權",TWDVO400BQ60,2026/04/22,期貨及選擇權,,OPESCS,
"DVO24000QL　聯發科股票選擇權,2026/05,履約價2400.0,賣權",TWDVO400BQL9,2026/04/29,期貨及選擇權,,OPESCS,
"DVO24000R6　聯發科股票選擇權,2026/06,履約價2400.0,賣權",TWDVO400BR69,2026/04/22,期貨及選擇權,,OPESCS,
"DVO24000U6　聯發科股票選擇權,2026/09,履約價2400.0,賣權",TWDVO400BU64,2026/04/22,期貨及選擇權,,OPESCS,
"DVO24500Q6　聯發科股票選擇權,2026/05,履約價2450.0,賣權",TWDVO450BQ69,2026/04/22,期貨及選擇權,,OPESCS,
"DVO24500QL　聯發科股票選擇權,2026/05,履約價2450.0,賣權",TWDVO450BQL4,2026/04/29,期貨及選擇權,,OPESCS,
"DVO24500R6　聯發科股票選擇權,2026/06,履約價2450.0,賣權",TWDVO450BR68,2026/04/22,期貨及選擇權,,OPESCS,
"DVO25000Q6　聯發科股票選擇權,2026/05,履約價2500.0,賣權",TWDVO500BQ69,2026/04/23,期貨及選擇權,,OPESCS,
"DVO25000QL　聯發科股票選擇權,2026/05,履約價2500.0,賣權",TWDVO500BQL6,2026/04/29,期貨及選擇權,,OPESCS,
"DVO25000R6　聯發科股票選擇權,2026/06,履約價2500.0,賣權",TWDVO500BR68,2026/04/23,期貨及選擇權,,OPESCS,
"DVO25000U6　聯發科股票選擇權,2026/09,履約價2500.0,賣權",TWDVO500BU63,2026/04/22,期貨及選擇權,,OPESCS,
"DVO25500Q6　聯發科股票選擇權,2026/05,履約價2550.0,賣權",TWDVO550BQ68,2026/04/23,期貨及選擇權,,OPESCS,
"DVO25500QL　聯發科股票選擇權,2026/05,履約價2550.0,賣權",TWDVO550BQL1,2026/04/29,期貨及選擇權,,OPESCS,
"DVO25500R6　聯發科股票選擇權,2026/06,履約價2550.0,賣權",TWDVO550BR67,2026/04/23,期貨及選擇權,,OPESCS,
"DVO26000Q6　聯發科股票選擇權,2026/05,履約價2600.0,賣權",TWDVO600BQ68,2026/04/23,期貨及選擇權,,OPESCS,
"DVO26000QL　聯發科股票選擇權,2026/05,履約價2600.0,賣權",TWDVO600BQL4,2026/04/29,期貨及選擇權,,OPESCS,
"DVO26000R6　聯發科股票選擇權,2026/06,履約價2600.0,賣權",TWDVO600BR67,2026/04/23,期貨及選擇權,,OPESCS,
"DVO26000U6　聯發科股票選擇權,2026/09,履約價2600.0,賣權",TWDVO600BU62,2026/04/23,期貨及選擇權,,OPESCS,
"DVO26500Q6　聯發科股票選擇權,2026/05,履約價2650.0,賣權",TWDVO650BQ67,2026/04/23,期貨及選擇權,,OPESCS,
"DVO26500QL　聯發科股票選擇權,2026/05,履約價2650.0,賣權",TWDVO650BQL9,2026/04/29,期貨及選擇權,,OPESCS,
"DVO26500R6　聯發科股票選擇權,2026/06,履約價2650.0,賣權",TWDVO650BR66,2026/04/23,期貨及選擇權,,OPESCS,
"DVO27000Q6　聯發科股票選擇權,2026/05,履約價2700.0,賣權",TWDVO700BQ67,2026/04/27,期貨及選擇權,,OPESCS,
"DVO27000QL　聯發科股票選擇權,2026/05,履約價2700.0,賣權",TWDVO700BQL2,2026/04/29,期貨及選擇權,,OPESCS,
"DVO27000R6　聯發科股票選擇權,2026/06,履約價2700.0,賣權",TWDVO700BR66,2026/04/27,期貨及選擇權,,OPESCS,
"DVO27000U6　聯發科股票選擇權,2026/09,履約價2700.0,賣權",TWDVO700BU61,2026/04/23,期貨及選擇權,,OPESCS,
"DVO27500Q6　聯發科股票選擇權,2026/05,履約價2750.0,賣權",TWDVO750BQ66,2026/04/27,期貨及選擇權,,OPESCS,
"DVO27500QL　聯發科股票選擇權,2026/05,履約價2750.0,賣權",TWDVO750BQL7,2026/04/29,期貨及選擇權,,OPESCS,
"DVO27500R6　聯發科股票選擇權,2026/06,履約價2750.0,賣權",TWDVO750BR65,2026/04/27,期貨及選擇權,,OPESCS,
"DVO28000Q6　聯發科股票選擇權,2026/05,履約價2800.0,賣權",TWDVO800BQ66,2026/04/27,期貨及選擇權,,OPESCS,
"DVO28000QL　聯發科股票選擇權,2026/05,履約價2800.0,賣權",TWDVO800BQL0,2026/04/29,期貨及選擇權,,OPESCS,
"DVO28000R6　聯發科股票選擇權,2026/06,履約價2800.0,賣權",TWDVO800BR65,2026/04/27,期貨及選擇權,,OPESCS,
"DVO28000U6　聯發科股票選擇權,2026/09,履約價2800.0,賣權",TWDVO800BU60,2026/04/27,期貨及選擇權,,OPESCS,
"DVO28500Q6　聯發科股票選擇權,2026/05,履約價2850.0,賣權",TWDVO850BQ65,2026/04/27,期貨及選擇權,,OPESCS,
"DVO28500QL　聯發科股票選擇權,2026/05,履約價2850.0,賣權",TWDVO850BQL5,2026/04/29,期貨及選擇權,,OPESCS,
"DVO28500R6　聯發科股票選擇權,2026/06,履約價2850.0,賣權",TWDVO850BR64,2026/04/27,期貨及選擇權,,OPESCS,
"DVO29000Q6　聯發科股票選擇權,2026/05,履約價2900.0,賣權",TWDVO900BQ65,2026/04/29,期貨及選擇權,,OPESCS,
"DVO29000QL　聯發科股票選擇權,2026/05,履約價2900.0,賣權",TWDVO900BQL8,2026/04/29,期貨及選擇權,,OPESCS,
"DVO29000R6　聯發科股票選擇權,2026/06,履約價2900.0,賣權",TWDVO900BR64,2026/04/29,期貨及選擇權,,OPESCS,
"DVO29000U6　聯發科股票選擇權,2026/09,履約價2900.0,賣權",TWDVO900BU69,2026/04/27,期貨及選擇權,,OPESCS,
"DVO29500Q6　聯發科股票選擇權,2026/05,履約價2950.0,賣權",TWDVO950BQ64,2026/04/29,期貨及選擇權,,OPESCS,
"DVO29500QL　聯發科股票選擇權,2026/05,履約價2950.0,賣權",TWDVO950BQL3,2026/04/29,期貨及選擇權,,OPESCS,
"DVO29500R6　聯發科股票選擇權,2026/06,履約價2950.0,賣權",TWDVO950BR63,2026/04/29,期貨及選擇權,,OPESCS,
"DVO30000Q6　聯發科股票選擇權,2026/05,履約價3000.0,賣權",TWDVO000CQ63,2026/04/29,期貨及選擇權,,OPESCS,
"DVO30000QL　聯發科股票選擇權,2026/05,履約價3000.0,賣權",TWDVO000CQL5,2026/04/29,期貨及選擇權,,OPESCS,
"DVO30000R6　聯發科股票選擇權,2026/06,履約價3000.0,賣權",TWDVO000CR62,2026/04/29,期貨及選擇權,,OPESCS,
"DVO30000U6　聯發科股票選擇權,2026/09,履約價3000.0,賣權",TWDVO000CU67,2026/04/29,期貨及選擇權,,OPESCS,
"DVO30500Q6　聯發科股票選擇權,2026/05,履約價3050.0,賣權",TWDVO050CQ62,2026/04/29,期貨及選擇權,,OPESCS,
"DVO30500QL　聯發科股票選擇權,2026/05,履約價3050.0,賣權",TWDVO050CQL0,2026/04/29,期貨及選擇權,,OPESCS,
"DVO30500R6　聯發科股票選擇權,2026/06,履約價3050.0,賣權",TWDVO050CR61,2026/04/29,期貨及選擇權,,OPESCS,
"DVO31000Q6　聯發科股票選擇權,2026/05,履約價3100.0,賣權",TWDVO100CQ62,2026/05/05,期貨及選擇權,,OPESCS,
"DVO31000QL　聯發科股票選擇權,2026/05,履約價3100.0,賣權",TWDVO100CQL3,2026/05/05,期貨及選擇權,,OPESCS,
"DVO31000R6　聯發科股票選擇權,2026/06,履約價3100.0,賣權",TWDVO100CR61,2026/05/05,期貨及選擇權,,OPESCS,
"DVO31000U6　聯發科股票選擇權,2026/09,履約價3100.0,賣權",TWDVO100CU66,2026/04/29,期貨及選擇權,,OPESCS,
"DVO31500Q6　聯發科股票選擇權,2026/05,履約價3150.0,賣權",TWDVO150CQ61,2026/05/05,期貨及選擇權,,OPESCS,
"DVO31500QL　聯發科股票選擇權,2026/05,履約價3150.0,賣權",TWDVO150CQL8,2026/05/05,期貨及選擇權,,OPESCS,
"DVO31500R6　聯發科股票選擇權,2026/06,履約價3150.0,賣權",TWDVO150CR60,2026/05/05,期貨及選擇權,,OPESCS,
"DVO32000Q6　聯發科股票選擇權,2026/05,履約價3200.0,賣權",TWDVO200CQ61,2026/05/05,期貨及選擇權,,OPESCS,
"DVO32000QL　聯發科股票選擇權,2026/05,履約價3200.0,賣權",TWDVO200CQL1,2026/05/05,期貨及選擇權,,OPESCS,
"DVO32000R6　聯發科股票選擇權,2026/06,履約價3200.0,賣權",TWDVO200CR60,2026/05/05,期貨及選擇權,,OPESCS,
"DVO32000U6　聯發科股票選擇權,2026/09,履約價3200.0,賣權",TWDVO200CU65,2026/05/05,期貨及選擇權,,OPESCS,
"DVO32500Q6　聯發科股票選擇權,2026/05,履約價3250.0,賣權",TWDVO250CQ60,2026/05/05,期貨及選擇權,,OPESCS,
"DVO32500QL　聯發科股票選擇權,2026/05,履約價3250.0,賣權",TWDVO250CQL6,2026/05/05,期貨及選擇權,,OPESCS,
"DVO32500R6　聯發科股票選擇權,2026/06,履約價3250.0,賣權",TWDVO250CR69,2026/05/05,期貨及選擇權,,OPESCS,
"DVO33000Q6　聯發科股票選擇權,2026/05,履約價3300.0,賣權",TWDVO300CQ60,2026/05/05,期貨及選擇權,,OPESCS,
"DVO33000QL　聯發科股票選擇權,2026/05,履約價3300.0,賣權",TWDVO300CQL9,2026/05/05,期貨及選擇權,,OPESCS,
"DVO33000R6　聯發科股票選擇權,2026/06,履約價3300.0,賣權",TWDVO300CR69,2026/05/05,期貨及選擇權,,OPESCS,
"DVO33000U6　聯發科股票選擇權,2026/09,履約價3300.0,賣權",TWDVO300CU64,2026/05/05,期貨及選擇權,,OPESCS,
"DVO33500Q6　聯發科股票選擇權,2026/05,履約價3350.0,賣權",TWDVO350CQ69,2026/05/05,期貨及選擇權,,OPESCS,
"DVO33500QL　聯發科股票選擇權,2026/05,履約價3350.0,賣權",TWDVO350CQL4,2026/05/05,期貨及選擇權,,OPESCS,
"DVO33500R6　聯發科股票選擇權,2026/06,履約價3350.0,賣權",TWDVO350CR68,2026/05/05,期貨及選擇權,,OPESCS,
"DVO34000Q6　聯發科股票選擇權,2026/05,履約價3400.0,賣權",TWDVO400CQ69,2026/05/06,期貨及選擇權,,OPESCS,
"DVO34000QL　聯發科股票選擇權,2026/05,履約價3400.0,賣權",TWDVO400CQL7,2026/05/06,期貨及選擇權,,OPESCS,
"DVO34000R6　聯發科股票選擇權,2026/06,履約價3400.0,賣權",TWDVO400CR68,2026/05/06,期貨及選擇權,,OPESCS,
"DVO34000U6　聯發科股票選擇權,2026/09,履約價3400.0,賣權",TWDVO400CU63,2026/05/05,期貨及選擇權,,OPESCS,
"DVO34500Q6　聯發科股票選擇權,2026/05,履約價3450.0,賣權",TWDVO450CQ68,2026/05/06,期貨及選擇權,,OPESCS,
"DVO34500QL　聯發科股票選擇權,2026/05,履約價3450.0,賣權",TWDVO450CQL2,2026/05/06,期貨及選擇權,,OPESCS,
"DVO34500R6　聯發科股票選擇權,2026/06,履約價3450.0,賣權",TWDVO450CR67,2026/05/06,期貨及選擇權,,OPESCS,
"DVO35000Q6　聯發科股票選擇權,2026/05,履約價3500.0,賣權",TWDVO500CQ68,2026/05/06,期貨及選擇權,,OPESCS,
"DVO35000QL　聯發科股票選擇權,2026/05,履約價3500.0,賣權",TWDVO500CQL4,2026/05/06,期貨及選擇權,,OPESCS,
"DVO35000R6　聯發科股票選擇權,2026/06,履約價3500.0,賣權",TWDVO500CR67,2026/05/06,期貨及選擇權,,OPESCS,
"DVO35000U6　聯發科股票選擇權,2026/09,履約價3500.0,賣權",TWDVO500CU62,2026/05/06,期貨及選擇權,,OPESCS,
"DVO35500Q6　聯發科股票選擇權,2026/05,履約價3550.0,賣權",TWDVO550CQ67,2026/05/06,期貨及選擇權,,OPESCS,
"DVO35500QL　聯發科股票選擇權,2026/05,履約價3550.0,賣權",TWDVO550CQL9,2026/05/06,期貨及選擇權,,OPESCS,
"DVO35500R6　聯發科股票選擇權,2026/06,履約價3550.0,賣權",TWDVO550CR66,2026/05/06,期貨及選擇權,,OPESCS,
"DVO36000Q6　聯發科股票選擇權,2026/05,履約價3600.0,賣權",TWDVO600CQ67,2026/05/06,期貨及選擇權,,OPESCS,
"DVO36000QL　聯發科股票選擇權,2026/05,履約價3600.0,賣權",TWDVO600CQL2,2026/05/06,期貨及選擇權,,OPESCS,
"DVO36000R6　聯發科股票選擇權,2026/06,履約價3600.0,賣權",TWDVO600CR66,2026/05/06,期貨及選擇權,,OPESCS,
"DVO36000U6　聯發科股票選擇權,2026/09,履約價3600.0,賣權",TWDVO600CU61,2026/05/06,期貨及選擇權,,OPESCS,
"DVO36500Q6　聯發科股票選擇權,2026/05,履約價3650.0,賣權",TWDVO650CQ66,2026/05/06,期貨及選擇權,,OPESCS,
"DVO36500QL　聯發科股票選擇權,2026/05,履約價3650.0,賣權",TWDVO650CQL7,2026/05/06,期貨及選擇權,,OPESCS,
"DVO36500R6　聯發科股票選擇權,2026/06,履約價3650.0,賣權",TWDVO650CR65,2026/05/06,期貨及選擇權,,OPESCS,
"DVO37000Q6　聯發科股票選擇權,2026/05,履約價3700.0,賣權",TWDVO700CQ66,2026/05/07,期貨及選擇權,,OPESCS,
"DVO37000QL　聯發科股票選擇權,2026/05,履約價3700.0,賣權",TWDVO700CQL0,2026/05/07,期貨及選擇權,,OPESCS,
"DVO37000R6　聯發科股票選擇權,2026/06,履約價3700.0,賣權",TWDVO700CR65,2026/05/07,期貨及選擇權,,OPESCS,
"DVO37000U6　聯發科股票選擇權,2026/09,履約價3700.0,賣權",TWDVO700CU60,2026/05/06,期貨及選擇權,,OPESCS,
"DVO37500Q6　聯發科股票選擇權,2026/05,履約價3750.0,賣權",TWDVO750CQ65,2026/05/07,期貨及選擇權,,OPESCS,
"DVO37500QL　聯發科股票選擇權,2026/05,履約價3750.0,賣權",TWDVO750CQL5,2026/05/07,期貨及選擇權,,OPESCS,
"DVO37500R6　聯發科股票選擇權,2026/06,履約價3750.0,賣權",TWDVO750CR64,2026/05/07,期貨及選擇權,,OPESCS,
"DVO38000Q6　聯發科股票選擇權,2026/05,履約價3800.0,賣權",TWDVO800CQ65,2026/05/07,期貨及選擇權,,OPESCS,
"DVO38000QL　聯發科股票選擇權,2026/05,履約價3800.0,賣權",TWDVO800CQL8,2026/05/07,期貨及選擇權,,OPESCS,
"DVO38000R6　聯發科股票選擇權,2026/06,履約價3800.0,賣權",TWDVO800CR64,2026/05/07,期貨及選擇權,,OPESCS,
"DVO38000U6　聯發科股票選擇權,2026/09,履約價3800.0,賣權",TWDVO800CU69,2026/05/07,期貨及選擇權,,OPESCS,
"DVO38500Q6　聯發科股票選擇權,2026/05,履約價3850.0,賣權",TWDVO850CQ64,2026/05/07,期貨及選擇權,,OPESCS,
"DVO38500QL　聯發科股票選擇權,2026/05,履約價3850.0,賣權",TWDVO850CQL3,2026/05/07,期貨及選擇權,,OPESCS,
"DVO38500R6　聯發科股票選擇權,2026/06,履約價3850.0,賣權",TWDVO850CR63,2026/05/07,期貨及選擇權,,OPESCS,
"DVO39000Q6　聯發科股票選擇權,2026/05,履約價3900.0,賣權",TWDVO900CQ64,2026/05/07,期貨及選擇權,,OPESCS,
"DVO39000QL　聯發科股票選擇權,2026/05,履約價3900.0,賣權",TWDVO900CQL6,2026/05/07,期貨及選擇權,,OPESCS,
"DVO39000R6　聯發科股票選擇權,2026/06,履約價3900.0,賣權",TWDVO900CR63,2026/05/07,期貨及選擇權,,OPESCS,
"DVO39000U6　聯發科股票選擇權,2026/09,履約價3900.0,賣權",TWDVO900CU68,2026/05/07,期貨及選擇權,,OPESCS,
"DVO39500Q6　聯發科股票選擇權,2026/05,履約價3950.0,賣權",TWDVO950CQ63,2026/05/07,期貨及選擇權,,OPESCS,
"DVO39500QL　聯發科股票選擇權,2026/05,履約價3950.0,賣權",TWDVO950CQL1,2026/05/07,期貨及選擇權,,OPESCS,
"DVO39500R6　聯發科股票選擇權,2026/06,履約價3950.0,賣權",TWDVO950CR62,2026/05/07,期貨及選擇權,,OPESCS,
"DVO40000U6　聯發科股票選擇權,2026/09,履約價4000.0,賣權",TWDVO000DU66,2026/05/07,期貨及選擇權,,OPESCS,
"DXO01000Q6　緯創股票選擇權,2026/05,履約價100.0,賣權",TWDXO1000Q62,2026/04/01,期貨及選擇權,,OPESCS,
"DXO01000R6　緯創股票選擇權,2026/06,履約價100.0,賣權",TWDXO1000R61,2026/02/03,期貨及選擇權,,OPESCS,
"DXO01050Q6　緯創股票選擇權,2026/05,履約價105.0,賣權",TWDXO1050Q61,2026/03/20,期貨及選擇權,,OPESCS,
"DXO01100Q6　緯創股票選擇權,2026/05,履約價110.0,賣權",TWDXO1100Q61,2026/03/19,期貨及選擇權,,OPESCS,
"DXO01100R6　緯創股票選擇權,2026/06,履約價110.0,賣權",TWDXO1100R60,2026/01/22,期貨及選擇權,,OPESCS,
"DXO01100U6　緯創股票選擇權,2026/09,履約價110.0,賣權",TWDXO1100U65,2026/04/16,期貨及選擇權,,OPESCS,
"DXO01150Q6　緯創股票選擇權,2026/05,履約價115.0,賣權",TWDXO1150Q60,2026/03/19,期貨及選擇權,,OPESCS,
"DXO01150QL　緯創股票選擇權,2026/05,履約價115.0,賣權",TWDXO1150QL9,2026/04/29,期貨及選擇權,,OPESCS,
"DXO01150R6　緯創股票選擇權,2026/06,履約價115.0,賣權",TWDXO1150R69,2026/04/16,期貨及選擇權,,OPESCS,
"DXO01200Q6　緯創股票選擇權,2026/05,履約價120.0,賣權",TWDXO1200Q60,2026/03/19,期貨及選擇權,,OPESCS,
"DXO01200QL　緯創股票選擇權,2026/05,履約價120.0,賣權",TWDXO1200QL2,2026/04/29,期貨及選擇權,,OPESCS,
"DXO01200R6　緯創股票選擇權,2026/06,履約價120.0,賣權",TWDXO1200R69,2026/01/22,期貨及選擇權,,OPESCS,
"DXO01200U6　緯創股票選擇權,2026/09,履約價120.0,賣權",TWDXO1200U64,2026/04/16,期貨及選擇權,,OPESCS,
"DXO01250Q6　緯創股票選擇權,2026/05,履約價125.0,賣權",TWDXO1250Q69,2026/03/19,期貨及選擇權,,OPESCS,
"DXO01250QL　緯創股票選擇權,2026/05,履約價125.0,賣權",TWDXO1250QL7,2026/04/29,期貨及選擇權,,OPESCS,
"DXO01250R6　緯創股票選擇權,2026/06,履約價125.0,賣權",TWDXO1250R68,2026/04/16,期貨及選擇權,,OPESCS,
"DXO01300Q6　緯創股票選擇權,2026/05,履約價130.0,賣權",TWDXO1300Q69,2026/03/19,期貨及選擇權,,OPESCS,
"DXO01300QL　緯創股票選擇權,2026/05,履約價130.0,賣權",TWDXO1300QL0,2026/04/29,期貨及選擇權,,OPESCS,
"DXO01300R6　緯創股票選擇權,2026/06,履約價130.0,賣權",TWDXO1300R68,2026/01/22,期貨及選擇權,,OPESCS,
"DXO01300U6　緯創股票選擇權,2026/09,履約價130.0,賣權",TWDXO1300U63,2026/04/16,期貨及選擇權,,OPESCS,
"DXO01350Q6　緯創股票選擇權,2026/05,履約價135.0,賣權",TWDXO1350Q68,2026/03/19,期貨及選擇權,,OPESCS,
"DXO01350QL　緯創股票選擇權,2026/05,履約價135.0,賣權",TWDXO1350QL5,2026/04/29,期貨及選擇權,,OPESCS,
"DXO01350R6　緯創股票選擇權,2026/06,履約價135.0,賣權",TWDXO1350R67,2026/04/16,期貨及選擇權,,OPESCS,
"DXO01400Q6　緯創股票選擇權,2026/05,履約價140.0,賣權",TWDXO1400Q68,2026/03/19,期貨及選擇權,,OPESCS,
"DXO01400QL　緯創股票選擇權,2026/05,履約價140.0,賣權",TWDXO1400QL8,2026/04/29,期貨及選擇權,,OPESCS,
"DXO01400R6　緯創股票選擇權,2026/06,履約價140.0,賣權",TWDXO1400R67,2026/01/22,期貨及選擇權,,OPESCS,
"DXO01400U6　緯創股票選擇權,2026/09,履約價140.0,賣權",TWDXO1400U62,2026/04/16,期貨及選擇權,,OPESCS,
"DXO01450Q6　緯創股票選擇權,2026/05,履約價145.0,賣權",TWDXO1450Q67,2026/03/19,期貨及選擇權,,OPESCS,
"DXO01450QL　緯創股票選擇權,2026/05,履約價145.0,賣權",TWDXO1450QL3,2026/04/29,期貨及選擇權,,OPESCS,
"DXO01450R6　緯創股票選擇權,2026/06,履約價145.0,賣權",TWDXO1450R66,2026/04/16,期貨及選擇權,,OPESCS,
"DXO01500Q6　緯創股票選擇權,2026/05,履約價150.0,賣權",TWDXO1500Q67,2026/03/19,期貨及選擇權,,OPESCS,
"DXO01500QL　緯創股票選擇權,2026/05,履約價150.0,賣權",TWDXO1500QL5,2026/04/29,期貨及選擇權,,OPESCS,
"DXO01500R6　緯創股票選擇權,2026/06,履約價150.0,賣權",TWDXO1500R66,2026/01/22,期貨及選擇權,,OPESCS,
"DXO01500U6　緯創股票選擇權,2026/09,履約價150.0,賣權",TWDXO1500U61,2026/04/16,期貨及選擇權,,OPESCS,
"DXO01550Q6　緯創股票選擇權,2026/05,履約價155.0,賣權",TWDXO1550Q66,2026/03/19,期貨及選擇權,,OPESCS,
"DXO01550QL　緯創股票選擇權,2026/05,履約價155.0,賣權",TWDXO1550QL0,2026/04/29,期貨及選擇權,,OPESCS,
"DXO01550R6　緯創股票選擇權,2026/06,履約價155.0,賣權",TWDXO1550R65,2026/04/16,期貨及選擇權,,OPESCS,
"DXO01600Q6　緯創股票選擇權,2026/05,履約價160.0,賣權",TWDXO1600Q66,2026/04/13,期貨及選擇權,,OPESCS,
"DXO01600QL　緯創股票選擇權,2026/05,履約價160.0,賣權",TWDXO1600QL3,2026/04/29,期貨及選擇權,,OPESCS,
"DXO01600R6　緯創股票選擇權,2026/06,履約價160.0,賣權",TWDXO1600R65,2026/01/22,期貨及選擇權,,OPESCS,
"DXO01600U6　緯創股票選擇權,2026/09,履約價160.0,賣權",TWDXO1600U60,2026/04/16,期貨及選擇權,,OPESCS,
"DXO01650Q6　緯創股票選擇權,2026/05,履約價165.0,賣權",TWDXO1650Q65,2026/04/21,期貨及選擇權,,OPESCS,
"DXO01650QL　緯創股票選擇權,2026/05,履約價165.0,賣權",TWDXO1650QL8,2026/04/29,期貨及選擇權,,OPESCS,
"DXO01650R6　緯創股票選擇權,2026/06,履約價165.0,賣權",TWDXO1650R64,2026/04/21,期貨及選擇權,,OPESCS,
"DXO01700Q6　緯創股票選擇權,2026/05,履約價170.0,賣權",TWDXO1700Q65,2026/04/22,期貨及選擇權,,OPESCS,
"DXO01700QL　緯創股票選擇權,2026/05,履約價170.0,賣權",TWDXO1700QL1,2026/05/07,期貨及選擇權,,OPESCS,
"DXO01700R6　緯創股票選擇權,2026/06,履約價170.0,賣權",TWDXO1700R64,2026/04/22,期貨及選擇權,,OPESCS,
"DXO01700U6　緯創股票選擇權,2026/09,履約價170.0,賣權",TWDXO1700U69,2026/04/21,期貨及選擇權,,OPESCS,
"GIO00700Q6　微星股票選擇權,2026/05,履約價70.0,賣權",TWGIO0700Q63,2026/04/01,期貨及選擇權,,OPESCS,
"GIO00700R6　微星股票選擇權,2026/06,履約價70.0,賣權",TWGIO0700R62,2026/04/01,期貨及選擇權,,OPESCS,
"GIO00725Q6　微星股票選擇權,2026/05,履約價72.5,賣權",TWGIO0725Q64,2026/04/01,期貨及選擇權,,OPESCS,
"GIO00750Q6　微星股票選擇權,2026/05,履約價75.0,賣權",TWGIO0750Q62,2026/03/25,期貨及選擇權,,OPESCS,
"GIO00750R6　微星股票選擇權,2026/06,履約價75.0,賣權",TWGIO0750R61,2026/01/30,期貨及選擇權,,OPESCS,
"GIO00750U6　微星股票選擇權,2026/09,履約價75.0,賣權",TWGIO0750U66,2026/04/16,期貨及選擇權,,OPESCS,
"GIO00775Q6　微星股票選擇權,2026/05,履約價77.5,賣權",TWGIO0775Q63,2026/03/23,期貨及選擇權,,OPESCS,
"GIO00775R6　微星股票選擇權,2026/06,履約價77.5,賣權",TWGIO0775R62,2026/04/16,期貨及選擇權,,OPESCS,
"GIO00800Q6　微星股票選擇權,2026/05,履約價80.0,賣權",TWGIO0800Q62,2026/03/20,期貨及選擇權,,OPESCS,
"GIO00800R6　微星股票選擇權,2026/06,履約價80.0,賣權",TWGIO0800R61,2026/01/22,期貨及選擇權,,OPESCS,
"GIO00800U6　微星股票選擇權,2026/09,履約價80.0,賣權",TWGIO0800U66,2026/04/16,期貨及選擇權,,OPESCS,
"GIO00825Q6　微星股票選擇權,2026/05,履約價82.5,賣權",TWGIO0825Q63,2026/03/19,期貨及選擇權,,OPESCS,
"GIO00825R6　微星股票選擇權,2026/06,履約價82.5,賣權",TWGIO0825R62,2026/04/16,期貨及選擇權,,OPESCS,
"GIO00850Q6　微星股票選擇權,2026/05,履約價85.0,賣權",TWGIO0850Q61,2026/03/19,期貨及選擇權,,OPESCS,
"GIO00850R6　微星股票選擇權,2026/06,履約價85.0,賣權",TWGIO0850R60,2026/01/22,期貨及選擇權,,OPESCS,
"GIO00850U6　微星股票選擇權,2026/09,履約價85.0,賣權",TWGIO0850U65,2026/04/16,期貨及選擇權,,OPESCS,
"GIO00875Q6　微星股票選擇權,2026/05,履約價87.5,賣權",TWGIO0875Q62,2026/03/19,期貨及選擇權,,OPESCS,
"GIO00875R6　微星股票選擇權,2026/06,履約價87.5,賣權",TWGIO0875R61,2026/04/16,期貨及選擇權,,OPESCS,
"GIO00900Q6　微星股票選擇權,2026/05,履約價90.0,賣權",TWGIO0900Q61,2026/03/19,期貨及選擇權,,OPESCS,
"GIO00900R6　微星股票選擇權,2026/06,履約價90.0,賣權",TWGIO0900R60,2026/01/22,期貨及選擇權,,OPESCS,
"GIO00900U6　微星股票選擇權,2026/09,履約價90.0,賣權",TWGIO0900U65,2026/04/16,期貨及選擇權,,OPESCS,
"GIO00925Q6　微星股票選擇權,2026/05,履約價92.5,賣權",TWGIO0925Q62,2026/03/19,期貨及選擇權,,OPESCS,
"GIO00925R6　微星股票選擇權,2026/06,履約價92.5,賣權",TWGIO0925R61,2026/04/16,期貨及選擇權,,OPESCS,
"GIO00950Q6　微星股票選擇權,2026/05,履約價95.0,賣權",TWGIO0950Q60,2026/03/19,期貨及選擇權,,OPESCS,
"GIO00950R6　微星股票選擇權,2026/06,履約價95.0,賣權",TWGIO0950R69,2026/01/22,期貨及選擇權,,OPESCS,
"GIO00950U6　微星股票選擇權,2026/09,履約價95.0,賣權",TWGIO0950U64,2026/04/16,期貨及選擇權,,OPESCS,
"GIO00975Q6　微星股票選擇權,2026/05,履約價97.5,賣權",TWGIO0975Q61,2026/03/19,期貨及選擇權,,OPESCS,
"GIO00975R6　微星股票選擇權,2026/06,履約價97.5,賣權",TWGIO0975R60,2026/04/16,期貨及選擇權,,OPESCS,
"GIO01000Q6　微星股票選擇權,2026/05,履約價100.0,賣權",TWGIO1000Q68,2026/03/19,期貨及選擇權,,OPESCS,
"GIO01000R6　微星股票選擇權,2026/06,履約價100.0,賣權",TWGIO1000R67,2026/01/22,期貨及選擇權,,OPESCS,
"GIO01000U6　微星股票選擇權,2026/09,履約價100.0,賣權",TWGIO1000U62,2026/04/16,期貨及選擇權,,OPESCS,
"GIO01050Q6　微星股票選擇權,2026/05,履約價105.0,賣權",TWGIO1050Q67,2026/03/19,期貨及選擇權,,OPESCS,
"GIO01050R6　微星股票選擇權,2026/06,履約價105.0,賣權",TWGIO1050R66,2026/04/16,期貨及選擇權,,OPESCS,
"GIO01100Q6　微星股票選擇權,2026/05,履約價110.0,賣權",TWGIO1100Q67,2026/03/19,期貨及選擇權,,OPESCS,
"GIO01100R6　微星股票選擇權,2026/06,履約價110.0,賣權",TWGIO1100R66,2026/01/22,期貨及選擇權,,OPESCS,
"GIO01100U6　微星股票選擇權,2026/09,履約價110.0,賣權",TWGIO1100U61,2026/04/16,期貨及選擇權,,OPESCS,
"GIO01150Q6　微星股票選擇權,2026/05,履約價115.0,賣權",TWGIO1150Q66,2026/03/19,期貨及選擇權,,OPESCS,
"GIO01200R6　微星股票選擇權,2026/06,履約價120.0,賣權",TWGIO1200R65,2026/01/22,期貨及選擇權,,OPESCS,
"GXO01500R6　可成股票選擇權,2026/06,履約價150.0,賣權",TWGXO1500R63,2026/03/05,期貨及選擇權,,OPESCS,
"GXO01550Q6　可成股票選擇權,2026/05,履約價155.0,賣權",TWGXO1550Q63,2026/03/19,期貨及選擇權,,OPESCS,
"GXO01600Q6　可成股票選擇權,2026/05,履約價160.0,賣權",TWGXO1600Q63,2026/03/19,期貨及選擇權,,OPESCS,
"GXO01600R6　可成股票選擇權,2026/06,履約價160.0,賣權",TWGXO1600R62,2026/02/10,期貨及選擇權,,OPESCS,
"GXO01600U6　可成股票選擇權,2026/09,履約價160.0,賣權",TWGXO1600U67,2026/04/17,期貨及選擇權,,OPESCS,
"GXO01650Q6　可成股票選擇權,2026/05,履約價165.0,賣權",TWGXO1650Q62,2026/03/19,期貨及選擇權,,OPESCS,
"GXO01650R6　可成股票選擇權,2026/06,履約價165.0,賣權",TWGXO1650R61,2026/04/17,期貨及選擇權,,OPESCS,
"GXO01700Q6　可成股票選擇權,2026/05,履約價170.0,賣權",TWGXO1700Q62,2026/03/19,期貨及選擇權,,OPESCS,
"GXO01700R6　可成股票選擇權,2026/06,履約價170.0,賣權",TWGXO1700R61,2026/01/22,期貨及選擇權,,OPESCS,
"GXO01700U6　可成股票選擇權,2026/09,履約價170.0,賣權",TWGXO1700U66,2026/04/16,期貨及選擇權,,OPESCS,
"GXO01750Q6　可成股票選擇權,2026/05,履約價175.0,賣權",TWGXO1750Q61,2026/03/19,期貨及選擇權,,OPESCS,
"GXO01750R6　可成股票選擇權,2026/06,履約價175.0,賣權",TWGXO1750R60,2026/04/16,期貨及選擇權,,OPESCS,
"GXO01800Q6　可成股票選擇權,2026/05,履約價180.0,賣權",TWGXO1800Q61,2026/03/19,期貨及選擇權,,OPESCS,
"GXO01800R6　可成股票選擇權,2026/06,履約價180.0,賣權",TWGXO1800R60,2026/01/22,期貨及選擇權,,OPESCS,
"GXO01800U6　可成股票選擇權,2026/09,履約價180.0,賣權",TWGXO1800U65,2026/04/16,期貨及選擇權,,OPESCS,
"GXO01850Q6　可成股票選擇權,2026/05,履約價185.0,賣權",TWGXO1850Q60,2026/03/19,期貨及選擇權,,OPESCS,
"GXO01850R6　可成股票選擇權,2026/06,履約價185.0,賣權",TWGXO1850R69,2026/04/16,期貨及選擇權,,OPESCS,
"GXO01900Q6　可成股票選擇權,2026/05,履約價190.0,賣權",TWGXO1900Q60,2026/03/19,期貨及選擇權,,OPESCS,
"GXO01900R6　可成股票選擇權,2026/06,履約價190.0,賣權",TWGXO1900R69,2026/01/22,期貨及選擇權,,OPESCS,
"GXO01900U6　可成股票選擇權,2026/09,履約價190.0,賣權",TWGXO1900U64,2026/04/16,期貨及選擇權,,OPESCS,
"GXO01950Q6　可成股票選擇權,2026/05,履約價195.0,賣權",TWGXO1950Q69,2026/03/19,期貨及選擇權,,OPESCS,
"GXO01950R6　可成股票選擇權,2026/06,履約價195.0,賣權",TWGXO1950R68,2026/04/16,期貨及選擇權,,OPESCS,
"GXO02000Q6　可成股票選擇權,2026/05,履約價200.0,賣權",TWGXO2000Q67,2026/03/19,期貨及選擇權,,OPESCS,
"GXO02000R6　可成股票選擇權,2026/06,履約價200.0,賣權",TWGXO2000R66,2026/01/22,期貨及選擇權,,OPESCS,
"GXO02000U6　可成股票選擇權,2026/09,履約價200.0,賣權",TWGXO2000U61,2026/04/16,期貨及選擇權,,OPESCS,
"GXO02050Q6　可成股票選擇權,2026/05,履約價205.0,賣權",TWGXO2050Q66,2026/03/19,期貨及選擇權,,OPESCS,
"GXO02050R6　可成股票選擇權,2026/06,履約價205.0,賣權",TWGXO2050R65,2026/04/16,期貨及選擇權,,OPESCS,
"GXO02100Q6　可成股票選擇權,2026/05,履約價210.0,賣權",TWGXO2100Q66,2026/03/19,期貨及選擇權,,OPESCS,
"GXO02100R6　可成股票選擇權,2026/06,履約價210.0,賣權",TWGXO2100R65,2026/01/22,期貨及選擇權,,OPESCS,
"GXO02100U6　可成股票選擇權,2026/09,履約價210.0,賣權",TWGXO2100U60,2026/04/16,期貨及選擇權,,OPESCS,
"GXO02150Q6　可成股票選擇權,2026/05,履約價215.0,賣權",TWGXO2150Q65,2026/03/19,期貨及選擇權,,OPESCS,
"GXO02150R6　可成股票選擇權,2026/06,履約價215.0,賣權",TWGXO2150R64,2026/04/16,期貨及選擇權,,OPESCS,
"GXO02200Q6　可成股票選擇權,2026/05,履約價220.0,賣權",TWGXO2200Q65,2026/03/19,期貨及選擇權,,OPESCS,
"GXO02200R6　可成股票選擇權,2026/06,履約價220.0,賣權",TWGXO2200R64,2026/01/22,期貨及選擇權,,OPESCS,
"GXO02200U6　可成股票選擇權,2026/09,履約價220.0,賣權",TWGXO2200U69,2026/04/16,期貨及選擇權,,OPESCS,
"GXO02250Q6　可成股票選擇權,2026/05,履約價225.0,賣權",TWGXO2250Q64,2026/03/30,期貨及選擇權,,OPESCS,
"GXO02250R6　可成股票選擇權,2026/06,履約價225.0,賣權",TWGXO2250R63,2026/04/16,期貨及選擇權,,OPESCS,
"GXO02300Q6　可成股票選擇權,2026/05,履約價230.0,賣權",TWGXO2300Q64,2026/04/15,期貨及選擇權,,OPESCS,
"GXO02300R6　可成股票選擇權,2026/06,履約價230.0,賣權",TWGXO2300R63,2026/01/22,期貨及選擇權,,OPESCS,
"GXO02300U6　可成股票選擇權,2026/09,履約價230.0,賣權",TWGXO2300U68,2026/04/16,期貨及選擇權,,OPESCS,
"GXO02350Q6　可成股票選擇權,2026/05,履約價235.0,賣權",TWGXO2350Q63,2026/04/20,期貨及選擇權,,OPESCS,
"GXO02350R6　可成股票選擇權,2026/06,履約價235.0,賣權",TWGXO2350R62,2026/04/20,期貨及選擇權,,OPESCS,
"GXO02400Q6　可成股票選擇權,2026/05,履約價240.0,賣權",TWGXO2400Q63,2026/04/20,期貨及選擇權,,OPESCS,
"GXO02400R6　可成股票選擇權,2026/06,履約價240.0,賣權",TWGXO2400R62,2026/01/22,期貨及選擇權,,OPESCS,
"GXO02400U6　可成股票選擇權,2026/09,履約價240.0,賣權",TWGXO2400U67,2026/04/20,期貨及選擇權,,OPESCS,
"GXO02450Q6　可成股票選擇權,2026/05,履約價245.0,賣權",TWGXO2450Q62,2026/04/20,期貨及選擇權,,OPESCS,
"GXO02450R6　可成股票選擇權,2026/06,履約價245.0,賣權",TWGXO2450R61,2026/04/20,期貨及選擇權,,OPESCS,
"GXO02500Q6　可成股票選擇權,2026/05,履約價250.0,賣權",TWGXO2500Q62,2026/04/20,期貨及選擇權,,OPESCS,
"GXO02500R6　可成股票選擇權,2026/06,履約價250.0,賣權",TWGXO2500R61,2026/04/20,期貨及選擇權,,OPESCS,
"GXO02500U6　可成股票選擇權,2026/09,履約價250.0,賣權",TWGXO2500U66,2026/04/20,期貨及選擇權,,OPESCS,
"HCO00320R6　宏達電股票選擇權,2026/06,履約價32.0,賣權",TWHCO0320R67,2026/04/01,期貨及選擇權,,OPESCS,
"HCO00330Q6　宏達電股票選擇權,2026/05,履約價33.0,賣權",TWHCO0330Q66,2026/04/01,期貨及選擇權,,OPESCS,
"HCO00340Q6　宏達電股票選擇權,2026/05,履約價34.0,賣權",TWHCO0340Q64,2026/03/24,期貨及選擇權,,OPESCS,
"HCO00340R6　宏達電股票選擇權,2026/06,履約價34.0,賣權",TWHCO0340R63,2026/03/05,期貨及選擇權,,OPESCS,
"HCO00340U6　宏達電股票選擇權,2026/09,履約價34.0,賣權",TWHCO0340U68,2026/04/16,期貨及選擇權,,OPESCS,
"HCO00350Q6　宏達電股票選擇權,2026/05,履約價35.0,賣權",TWHCO0350Q61,2026/03/20,期貨及選擇權,,OPESCS,
"HCO00350R6　宏達電股票選擇權,2026/06,履約價35.0,賣權",TWHCO0350R60,2026/04/16,期貨及選擇權,,OPESCS,
"HCO00360Q6　宏達電股票選擇權,2026/05,履約價36.0,賣權",TWHCO0360Q69,2026/03/19,期貨及選擇權,,OPESCS,
"HCO00360R6　宏達電股票選擇權,2026/06,履約價36.0,賣權",TWHCO0360R68,2026/02/03,期貨及選擇權,,OPESCS,
"HCO00360U6　宏達電股票選擇權,2026/09,履約價36.0,賣權",TWHCO0360U63,2026/04/16,期貨及選擇權,,OPESCS,
"HCO00370Q6　宏達電股票選擇權,2026/05,履約價37.0,賣權",TWHCO0370Q67,2026/03/19,期貨及選擇權,,OPESCS,
"HCO00370R6　宏達電股票選擇權,2026/06,履約價37.0,賣權",TWHCO0370R66,2026/04/16,期貨及選擇權,,OPESCS,
"HCO00380Q6　宏達電股票選擇權,2026/05,履約價38.0,賣權",TWHCO0380Q65,2026/03/19,期貨及選擇權,,OPESCS,
"HCO00380R6　宏達電股票選擇權,2026/06,履約價38.0,賣權",TWHCO0380R64,2026/01/22,期貨及選擇權,,OPESCS,
"HCO00380U6　宏達電股票選擇權,2026/09,履約價38.0,賣權",TWHCO0380U69,2026/04/16,期貨及選擇權,,OPESCS,
"HCO00390Q6　宏達電股票選擇權,2026/05,履約價39.0,賣權",TWHCO0390Q63,2026/03/19,期貨及選擇權,,OPESCS,
"HCO00390R6　宏達電股票選擇權,2026/06,履約價39.0,賣權",TWHCO0390R62,2026/04/16,期貨及選擇權,,OPESCS,
"HCO00400Q6　宏達電股票選擇權,2026/05,履約價40.0,賣權",TWHCO0400Q61,2026/03/19,期貨及選擇權,,OPESCS,
"HCO00400R6　宏達電股票選擇權,2026/06,履約價40.0,賣權",TWHCO0400R60,2026/01/22,期貨及選擇權,,OPESCS,
"HCO00400U6　宏達電股票選擇權,2026/09,履約價40.0,賣權",TWHCO0400U65,2026/04/16,期貨及選擇權,,OPESCS,
"HCO00410Q6　宏達電股票選擇權,2026/05,履約價41.0,賣權",TWHCO0410Q69,2026/03/19,期貨及選擇權,,OPESCS,
"HCO00410R6　宏達電股票選擇權,2026/06,履約價41.0,賣權",TWHCO0410R68,2026/04/16,期貨及選擇權,,OPESCS,
"HCO00420Q6　宏達電股票選擇權,2026/05,履約價42.0,賣權",TWHCO0420Q67,2026/03/19,期貨及選擇權,,OPESCS,
"HCO00420R6　宏達電股票選擇權,2026/06,履約價42.0,賣權",TWHCO0420R66,2026/01/22,期貨及選擇權,,OPESCS,
"HCO00420U6　宏達電股票選擇權,2026/09,履約價42.0,賣權",TWHCO0420U61,2026/04/16,期貨及選擇權,,OPESCS,
"HCO00430Q6　宏達電股票選擇權,2026/05,履約價43.0,賣權",TWHCO0430Q65,2026/03/19,期貨及選擇權,,OPESCS,
"HCO00430R6　宏達電股票選擇權,2026/06,履約價43.0,賣權",TWHCO0430R64,2026/04/16,期貨及選擇權,,OPESCS,
"HCO00440Q6　宏達電股票選擇權,2026/05,履約價44.0,賣權",TWHCO0440Q63,2026/03/19,期貨及選擇權,,OPESCS,
"HCO00440R6　宏達電股票選擇權,2026/06,履約價44.0,賣權",TWHCO0440R62,2026/01/22,期貨及選擇權,,OPESCS,
"HCO00440U6　宏達電股票選擇權,2026/09,履約價44.0,賣權",TWHCO0440U67,2026/04/16,期貨及選擇權,,OPESCS,
"HCO00450Q6　宏達電股票選擇權,2026/05,履約價45.0,賣權",TWHCO0450Q60,2026/03/19,期貨及選擇權,,OPESCS,
"HCO00450R6　宏達電股票選擇權,2026/06,履約價45.0,賣權",TWHCO0450R69,2026/04/16,期貨及選擇權,,OPESCS,
"HCO00460Q6　宏達電股票選擇權,2026/05,履約價46.0,賣權",TWHCO0460Q68,2026/03/19,期貨及選擇權,,OPESCS,
"HCO00460R6　宏達電股票選擇權,2026/06,履約價46.0,賣權",TWHCO0460R67,2026/01/22,期貨及選擇權,,OPESCS,
"HCO00460U6　宏達電股票選擇權,2026/09,履約價46.0,賣權",TWHCO0460U62,2026/04/16,期貨及選擇權,,OPESCS,
"HCO00470Q6　宏達電股票選擇權,2026/05,履約價47.0,賣權",TWHCO0470Q66,2026/03/19,期貨及選擇權,,OPESCS,
"HCO00470R6　宏達電股票選擇權,2026/06,履約價47.0,賣權",TWHCO0470R65,2026/04/16,期貨及選擇權,,OPESCS,
"HCO00480Q6　宏達電股票選擇權,2026/05,履約價48.0,賣權",TWHCO0480Q64,2026/03/19,期貨及選擇權,,OPESCS,
"HCO00480R6　宏達電股票選擇權,2026/06,履約價48.0,賣權",TWHCO0480R63,2026/01/22,期貨及選擇權,,OPESCS,
"HCO00480U6　宏達電股票選擇權,2026/09,履約價48.0,賣權",TWHCO0480U68,2026/04/16,期貨及選擇權,,OPESCS,
"HCO00490Q6　宏達電股票選擇權,2026/05,履約價49.0,賣權",TWHCO0490Q62,2026/03/19,期貨及選擇權,,OPESCS,
"HCO00500Q6　宏達電股票選擇權,2026/05,履約價50.0,賣權",TWHCO0500Q60,2026/03/19,期貨及選擇權,,OPESCS,
"HCO00500R6　宏達電股票選擇權,2026/06,履約價50.0,賣權",TWHCO0500R69,2026/01/22,期貨及選擇權,,OPESCS,
"HCO00550R6　宏達電股票選擇權,2026/06,履約價55.0,賣權",TWHCO0550R68,2026/01/22,期貨及選擇權,,OPESCS,
"HSO00260R6　長榮航股票選擇權,2026/06,履約價26.0,賣權",TWHSO0260R61,2026/03/10,期貨及選擇權,,OPESCS,
"HSO00280Q6　長榮航股票選擇權,2026/05,履約價28.0,賣權",TWHSO0280Q68,2026/04/01,期貨及選擇權,,OPESCS,
"HSO00280R6　長榮航股票選擇權,2026/06,履約價28.0,賣權",TWHSO0280R67,2026/03/05,期貨及選擇權,,OPESCS,
"HSO00280U6　長榮航股票選擇權,2026/09,履約價28.0,賣權",TWHSO0280U62,2026/04/16,期貨及選擇權,,OPESCS,
"HSO00290Q6　長榮航股票選擇權,2026/05,履約價29.0,賣權",TWHSO0290Q66,2026/03/20,期貨及選擇權,,OPESCS,
"HSO00290R6　長榮航股票選擇權,2026/06,履約價29.0,賣權",TWHSO0290R65,2026/04/16,期貨及選擇權,,OPESCS,
"HSO00300Q6　長榮航股票選擇權,2026/05,履約價30.0,賣權",TWHSO0300Q64,2026/03/19,期貨及選擇權,,OPESCS,
"HSO00300R6　長榮航股票選擇權,2026/06,履約價30.0,賣權",TWHSO0300R63,2026/02/02,期貨及選擇權,,OPESCS,
"HSO00300U6　長榮航股票選擇權,2026/09,履約價30.0,賣權",TWHSO0300U68,2026/04/16,期貨及選擇權,,OPESCS,
"HSO00310Q6　長榮航股票選擇權,2026/05,履約價31.0,賣權",TWHSO0310Q62,2026/03/19,期貨及選擇權,,OPESCS,
"HSO00310R6　長榮航股票選擇權,2026/06,履約價31.0,賣權",TWHSO0310R61,2026/04/16,期貨及選擇權,,OPESCS,
"HSO00320Q6　長榮航股票選擇權,2026/05,履約價32.0,賣權",TWHSO0320Q60,2026/03/19,期貨及選擇權,,OPESCS,
"HSO00320R6　長榮航股票選擇權,2026/06,履約價32.0,賣權",TWHSO0320R69,2026/01/22,期貨及選擇權,,OPESCS,
"HSO00320U6　長榮航股票選擇權,2026/09,履約價32.0,賣權",TWHSO0320U64,2026/04/16,期貨及選擇權,,OPESCS,
"HSO00330Q6　長榮航股票選擇權,2026/05,履約價33.0,賣權",TWHSO0330Q68,2026/03/19,期貨及選擇權,,OPESCS,
"HSO00330R6　長榮航股票選擇權,2026/06,履約價33.0,賣權",TWHSO0330R67,2026/04/16,期貨及選擇權,,OPESCS,
"HSO00340Q6　長榮航股票選擇權,2026/05,履約價34.0,賣權",TWHSO0340Q66,2026/03/19,期貨及選擇權,,OPESCS,
"HSO00340R6　長榮航股票選擇權,2026/06,履約價34.0,賣權",TWHSO0340R65,2026/01/22,期貨及選擇權,,OPESCS,
"HSO00340U6　長榮航股票選擇權,2026/09,履約價34.0,賣權",TWHSO0340U60,2026/04/16,期貨及選擇權,,OPESCS,
"HSO00350Q6　長榮航股票選擇權,2026/05,履約價35.0,賣權",TWHSO0350Q63,2026/03/19,期貨及選擇權,,OPESCS,
"HSO00350R6　長榮航股票選擇權,2026/06,履約價35.0,賣權",TWHSO0350R62,2026/04/16,期貨及選擇權,,OPESCS,
"HSO00360Q6　長榮航股票選擇權,2026/05,履約價36.0,賣權",TWHSO0360Q61,2026/03/19,期貨及選擇權,,OPESCS,
"HSO00360R6　長榮航股票選擇權,2026/06,履約價36.0,賣權",TWHSO0360R60,2026/01/22,期貨及選擇權,,OPESCS,
"HSO00360U6　長榮航股票選擇權,2026/09,履約價36.0,賣權",TWHSO0360U65,2026/04/16,期貨及選擇權,,OPESCS,
"HSO00370Q6　長榮航股票選擇權,2026/05,履約價37.0,賣權",TWHSO0370Q69,2026/03/19,期貨及選擇權,,OPESCS,
"HSO00370R6　長榮航股票選擇權,2026/06,履約價37.0,賣權",TWHSO0370R68,2026/04/16,期貨及選擇權,,OPESCS,
"HSO00380Q6　長榮航股票選擇權,2026/05,履約價38.0,賣權",TWHSO0380Q67,2026/03/19,期貨及選擇權,,OPESCS,
"HSO00380R6　長榮航股票選擇權,2026/06,履約價38.0,賣權",TWHSO0380R66,2026/01/22,期貨及選擇權,,OPESCS,
"HSO00380U6　長榮航股票選擇權,2026/09,履約價38.0,賣權",TWHSO0380U61,2026/04/16,期貨及選擇權,,OPESCS,
"HSO00390Q6　長榮航股票選擇權,2026/05,履約價39.0,賣權",TWHSO0390Q65,2026/03/19,期貨及選擇權,,OPESCS,
"HSO00390R6　長榮航股票選擇權,2026/06,履約價39.0,賣權",TWHSO0390R64,2026/04/16,期貨及選擇權,,OPESCS,
"HSO00400Q6　長榮航股票選擇權,2026/05,履約價40.0,賣權",TWHSO0400Q63,2026/03/19,期貨及選擇權,,OPESCS,
"HSO00400R6　長榮航股票選擇權,2026/06,履約價40.0,賣權",TWHSO0400R62,2026/01/22,期貨及選擇權,,OPESCS,
"HSO00400U6　長榮航股票選擇權,2026/09,履約價40.0,賣權",TWHSO0400U67,2026/04/16,期貨及選擇權,,OPESCS,
"HSO00410Q6　長榮航股票選擇權,2026/05,履約價41.0,賣權",TWHSO0410Q61,2026/03/19,期貨及選擇權,,OPESCS,
"HSO00410R6　長榮航股票選擇權,2026/06,履約價41.0,賣權",TWHSO0410R60,2026/04/17,期貨及選擇權,,OPESCS,
"HSO00420R6　長榮航股票選擇權,2026/06,履約價42.0,賣權",TWHSO0420R68,2026/01/22,期貨及選擇權,,OPESCS,
"HSO00420U6　長榮航股票選擇權,2026/09,履約價42.0,賣權",TWHSO0420U63,2026/04/17,期貨及選擇權,,OPESCS,
"HSO00440R6　長榮航股票選擇權,2026/06,履約價44.0,賣權",TWHSO0440R64,2026/01/22,期貨及選擇權,,OPESCS,
"HSO00460R6　長榮航股票選擇權,2026/06,履約價46.0,賣權",TWHSO0460R69,2026/01/22,期貨及選擇權,,OPESCS,
"IJO18000Q6　大立光股票選擇權,2026/05,履約價1800.0,賣權",TWIJO800AQ61,2026/04/07,期貨及選擇權,,OPESCS,
"IJO18000R6　大立光股票選擇權,2026/06,履約價1800.0,賣權",TWIJO800AR60,2026/03/24,期貨及選擇權,,OPESCS,
"IJO18200Q6　大立光股票選擇權,2026/05,履約價1820.0,賣權",TWIJO820AQ67,2026/04/01,期貨及選擇權,,OPESCS,
"IJO18400Q6　大立光股票選擇權,2026/05,履約價1840.0,賣權",TWIJO840AQ63,2026/03/31,期貨及選擇權,,OPESCS,
"IJO18600Q6　大立光股票選擇權,2026/05,履約價1860.0,賣權",TWIJO860AQ68,2026/03/27,期貨及選擇權,,OPESCS,
"IJO18800Q6　大立光股票選擇權,2026/05,履約價1880.0,賣權",TWIJO880AQ64,2026/03/24,期貨及選擇權,,OPESCS,
"IJO19000Q6　大立光股票選擇權,2026/05,履約價1900.0,賣權",TWIJO900AQ60,2026/03/24,期貨及選擇權,,OPESCS,
"IJO19000R6　大立光股票選擇權,2026/06,履約價1900.0,賣權",TWIJO900AR69,2026/02/04,期貨及選擇權,,OPESCS,
"IJO19200Q6　大立光股票選擇權,2026/05,履約價1920.0,賣權",TWIJO920AQ66,2026/03/24,期貨及選擇權,,OPESCS,
"IJO19400Q6　大立光股票選擇權,2026/05,履約價1940.0,賣權",TWIJO940AQ62,2026/03/24,期貨及選擇權,,OPESCS,
"IJO19600Q6　大立光股票選擇權,2026/05,履約價1960.0,賣權",TWIJO960AQ67,2026/03/20,期貨及選擇權,,OPESCS,
"IJO19800Q6　大立光股票選擇權,2026/05,履約價1980.0,賣權",TWIJO980AQ63,2026/03/20,期貨及選擇權,,OPESCS,
"IJO20000Q6　大立光股票選擇權,2026/05,履約價2000.0,賣權",TWIJO000BQ68,2026/03/19,期貨及選擇權,,OPESCS,
"IJO20000R6　大立光股票選擇權,2026/06,履約價2000.0,賣權",TWIJO000BR67,2026/01/22,期貨及選擇權,,OPESCS,
"IJO20500Q6　大立光股票選擇權,2026/05,履約價2050.0,賣權",TWIJO050BQ67,2026/03/19,期貨及選擇權,,OPESCS,
"IJO21000Q6　大立光股票選擇權,2026/05,履約價2100.0,賣權",TWIJO100BQ67,2026/03/19,期貨及選擇權,,OPESCS,
"IJO21000R6　大立光股票選擇權,2026/06,履約價2100.0,賣權",TWIJO100BR66,2026/01/22,期貨及選擇權,,OPESCS,
"IJO21000U6　大立光股票選擇權,2026/09,履約價2100.0,賣權",TWIJO100BU61,2026/04/23,期貨及選擇權,,OPESCS,
"IJO21500Q6　大立光股票選擇權,2026/05,履約價2150.0,賣權",TWIJO150BQ66,2026/03/19,期貨及選擇權,,OPESCS,
"IJO21500R6　大立光股票選擇權,2026/06,履約價2150.0,賣權",TWIJO150BR65,2026/04/23,期貨及選擇權,,OPESCS,
"IJO22000Q6　大立光股票選擇權,2026/05,履約價2200.0,賣權",TWIJO200BQ66,2026/03/19,期貨及選擇權,,OPESCS,
"IJO22000R6　大立光股票選擇權,2026/06,履約價2200.0,賣權",TWIJO200BR65,2026/01/22,期貨及選擇權,,OPESCS,
"IJO22000U6　大立光股票選擇權,2026/09,履約價2200.0,賣權",TWIJO200BU60,2026/04/20,期貨及選擇權,,OPESCS,
"IJO22500Q6　大立光股票選擇權,2026/05,履約價2250.0,賣權",TWIJO250BQ65,2026/03/19,期貨及選擇權,,OPESCS,
"IJO22500R6　大立光股票選擇權,2026/06,履約價2250.0,賣權",TWIJO250BR64,2026/04/20,期貨及選擇權,,OPESCS,
"IJO23000Q6　大立光股票選擇權,2026/05,履約價2300.0,賣權",TWIJO300BQ65,2026/03/19,期貨及選擇權,,OPESCS,
"IJO23000R6　大立光股票選擇權,2026/06,履約價2300.0,賣權",TWIJO300BR64,2026/01/22,期貨及選擇權,,OPESCS,
"IJO23000U6　大立光股票選擇權,2026/09,履約價2300.0,賣權",TWIJO300BU69,2026/04/16,期貨及選擇權,,OPESCS,
"IJO23500Q6　大立光股票選擇權,2026/05,履約價2350.0,賣權",TWIJO350BQ64,2026/03/19,期貨及選擇權,,OPESCS,
"IJO23500R6　大立光股票選擇權,2026/06,履約價2350.0,賣權",TWIJO350BR63,2026/04/16,期貨及選擇權,,OPESCS,
"IJO24000Q6　大立光股票選擇權,2026/05,履約價2400.0,賣權",TWIJO400BQ64,2026/03/19,期貨及選擇權,,OPESCS,
"IJO24000R6　大立光股票選擇權,2026/06,履約價2400.0,賣權",TWIJO400BR63,2026/01/22,期貨及選擇權,,OPESCS,
"IJO24000U6　大立光股票選擇權,2026/09,履約價2400.0,賣權",TWIJO400BU68,2026/04/16,期貨及選擇權,,OPESCS,
"IJO24500Q6　大立光股票選擇權,2026/05,履約價2450.0,賣權",TWIJO450BQ63,2026/03/19,期貨及選擇權,,OPESCS,
"IJO24500R6　大立光股票選擇權,2026/06,履約價2450.0,賣權",TWIJO450BR62,2026/04/16,期貨及選擇權,,OPESCS,
"IJO25000Q6　大立光股票選擇權,2026/05,履約價2500.0,賣權",TWIJO500BQ63,2026/03/19,期貨及選擇權,,OPESCS,
"IJO25000R6　大立光股票選擇權,2026/06,履約價2500.0,賣權",TWIJO500BR62,2026/01/22,期貨及選擇權,,OPESCS,
"IJO25000U6　大立光股票選擇權,2026/09,履約價2500.0,賣權",TWIJO500BU67,2026/04/16,期貨及選擇權,,OPESCS,
"IJO25500Q6　大立光股票選擇權,2026/05,履約價2550.0,賣權",TWIJO550BQ62,2026/03/19,期貨及選擇權,,OPESCS,
"IJO25500R6　大立光股票選擇權,2026/06,履約價2550.0,賣權",TWIJO550BR61,2026/04/16,期貨及選擇權,,OPESCS,
"IJO26000Q6　大立光股票選擇權,2026/05,履約價2600.0,賣權",TWIJO600BQ62,2026/03/19,期貨及選擇權,,OPESCS,
"IJO26000R6　大立光股票選擇權,2026/06,履約價2600.0,賣權",TWIJO600BR61,2026/01/22,期貨及選擇權,,OPESCS,
"IJO26000U6　大立光股票選擇權,2026/09,履約價2600.0,賣權",TWIJO600BU66,2026/04/16,期貨及選擇權,,OPESCS,
"IJO26500Q6　大立光股票選擇權,2026/05,履約價2650.0,賣權",TWIJO650BQ61,2026/03/19,期貨及選擇權,,OPESCS,
"IJO26500R6　大立光股票選擇權,2026/06,履約價2650.0,賣權",TWIJO650BR60,2026/04/16,期貨及選擇權,,OPESCS,
"IJO27000Q6　大立光股票選擇權,2026/05,履約價2700.0,賣權",TWIJO700BQ61,2026/03/19,期貨及選擇權,,OPESCS,
"IJO27000R6　大立光股票選擇權,2026/06,履約價2700.0,賣權",TWIJO700BR60,2026/01/22,期貨及選擇權,,OPESCS,
"IJO27000U6　大立光股票選擇權,2026/09,履約價2700.0,賣權",TWIJO700BU65,2026/04/16,期貨及選擇權,,OPESCS,
"IJO27500Q6　大立光股票選擇權,2026/05,履約價2750.0,賣權",TWIJO750BQ60,2026/03/19,期貨及選擇權,,OPESCS,
"IJO27500R6　大立光股票選擇權,2026/06,履約價2750.0,賣權",TWIJO750BR69,2026/04/16,期貨及選擇權,,OPESCS,
"IJO28000Q6　大立光股票選擇權,2026/05,履約價2800.0,賣權",TWIJO800BQ60,2026/04/14,期貨及選擇權,,OPESCS,
"IJO28000R6　大立光股票選擇權,2026/06,履約價2800.0,賣權",TWIJO800BR69,2026/01/22,期貨及選擇權,,OPESCS,
"IJO28000U6　大立光股票選擇權,2026/09,履約價2800.0,賣權",TWIJO800BU64,2026/04/16,期貨及選擇權,,OPESCS,
"IJO28500Q6　大立光股票選擇權,2026/05,履約價2850.0,賣權",TWIJO850BQ69,2026/04/15,期貨及選擇權,,OPESCS,
"IJO28500R6　大立光股票選擇權,2026/06,履約價2850.0,賣權",TWIJO850BR68,2026/04/16,期貨及選擇權,,OPESCS,
"IJO29000Q6　大立光股票選擇權,2026/05,履約價2900.0,賣權",TWIJO900BQ69,2026/04/15,期貨及選擇權,,OPESCS,
"IJO29000R6　大立光股票選擇權,2026/06,履約價2900.0,賣權",TWIJO900BR68,2026/01/22,期貨及選擇權,,OPESCS,
"IJO29000U6　大立光股票選擇權,2026/09,履約價2900.0,賣權",TWIJO900BU63,2026/04/16,期貨及選擇權,,OPESCS,
"IJO29500Q6　大立光股票選擇權,2026/05,履約價2950.0,賣權",TWIJO950BQ68,2026/04/15,期貨及選擇權,,OPESCS,
"IJO29500R6　大立光股票選擇權,2026/06,履約價2950.0,賣權",TWIJO950BR67,2026/04/16,期貨及選擇權,,OPESCS,
"IJO30000Q6　大立光股票選擇權,2026/05,履約價3000.0,賣權",TWIJO000CQ67,2026/04/15,期貨及選擇權,,OPESCS,
"IJO30000R6　大立光股票選擇權,2026/06,履約價3000.0,賣權",TWIJO000CR66,2026/04/15,期貨及選擇權,,OPESCS,
"IJO30000U6　大立光股票選擇權,2026/09,履約價3000.0,賣權",TWIJO000CU61,2026/04/16,期貨及選擇權,,OPESCS,
"IJO30500Q6　大立光股票選擇權,2026/05,履約價3050.0,賣權",TWIJO050CQ66,2026/04/15,期貨及選擇權,,OPESCS,
"IJO30500R6　大立光股票選擇權,2026/06,履約價3050.0,賣權",TWIJO050CR65,2026/04/16,期貨及選擇權,,OPESCS,
"IJO31000Q6　大立光股票選擇權,2026/05,履約價3100.0,賣權",TWIJO100CQ66,2026/04/15,期貨及選擇權,,OPESCS,
"IJO31000R6　大立光股票選擇權,2026/06,履約價3100.0,賣權",TWIJO100CR65,2026/04/15,期貨及選擇權,,OPESCS,
"IJO31000U6　大立光股票選擇權,2026/09,履約價3100.0,賣權",TWIJO100CU60,2026/04/16,期貨及選擇權,,OPESCS,
"IJO31500Q6　大立光股票選擇權,2026/05,履約價3150.0,賣權",TWIJO150CQ65,2026/04/16,期貨及選擇權,,OPESCS,
"IJO31500R6　大立光股票選擇權,2026/06,履約價3150.0,賣權",TWIJO150CR64,2026/04/16,期貨及選擇權,,OPESCS,
"IJO32000Q6　大立光股票選擇權,2026/05,履約價3200.0,賣權",TWIJO200CQ65,2026/04/16,期貨及選擇權,,OPESCS,
"IJO32000R6　大立光股票選擇權,2026/06,履約價3200.0,賣權",TWIJO200CR64,2026/04/16,期貨及選擇權,,OPESCS,
"IJO32000U6　大立光股票選擇權,2026/09,履約價3200.0,賣權",TWIJO200CU69,2026/04/16,期貨及選擇權,,OPESCS,
"IJO32500Q6　大立光股票選擇權,2026/05,履約價3250.0,賣權",TWIJO250CQ64,2026/04/16,期貨及選擇權,,OPESCS,
"IJO32500R6　大立光股票選擇權,2026/06,履約價3250.0,賣權",TWIJO250CR63,2026/04/16,期貨及選擇權,,OPESCS,
"IJO33000U6　大立光股票選擇權,2026/09,履約價3300.0,賣權",TWIJO300CU68,2026/04/16,期貨及選擇權,,OPESCS,
"IRO02600R6　欣興股票選擇權,2026/06,履約價260.0,賣權",TWIRO2600R66,2026/01/22,期貨及選擇權,,OPESCS,
"IRO02800R6　欣興股票選擇權,2026/06,履約價280.0,賣權",TWIRO2800R64,2026/01/22,期貨及選擇權,,OPESCS,
"IRO03000R6　欣興股票選擇權,2026/06,履約價300.0,賣權",TWIRO3000R60,2026/01/22,期貨及選擇權,,OPESCS,
"IRO03200R6　欣興股票選擇權,2026/06,履約價320.0,賣權",TWIRO3200R68,2026/01/22,期貨及選擇權,,OPESCS,
"IRO03400R6　欣興股票選擇權,2026/06,履約價340.0,賣權",TWIRO3400R66,2026/01/22,期貨及選擇權,,OPESCS,
"IRO03600R6　欣興股票選擇權,2026/06,履約價360.0,賣權",TWIRO3600R64,2026/01/22,期貨及選擇權,,OPESCS,
"IRO03700Q6　欣興股票選擇權,2026/05,履約價370.0,賣權",TWIRO3700Q64,2026/04/01,期貨及選擇權,,OPESCS,
"IRO03800Q6　欣興股票選擇權,2026/05,履約價380.0,賣權",TWIRO3800Q63,2026/04/01,期貨及選擇權,,OPESCS,
"IRO03800R6　欣興股票選擇權,2026/06,履約價380.0,賣權",TWIRO3800R62,2026/01/22,期貨及選擇權,,OPESCS,
"IRO03900Q6　欣興股票選擇權,2026/05,履約價390.0,賣權",TWIRO3900Q62,2026/03/25,期貨及選擇權,,OPESCS,
"IRO04000Q6　欣興股票選擇權,2026/05,履約價400.0,賣權",TWIRO4000Q69,2026/03/25,期貨及選擇權,,OPESCS,
"IRO04000R6　欣興股票選擇權,2026/06,履約價400.0,賣權",TWIRO4000R68,2026/01/26,期貨及選擇權,,OPESCS,
"IRO04100Q6　欣興股票選擇權,2026/05,履約價410.0,賣權",TWIRO4100Q68,2026/03/25,期貨及選擇權,,OPESCS,
"IRO04200Q6　欣興股票選擇權,2026/05,履約價420.0,賣權",TWIRO4200Q67,2026/03/24,期貨及選擇權,,OPESCS,
"IRO04200R6　欣興股票選擇權,2026/06,履約價420.0,賣權",TWIRO4200R66,2026/01/28,期貨及選擇權,,OPESCS,
"IRO04300Q6　欣興股票選擇權,2026/05,履約價430.0,賣權",TWIRO4300Q66,2026/03/24,期貨及選擇權,,OPESCS,
"IRO04400Q6　欣興股票選擇權,2026/05,履約價440.0,賣權",TWIRO4400Q65,2026/03/24,期貨及選擇權,,OPESCS,
"IRO04400R6　欣興股票選擇權,2026/06,履約價440.0,賣權",TWIRO4400R64,2026/01/29,期貨及選擇權,,OPESCS,
"IRO04500Q6　欣興股票選擇權,2026/05,履約價450.0,賣權",TWIRO4500Q64,2026/03/24,期貨及選擇權,,OPESCS,
"IRO04600Q6　欣興股票選擇權,2026/05,履約價460.0,賣權",TWIRO4600Q63,2026/03/24,期貨及選擇權,,OPESCS,
"IRO04600R6　欣興股票選擇權,2026/06,履約價460.0,賣權",TWIRO4600R62,2026/02/04,期貨及選擇權,,OPESCS,
"IRO04700Q6　欣興股票選擇權,2026/05,履約價470.0,賣權",TWIRO4700Q62,2026/03/23,期貨及選擇權,,OPESCS,
"IRO04800Q6　欣興股票選擇權,2026/05,履約價480.0,賣權",TWIRO4800Q61,2026/03/23,期貨及選擇權,,OPESCS,
"IRO04800R6　欣興股票選擇權,2026/06,履約價480.0,賣權",TWIRO4800R60,2026/02/24,期貨及選擇權,,OPESCS,
"IRO04900Q6　欣興股票選擇權,2026/05,履約價490.0,賣權",TWIRO4900Q60,2026/03/19,期貨及選擇權,,OPESCS,
"IRO05000Q6　欣興股票選擇權,2026/05,履約價500.0,賣權",TWIRO5000Q66,2026/03/19,期貨及選擇權,,OPESCS,
"IRO05000R6　欣興股票選擇權,2026/06,履約價500.0,賣權",TWIRO5000R65,2026/02/25,期貨及選擇權,,OPESCS,
"IRO05100Q6　欣興股票選擇權,2026/05,履約價510.0,賣權",TWIRO5100Q65,2026/03/19,期貨及選擇權,,OPESCS,
"IRO05200Q6　欣興股票選擇權,2026/05,履約價520.0,賣權",TWIRO5200Q64,2026/03/19,期貨及選擇權,,OPESCS,
"IRO05200R6　欣興股票選擇權,2026/06,履約價520.0,賣權",TWIRO5200R63,2026/02/25,期貨及選擇權,,OPESCS,
"IRO05200U6　欣興股票選擇權,2026/09,履約價520.0,賣權",TWIRO5200U68,2026/04/16,期貨及選擇權,,OPESCS,
"IRO05300Q6　欣興股票選擇權,2026/05,履約價530.0,賣權",TWIRO5300Q63,2026/03/19,期貨及選擇權,,OPESCS,
"IRO05300R6　欣興股票選擇權,2026/06,履約價530.0,賣權",TWIRO5300R62,2026/04/16,期貨及選擇權,,OPESCS,
"IRO05400Q6　欣興股票選擇權,2026/05,履約價540.0,賣權",TWIRO5400Q62,2026/03/19,期貨及選擇權,,OPESCS,
"IRO05400R6　欣興股票選擇權,2026/06,履約價540.0,賣權",TWIRO5400R61,2026/02/26,期貨及選擇權,,OPESCS,
"IRO05400U6　欣興股票選擇權,2026/09,履約價540.0,賣權",TWIRO5400U66,2026/04/16,期貨及選擇權,,OPESCS,
"IRO05500Q6　欣興股票選擇權,2026/05,履約價550.0,賣權",TWIRO5500Q61,2026/03/19,期貨及選擇權,,OPESCS,
"IRO05500R6　欣興股票選擇權,2026/06,履約價550.0,賣權",TWIRO5500R60,2026/04/16,期貨及選擇權,,OPESCS,
"IRO05600Q6　欣興股票選擇權,2026/05,履約價560.0,賣權",TWIRO5600Q60,2026/03/19,期貨及選擇權,,OPESCS,
"IRO05600R6　欣興股票選擇權,2026/06,履約價560.0,賣權",TWIRO5600R69,2026/03/02,期貨及選擇權,,OPESCS,
"IRO05600U6　欣興股票選擇權,2026/09,履約價560.0,賣權",TWIRO5600U64,2026/04/16,期貨及選擇權,,OPESCS,
"IRO05700Q6　欣興股票選擇權,2026/05,履約價570.0,賣權",TWIRO5700Q69,2026/03/19,期貨及選擇權,,OPESCS,
"IRO05700R6　欣興股票選擇權,2026/06,履約價570.0,賣權",TWIRO5700R68,2026/04/16,期貨及選擇權,,OPESCS,
"IRO05800Q6　欣興股票選擇權,2026/05,履約價580.0,賣權",TWIRO5800Q68,2026/03/19,期貨及選擇權,,OPESCS,
"IRO05800R6　欣興股票選擇權,2026/06,履約價580.0,賣權",TWIRO5800R67,2026/03/16,期貨及選擇權,,OPESCS,
"IRO05800U6　欣興股票選擇權,2026/09,履約價580.0,賣權",TWIRO5800U62,2026/04/16,期貨及選擇權,,OPESCS,
"IRO05900Q6　欣興股票選擇權,2026/05,履約價590.0,賣權",TWIRO5900Q67,2026/03/19,期貨及選擇權,,OPESCS,
"IRO05900R6　欣興股票選擇權,2026/06,履約價590.0,賣權",TWIRO5900R66,2026/04/16,期貨及選擇權,,OPESCS,
"IRO06000Q6　欣興股票選擇權,2026/05,履約價600.0,賣權",TWIRO6000Q64,2026/03/19,期貨及選擇權,,OPESCS,
"IRO06000R6　欣興股票選擇權,2026/06,履約價600.0,賣權",TWIRO6000R63,2026/03/16,期貨及選擇權,,OPESCS,
"IRO06000U6　欣興股票選擇權,2026/09,履約價600.0,賣權",TWIRO6000U68,2026/04/16,期貨及選擇權,,OPESCS,
"IRO06100Q6　欣興股票選擇權,2026/05,履約價610.0,賣權",TWIRO6100Q63,2026/03/19,期貨及選擇權,,OPESCS,
"IRO06100R6　欣興股票選擇權,2026/06,履約價610.0,賣權",TWIRO6100R62,2026/04/16,期貨及選擇權,,OPESCS,
"IRO06200Q6　欣興股票選擇權,2026/05,履約價620.0,賣權",TWIRO6200Q62,2026/03/19,期貨及選擇權,,OPESCS,
"IRO06200R6　欣興股票選擇權,2026/06,履約價620.0,賣權",TWIRO6200R61,2026/03/17,期貨及選擇權,,OPESCS,
"IRO06200U6　欣興股票選擇權,2026/09,履約價620.0,賣權",TWIRO6200U66,2026/04/16,期貨及選擇權,,OPESCS,
"IRO06300Q6　欣興股票選擇權,2026/05,履約價630.0,賣權",TWIRO6300Q61,2026/03/19,期貨及選擇權,,OPESCS,
"IRO06300R6　欣興股票選擇權,2026/06,履約價630.0,賣權",TWIRO6300R60,2026/04/16,期貨及選擇權,,OPESCS,
"IRO06400Q6　欣興股票選擇權,2026/05,履約價640.0,賣權",TWIRO6400Q60,2026/03/19,期貨及選擇權,,OPESCS,
"IRO06400R6　欣興股票選擇權,2026/06,履約價640.0,賣權",TWIRO6400R69,2026/03/17,期貨及選擇權,,OPESCS,
"IRO06400U6　欣興股票選擇權,2026/09,履約價640.0,賣權",TWIRO6400U64,2026/04/16,期貨及選擇權,,OPESCS,
"IRO06500Q6　欣興股票選擇權,2026/05,履約價650.0,賣權",TWIRO6500Q69,2026/03/19,期貨及選擇權,,OPESCS,
"IRO06500R6　欣興股票選擇權,2026/06,履約價650.0,賣權",TWIRO6500R68,2026/04/16,期貨及選擇權,,OPESCS,
"IRO06600Q6　欣興股票選擇權,2026/05,履約價660.0,賣權",TWIRO6600Q68,2026/03/19,期貨及選擇權,,OPESCS,
"IRO06600R6　欣興股票選擇權,2026/06,履約價660.0,賣權",TWIRO6600R67,2026/03/19,期貨及選擇權,,OPESCS,
"IRO06600U6　欣興股票選擇權,2026/09,履約價660.0,賣權",TWIRO6600U62,2026/04/16,期貨及選擇權,,OPESCS,
"IRO06700Q6　欣興股票選擇權,2026/05,履約價670.0,賣權",TWIRO6700Q67,2026/03/19,期貨及選擇權,,OPESCS,
"IRO06700R6　欣興股票選擇權,2026/06,履約價670.0,賣權",TWIRO6700R66,2026/04/16,期貨及選擇權,,OPESCS,
"IRO06800Q6　欣興股票選擇權,2026/05,履約價680.0,賣權",TWIRO6800Q66,2026/04/09,期貨及選擇權,,OPESCS,
"IRO06800R6　欣興股票選擇權,2026/06,履約價680.0,賣權",TWIRO6800R65,2026/03/19,期貨及選擇權,,OPESCS,
"IRO06800U6　欣興股票選擇權,2026/09,履約價680.0,賣權",TWIRO6800U60,2026/04/16,期貨及選擇權,,OPESCS,
"IRO06900Q6　欣興股票選擇權,2026/05,履約價690.0,賣權",TWIRO6900Q65,2026/04/09,期貨及選擇權,,OPESCS,
"IRO06900R6　欣興股票選擇權,2026/06,履約價690.0,賣權",TWIRO6900R64,2026/04/16,期貨及選擇權,,OPESCS,
"IRO07000Q6　欣興股票選擇權,2026/05,履約價700.0,賣權",TWIRO7000Q62,2026/04/09,期貨及選擇權,,OPESCS,
"IRO07000R6　欣興股票選擇權,2026/06,履約價700.0,賣權",TWIRO7000R61,2026/04/09,期貨及選擇權,,OPESCS,
"IRO07000U6　欣興股票選擇權,2026/09,履約價700.0,賣權",TWIRO7000U66,2026/04/16,期貨及選擇權,,OPESCS,
"IRO07100Q6　欣興股票選擇權,2026/05,履約價710.0,賣權",TWIRO7100Q61,2026/04/09,期貨及選擇權,,OPESCS,
"IRO07100R6　欣興股票選擇權,2026/06,履約價710.0,賣權",TWIRO7100R60,2026/04/16,期貨及選擇權,,OPESCS,
"IRO07200Q6　欣興股票選擇權,2026/05,履約價720.0,賣權",TWIRO7200Q60,2026/04/09,期貨及選擇權,,OPESCS,
"IRO07200R6　欣興股票選擇權,2026/06,履約價720.0,賣權",TWIRO7200R69,2026/04/09,期貨及選擇權,,OPESCS,
"IRO07200U6　欣興股票選擇權,2026/09,履約價720.0,賣權",TWIRO7200U64,2026/04/16,期貨及選擇權,,OPESCS,
"IRO07300Q6　欣興股票選擇權,2026/05,履約價730.0,賣權",TWIRO7300Q69,2026/04/13,期貨及選擇權,,OPESCS,
"IRO07300R6　欣興股票選擇權,2026/06,履約價730.0,賣權",TWIRO7300R68,2026/04/17,期貨及選擇權,,OPESCS,
"IRO07400Q6　欣興股票選擇權,2026/05,履約價740.0,賣權",TWIRO7400Q68,2026/04/13,期貨及選擇權,,OPESCS,
"IRO07400R6　欣興股票選擇權,2026/06,履約價740.0,賣權",TWIRO7400R67,2026/04/13,期貨及選擇權,,OPESCS,
"IRO07400U6　欣興股票選擇權,2026/09,履約價740.0,賣權",TWIRO7400U62,2026/04/17,期貨及選擇權,,OPESCS,
"IRO07500Q6　欣興股票選擇權,2026/05,履約價750.0,賣權",TWIRO7500Q67,2026/04/17,期貨及選擇權,,OPESCS,
"IRO07500R6　欣興股票選擇權,2026/06,履約價750.0,賣權",TWIRO7500R66,2026/04/17,期貨及選擇權,,OPESCS,
"IRO07600Q6　欣興股票選擇權,2026/05,履約價760.0,賣權",TWIRO7600Q66,2026/04/21,期貨及選擇權,,OPESCS,
"IRO07600R6　欣興股票選擇權,2026/06,履約價760.0,賣權",TWIRO7600R65,2026/04/21,期貨及選擇權,,OPESCS,
"IRO07600U6　欣興股票選擇權,2026/09,履約價760.0,賣權",TWIRO7600U60,2026/04/17,期貨及選擇權,,OPESCS,
"IRO07700Q6　欣興股票選擇權,2026/05,履約價770.0,賣權",TWIRO7700Q65,2026/04/21,期貨及選擇權,,OPESCS,
"IRO07700R6　欣興股票選擇權,2026/06,履約價770.0,賣權",TWIRO7700R64,2026/04/21,期貨及選擇權,,OPESCS,
"IRO07800Q6　欣興股票選擇權,2026/05,履約價780.0,賣權",TWIRO7800Q64,2026/04/21,期貨及選擇權,,OPESCS,
"IRO07800R6　欣興股票選擇權,2026/06,履約價780.0,賣權",TWIRO7800R63,2026/04/21,期貨及選擇權,,OPESCS,
"IRO07800U6　欣興股票選擇權,2026/09,履約價780.0,賣權",TWIRO7800U68,2026/04/21,期貨及選擇權,,OPESCS,
"IRO07900Q6　欣興股票選擇權,2026/05,履約價790.0,賣權",TWIRO7900Q63,2026/04/22,期貨及選擇權,,OPESCS,
"IRO07900R6　欣興股票選擇權,2026/06,履約價790.0,賣權",TWIRO7900R62,2026/04/22,期貨及選擇權,,OPESCS,
"IRO08000Q6　欣興股票選擇權,2026/05,履約價800.0,賣權",TWIRO8000Q60,2026/04/22,期貨及選擇權,,OPESCS,
"IRO08000R6　欣興股票選擇權,2026/06,履約價800.0,賣權",TWIRO8000R69,2026/04/22,期貨及選擇權,,OPESCS,
"IRO08000U6　欣興股票選擇權,2026/09,履約價800.0,賣權",TWIRO8000U64,2026/04/22,期貨及選擇權,,OPESCS,
"IRO08100Q6　欣興股票選擇權,2026/05,履約價810.0,賣權",TWIRO8100Q69,2026/04/22,期貨及選擇權,,OPESCS,
"IRO08100R6　欣興股票選擇權,2026/06,履約價810.0,賣權",TWIRO8100R68,2026/04/22,期貨及選擇權,,OPESCS,
"IRO08200Q6　欣興股票選擇權,2026/05,履約價820.0,賣權",TWIRO8200Q68,2026/04/22,期貨及選擇權,,OPESCS,
"IRO08200R6　欣興股票選擇權,2026/06,履約價820.0,賣權",TWIRO8200R67,2026/04/22,期貨及選擇權,,OPESCS,
"IRO08200U6　欣興股票選擇權,2026/09,履約價820.0,賣權",TWIRO8200U62,2026/04/22,期貨及選擇權,,OPESCS,
"IRO08300Q6　欣興股票選擇權,2026/05,履約價830.0,賣權",TWIRO8300Q67,2026/04/23,期貨及選擇權,,OPESCS,
"IRO08300R6　欣興股票選擇權,2026/06,履約價830.0,賣權",TWIRO8300R66,2026/04/23,期貨及選擇權,,OPESCS,
"IRO08400Q6　欣興股票選擇權,2026/05,履約價840.0,賣權",TWIRO8400Q66,2026/04/24,期貨及選擇權,,OPESCS,
"IRO08400R6　欣興股票選擇權,2026/06,履約價840.0,賣權",TWIRO8400R65,2026/04/24,期貨及選擇權,,OPESCS,
"IRO08400U6　欣興股票選擇權,2026/09,履約價840.0,賣權",TWIRO8400U60,2026/04/23,期貨及選擇權,,OPESCS,
"IRO08500Q6　欣興股票選擇權,2026/05,履約價850.0,賣權",TWIRO8500Q65,2026/04/27,期貨及選擇權,,OPESCS,
"IRO08500R6　欣興股票選擇權,2026/06,履約價850.0,賣權",TWIRO8500R64,2026/04/27,期貨及選擇權,,OPESCS,
"IRO08600Q6　欣興股票選擇權,2026/05,履約價860.0,賣權",TWIRO8600Q64,2026/04/27,期貨及選擇權,,OPESCS,
"IRO08600R6　欣興股票選擇權,2026/06,履約價860.0,賣權",TWIRO8600R63,2026/04/27,期貨及選擇權,,OPESCS,
"IRO08600U6　欣興股票選擇權,2026/09,履約價860.0,賣權",TWIRO8600U68,2026/04/27,期貨及選擇權,,OPESCS,
"IRO08700Q6　欣興股票選擇權,2026/05,履約價870.0,賣權",TWIRO8700Q63,2026/04/27,期貨及選擇權,,OPESCS,
"IRO08700R6　欣興股票選擇權,2026/06,履約價870.0,賣權",TWIRO8700R62,2026/04/27,期貨及選擇權,,OPESCS,
"IRO08800Q6　欣興股票選擇權,2026/05,履約價880.0,賣權",TWIRO8800Q62,2026/04/27,期貨及選擇權,,OPESCS,
"IRO08800R6　欣興股票選擇權,2026/06,履約價880.0,賣權",TWIRO8800R61,2026/04/27,期貨及選擇權,,OPESCS,
"IRO08800U6　欣興股票選擇權,2026/09,履約價880.0,賣權",TWIRO8800U66,2026/04/27,期貨及選擇權,,OPESCS,
"IRO08900Q6　欣興股票選擇權,2026/05,履約價890.0,賣權",TWIRO8900Q61,2026/04/27,期貨及選擇權,,OPESCS,
"IRO08900R6　欣興股票選擇權,2026/06,履約價890.0,賣權",TWIRO8900R60,2026/04/27,期貨及選擇權,,OPESCS,
"IRO09000Q6　欣興股票選擇權,2026/05,履約價900.0,賣權",TWIRO9000Q68,2026/04/27,期貨及選擇權,,OPESCS,
"IRO09000R6　欣興股票選擇權,2026/06,履約價900.0,賣權",TWIRO9000R67,2026/04/27,期貨及選擇權,,OPESCS,
"IRO09000U6　欣興股票選擇權,2026/09,履約價900.0,賣權",TWIRO9000U62,2026/04/27,期貨及選擇權,,OPESCS,
"IRO09100Q6　欣興股票選擇權,2026/05,履約價910.0,賣權",TWIRO9100Q67,2026/04/27,期貨及選擇權,,OPESCS,
"IRO09100R6　欣興股票選擇權,2026/06,履約價910.0,賣權",TWIRO9100R66,2026/04/27,期貨及選擇權,,OPESCS,
"IRO09200Q6　欣興股票選擇權,2026/05,履約價920.0,賣權",TWIRO9200Q66,2026/04/28,期貨及選擇權,,OPESCS,
"IRO09200R6　欣興股票選擇權,2026/06,履約價920.0,賣權",TWIRO9200R65,2026/04/28,期貨及選擇權,,OPESCS,
"IRO09200U6　欣興股票選擇權,2026/09,履約價920.0,賣權",TWIRO9200U60,2026/04/27,期貨及選擇權,,OPESCS,
"IRO09300Q6　欣興股票選擇權,2026/05,履約價930.0,賣權",TWIRO9300Q65,2026/04/28,期貨及選擇權,,OPESCS,
"IRO09300R6　欣興股票選擇權,2026/06,履約價930.0,賣權",TWIRO9300R64,2026/04/28,期貨及選擇權,,OPESCS,
"IRO09400Q6　欣興股票選擇權,2026/05,履約價940.0,賣權",TWIRO9400Q64,2026/04/28,期貨及選擇權,,OPESCS,
"IRO09400R6　欣興股票選擇權,2026/06,履約價940.0,賣權",TWIRO9400R63,2026/04/28,期貨及選擇權,,OPESCS,
"IRO09400U6　欣興股票選擇權,2026/09,履約價940.0,賣權",TWIRO9400U68,2026/04/28,期貨及選擇權,,OPESCS,
"IRO09500Q6　欣興股票選擇權,2026/05,履約價950.0,賣權",TWIRO9500Q63,2026/04/28,期貨及選擇權,,OPESCS,
"IRO09500R6　欣興股票選擇權,2026/06,履約價950.0,賣權",TWIRO9500R62,2026/04/28,期貨及選擇權,,OPESCS,
"IRO09600Q6　欣興股票選擇權,2026/05,履約價960.0,賣權",TWIRO9600Q62,2026/04/28,期貨及選擇權,,OPESCS,
"IRO09600R6　欣興股票選擇權,2026/06,履約價960.0,賣權",TWIRO9600R61,2026/04/28,期貨及選擇權,,OPESCS,
"IRO09600U6　欣興股票選擇權,2026/09,履約價960.0,賣權",TWIRO9600U66,2026/04/28,期貨及選擇權,,OPESCS,
"IRO09700Q6　欣興股票選擇權,2026/05,履約價970.0,賣權",TWIRO9700Q61,2026/04/28,期貨及選擇權,,OPESCS,
"IRO09700R6　欣興股票選擇權,2026/06,履約價970.0,賣權",TWIRO9700R60,2026/04/28,期貨及選擇權,,OPESCS,
"IRO09800Q6　欣興股票選擇權,2026/05,履約價980.0,賣權",TWIRO9800Q60,2026/05/04,期貨及選擇權,,OPESCS,
"IRO09800R6　欣興股票選擇權,2026/06,履約價980.0,賣權",TWIRO9800R69,2026/05/04,期貨及選擇權,,OPESCS,
"IRO09800U6　欣興股票選擇權,2026/09,履約價980.0,賣權",TWIRO9800U64,2026/04/28,期貨及選擇權,,OPESCS,
"IRO09900Q6　欣興股票選擇權,2026/05,履約價990.0,賣權",TWIRO9900Q69,2026/05/04,期貨及選擇權,,OPESCS,
"IRO09900R6　欣興股票選擇權,2026/06,履約價990.0,賣權",TWIRO9900R68,2026/05/04,期貨及選擇權,,OPESCS,
"IRO10000Q6　欣興股票選擇權,2026/05,履約價1000.0,賣權",TWIRO000AQ62,2026/05/04,期貨及選擇權,,OPESCS,
"IRO10000R6　欣興股票選擇權,2026/06,履約價1000.0,賣權",TWIRO000AR61,2026/05/04,期貨及選擇權,,OPESCS,
"IRO10000U6　欣興股票選擇權,2026/09,履約價1000.0,賣權",TWIRO000AU66,2026/05/04,期貨及選擇權,,OPESCS,
"IRO10200Q6　欣興股票選擇權,2026/05,履約價1020.0,賣權",TWIRO020AQ68,2026/05/04,期貨及選擇權,,OPESCS,
"IRO10200R6　欣興股票選擇權,2026/06,履約價1020.0,賣權",TWIRO020AR67,2026/05/04,期貨及選擇權,,OPESCS,
"IRO10400Q6　欣興股票選擇權,2026/05,履約價1040.0,賣權",TWIRO040AQ64,2026/05/05,期貨及選擇權,,OPESCS,
"IRO10400R6　欣興股票選擇權,2026/06,履約價1040.0,賣權",TWIRO040AR63,2026/05/05,期貨及選擇權,,OPESCS,
"IRO10600Q6　欣興股票選擇權,2026/05,履約價1060.0,賣權",TWIRO060AQ69,2026/05/05,期貨及選擇權,,OPESCS,
"IRO10600R6　欣興股票選擇權,2026/06,履約價1060.0,賣權",TWIRO060AR68,2026/05/05,期貨及選擇權,,OPESCS,
"IRO11000U6　欣興股票選擇權,2026/09,履約價1100.0,賣權",TWIRO100AU65,2026/05/04,期貨及選擇權,,OPESCS,
"OZO02400R6　日月光投控選擇權,2026/06,履約價240.0,賣權",TWOZO2400R60,2026/01/22,期貨及選擇權,,OPESCS,
"OZO02500R6　日月光投控選擇權,2026/06,履約價250.0,賣權",TWOZO2500R69,2026/01/22,期貨及選擇權,,OPESCS,
"OZO02600R6　日月光投控選擇權,2026/06,履約價260.0,賣權",TWOZO2600R68,2026/01/22,期貨及選擇權,,OPESCS,
"OZO02700Q6　日月光投控選擇權,2026/05,履約價270.0,賣權",TWOZO2700Q68,2026/04/01,期貨及選擇權,,OPESCS,
"OZO02800Q6　日月光投控選擇權,2026/05,履約價280.0,賣權",TWOZO2800Q67,2026/03/24,期貨及選擇權,,OPESCS,
"OZO02800R6　日月光投控選擇權,2026/06,履約價280.0,賣權",TWOZO2800R66,2026/01/22,期貨及選擇權,,OPESCS,
"OZO02900Q6　日月光投控選擇權,2026/05,履約價290.0,賣權",TWOZO2900Q66,2026/03/20,期貨及選擇權,,OPESCS,
"OZO03000Q6　日月光投控選擇權,2026/05,履約價300.0,賣權",TWOZO3000Q63,2026/03/19,期貨及選擇權,,OPESCS,
"OZO03000R6　日月光投控選擇權,2026/06,履約價300.0,賣權",TWOZO3000R62,2026/01/22,期貨及選擇權,,OPESCS,
"OZO03100Q6　日月光投控選擇權,2026/05,履約價310.0,賣權",TWOZO3100Q62,2026/03/19,期貨及選擇權,,OPESCS,
"OZO03200Q6　日月光投控選擇權,2026/05,履約價320.0,賣權",TWOZO3200Q61,2026/03/19,期貨及選擇權,,OPESCS,
"OZO03200R6　日月光投控選擇權,2026/06,履約價320.0,賣權",TWOZO3200R60,2026/01/22,期貨及選擇權,,OPESCS,
"OZO03300Q6　日月光投控選擇權,2026/05,履約價330.0,賣權",TWOZO3300Q60,2026/03/19,期貨及選擇權,,OPESCS,
"OZO03400Q6　日月光投控選擇權,2026/05,履約價340.0,賣權",TWOZO3400Q69,2026/03/19,期貨及選擇權,,OPESCS,
"OZO03400R6　日月光投控選擇權,2026/06,履約價340.0,賣權",TWOZO3400R68,2026/01/22,期貨及選擇權,,OPESCS,
"OZO03500Q6　日月光投控選擇權,2026/05,履約價350.0,賣權",TWOZO3500Q68,2026/03/19,期貨及選擇權,,OPESCS,
"OZO03600Q6　日月光投控選擇權,2026/05,履約價360.0,賣權",TWOZO3600Q67,2026/03/19,期貨及選擇權,,OPESCS,
"OZO03600R6　日月光投控選擇權,2026/06,履約價360.0,賣權",TWOZO3600R66,2026/01/23,期貨及選擇權,,OPESCS,
"OZO03600U6　日月光投控選擇權,2026/09,履約價360.0,賣權",TWOZO3600U61,2026/04/16,期貨及選擇權,,OPESCS,
"OZO03700Q6　日月光投控選擇權,2026/05,履約價370.0,賣權",TWOZO3700Q66,2026/03/19,期貨及選擇權,,OPESCS,
"OZO03700R6　日月光投控選擇權,2026/06,履約價370.0,賣權",TWOZO3700R65,2026/04/16,期貨及選擇權,,OPESCS,
"OZO03800Q6　日月光投控選擇權,2026/05,履約價380.0,賣權",TWOZO3800Q65,2026/03/19,期貨及選擇權,,OPESCS,
"OZO03800R6　日月光投控選擇權,2026/06,履約價380.0,賣權",TWOZO3800R64,2026/01/29,期貨及選擇權,,OPESCS,
"OZO03800U6　日月光投控選擇權,2026/09,履約價380.0,賣權",TWOZO3800U69,2026/04/16,期貨及選擇權,,OPESCS,
"OZO03900Q6　日月光投控選擇權,2026/05,履約價390.0,賣權",TWOZO3900Q64,2026/03/19,期貨及選擇權,,OPESCS,
"OZO03900R6　日月光投控選擇權,2026/06,履約價390.0,賣權",TWOZO3900R63,2026/04/16,期貨及選擇權,,OPESCS,
"OZO04000Q6　日月光投控選擇權,2026/05,履約價400.0,賣權",TWOZO4000Q61,2026/03/19,期貨及選擇權,,OPESCS,
"OZO04000R6　日月光投控選擇權,2026/06,履約價400.0,賣權",TWOZO4000R60,2026/02/11,期貨及選擇權,,OPESCS,
"OZO04000U6　日月光投控選擇權,2026/09,履約價400.0,賣權",TWOZO4000U65,2026/04/16,期貨及選擇權,,OPESCS,
"OZO04100Q6　日月光投控選擇權,2026/05,履約價410.0,賣權",TWOZO4100Q60,2026/03/19,期貨及選擇權,,OPESCS,
"OZO04100R6　日月光投控選擇權,2026/06,履約價410.0,賣權",TWOZO4100R69,2026/04/16,期貨及選擇權,,OPESCS,
"OZO04200Q6　日月光投控選擇權,2026/05,履約價420.0,賣權",TWOZO4200Q69,2026/03/19,期貨及選擇權,,OPESCS,
"OZO04200R6　日月光投控選擇權,2026/06,履約價420.0,賣權",TWOZO4200R68,2026/02/23,期貨及選擇權,,OPESCS,
"OZO04200U6　日月光投控選擇權,2026/09,履約價420.0,賣權",TWOZO4200U63,2026/04/16,期貨及選擇權,,OPESCS,
"OZO04300Q6　日月光投控選擇權,2026/05,履約價430.0,賣權",TWOZO4300Q68,2026/04/09,期貨及選擇權,,OPESCS,
"OZO04300R6　日月光投控選擇權,2026/06,履約價430.0,賣權",TWOZO4300R67,2026/04/16,期貨及選擇權,,OPESCS,
"OZO04400Q6　日月光投控選擇權,2026/05,履約價440.0,賣權",TWOZO4400Q67,2026/04/09,期貨及選擇權,,OPESCS,
"OZO04400R6　日月光投控選擇權,2026/06,履約價440.0,賣權",TWOZO4400R66,2026/02/25,期貨及選擇權,,OPESCS,
"OZO04400U6　日月光投控選擇權,2026/09,履約價440.0,賣權",TWOZO4400U61,2026/04/16,期貨及選擇權,,OPESCS,
"OZO04500Q6　日月光投控選擇權,2026/05,履約價450.0,賣權",TWOZO4500Q66,2026/04/09,期貨及選擇權,,OPESCS,
"OZO04500R6　日月光投控選擇權,2026/06,履約價450.0,賣權",TWOZO4500R65,2026/04/16,期貨及選擇權,,OPESCS,
"OZO04600Q6　日月光投控選擇權,2026/05,履約價460.0,賣權",TWOZO4600Q65,2026/04/10,期貨及選擇權,,OPESCS,
"OZO04600R6　日月光投控選擇權,2026/06,履約價460.0,賣權",TWOZO4600R64,2026/02/26,期貨及選擇權,,OPESCS,
"OZO04600U6　日月光投控選擇權,2026/09,履約價460.0,賣權",TWOZO4600U69,2026/04/16,期貨及選擇權,,OPESCS,
"OZO04700Q6　日月光投控選擇權,2026/05,履約價470.0,賣權",TWOZO4700Q64,2026/04/14,期貨及選擇權,,OPESCS,
"OZO04700R6　日月光投控選擇權,2026/06,履約價470.0,賣權",TWOZO4700R63,2026/04/16,期貨及選擇權,,OPESCS,
"OZO04800Q6　日月光投控選擇權,2026/05,履約價480.0,賣權",TWOZO4800Q63,2026/04/14,期貨及選擇權,,OPESCS,
"OZO04800R6　日月光投控選擇權,2026/06,履約價480.0,賣權",TWOZO4800R62,2026/04/14,期貨及選擇權,,OPESCS,
"OZO04800U6　日月光投控選擇權,2026/09,履約價480.0,賣權",TWOZO4800U67,2026/04/16,期貨及選擇權,,OPESCS,
"OZO04900Q6　日月光投控選擇權,2026/05,履約價490.0,賣權",TWOZO4900Q62,2026/04/14,期貨及選擇權,,OPESCS,
"OZO04900R6　日月光投控選擇權,2026/06,履約價490.0,賣權",TWOZO4900R61,2026/04/16,期貨及選擇權,,OPESCS,
"OZO05000Q6　日月光投控選擇權,2026/05,履約價500.0,賣權",TWOZO5000Q68,2026/04/16,期貨及選擇權,,OPESCS,
"OZO05000R6　日月光投控選擇權,2026/06,履約價500.0,賣權",TWOZO5000R67,2026/04/14,期貨及選擇權,,OPESCS,
"OZO05000U6　日月光投控選擇權,2026/09,履約價500.0,賣權",TWOZO5000U62,2026/04/16,期貨及選擇權,,OPESCS,
"OZO05100Q6　日月光投控選擇權,2026/05,履約價510.0,賣權",TWOZO5100Q67,2026/04/16,期貨及選擇權,,OPESCS,
"OZO05100R6　日月光投控選擇權,2026/06,履約價510.0,賣權",TWOZO5100R66,2026/04/16,期貨及選擇權,,OPESCS,
"OZO05200Q6　日月光投控選擇權,2026/05,履約價520.0,賣權",TWOZO5200Q66,2026/04/16,期貨及選擇權,,OPESCS,
"OZO05200R6　日月光投控選擇權,2026/06,履約價520.0,賣權",TWOZO5200R65,2026/04/16,期貨及選擇權,,OPESCS,
"OZO05200U6　日月光投控選擇權,2026/09,履約價520.0,賣權",TWOZO5200U60,2026/04/16,期貨及選擇權,,OPESCS,
"OZO05300Q6　日月光投控選擇權,2026/05,履約價530.0,賣權",TWOZO5300Q65,2026/04/21,期貨及選擇權,,OPESCS,
"OZO05300R6　日月光投控選擇權,2026/06,履約價530.0,賣權",TWOZO5300R64,2026/04/21,期貨及選擇權,,OPESCS,
"OZO05400Q6　日月光投控選擇權,2026/05,履約價540.0,賣權",TWOZO5400Q64,2026/04/21,期貨及選擇權,,OPESCS,
"OZO05400R6　日月光投控選擇權,2026/06,履約價540.0,賣權",TWOZO5400R63,2026/04/21,期貨及選擇權,,OPESCS,
"OZO05400U6　日月光投控選擇權,2026/09,履約價540.0,賣權",TWOZO5400U68,2026/04/21,期貨及選擇權,,OPESCS,
"OZO05500Q6　日月光投控選擇權,2026/05,履約價550.0,賣權",TWOZO5500Q63,2026/04/22,期貨及選擇權,,OPESCS,
"OZO05500R6　日月光投控選擇權,2026/06,履約價550.0,賣權",TWOZO5500R62,2026/04/22,期貨及選擇權,,OPESCS,
"OZO05600Q6　日月光投控選擇權,2026/05,履約價560.0,賣權",TWOZO5600Q62,2026/04/27,期貨及選擇權,,OPESCS,
"OZO05600R6　日月光投控選擇權,2026/06,履約價560.0,賣權",TWOZO5600R61,2026/04/27,期貨及選擇權,,OPESCS,
"OZO05600U6　日月光投控選擇權,2026/09,履約價560.0,賣權",TWOZO5600U66,2026/04/22,期貨及選擇權,,OPESCS,
"OZO05700Q6　日月光投控選擇權,2026/05,履約價570.0,賣權",TWOZO5700Q61,2026/04/27,期貨及選擇權,,OPESCS,
"OZO05700R6　日月光投控選擇權,2026/06,履約價570.0,賣權",TWOZO5700R60,2026/04/27,期貨及選擇權,,OPESCS,
"OZO05800Q6　日月光投控選擇權,2026/05,履約價580.0,賣權",TWOZO5800Q60,2026/04/27,期貨及選擇權,,OPESCS,
"OZO05800R6　日月光投控選擇權,2026/06,履約價580.0,賣權",TWOZO5800R69,2026/04/27,期貨及選擇權,,OPESCS,
"OZO05800U6　日月光投控選擇權,2026/09,履約價580.0,賣權",TWOZO5800U64,2026/04/27,期貨及選擇權,,OPESCS,
"OZO05900Q6　日月光投控選擇權,2026/05,履約價590.0,賣權",TWOZO5900Q69,2026/05/05,期貨及選擇權,,OPESCS,
"OZO05900R6　日月光投控選擇權,2026/06,履約價590.0,賣權",TWOZO5900R68,2026/05/05,期貨及選擇權,,OPESCS,
"OZO06000Q6　日月光投控選擇權,2026/05,履約價600.0,賣權",TWOZO6000Q66,2026/05/05,期貨及選擇權,,OPESCS,
"OZO06000R6　日月光投控選擇權,2026/06,履約價600.0,賣權",TWOZO6000R65,2026/05/05,期貨及選擇權,,OPESCS,
"OZO06000U6　日月光投控選擇權,2026/09,履約價600.0,賣權",TWOZO6000U60,2026/05/05,期貨及選擇權,,OPESCS,
"OZO06100Q6　日月光投控選擇權,2026/05,履約價610.0,賣權",TWOZO6100Q65,2026/05/05,期貨及選擇權,,OPESCS,
"OZO06100R6　日月光投控選擇權,2026/06,履約價610.0,賣權",TWOZO6100R64,2026/05/05,期貨及選擇權,,OPESCS,
"OZO06200Q6　日月光投控選擇權,2026/05,履約價620.0,賣權",TWOZO6200Q64,2026/05/08,期貨及選擇權,,OPESCS,
"OZO06200R6　日月光投控選擇權,2026/06,履約價620.0,賣權",TWOZO6200R63,2026/05/08,期貨及選擇權,,OPESCS,
"OZO06200U6　日月光投控選擇權,2026/09,履約價620.0,賣權",TWOZO6200U68,2026/05/05,期貨及選擇權,,OPESCS,
"OZO06300Q6　日月光投控選擇權,2026/05,履約價630.0,賣權",TWOZO6300Q63,2026/05/08,期貨及選擇權,,OPESCS,
"OZO06300R6　日月光投控選擇權,2026/06,履約價630.0,賣權",TWOZO6300R62,2026/05/08,期貨及選擇權,,OPESCS,
"OZO06400U6　日月光投控選擇權,2026/09,履約價640.0,賣權",TWOZO6400U66,2026/05/08,期貨及選擇權,,OPESCS,
電子選擇權買權
"TEO16600E6　電子選擇權,2026/05,履約價1660.0,買權",TWTEO660AE62,2026/04/01,期貨及選擇權,,OCEICS,
"TEO16600F6　電子選擇權,2026/06,履約價1660.0,買權",TWTEO660AF61,2026/04/01,期貨及選擇權,,OCEICS,
"TEO16700E6　電子選擇權,2026/05,履約價1670.0,買權",TWTEO670AE60,2026/03/10,期貨及選擇權,,OCEICS,
"TEO16700F6　電子選擇權,2026/06,履約價1670.0,買權",TWTEO670AF69,2026/04/01,期貨及選擇權,,OCEICS,
"TEO16800E6　電子選擇權,2026/05,履約價1680.0,買權",TWTEO680AE68,2026/03/10,期貨及選擇權,,OCEICS,
"TEO16800F6　電子選擇權,2026/06,履約價1680.0,買權",TWTEO680AF67,2026/04/01,期貨及選擇權,,OCEICS,
"TEO16900E6　電子選擇權,2026/05,履約價1690.0,買權",TWTEO690AE66,2026/03/10,期貨及選擇權,,OCEICS,
"TEO16900F6　電子選擇權,2026/06,履約價1690.0,買權",TWTEO690AF65,2026/04/01,期貨及選擇權,,OCEICS,
"TEO17000E6　電子選擇權,2026/05,履約價1700.0,買權",TWTEO700AE64,2026/03/10,期貨及選擇權,,OCEICS,
"TEO17000F6　電子選擇權,2026/06,履約價1700.0,買權",TWTEO700AF63,2026/04/01,期貨及選擇權,,OCEICS,
"TEO17100E6　電子選擇權,2026/05,履約價1710.0,買權",TWTEO710AE62,2026/03/10,期貨及選擇權,,OCEICS,
"TEO17100F6　電子選擇權,2026/06,履約價1710.0,買權",TWTEO710AF61,2026/03/25,期貨及選擇權,,OCEICS,
"TEO17200E6　電子選擇權,2026/05,履約價1720.0,買權",TWTEO720AE60,2026/03/05,期貨及選擇權,,OCEICS,
"TEO17200F6　電子選擇權,2026/06,履約價1720.0,買權",TWTEO720AF69,2026/03/24,期貨及選擇權,,OCEICS,
"TEO17300E6　電子選擇權,2026/05,履約價1730.0,買權",TWTEO730AE68,2026/03/05,期貨及選擇權,,OCEICS,
"TEO17300F6　電子選擇權,2026/06,履約價1730.0,買權",TWTEO730AF67,2026/03/24,期貨及選擇權,,OCEICS,
"TEO17400E6　電子選擇權,2026/05,履約價1740.0,買權",TWTEO740AE66,2026/03/05,期貨及選擇權,,OCEICS,
"TEO17400F6　電子選擇權,2026/06,履約價1740.0,買權",TWTEO740AF65,2026/03/24,期貨及選擇權,,OCEICS,
"TEO17500E6　電子選擇權,2026/05,履約價1750.0,買權",TWTEO750AE63,2026/03/05,期貨及選擇權,,OCEICS,
"TEO17500F6　電子選擇權,2026/06,履約價1750.0,買權",TWTEO750AF62,2026/03/24,期貨及選擇權,,OCEICS,
"TEO17600E6　電子選擇權,2026/05,履約價1760.0,買權",TWTEO760AE61,2026/02/24,期貨及選擇權,,OCEICS,
"TEO17600F6　電子選擇權,2026/06,履約價1760.0,買權",TWTEO760AF60,2026/03/24,期貨及選擇權,,OCEICS,
"TEO17700E6　電子選擇權,2026/05,履約價1770.0,買權",TWTEO770AE69,2026/02/24,期貨及選擇權,,OCEICS,
"TEO17700F6　電子選擇權,2026/06,履約價1770.0,買權",TWTEO770AF68,2026/03/23,期貨及選擇權,,OCEICS,
"TEO17800E6　電子選擇權,2026/05,履約價1780.0,買權",TWTEO780AE67,2026/02/24,期貨及選擇權,,OCEICS,
"TEO17800F6　電子選擇權,2026/06,履約價1780.0,買權",TWTEO780AF66,2026/03/20,期貨及選擇權,,OCEICS,
"TEO17900E6　電子選擇權,2026/05,履約價1790.0,買權",TWTEO790AE65,2026/02/24,期貨及選擇權,,OCEICS,
"TEO17900F6　電子選擇權,2026/06,履約價1790.0,買權",TWTEO790AF64,2026/03/20,期貨及選擇權,,OCEICS,
"TEO18000E6　電子選擇權,2026/05,履約價1800.0,買權",TWTEO800AE63,2026/02/24,期貨及選擇權,,OCEICS,
"TEO18000F6　電子選擇權,2026/06,履約價1800.0,買權",TWTEO800AF62,2026/03/20,期貨及選擇權,,OCEICS,
"TEO18100E6　電子選擇權,2026/05,履約價1810.0,買權",TWTEO810AE61,2026/02/24,期貨及選擇權,,OCEICS,
"TEO18100F6　電子選擇權,2026/06,履約價1810.0,買權",TWTEO810AF60,2026/03/19,期貨及選擇權,,OCEICS,
"TEO18200E6　電子選擇權,2026/05,履約價1820.0,買權",TWTEO820AE69,2026/02/24,期貨及選擇權,,OCEICS,
"TEO18200F6　電子選擇權,2026/06,履約價1820.0,買權",TWTEO820AF68,2026/03/19,期貨及選擇權,,OCEICS,
"TEO18300E6　電子選擇權,2026/05,履約價1830.0,買權",TWTEO830AE67,2026/02/24,期貨及選擇權,,OCEICS,
"TEO18300F6　電子選擇權,2026/06,履約價1830.0,買權",TWTEO830AF66,2026/03/19,期貨及選擇權,,OCEICS,
"TEO18400E6　電子選擇權,2026/05,履約價1840.0,買權",TWTEO840AE65,2026/02/24,期貨及選擇權,,OCEICS,
"TEO18400F6　電子選擇權,2026/06,履約價1840.0,買權",TWTEO840AF64,2026/03/19,期貨及選擇權,,OCEICS,
"TEO18500E6　電子選擇權,2026/05,履約價1850.0,買權",TWTEO850AE62,2026/02/24,期貨及選擇權,,OCEICS,
"TEO18500F6　電子選擇權,2026/06,履約價1850.0,買權",TWTEO850AF61,2026/03/19,期貨及選擇權,,OCEICS,
"TEO18600E6　電子選擇權,2026/05,履約價1860.0,買權",TWTEO860AE60,2026/02/24,期貨及選擇權,,OCEICS,
"TEO18600F6　電子選擇權,2026/06,履約價1860.0,買權",TWTEO860AF69,2026/03/19,期貨及選擇權,,OCEICS,
"TEO18700E6　電子選擇權,2026/05,履約價1870.0,買權",TWTEO870AE68,2026/02/24,期貨及選擇權,,OCEICS,
"TEO18700F6　電子選擇權,2026/06,履約價1870.0,買權",TWTEO870AF67,2026/03/19,期貨及選擇權,,OCEICS,
"TEO18800E6　電子選擇權,2026/05,履約價1880.0,買權",TWTEO880AE66,2026/02/24,期貨及選擇權,,OCEICS,
"TEO18800F6　電子選擇權,2026/06,履約價1880.0,買權",TWTEO880AF65,2026/03/19,期貨及選擇權,,OCEICS,
"TEO18900E6　電子選擇權,2026/05,履約價1890.0,買權",TWTEO890AE64,2026/02/24,期貨及選擇權,,OCEICS,
"TEO18900F6　電子選擇權,2026/06,履約價1890.0,買權",TWTEO890AF63,2026/03/19,期貨及選擇權,,OCEICS,
"TEO19000E6　電子選擇權,2026/05,履約價1900.0,買權",TWTEO900AE62,2026/02/24,期貨及選擇權,,OCEICS,
"TEO19000F6　電子選擇權,2026/06,履約價1900.0,買權",TWTEO900AF61,2026/03/19,期貨及選擇權,,OCEICS,
"TEO19100E6　電子選擇權,2026/05,履約價1910.0,買權",TWTEO910AE60,2026/02/24,期貨及選擇權,,OCEICS,
"TEO19100F6　電子選擇權,2026/06,履約價1910.0,買權",TWTEO910AF69,2026/03/19,期貨及選擇權,,OCEICS,
"TEO19200E6　電子選擇權,2026/05,履約價1920.0,買權",TWTEO920AE68,2026/02/24,期貨及選擇權,,OCEICS,
"TEO19200F6　電子選擇權,2026/06,履約價1920.0,買權",TWTEO920AF67,2026/03/19,期貨及選擇權,,OCEICS,
"TEO19300E6　電子選擇權,2026/05,履約價1930.0,買權",TWTEO930AE66,2026/02/24,期貨及選擇權,,OCEICS,
"TEO19300F6　電子選擇權,2026/06,履約價1930.0,買權",TWTEO930AF65,2026/03/19,期貨及選擇權,,OCEICS,
"TEO19400E6　電子選擇權,2026/05,履約價1940.0,買權",TWTEO940AE64,2026/02/24,期貨及選擇權,,OCEICS,
"TEO19400F6　電子選擇權,2026/06,履約價1940.0,買權",TWTEO940AF63,2026/03/19,期貨及選擇權,,OCEICS,
"TEO19500E6　電子選擇權,2026/05,履約價1950.0,買權",TWTEO950AE61,2026/02/24,期貨及選擇權,,OCEICS,
"TEO19500F6　電子選擇權,2026/06,履約價1950.0,買權",TWTEO950AF60,2026/03/19,期貨及選擇權,,OCEICS,
"TEO19600E6　電子選擇權,2026/05,履約價1960.0,買權",TWTEO960AE69,2026/02/24,期貨及選擇權,,OCEICS,
"TEO19600F6　電子選擇權,2026/06,履約價1960.0,買權",TWTEO960AF68,2026/03/19,期貨及選擇權,,OCEICS,
"TEO19700E6　電子選擇權,2026/05,履約價1970.0,買權",TWTEO970AE67,2026/02/24,期貨及選擇權,,OCEICS,
"TEO19700F6　電子選擇權,2026/06,履約價1970.0,買權",TWTEO970AF66,2026/03/19,期貨及選擇權,,OCEICS,
"TEO19700G6　電子選擇權,2026/07,履約價1970.0,買權",TWTEO970AG65,2026/04/16,期貨及選擇權,,OCEICS,
"TEO19750E6　電子選擇權,2026/05,履約價1975.0,買權",TWTEO975AE62,2026/04/16,期貨及選擇權,,OCEICS,
"TEO19800E6　電子選擇權,2026/05,履約價1980.0,買權",TWTEO980AE65,2026/02/24,期貨及選擇權,,OCEICS,
"TEO19800F6　電子選擇權,2026/06,履約價1980.0,買權",TWTEO980AF64,2026/03/19,期貨及選擇權,,OCEICS,
"TEO19800G6　電子選擇權,2026/07,履約價1980.0,買權",TWTEO980AG63,2026/04/16,期貨及選擇權,,OCEICS,
"TEO19850E6　電子選擇權,2026/05,履約價1985.0,買權",TWTEO985AE60,2026/04/16,期貨及選擇權,,OCEICS,
"TEO19900E6　電子選擇權,2026/05,履約價1990.0,買權",TWTEO990AE63,2026/02/24,期貨及選擇權,,OCEICS,
"TEO19900F6　電子選擇權,2026/06,履約價1990.0,買權",TWTEO990AF62,2026/03/19,期貨及選擇權,,OCEICS,
"TEO19900G6　電子選擇權,2026/07,履約價1990.0,買權",TWTEO990AG61,2026/04/16,期貨及選擇權,,OCEICS,
"TEO19950E6　電子選擇權,2026/05,履約價1995.0,買權",TWTEO995AE68,2026/04/16,期貨及選擇權,,OCEICS,
"TEO20000E6　電子選擇權,2026/05,履約價2000.0,買權",TWTEO000BE60,2026/02/24,期貨及選擇權,,OCEICS,
"TEO20000F6　電子選擇權,2026/06,履約價2000.0,買權",TWTEO000BF69,2026/03/19,期貨及選擇權,,OCEICS,
"TEO20000G6　電子選擇權,2026/07,履約價2000.0,買權",TWTEO000BG68,2026/04/16,期貨及選擇權,,OCEICS,
"TEO20050E6　電子選擇權,2026/05,履約價2005.0,買權",TWTEO005BE65,2026/04/16,期貨及選擇權,,OCEICS,
"TEO20100E6　電子選擇權,2026/05,履約價2010.0,買權",TWTEO010BE68,2026/02/24,期貨及選擇權,,OCEICS,
"TEO20100F6　電子選擇權,2026/06,履約價2010.0,買權",TWTEO010BF67,2026/03/19,期貨及選擇權,,OCEICS,
"TEO20100G6　電子選擇權,2026/07,履約價2010.0,買權",TWTEO010BG66,2026/04/16,期貨及選擇權,,OCEICS,
"TEO20150E6　電子選擇權,2026/05,履約價2015.0,買權",TWTEO015BE63,2026/04/16,期貨及選擇權,,OCEICS,
"TEO20200E6　電子選擇權,2026/05,履約價2020.0,買權",TWTEO020BE66,2026/02/24,期貨及選擇權,,OCEICS,
"TEO20200F6　電子選擇權,2026/06,履約價2020.0,買權",TWTEO020BF65,2026/03/19,期貨及選擇權,,OCEICS,
"TEO20200G6　電子選擇權,2026/07,履約價2020.0,買權",TWTEO020BG64,2026/04/16,期貨及選擇權,,OCEICS,
"TEO20250E6　電子選擇權,2026/05,履約價2025.0,買權",TWTEO025BE61,2026/04/16,期貨及選擇權,,OCEICS,
"TEO20300E6　電子選擇權,2026/05,履約價2030.0,買權",TWTEO030BE64,2026/02/24,期貨及選擇權,,OCEICS,
"TEO20300F6　電子選擇權,2026/06,履約價2030.0,買權",TWTEO030BF63,2026/03/19,期貨及選擇權,,OCEICS,
"TEO20300G6　電子選擇權,2026/07,履約價2030.0,買權",TWTEO030BG62,2026/04/16,期貨及選擇權,,OCEICS,
"TEO20350E6　電子選擇權,2026/05,履約價2035.0,買權",TWTEO035BE69,2026/04/16,期貨及選擇權,,OCEICS,
"TEO20400E6　電子選擇權,2026/05,履約價2040.0,買權",TWTEO040BE62,2026/02/24,期貨及選擇權,,OCEICS,
"TEO20400F6　電子選擇權,2026/06,履約價2040.0,買權",TWTEO040BF61,2026/03/19,期貨及選擇權,,OCEICS,
"TEO20400G6　電子選擇權,2026/07,履約價2040.0,買權",TWTEO040BG60,2026/04/16,期貨及選擇權,,OCEICS,
"TEO20450E6　電子選擇權,2026/05,履約價2045.0,買權",TWTEO045BE67,2026/04/16,期貨及選擇權,,OCEICS,
"TEO20500E6　電子選擇權,2026/05,履約價2050.0,買權",TWTEO050BE69,2026/02/24,期貨及選擇權,,OCEICS,
"TEO20500F6　電子選擇權,2026/06,履約價2050.0,買權",TWTEO050BF68,2026/03/19,期貨及選擇權,,OCEICS,
"TEO20500G6　電子選擇權,2026/07,履約價2050.0,買權",TWTEO050BG67,2026/04/16,期貨及選擇權,,OCEICS,
"TEO20550E6　電子選擇權,2026/05,履約價2055.0,買權",TWTEO055BE64,2026/04/16,期貨及選擇權,,OCEICS,
"TEO20600E6　電子選擇權,2026/05,履約價2060.0,買權",TWTEO060BE67,2026/02/24,期貨及選擇權,,OCEICS,
"TEO20600F6　電子選擇權,2026/06,履約價2060.0,買權",TWTEO060BF66,2026/03/19,期貨及選擇權,,OCEICS,
"TEO20600G6　電子選擇權,2026/07,履約價2060.0,買權",TWTEO060BG65,2026/04/16,期貨及選擇權,,OCEICS,
"TEO20650E6　電子選擇權,2026/05,履約價2065.0,買權",TWTEO065BE62,2026/04/16,期貨及選擇權,,OCEICS,
"TEO20700E6　電子選擇權,2026/05,履約價2070.0,買權",TWTEO070BE65,2026/02/24,期貨及選擇權,,OCEICS,
"TEO20700F6　電子選擇權,2026/06,履約價2070.0,買權",TWTEO070BF64,2026/03/19,期貨及選擇權,,OCEICS,
"TEO20700G6　電子選擇權,2026/07,履約價2070.0,買權",TWTEO070BG63,2026/04/16,期貨及選擇權,,OCEICS,
"TEO20750E6　電子選擇權,2026/05,履約價2075.0,買權",TWTEO075BE60,2026/04/16,期貨及選擇權,,OCEICS,
"TEO20800E6　電子選擇權,2026/05,履約價2080.0,買權",TWTEO080BE63,2026/02/24,期貨及選擇權,,OCEICS,
"TEO20800F6　電子選擇權,2026/06,履約價2080.0,買權",TWTEO080BF62,2026/03/19,期貨及選擇權,,OCEICS,
"TEO20800G6　電子選擇權,2026/07,履約價2080.0,買權",TWTEO080BG61,2026/04/16,期貨及選擇權,,OCEICS,
"TEO20850E6　電子選擇權,2026/05,履約價2085.0,買權",TWTEO085BE68,2026/04/16,期貨及選擇權,,OCEICS,
"TEO20900E6　電子選擇權,2026/05,履約價2090.0,買權",TWTEO090BE61,2026/02/24,期貨及選擇權,,OCEICS,
"TEO20900F6　電子選擇權,2026/06,履約價2090.0,買權",TWTEO090BF60,2026/03/19,期貨及選擇權,,OCEICS,
"TEO20900G6　電子選擇權,2026/07,履約價2090.0,買權",TWTEO090BG69,2026/04/16,期貨及選擇權,,OCEICS,
"TEO20950E6　電子選擇權,2026/05,履約價2095.0,買權",TWTEO095BE66,2026/04/16,期貨及選擇權,,OCEICS,
"TEO21000E6　電子選擇權,2026/05,履約價2100.0,買權",TWTEO100BE69,2026/02/24,期貨及選擇權,,OCEICS,
"TEO21000F6　電子選擇權,2026/06,履約價2100.0,買權",TWTEO100BF68,2026/03/19,期貨及選擇權,,OCEICS,
"TEO21000G6　電子選擇權,2026/07,履約價2100.0,買權",TWTEO100BG67,2026/04/16,期貨及選擇權,,OCEICS,
"TEO21050E6　電子選擇權,2026/05,履約價2105.0,買權",TWTEO105BE64,2026/04/16,期貨及選擇權,,OCEICS,
"TEO21100E6　電子選擇權,2026/05,履約價2110.0,買權",TWTEO110BE67,2026/02/24,期貨及選擇權,,OCEICS,
"TEO21100F6　電子選擇權,2026/06,履約價2110.0,買權",TWTEO110BF66,2026/03/19,期貨及選擇權,,OCEICS,
"TEO21100G6　電子選擇權,2026/07,履約價2110.0,買權",TWTEO110BG65,2026/04/16,期貨及選擇權,,OCEICS,
"TEO21150E6　電子選擇權,2026/05,履約價2115.0,買權",TWTEO115BE62,2026/04/16,期貨及選擇權,,OCEICS,
"TEO21200E6　電子選擇權,2026/05,履約價2120.0,買權",TWTEO120BE65,2026/02/24,期貨及選擇權,,OCEICS,
"TEO21200F6　電子選擇權,2026/06,履約價2120.0,買權",TWTEO120BF64,2026/03/19,期貨及選擇權,,OCEICS,
"TEO21200G6　電子選擇權,2026/07,履約價2120.0,買權",TWTEO120BG63,2026/04/16,期貨及選擇權,,OCEICS,
"TEO21250E6　電子選擇權,2026/05,履約價2125.0,買權",TWTEO125BE60,2026/04/16,期貨及選擇權,,OCEICS,
"TEO21300E6　電子選擇權,2026/05,履約價2130.0,買權",TWTEO130BE63,2026/02/24,期貨及選擇權,,OCEICS,
"TEO21300F6　電子選擇權,2026/06,履約價2130.0,買權",TWTEO130BF62,2026/03/19,期貨及選擇權,,OCEICS,
"TEO21300G6　電子選擇權,2026/07,履約價2130.0,買權",TWTEO130BG61,2026/04/16,期貨及選擇權,,OCEICS,
"TEO21350E6　電子選擇權,2026/05,履約價2135.0,買權",TWTEO135BE68,2026/04/16,期貨及選擇權,,OCEICS,
"TEO21400E6　電子選擇權,2026/05,履約價2140.0,買權",TWTEO140BE61,2026/02/24,期貨及選擇權,,OCEICS,
"TEO21400F6　電子選擇權,2026/06,履約價2140.0,買權",TWTEO140BF60,2026/03/19,期貨及選擇權,,OCEICS,
"TEO21400G6　電子選擇權,2026/07,履約價2140.0,買權",TWTEO140BG69,2026/04/16,期貨及選擇權,,OCEICS,
"TEO21450E6　電子選擇權,2026/05,履約價2145.0,買權",TWTEO145BE66,2026/04/16,期貨及選擇權,,OCEICS,
"TEO21500E6　電子選擇權,2026/05,履約價2150.0,買權",TWTEO150BE68,2026/02/24,期貨及選擇權,,OCEICS,
"TEO21500F6　電子選擇權,2026/06,履約價2150.0,買權",TWTEO150BF67,2026/03/19,期貨及選擇權,,OCEICS,
"TEO21500G6　電子選擇權,2026/07,履約價2150.0,買權",TWTEO150BG66,2026/04/16,期貨及選擇權,,OCEICS,
"TEO21550E6　電子選擇權,2026/05,履約價2155.0,買權",TWTEO155BE63,2026/04/16,期貨及選擇權,,OCEICS,
"TEO21600E6　電子選擇權,2026/05,履約價2160.0,買權",TWTEO160BE66,2026/02/24,期貨及選擇權,,OCEICS,
"TEO21600F6　電子選擇權,2026/06,履約價2160.0,買權",TWTEO160BF65,2026/03/19,期貨及選擇權,,OCEICS,
"TEO21600G6　電子選擇權,2026/07,履約價2160.0,買權",TWTEO160BG64,2026/04/16,期貨及選擇權,,OCEICS,
"TEO21650E6　電子選擇權,2026/05,履約價2165.0,買權",TWTEO165BE61,2026/04/16,期貨及選擇權,,OCEICS,
"TEO21700E6　電子選擇權,2026/05,履約價2170.0,買權",TWTEO170BE64,2026/02/24,期貨及選擇權,,OCEICS,
"TEO21700F6　電子選擇權,2026/06,履約價2170.0,買權",TWTEO170BF63,2026/03/19,期貨及選擇權,,OCEICS,
"TEO21700G6　電子選擇權,2026/07,履約價2170.0,買權",TWTEO170BG62,2026/04/16,期貨及選擇權,,OCEICS,
"TEO21750E6　電子選擇權,2026/05,履約價2175.0,買權",TWTEO175BE69,2026/04/16,期貨及選擇權,,OCEICS,
"TEO21800E6　電子選擇權,2026/05,履約價2180.0,買權",TWTEO180BE62,2026/02/24,期貨及選擇權,,OCEICS,
"TEO21800F6　電子選擇權,2026/06,履約價2180.0,買權",TWTEO180BF61,2026/03/19,期貨及選擇權,,OCEICS,
"TEO21800G6　電子選擇權,2026/07,履約價2180.0,買權",TWTEO180BG60,2026/04/16,期貨及選擇權,,OCEICS,
"TEO21850E6　電子選擇權,2026/05,履約價2185.0,買權",TWTEO185BE67,2026/04/16,期貨及選擇權,,OCEICS,
"TEO21900E6　電子選擇權,2026/05,履約價2190.0,買權",TWTEO190BE60,2026/02/24,期貨及選擇權,,OCEICS,
"TEO21900F6　電子選擇權,2026/06,履約價2190.0,買權",TWTEO190BF69,2026/03/19,期貨及選擇權,,OCEICS,
"TEO21900G6　電子選擇權,2026/07,履約價2190.0,買權",TWTEO190BG68,2026/04/16,期貨及選擇權,,OCEICS,
"TEO21950E6　電子選擇權,2026/05,履約價2195.0,買權",TWTEO195BE65,2026/04/16,期貨及選擇權,,OCEICS,
"TEO22000E6　電子選擇權,2026/05,履約價2200.0,買權",TWTEO200BE68,2026/02/24,期貨及選擇權,,OCEICS,
"TEO22000F6　電子選擇權,2026/06,履約價2200.0,買權",TWTEO200BF67,2026/03/19,期貨及選擇權,,OCEICS,
"TEO22000G6　電子選擇權,2026/07,履約價2200.0,買權",TWTEO200BG66,2026/04/16,期貨及選擇權,,OCEICS,
"TEO22050E6　電子選擇權,2026/05,履約價2205.0,買權",TWTEO205BE63,2026/04/16,期貨及選擇權,,OCEICS,
"TEO22100E6　電子選擇權,2026/05,履約價2210.0,買權",TWTEO210BE66,2026/02/24,期貨及選擇權,,OCEICS,
"TEO22100F6　電子選擇權,2026/06,履約價2210.0,買權",TWTEO210BF65,2026/03/19,期貨及選擇權,,OCEICS,
"TEO22100G6　電子選擇權,2026/07,履約價2210.0,買權",TWTEO210BG64,2026/04/16,期貨及選擇權,,OCEICS,
"TEO22150E6　電子選擇權,2026/05,履約價2215.0,買權",TWTEO215BE61,2026/04/16,期貨及選擇權,,OCEICS,
"TEO22200E6　電子選擇權,2026/05,履約價2220.0,買權",TWTEO220BE64,2026/02/24,期貨及選擇權,,OCEICS,
"TEO22200F6　電子選擇權,2026/06,履約價2220.0,買權",TWTEO220BF63,2026/03/19,期貨及選擇權,,OCEICS,
"TEO22200G6　電子選擇權,2026/07,履約價2220.0,買權",TWTEO220BG62,2026/04/16,期貨及選擇權,,OCEICS,
"TEO22250E6　電子選擇權,2026/05,履約價2225.0,買權",TWTEO225BE69,2026/04/16,期貨及選擇權,,OCEICS,
"TEO22300E6　電子選擇權,2026/05,履約價2230.0,買權",TWTEO230BE62,2026/02/24,期貨及選擇權,,OCEICS,
"TEO22300F6　電子選擇權,2026/06,履約價2230.0,買權",TWTEO230BF61,2026/03/19,期貨及選擇權,,OCEICS,
"TEO22300G6　電子選擇權,2026/07,履約價2230.0,買權",TWTEO230BG60,2026/04/16,期貨及選擇權,,OCEICS,
"TEO22350E6　電子選擇權,2026/05,履約價2235.0,買權",TWTEO235BE67,2026/04/16,期貨及選擇權,,OCEICS,
"TEO22400E6　電子選擇權,2026/05,履約價2240.0,買權",TWTEO240BE60,2026/02/24,期貨及選擇權,,OCEICS,
"TEO22400F6　電子選擇權,2026/06,履約價2240.0,買權",TWTEO240BF69,2026/03/19,期貨及選擇權,,OCEICS,
"TEO22400G6　電子選擇權,2026/07,履約價2240.0,買權",TWTEO240BG68,2026/04/16,期貨及選擇權,,OCEICS,
"TEO22450E6　電子選擇權,2026/05,履約價2245.0,買權",TWTEO245BE65,2026/04/16,期貨及選擇權,,OCEICS,
"TEO22500E6　電子選擇權,2026/05,履約價2250.0,買權",TWTEO250BE67,2026/02/24,期貨及選擇權,,OCEICS,
"TEO22500F6　電子選擇權,2026/06,履約價2250.0,買權",TWTEO250BF66,2026/03/19,期貨及選擇權,,OCEICS,
"TEO22500G6　電子選擇權,2026/07,履約價2250.0,買權",TWTEO250BG65,2026/04/16,期貨及選擇權,,OCEICS,
"TEO22550E6　電子選擇權,2026/05,履約價2255.0,買權",TWTEO255BE62,2026/04/16,期貨及選擇權,,OCEICS,
"TEO22600E6　電子選擇權,2026/05,履約價2260.0,買權",TWTEO260BE65,2026/02/24,期貨及選擇權,,OCEICS,
"TEO22600F6　電子選擇權,2026/06,履約價2260.0,買權",TWTEO260BF64,2026/03/19,期貨及選擇權,,OCEICS,
"TEO22600G6　電子選擇權,2026/07,履約價2260.0,買權",TWTEO260BG63,2026/04/16,期貨及選擇權,,OCEICS,
"TEO22650E6　電子選擇權,2026/05,履約價2265.0,買權",TWTEO265BE60,2026/04/16,期貨及選擇權,,OCEICS,
"TEO22700E6　電子選擇權,2026/05,履約價2270.0,買權",TWTEO270BE63,2026/02/24,期貨及選擇權,,OCEICS,
"TEO22700F6　電子選擇權,2026/06,履約價2270.0,買權",TWTEO270BF62,2026/03/19,期貨及選擇權,,OCEICS,
"TEO22700G6　電子選擇權,2026/07,履約價2270.0,買權",TWTEO270BG61,2026/04/16,期貨及選擇權,,OCEICS,
"TEO22750E6　電子選擇權,2026/05,履約價2275.0,買權",TWTEO275BE68,2026/04/16,期貨及選擇權,,OCEICS,
"TEO22800E6　電子選擇權,2026/05,履約價2280.0,買權",TWTEO280BE61,2026/02/24,期貨及選擇權,,OCEICS,
"TEO22800F6　電子選擇權,2026/06,履約價2280.0,買權",TWTEO280BF60,2026/03/19,期貨及選擇權,,OCEICS,
"TEO22800G6　電子選擇權,2026/07,履約價2280.0,買權",TWTEO280BG69,2026/04/16,期貨及選擇權,,OCEICS,
"TEO22850E6　電子選擇權,2026/05,履約價2285.0,買權",TWTEO285BE66,2026/04/16,期貨及選擇權,,OCEICS,
"TEO22900E6　電子選擇權,2026/05,履約價2290.0,買權",TWTEO290BE69,2026/02/24,期貨及選擇權,,OCEICS,
"TEO22900F6　電子選擇權,2026/06,履約價2290.0,買權",TWTEO290BF68,2026/03/19,期貨及選擇權,,OCEICS,
"TEO22900G6　電子選擇權,2026/07,履約價2290.0,買權",TWTEO290BG67,2026/04/16,期貨及選擇權,,OCEICS,
"TEO22950E6　電子選擇權,2026/05,履約價2295.0,買權",TWTEO295BE64,2026/04/16,期貨及選擇權,,OCEICS,
"TEO23000E6　電子選擇權,2026/05,履約價2300.0,買權",TWTEO300BE67,2026/02/24,期貨及選擇權,,OCEICS,
"TEO23000F6　電子選擇權,2026/06,履約價2300.0,買權",TWTEO300BF66,2026/03/19,期貨及選擇權,,OCEICS,
"TEO23000G6　電子選擇權,2026/07,履約價2300.0,買權",TWTEO300BG65,2026/04/16,期貨及選擇權,,OCEICS,
"TEO23050E6　電子選擇權,2026/05,履約價2305.0,買權",TWTEO305BE62,2026/04/16,期貨及選擇權,,OCEICS,
"TEO23100E6　電子選擇權,2026/05,履約價2310.0,買權",TWTEO310BE65,2026/02/24,期貨及選擇權,,OCEICS,
"TEO23100F6　電子選擇權,2026/06,履約價2310.0,買權",TWTEO310BF64,2026/03/19,期貨及選擇權,,OCEICS,
"TEO23100G6　電子選擇權,2026/07,履約價2310.0,買權",TWTEO310BG63,2026/04/16,期貨及選擇權,,OCEICS,
"TEO23150E6　電子選擇權,2026/05,履約價2315.0,買權",TWTEO315BE60,2026/04/16,期貨及選擇權,,OCEICS,
"TEO23200E6　電子選擇權,2026/05,履約價2320.0,買權",TWTEO320BE63,2026/02/24,期貨及選擇權,,OCEICS,
"TEO23200F6　電子選擇權,2026/06,履約價2320.0,買權",TWTEO320BF62,2026/03/19,期貨及選擇權,,OCEICS,
"TEO23200G6　電子選擇權,2026/07,履約價2320.0,買權",TWTEO320BG61,2026/04/16,期貨及選擇權,,OCEICS,
"TEO23250E6　電子選擇權,2026/05,履約價2325.0,買權",TWTEO325BE68,2026/04/16,期貨及選擇權,,OCEICS,
"TEO23300E6　電子選擇權,2026/05,履約價2330.0,買權",TWTEO330BE61,2026/02/24,期貨及選擇權,,OCEICS,
"TEO23300F6　電子選擇權,2026/06,履約價2330.0,買權",TWTEO330BF60,2026/03/19,期貨及選擇權,,OCEICS,
"TEO23300G6　電子選擇權,2026/07,履約價2330.0,買權",TWTEO330BG69,2026/04/16,期貨及選擇權,,OCEICS,
"TEO23350E6　電子選擇權,2026/05,履約價2335.0,買權",TWTEO335BE66,2026/04/16,期貨及選擇權,,OCEICS,
"TEO23400E6　電子選擇權,2026/05,履約價2340.0,買權",TWTEO340BE69,2026/02/24,期貨及選擇權,,OCEICS,
"TEO23400F6　電子選擇權,2026/06,履約價2340.0,買權",TWTEO340BF68,2026/03/19,期貨及選擇權,,OCEICS,
"TEO23400G6　電子選擇權,2026/07,履約價2340.0,買權",TWTEO340BG67,2026/04/16,期貨及選擇權,,OCEICS,
"TEO23450E6　電子選擇權,2026/05,履約價2345.0,買權",TWTEO345BE64,2026/04/16,期貨及選擇權,,OCEICS,
"TEO23500E6　電子選擇權,2026/05,履約價2350.0,買權",TWTEO350BE66,2026/02/24,期貨及選擇權,,OCEICS,
"TEO23500F6　電子選擇權,2026/06,履約價2350.0,買權",TWTEO350BF65,2026/03/19,期貨及選擇權,,OCEICS,
"TEO23500G6　電子選擇權,2026/07,履約價2350.0,買權",TWTEO350BG64,2026/04/16,期貨及選擇權,,OCEICS,
"TEO23550E6　電子選擇權,2026/05,履約價2355.0,買權",TWTEO355BE61,2026/04/16,期貨及選擇權,,OCEICS,
"TEO23600E6　電子選擇權,2026/05,履約價2360.0,買權",TWTEO360BE64,2026/02/24,期貨及選擇權,,OCEICS,
"TEO23600F6　電子選擇權,2026/06,履約價2360.0,買權",TWTEO360BF63,2026/03/19,期貨及選擇權,,OCEICS,
"TEO23600G6　電子選擇權,2026/07,履約價2360.0,買權",TWTEO360BG62,2026/04/16,期貨及選擇權,,OCEICS,
"TEO23650E6　電子選擇權,2026/05,履約價2365.0,買權",TWTEO365BE69,2026/04/16,期貨及選擇權,,OCEICS,
"TEO23700E6　電子選擇權,2026/05,履約價2370.0,買權",TWTEO370BE62,2026/02/24,期貨及選擇權,,OCEICS,
"TEO23700F6　電子選擇權,2026/06,履約價2370.0,買權",TWTEO370BF61,2026/03/19,期貨及選擇權,,OCEICS,
"TEO23700G6　電子選擇權,2026/07,履約價2370.0,買權",TWTEO370BG60,2026/04/16,期貨及選擇權,,OCEICS,
"TEO23750E6　電子選擇權,2026/05,履約價2375.0,買權",TWTEO375BE67,2026/04/16,期貨及選擇權,,OCEICS,
"TEO23800E6　電子選擇權,2026/05,履約價2380.0,買權",TWTEO380BE60,2026/02/24,期貨及選擇權,,OCEICS,
"TEO23800F6　電子選擇權,2026/06,履約價2380.0,買權",TWTEO380BF69,2026/03/19,期貨及選擇權,,OCEICS,
"TEO23800G6　電子選擇權,2026/07,履約價2380.0,買權",TWTEO380BG68,2026/04/16,期貨及選擇權,,OCEICS,
"TEO23850E6　電子選擇權,2026/05,履約價2385.0,買權",TWTEO385BE65,2026/04/16,期貨及選擇權,,OCEICS,
"TEO23900E6　電子選擇權,2026/05,履約價2390.0,買權",TWTEO390BE68,2026/02/24,期貨及選擇權,,OCEICS,
"TEO23900F6　電子選擇權,2026/06,履約價2390.0,買權",TWTEO390BF67,2026/03/19,期貨及選擇權,,OCEICS,
"TEO23900G6　電子選擇權,2026/07,履約價2390.0,買權",TWTEO390BG66,2026/04/16,期貨及選擇權,,OCEICS,
"TEO23950E6　電子選擇權,2026/05,履約價2395.0,買權",TWTEO395BE63,2026/04/16,期貨及選擇權,,OCEICS,
"TEO24000E6　電子選擇權,2026/05,履約價2400.0,買權",TWTEO400BE66,2026/02/25,期貨及選擇權,,OCEICS,
"TEO24000F6　電子選擇權,2026/06,履約價2400.0,買權",TWTEO400BF65,2026/03/19,期貨及選擇權,,OCEICS,
"TEO24000G6　電子選擇權,2026/07,履約價2400.0,買權",TWTEO400BG64,2026/04/16,期貨及選擇權,,OCEICS,
"TEO24050E6　電子選擇權,2026/05,履約價2405.0,買權",TWTEO405BE61,2026/04/16,期貨及選擇權,,OCEICS,
"TEO24100E6　電子選擇權,2026/05,履約價2410.0,買權",TWTEO410BE64,2026/02/25,期貨及選擇權,,OCEICS,
"TEO24100F6　電子選擇權,2026/06,履約價2410.0,買權",TWTEO410BF63,2026/03/19,期貨及選擇權,,OCEICS,
"TEO24100G6　電子選擇權,2026/07,履約價2410.0,買權",TWTEO410BG62,2026/04/16,期貨及選擇權,,OCEICS,
"TEO24150E6　電子選擇權,2026/05,履約價2415.0,買權",TWTEO415BE69,2026/04/16,期貨及選擇權,,OCEICS,
"TEO24200E6　電子選擇權,2026/05,履約價2420.0,買權",TWTEO420BE62,2026/02/25,期貨及選擇權,,OCEICS,
"TEO24200F6　電子選擇權,2026/06,履約價2420.0,買權",TWTEO420BF61,2026/03/19,期貨及選擇權,,OCEICS,
"TEO24200G6　電子選擇權,2026/07,履約價2420.0,買權",TWTEO420BG60,2026/04/16,期貨及選擇權,,OCEICS,
"TEO24250E6　電子選擇權,2026/05,履約價2425.0,買權",TWTEO425BE67,2026/04/16,期貨及選擇權,,OCEICS,
"TEO24300E6　電子選擇權,2026/05,履約價2430.0,買權",TWTEO430BE60,2026/02/25,期貨及選擇權,,OCEICS,
"TEO24300F6　電子選擇權,2026/06,履約價2430.0,買權",TWTEO430BF69,2026/03/19,期貨及選擇權,,OCEICS,
"TEO24300G6　電子選擇權,2026/07,履約價2430.0,買權",TWTEO430BG68,2026/04/16,期貨及選擇權,,OCEICS,
"TEO24350E6　電子選擇權,2026/05,履約價2435.0,買權",TWTEO435BE65,2026/04/16,期貨及選擇權,,OCEICS,
"TEO24400E6　電子選擇權,2026/05,履約價2440.0,買權",TWTEO440BE68,2026/02/25,期貨及選擇權,,OCEICS,
"TEO24400F6　電子選擇權,2026/06,履約價2440.0,買權",TWTEO440BF67,2026/03/19,期貨及選擇權,,OCEICS,
"TEO24400G6　電子選擇權,2026/07,履約價2440.0,買權",TWTEO440BG66,2026/04/16,期貨及選擇權,,OCEICS,
"TEO24450E6　電子選擇權,2026/05,履約價2445.0,買權",TWTEO445BE63,2026/04/16,期貨及選擇權,,OCEICS,
"TEO24500E6　電子選擇權,2026/05,履約價2450.0,買權",TWTEO450BE65,2026/02/25,期貨及選擇權,,OCEICS,
"TEO24500F6　電子選擇權,2026/06,履約價2450.0,買權",TWTEO450BF64,2026/03/19,期貨及選擇權,,OCEICS,
"TEO24500G6　電子選擇權,2026/07,履約價2450.0,買權",TWTEO450BG63,2026/04/16,期貨及選擇權,,OCEICS,
"TEO24550E6　電子選擇權,2026/05,履約價2455.0,買權",TWTEO455BE60,2026/04/16,期貨及選擇權,,OCEICS,
"TEO24600E6　電子選擇權,2026/05,履約價2460.0,買權",TWTEO460BE63,2026/02/25,期貨及選擇權,,OCEICS,
"TEO24600F6　電子選擇權,2026/06,履約價2460.0,買權",TWTEO460BF62,2026/03/19,期貨及選擇權,,OCEICS,
"TEO24600G6　電子選擇權,2026/07,履約價2460.0,買權",TWTEO460BG61,2026/04/16,期貨及選擇權,,OCEICS,
"TEO24650E6　電子選擇權,2026/05,履約價2465.0,買權",TWTEO465BE68,2026/04/16,期貨及選擇權,,OCEICS,
"TEO24700E6　電子選擇權,2026/05,履約價2470.0,買權",TWTEO470BE61,2026/02/25,期貨及選擇權,,OCEICS,
"TEO24700F6　電子選擇權,2026/06,履約價2470.0,買權",TWTEO470BF60,2026/04/09,期貨及選擇權,,OCEICS,
"TEO24700G6　電子選擇權,2026/07,履約價2470.0,買權",TWTEO470BG69,2026/04/16,期貨及選擇權,,OCEICS,
"TEO24750E6　電子選擇權,2026/05,履約價2475.0,買權",TWTEO475BE66,2026/04/16,期貨及選擇權,,OCEICS,
"TEO24800E6　電子選擇權,2026/05,履約價2480.0,買權",TWTEO480BE69,2026/02/26,期貨及選擇權,,OCEICS,
"TEO24800F6　電子選擇權,2026/06,履約價2480.0,買權",TWTEO480BF68,2026/04/09,期貨及選擇權,,OCEICS,
"TEO24800G6　電子選擇權,2026/07,履約價2480.0,買權",TWTEO480BG67,2026/04/16,期貨及選擇權,,OCEICS,
"TEO24850E6　電子選擇權,2026/05,履約價2485.0,買權",TWTEO485BE64,2026/04/16,期貨及選擇權,,OCEICS,
"TEO24900E6　電子選擇權,2026/05,履約價2490.0,買權",TWTEO490BE67,2026/02/26,期貨及選擇權,,OCEICS,
"TEO24900F6　電子選擇權,2026/06,履約價2490.0,買權",TWTEO490BF66,2026/04/09,期貨及選擇權,,OCEICS,
"TEO24900G6　電子選擇權,2026/07,履約價2490.0,買權",TWTEO490BG65,2026/04/16,期貨及選擇權,,OCEICS,
"TEO24950E6　電子選擇權,2026/05,履約價2495.0,買權",TWTEO495BE62,2026/04/16,期貨及選擇權,,OCEICS,
"TEO25000E6　電子選擇權,2026/05,履約價2500.0,買權",TWTEO500BE65,2026/02/26,期貨及選擇權,,OCEICS,
"TEO25000F6　電子選擇權,2026/06,履約價2500.0,買權",TWTEO500BF64,2026/04/09,期貨及選擇權,,OCEICS,
"TEO25000G6　電子選擇權,2026/07,履約價2500.0,買權",TWTEO500BG63,2026/04/16,期貨及選擇權,,OCEICS,
"TEO25050E6　電子選擇權,2026/05,履約價2505.0,買權",TWTEO505BE60,2026/04/16,期貨及選擇權,,OCEICS,
"TEO25100E6　電子選擇權,2026/05,履約價2510.0,買權",TWTEO510BE63,2026/02/26,期貨及選擇權,,OCEICS,
"TEO25100F6　電子選擇權,2026/06,履約價2510.0,買權",TWTEO510BF62,2026/04/09,期貨及選擇權,,OCEICS,
"TEO25100G6　電子選擇權,2026/07,履約價2510.0,買權",TWTEO510BG61,2026/04/16,期貨及選擇權,,OCEICS,
"TEO25150E6　電子選擇權,2026/05,履約價2515.0,買權",TWTEO515BE68,2026/04/16,期貨及選擇權,,OCEICS,
"TEO25200E6　電子選擇權,2026/05,履約價2520.0,買權",TWTEO520BE61,2026/02/26,期貨及選擇權,,OCEICS,
"TEO25200F6　電子選擇權,2026/06,履約價2520.0,買權",TWTEO520BF60,2026/04/10,期貨及選擇權,,OCEICS,
"TEO25200G6　電子選擇權,2026/07,履約價2520.0,買權",TWTEO520BG69,2026/04/16,期貨及選擇權,,OCEICS,
"TEO25250E6　電子選擇權,2026/05,履約價2525.0,買權",TWTEO525BE66,2026/04/16,期貨及選擇權,,OCEICS,
"TEO25300E6　電子選擇權,2026/05,履約價2530.0,買權",TWTEO530BE69,2026/02/26,期貨及選擇權,,OCEICS,
"TEO25300F6　電子選擇權,2026/06,履約價2530.0,買權",TWTEO530BF68,2026/04/13,期貨及選擇權,,OCEICS,
"TEO25300G6　電子選擇權,2026/07,履約價2530.0,買權",TWTEO530BG67,2026/04/16,期貨及選擇權,,OCEICS,
"TEO25350E6　電子選擇權,2026/05,履約價2535.0,買權",TWTEO535BE64,2026/04/16,期貨及選擇權,,OCEICS,
"TEO25400E6　電子選擇權,2026/05,履約價2540.0,買權",TWTEO540BE67,2026/04/13,期貨及選擇權,,OCEICS,
"TEO25400F6　電子選擇權,2026/06,履約價2540.0,買權",TWTEO540BF66,2026/04/13,期貨及選擇權,,OCEICS,
"TEO25400G6　電子選擇權,2026/07,履約價2540.0,買權",TWTEO540BG65,2026/04/16,期貨及選擇權,,OCEICS,
"TEO25450E6　電子選擇權,2026/05,履約價2545.0,買權",TWTEO545BE62,2026/04/16,期貨及選擇權,,OCEICS,
"TEO25500E6　電子選擇權,2026/05,履約價2550.0,買權",TWTEO550BE64,2026/04/13,期貨及選擇權,,OCEICS,
"TEO25500F6　電子選擇權,2026/06,履約價2550.0,買權",TWTEO550BF63,2026/04/13,期貨及選擇權,,OCEICS,
"TEO25500G6　電子選擇權,2026/07,履約價2550.0,買權",TWTEO550BG62,2026/04/16,期貨及選擇權,,OCEICS,
"TEO25550E6　電子選擇權,2026/05,履約價2555.0,買權",TWTEO555BE69,2026/04/16,期貨及選擇權,,OCEICS,
"TEO25600E6　電子選擇權,2026/05,履約價2560.0,買權",TWTEO560BE62,2026/04/13,期貨及選擇權,,OCEICS,
"TEO25600F6　電子選擇權,2026/06,履約價2560.0,買權",TWTEO560BF61,2026/04/13,期貨及選擇權,,OCEICS,
"TEO25600G6　電子選擇權,2026/07,履約價2560.0,買權",TWTEO560BG60,2026/04/16,期貨及選擇權,,OCEICS,
"TEO25650E6　電子選擇權,2026/05,履約價2565.0,買權",TWTEO565BE67,2026/04/16,期貨及選擇權,,OCEICS,
"TEO25700E6　電子選擇權,2026/05,履約價2570.0,買權",TWTEO570BE60,2026/04/13,期貨及選擇權,,OCEICS,
"TEO25700F6　電子選擇權,2026/06,履約價2570.0,買權",TWTEO570BF69,2026/04/13,期貨及選擇權,,OCEICS,
"TEO25700G6　電子選擇權,2026/07,履約價2570.0,買權",TWTEO570BG68,2026/04/16,期貨及選擇權,,OCEICS,
"TEO25750E6　電子選擇權,2026/05,履約價2575.0,買權",TWTEO575BE65,2026/04/16,期貨及選擇權,,OCEICS,
"TEO25800E6　電子選擇權,2026/05,履約價2580.0,買權",TWTEO580BE68,2026/04/15,期貨及選擇權,,OCEICS,
"TEO25800F6　電子選擇權,2026/06,履約價2580.0,買權",TWTEO580BF67,2026/04/15,期貨及選擇權,,OCEICS,
"TEO25800G6　電子選擇權,2026/07,履約價2580.0,買權",TWTEO580BG66,2026/04/16,期貨及選擇權,,OCEICS,
"TEO25850E6　電子選擇權,2026/05,履約價2585.0,買權",TWTEO585BE63,2026/04/16,期貨及選擇權,,OCEICS,
"TEO25900E6　電子選擇權,2026/05,履約價2590.0,買權",TWTEO590BE66,2026/04/15,期貨及選擇權,,OCEICS,
"TEO25900F6　電子選擇權,2026/06,履約價2590.0,買權",TWTEO590BF65,2026/04/15,期貨及選擇權,,OCEICS,
"TEO25900G6　電子選擇權,2026/07,履約價2590.0,買權",TWTEO590BG64,2026/04/16,期貨及選擇權,,OCEICS,
"TEO25950E6　電子選擇權,2026/05,履約價2595.0,買權",TWTEO595BE61,2026/04/16,期貨及選擇權,,OCEICS,
"TEO26000E6　電子選擇權,2026/05,履約價2600.0,買權",TWTEO600BE64,2026/04/15,期貨及選擇權,,OCEICS,
"TEO26000F6　電子選擇權,2026/06,履約價2600.0,買權",TWTEO600BF63,2026/04/15,期貨及選擇權,,OCEICS,
"TEO26000G6　電子選擇權,2026/07,履約價2600.0,買權",TWTEO600BG62,2026/04/16,期貨及選擇權,,OCEICS,
"TEO26050E6　電子選擇權,2026/05,履約價2605.0,買權",TWTEO605BE69,2026/04/16,期貨及選擇權,,OCEICS,
"TEO26100E6　電子選擇權,2026/05,履約價2610.0,買權",TWTEO610BE62,2026/04/15,期貨及選擇權,,OCEICS,
"TEO26100F6　電子選擇權,2026/06,履約價2610.0,買權",TWTEO610BF61,2026/04/15,期貨及選擇權,,OCEICS,
"TEO26100G6　電子選擇權,2026/07,履約價2610.0,買權",TWTEO610BG60,2026/04/16,期貨及選擇權,,OCEICS,
"TEO26150E6　電子選擇權,2026/05,履約價2615.0,買權",TWTEO615BE67,2026/04/16,期貨及選擇權,,OCEICS,
"TEO26200E6　電子選擇權,2026/05,履約價2620.0,買權",TWTEO620BE60,2026/04/15,期貨及選擇權,,OCEICS,
"TEO26200F6　電子選擇權,2026/06,履約價2620.0,買權",TWTEO620BF69,2026/04/15,期貨及選擇權,,OCEICS,
"TEO26200G6　電子選擇權,2026/07,履約價2620.0,買權",TWTEO620BG68,2026/04/16,期貨及選擇權,,OCEICS,
"TEO26250E6　電子選擇權,2026/05,履約價2625.0,買權",TWTEO625BE65,2026/04/16,期貨及選擇權,,OCEICS,
"TEO26300E6　電子選擇權,2026/05,履約價2630.0,買權",TWTEO630BE68,2026/04/15,期貨及選擇權,,OCEICS,
"TEO26300F6　電子選擇權,2026/06,履約價2630.0,買權",TWTEO630BF67,2026/04/15,期貨及選擇權,,OCEICS,
"TEO26300G6　電子選擇權,2026/07,履約價2630.0,買權",TWTEO630BG66,2026/04/16,期貨及選擇權,,OCEICS,
"TEO26350E6　電子選擇權,2026/05,履約價2635.0,買權",TWTEO635BE63,2026/04/16,期貨及選擇權,,OCEICS,
"TEO26400E6　電子選擇權,2026/05,履約價2640.0,買權",TWTEO640BE66,2026/04/15,期貨及選擇權,,OCEICS,
"TEO26400F6　電子選擇權,2026/06,履約價2640.0,買權",TWTEO640BF65,2026/04/15,期貨及選擇權,,OCEICS,
"TEO26400G6　電子選擇權,2026/07,履約價2640.0,買權",TWTEO640BG64,2026/04/16,期貨及選擇權,,OCEICS,
"TEO26450E6　電子選擇權,2026/05,履約價2645.0,買權",TWTEO645BE61,2026/04/16,期貨及選擇權,,OCEICS,
"TEO26500E6　電子選擇權,2026/05,履約價2650.0,買權",TWTEO650BE63,2026/04/16,期貨及選擇權,,OCEICS,
"TEO26500F6　電子選擇權,2026/06,履約價2650.0,買權",TWTEO650BF62,2026/04/16,期貨及選擇權,,OCEICS,
"TEO26500G6　電子選擇權,2026/07,履約價2650.0,買權",TWTEO650BG61,2026/04/16,期貨及選擇權,,OCEICS,
"TEO26550E6　電子選擇權,2026/05,履約價2655.0,買權",TWTEO655BE68,2026/04/16,期貨及選擇權,,OCEICS,
"TEO26600E6　電子選擇權,2026/05,履約價2660.0,買權",TWTEO660BE61,2026/04/16,期貨及選擇權,,OCEICS,
"TEO26600F6　電子選擇權,2026/06,履約價2660.0,買權",TWTEO660BF60,2026/04/16,期貨及選擇權,,OCEICS,
"TEO26600G6　電子選擇權,2026/07,履約價2660.0,買權",TWTEO660BG69,2026/04/16,期貨及選擇權,,OCEICS,
"TEO26650E6　電子選擇權,2026/05,履約價2665.0,買權",TWTEO665BE66,2026/04/16,期貨及選擇權,,OCEICS,
"TEO26700E6　電子選擇權,2026/05,履約價2670.0,買權",TWTEO670BE69,2026/04/16,期貨及選擇權,,OCEICS,
"TEO26700F6　電子選擇權,2026/06,履約價2670.0,買權",TWTEO670BF68,2026/04/16,期貨及選擇權,,OCEICS,
"TEO26700G6　電子選擇權,2026/07,履約價2670.0,買權",TWTEO670BG67,2026/04/16,期貨及選擇權,,OCEICS,
"TEO26750E6　電子選擇權,2026/05,履約價2675.0,買權",TWTEO675BE64,2026/04/17,期貨及選擇權,,OCEICS,
"TEO26800E6　電子選擇權,2026/05,履約價2680.0,買權",TWTEO680BE67,2026/04/17,期貨及選擇權,,OCEICS,
"TEO26800F6　電子選擇權,2026/06,履約價2680.0,買權",TWTEO680BF66,2026/04/17,期貨及選擇權,,OCEICS,
"TEO26800G6　電子選擇權,2026/07,履約價2680.0,買權",TWTEO680BG65,2026/04/17,期貨及選擇權,,OCEICS,
"TEO26850E6　電子選擇權,2026/05,履約價2685.0,買權",TWTEO685BE62,2026/04/17,期貨及選擇權,,OCEICS,
"TEO26900E6　電子選擇權,2026/05,履約價2690.0,買權",TWTEO690BE65,2026/04/17,期貨及選擇權,,OCEICS,
"TEO26900F6　電子選擇權,2026/06,履約價2690.0,買權",TWTEO690BF64,2026/04/17,期貨及選擇權,,OCEICS,
"TEO26900G6　電子選擇權,2026/07,履約價2690.0,買權",TWTEO690BG63,2026/04/17,期貨及選擇權,,OCEICS,
"TEO26950E6　電子選擇權,2026/05,履約價2695.0,買權",TWTEO695BE60,2026/04/17,期貨及選擇權,,OCEICS,
"TEO27000E6　電子選擇權,2026/05,履約價2700.0,買權",TWTEO700BE63,2026/04/17,期貨及選擇權,,OCEICS,
"TEO27000F6　電子選擇權,2026/06,履約價2700.0,買權",TWTEO700BF62,2026/04/17,期貨及選擇權,,OCEICS,
"TEO27000G6　電子選擇權,2026/07,履約價2700.0,買權",TWTEO700BG61,2026/04/17,期貨及選擇權,,OCEICS,
"TEO27050E6　電子選擇權,2026/05,履約價2705.0,買權",TWTEO705BE68,2026/04/17,期貨及選擇權,,OCEICS,
"TEO27100E6　電子選擇權,2026/05,履約價2710.0,買權",TWTEO710BE61,2026/04/22,期貨及選擇權,,OCEICS,
"TEO27100F6　電子選擇權,2026/06,履約價2710.0,買權",TWTEO710BF60,2026/04/17,期貨及選擇權,,OCEICS,
"TEO27100G6　電子選擇權,2026/07,履約價2710.0,買權",TWTEO710BG69,2026/04/17,期貨及選擇權,,OCEICS,
"TEO27150E6　電子選擇權,2026/05,履約價2715.0,買權",TWTEO715BE66,2026/04/22,期貨及選擇權,,OCEICS,
"TEO27200E6　電子選擇權,2026/05,履約價2720.0,買權",TWTEO720BE69,2026/04/22,期貨及選擇權,,OCEICS,
"TEO27200F6　電子選擇權,2026/06,履約價2720.0,買權",TWTEO720BF68,2026/04/22,期貨及選擇權,,OCEICS,
"TEO27200G6　電子選擇權,2026/07,履約價2720.0,買權",TWTEO720BG67,2026/04/22,期貨及選擇權,,OCEICS,
"TEO27250E6　電子選擇權,2026/05,履約價2725.0,買權",TWTEO725BE64,2026/04/22,期貨及選擇權,,OCEICS,
"TEO27300E6　電子選擇權,2026/05,履約價2730.0,買權",TWTEO730BE67,2026/04/22,期貨及選擇權,,OCEICS,
"TEO27300F6　電子選擇權,2026/06,履約價2730.0,買權",TWTEO730BF66,2026/04/22,期貨及選擇權,,OCEICS,
"TEO27300G6　電子選擇權,2026/07,履約價2730.0,買權",TWTEO730BG65,2026/04/22,期貨及選擇權,,OCEICS,
"TEO27350E6　電子選擇權,2026/05,履約價2735.0,買權",TWTEO735BE62,2026/04/22,期貨及選擇權,,OCEICS,
"TEO27400E6　電子選擇權,2026/05,履約價2740.0,買權",TWTEO740BE65,2026/04/22,期貨及選擇權,,OCEICS,
"TEO27400F6　電子選擇權,2026/06,履約價2740.0,買權",TWTEO740BF64,2026/04/22,期貨及選擇權,,OCEICS,
"TEO27400G6　電子選擇權,2026/07,履約價2740.0,買權",TWTEO740BG63,2026/04/22,期貨及選擇權,,OCEICS,
"TEO27450E6　電子選擇權,2026/05,履約價2745.0,買權",TWTEO745BE60,2026/04/22,期貨及選擇權,,OCEICS,
"TEO27500E6　電子選擇權,2026/05,履約價2750.0,買權",TWTEO750BE62,2026/04/22,期貨及選擇權,,OCEICS,
"TEO27500F6　電子選擇權,2026/06,履約價2750.0,買權",TWTEO750BF61,2026/04/22,期貨及選擇權,,OCEICS,
"TEO27500G6　電子選擇權,2026/07,履約價2750.0,買權",TWTEO750BG60,2026/04/22,期貨及選擇權,,OCEICS,
"TEO27550E6　電子選擇權,2026/05,履約價2755.0,買權",TWTEO755BE67,2026/04/23,期貨及選擇權,,OCEICS,
"TEO27600E6　電子選擇權,2026/05,履約價2760.0,買權",TWTEO760BE60,2026/04/23,期貨及選擇權,,OCEICS,
"TEO27600F6　電子選擇權,2026/06,履約價2760.0,買權",TWTEO760BF69,2026/04/23,期貨及選擇權,,OCEICS,
"TEO27600G6　電子選擇權,2026/07,履約價2760.0,買權",TWTEO760BG68,2026/04/23,期貨及選擇權,,OCEICS,
"TEO27650E6　電子選擇權,2026/05,履約價2765.0,買權",TWTEO765BE65,2026/04/23,期貨及選擇權,,OCEICS,
"TEO27700E6　電子選擇權,2026/05,履約價2770.0,買權",TWTEO770BE68,2026/04/23,期貨及選擇權,,OCEICS,
"TEO27700F6　電子選擇權,2026/06,履約價2770.0,買權",TWTEO770BF67,2026/04/23,期貨及選擇權,,OCEICS,
"TEO27700G6　電子選擇權,2026/07,履約價2770.0,買權",TWTEO770BG66,2026/04/23,期貨及選擇權,,OCEICS,
"TEO27750E6　電子選擇權,2026/05,履約價2775.0,買權",TWTEO775BE63,2026/04/23,期貨及選擇權,,OCEICS,
"TEO27800E6　電子選擇權,2026/05,履約價2780.0,買權",TWTEO780BE66,2026/04/27,期貨及選擇權,,OCEICS,
"TEO27800F6　電子選擇權,2026/06,履約價2780.0,買權",TWTEO780BF65,2026/04/23,期貨及選擇權,,OCEICS,
"TEO27800G6　電子選擇權,2026/07,履約價2780.0,買權",TWTEO780BG64,2026/04/23,期貨及選擇權,,OCEICS,
"TEO27850E6　電子選擇權,2026/05,履約價2785.0,買權",TWTEO785BE61,2026/04/27,期貨及選擇權,,OCEICS,
"TEO27900E6　電子選擇權,2026/05,履約價2790.0,買權",TWTEO790BE64,2026/04/27,期貨及選擇權,,OCEICS,
"TEO27900F6　電子選擇權,2026/06,履約價2790.0,買權",TWTEO790BF63,2026/04/27,期貨及選擇權,,OCEICS,
"TEO27900G6　電子選擇權,2026/07,履約價2790.0,買權",TWTEO790BG62,2026/04/27,期貨及選擇權,,OCEICS,
"TEO27950E6　電子選擇權,2026/05,履約價2795.0,買權",TWTEO795BE69,2026/04/27,期貨及選擇權,,OCEICS,
"TEO28000E6　電子選擇權,2026/05,履約價2800.0,買權",TWTEO800BE62,2026/04/27,期貨及選擇權,,OCEICS,
"TEO28000F6　電子選擇權,2026/06,履約價2800.0,買權",TWTEO800BF61,2026/04/27,期貨及選擇權,,OCEICS,
"TEO28000G6　電子選擇權,2026/07,履約價2800.0,買權",TWTEO800BG60,2026/04/27,期貨及選擇權,,OCEICS,
"TEO28050E6　電子選擇權,2026/05,履約價2805.0,買權",TWTEO805BE67,2026/04/27,期貨及選擇權,,OCEICS,
"TEO28100E6　電子選擇權,2026/05,履約價2810.0,買權",TWTEO810BE60,2026/04/27,期貨及選擇權,,OCEICS,
"TEO28100F6　電子選擇權,2026/06,履約價2810.0,買權",TWTEO810BF69,2026/04/27,期貨及選擇權,,OCEICS,
"TEO28100G6　電子選擇權,2026/07,履約價2810.0,買權",TWTEO810BG68,2026/04/27,期貨及選擇權,,OCEICS,
"TEO28150E6　電子選擇權,2026/05,履約價2815.0,買權",TWTEO815BE65,2026/04/27,期貨及選擇權,,OCEICS,
"TEO28200E6　電子選擇權,2026/05,履約價2820.0,買權",TWTEO820BE68,2026/04/27,期貨及選擇權,,OCEICS,
"TEO28200F6　電子選擇權,2026/06,履約價2820.0,買權",TWTEO820BF67,2026/04/27,期貨及選擇權,,OCEICS,
"TEO28200G6　電子選擇權,2026/07,履約價2820.0,買權",TWTEO820BG66,2026/04/27,期貨及選擇權,,OCEICS,
"TEO28250E6　電子選擇權,2026/05,履約價2825.0,買權",TWTEO825BE63,2026/04/27,期貨及選擇權,,OCEICS,
"TEO28300E6　電子選擇權,2026/05,履約價2830.0,買權",TWTEO830BE66,2026/04/27,期貨及選擇權,,OCEICS,
"TEO28300F6　電子選擇權,2026/06,履約價2830.0,買權",TWTEO830BF65,2026/04/27,期貨及選擇權,,OCEICS,
"TEO28300G6　電子選擇權,2026/07,履約價2830.0,買權",TWTEO830BG64,2026/04/27,期貨及選擇權,,OCEICS,
"TEO28350E6　電子選擇權,2026/05,履約價2835.0,買權",TWTEO835BE61,2026/04/27,期貨及選擇權,,OCEICS,
"TEO28400E6　電子選擇權,2026/05,履約價2840.0,買權",TWTEO840BE64,2026/04/27,期貨及選擇權,,OCEICS,
"TEO28400F6　電子選擇權,2026/06,履約價2840.0,買權",TWTEO840BF63,2026/04/27,期貨及選擇權,,OCEICS,
"TEO28400G6　電子選擇權,2026/07,履約價2840.0,買權",TWTEO840BG62,2026/04/27,期貨及選擇權,,OCEICS,
"TEO28450E6　電子選擇權,2026/05,履約價2845.0,買權",TWTEO845BE69,2026/04/27,期貨及選擇權,,OCEICS,
"TEO28500E6　電子選擇權,2026/05,履約價2850.0,買權",TWTEO850BE61,2026/04/27,期貨及選擇權,,OCEICS,
"TEO28500F6　電子選擇權,2026/06,履約價2850.0,買權",TWTEO850BF60,2026/04/27,期貨及選擇權,,OCEICS,
"TEO28500G6　電子選擇權,2026/07,履約價2850.0,買權",TWTEO850BG69,2026/04/27,期貨及選擇權,,OCEICS,
"TEO28550E6　電子選擇權,2026/05,履約價2855.0,買權",TWTEO855BE66,2026/04/27,期貨及選擇權,,OCEICS,
"TEO28600E6　電子選擇權,2026/05,履約價2860.0,買權",TWTEO860BE69,2026/04/27,期貨及選擇權,,OCEICS,
"TEO28600F6　電子選擇權,2026/06,履約價2860.0,買權",TWTEO860BF68,2026/04/27,期貨及選擇權,,OCEICS,
"TEO28600G6　電子選擇權,2026/07,履約價2860.0,買權",TWTEO860BG67,2026/04/27,期貨及選擇權,,OCEICS,
"TEO28650E6　電子選擇權,2026/05,履約價2865.0,買權",TWTEO865BE64,2026/04/27,期貨及選擇權,,OCEICS,
"TEO28700E6　電子選擇權,2026/05,履約價2870.0,買權",TWTEO870BE67,2026/04/27,期貨及選擇權,,OCEICS,
"TEO28700F6　電子選擇權,2026/06,履約價2870.0,買權",TWTEO870BF66,2026/04/27,期貨及選擇權,,OCEICS,
"TEO28700G6　電子選擇權,2026/07,履約價2870.0,買權",TWTEO870BG65,2026/04/27,期貨及選擇權,,OCEICS,
"TEO28750E6　電子選擇權,2026/05,履約價2875.0,買權",TWTEO875BE62,2026/04/27,期貨及選擇權,,OCEICS,
"TEO28800E6　電子選擇權,2026/05,履約價2880.0,買權",TWTEO880BE65,2026/04/27,期貨及選擇權,,OCEICS,
"TEO28800F6　電子選擇權,2026/06,履約價2880.0,買權",TWTEO880BF64,2026/04/27,期貨及選擇權,,OCEICS,
"TEO28800G6　電子選擇權,2026/07,履約價2880.0,買權",TWTEO880BG63,2026/04/27,期貨及選擇權,,OCEICS,
"TEO28850E6　電子選擇權,2026/05,履約價2885.0,買權",TWTEO885BE60,2026/04/28,期貨及選擇權,,OCEICS,
"TEO28900E6　電子選擇權,2026/05,履約價2890.0,買權",TWTEO890BE63,2026/04/28,期貨及選擇權,,OCEICS,
"TEO28900F6　電子選擇權,2026/06,履約價2890.0,買權",TWTEO890BF62,2026/04/28,期貨及選擇權,,OCEICS,
"TEO28900G6　電子選擇權,2026/07,履約價2890.0,買權",TWTEO890BG61,2026/04/28,期貨及選擇權,,OCEICS,
"TEO28950E6　電子選擇權,2026/05,履約價2895.0,買權",TWTEO895BE68,2026/04/28,期貨及選擇權,,OCEICS,
"TEO29000E6　電子選擇權,2026/05,履約價2900.0,買權",TWTEO900BE61,2026/04/28,期貨及選擇權,,OCEICS,
"TEO29000F6　電子選擇權,2026/06,履約價2900.0,買權",TWTEO900BF60,2026/04/28,期貨及選擇權,,OCEICS,
"TEO29000G6　電子選擇權,2026/07,履約價2900.0,買權",TWTEO900BG69,2026/04/28,期貨及選擇權,,OCEICS,
"TEO29050E6　電子選擇權,2026/05,履約價2905.0,買權",TWTEO905BE66,2026/04/28,期貨及選擇權,,OCEICS,
"TEO29100E6　電子選擇權,2026/05,履約價2910.0,買權",TWTEO910BE69,2026/04/28,期貨及選擇權,,OCEICS,
"TEO29100F6　電子選擇權,2026/06,履約價2910.0,買權",TWTEO910BF68,2026/04/28,期貨及選擇權,,OCEICS,
"TEO29100G6　電子選擇權,2026/07,履約價2910.0,買權",TWTEO910BG67,2026/04/28,期貨及選擇權,,OCEICS,
"TEO29150E6　電子選擇權,2026/05,履約價2915.0,買權",TWTEO915BE64,2026/04/28,期貨及選擇權,,OCEICS,
"TEO29200E6　電子選擇權,2026/05,履約價2920.0,買權",TWTEO920BE67,2026/04/28,期貨及選擇權,,OCEICS,
"TEO29200F6　電子選擇權,2026/06,履約價2920.0,買權",TWTEO920BF66,2026/04/28,期貨及選擇權,,OCEICS,
"TEO29200G6　電子選擇權,2026/07,履約價2920.0,買權",TWTEO920BG65,2026/04/28,期貨及選擇權,,OCEICS,
"TEO29250E6　電子選擇權,2026/05,履約價2925.0,買權",TWTEO925BE62,2026/04/28,期貨及選擇權,,OCEICS,
"TEO29300E6　電子選擇權,2026/05,履約價2930.0,買權",TWTEO930BE65,2026/04/28,期貨及選擇權,,OCEICS,
"TEO29300F6　電子選擇權,2026/06,履約價2930.0,買權",TWTEO930BF64,2026/04/28,期貨及選擇權,,OCEICS,
"TEO29300G6　電子選擇權,2026/07,履約價2930.0,買權",TWTEO930BG63,2026/04/28,期貨及選擇權,,OCEICS,
"TEO29350E6　電子選擇權,2026/05,履約價2935.0,買權",TWTEO935BE60,2026/04/28,期貨及選擇權,,OCEICS,
"TEO29400E6　電子選擇權,2026/05,履約價2940.0,買權",TWTEO940BE63,2026/04/28,期貨及選擇權,,OCEICS,
"TEO29400F6　電子選擇權,2026/06,履約價2940.0,買權",TWTEO940BF62,2026/04/28,期貨及選擇權,,OCEICS,
"TEO29400G6　電子選擇權,2026/07,履約價2940.0,買權",TWTEO940BG61,2026/04/28,期貨及選擇權,,OCEICS,
"TEO29450E6　電子選擇權,2026/05,履約價2945.0,買權",TWTEO945BE68,2026/04/28,期貨及選擇權,,OCEICS,
"TEO29500E6　電子選擇權,2026/05,履約價2950.0,買權",TWTEO950BE60,2026/05/05,期貨及選擇權,,OCEICS,
"TEO29500F6　電子選擇權,2026/06,履約價2950.0,買權",TWTEO950BF69,2026/04/28,期貨及選擇權,,OCEICS,
"TEO29500G6　電子選擇權,2026/07,履約價2950.0,買權",TWTEO950BG68,2026/04/28,期貨及選擇權,,OCEICS,
"TEO29550E6　電子選擇權,2026/05,履約價2955.0,買權",TWTEO955BE65,2026/05/05,期貨及選擇權,,OCEICS,
"TEO29600E6　電子選擇權,2026/05,履約價2960.0,買權",TWTEO960BE68,2026/05/05,期貨及選擇權,,OCEICS,
"TEO29600F6　電子選擇權,2026/06,履約價2960.0,買權",TWTEO960BF67,2026/05/05,期貨及選擇權,,OCEICS,
"TEO29600G6　電子選擇權,2026/07,履約價2960.0,買權",TWTEO960BG66,2026/05/05,期貨及選擇權,,OCEICS,
"TEO29650E6　電子選擇權,2026/05,履約價2965.0,買權",TWTEO965BE63,2026/05/05,期貨及選擇權,,OCEICS,
"TEO29700E6　電子選擇權,2026/05,履約價2970.0,買權",TWTEO970BE66,2026/05/05,期貨及選擇權,,OCEICS,
"TEO29700F6　電子選擇權,2026/06,履約價2970.0,買權",TWTEO970BF65,2026/05/05,期貨及選擇權,,OCEICS,
"TEO29700G6　電子選擇權,2026/07,履約價2970.0,買權",TWTEO970BG64,2026/05/05,期貨及選擇權,,OCEICS,
"TEO29750E6　電子選擇權,2026/05,履約價2975.0,買權",TWTEO975BE61,2026/05/05,期貨及選擇權,,OCEICS,
"TEO29800E6　電子選擇權,2026/05,履約價2980.0,買權",TWTEO980BE64,2026/05/05,期貨及選擇權,,OCEICS,
"TEO29800F6　電子選擇權,2026/06,履約價2980.0,買權",TWTEO980BF63,2026/05/05,期貨及選擇權,,OCEICS,
"TEO29800G6　電子選擇權,2026/07,履約價2980.0,買權",TWTEO980BG62,2026/05/05,期貨及選擇權,,OCEICS,
"TEO29850E6　電子選擇權,2026/05,履約價2985.0,買權",TWTEO985BE69,2026/05/05,期貨及選擇權,,OCEICS,
"TEO29900E6　電子選擇權,2026/05,履約價2990.0,買權",TWTEO990BE62,2026/05/05,期貨及選擇權,,OCEICS,
"TEO29900F6　電子選擇權,2026/06,履約價2990.0,買權",TWTEO990BF61,2026/05/05,期貨及選擇權,,OCEICS,
"TEO29900G6　電子選擇權,2026/07,履約價2990.0,買權",TWTEO990BG60,2026/05/05,期貨及選擇權,,OCEICS,
"TEO29950E6　電子選擇權,2026/05,履約價2995.0,買權",TWTEO995BE67,2026/05/05,期貨及選擇權,,OCEICS,
"TEO30000E6　電子選擇權,2026/05,履約價3000.0,買權",TWTEO000CE69,2026/05/05,期貨及選擇權,,OCEICS,
"TEO30000F6　電子選擇權,2026/06,履約價3000.0,買權",TWTEO000CF68,2026/05/05,期貨及選擇權,,OCEICS,
"TEO30000G6　電子選擇權,2026/07,履約價3000.0,買權",TWTEO000CG67,2026/05/05,期貨及選擇權,,OCEICS,
"TEO30050E6　電子選擇權,2026/05,履約價3005.0,買權",TWTEO005CE64,2026/05/05,期貨及選擇權,,OCEICS,
"TEO30100E6　電子選擇權,2026/05,履約價3010.0,買權",TWTEO010CE67,2026/05/05,期貨及選擇權,,OCEICS,
"TEO30100F6　電子選擇權,2026/06,履約價3010.0,買權",TWTEO010CF66,2026/05/05,期貨及選擇權,,OCEICS,
"TEO30100G6　電子選擇權,2026/07,履約價3010.0,買權",TWTEO010CG65,2026/05/05,期貨及選擇權,,OCEICS,
"TEO30150E6　電子選擇權,2026/05,履約價3015.0,買權",TWTEO015CE62,2026/05/05,期貨及選擇權,,OCEICS,
"TEO30200E6　電子選擇權,2026/05,履約價3020.0,買權",TWTEO020CE65,2026/05/05,期貨及選擇權,,OCEICS,
"TEO30200F6　電子選擇權,2026/06,履約價3020.0,買權",TWTEO020CF64,2026/05/05,期貨及選擇權,,OCEICS,
"TEO30200G6　電子選擇權,2026/07,履約價3020.0,買權",TWTEO020CG63,2026/05/05,期貨及選擇權,,OCEICS,
"TEO30250E6　電子選擇權,2026/05,履約價3025.0,買權",TWTEO025CE60,2026/05/05,期貨及選擇權,,OCEICS,
"TEO30300E6　電子選擇權,2026/05,履約價3030.0,買權",TWTEO030CE63,2026/05/05,期貨及選擇權,,OCEICS,
"TEO30300F6　電子選擇權,2026/06,履約價3030.0,買權",TWTEO030CF62,2026/05/05,期貨及選擇權,,OCEICS,
"TEO30300G6　電子選擇權,2026/07,履約價3030.0,買權",TWTEO030CG61,2026/05/05,期貨及選擇權,,OCEICS,
"TEO30350E6　電子選擇權,2026/05,履約價3035.0,買權",TWTEO035CE68,2026/05/05,期貨及選擇權,,OCEICS,
"TEO30400E6　電子選擇權,2026/05,履約價3040.0,買權",TWTEO040CE61,2026/05/07,期貨及選擇權,,OCEICS,
"TEO30400F6　電子選擇權,2026/06,履約價3040.0,買權",TWTEO040CF60,2026/05/05,期貨及選擇權,,OCEICS,
"TEO30400G6　電子選擇權,2026/07,履約價3040.0,買權",TWTEO040CG69,2026/05/05,期貨及選擇權,,OCEICS,
"TEO30450E6　電子選擇權,2026/05,履約價3045.0,買權",TWTEO045CE66,2026/05/07,期貨及選擇權,,OCEICS,
"TEO30500E6　電子選擇權,2026/05,履約價3050.0,買權",TWTEO050CE68,2026/05/07,期貨及選擇權,,OCEICS,
"TEO30500F6　電子選擇權,2026/06,履約價3050.0,買權",TWTEO050CF67,2026/05/07,期貨及選擇權,,OCEICS,
"TEO30500G6　電子選擇權,2026/07,履約價3050.0,買權",TWTEO050CG66,2026/05/07,期貨及選擇權,,OCEICS,
"TEO30550E6　電子選擇權,2026/05,履約價3055.0,買權",TWTEO055CE63,2026/05/07,期貨及選擇權,,OCEICS,
"TEO30600E6　電子選擇權,2026/05,履約價3060.0,買權",TWTEO060CE66,2026/05/07,期貨及選擇權,,OCEICS,
"TEO30600F6　電子選擇權,2026/06,履約價3060.0,買權",TWTEO060CF65,2026/05/07,期貨及選擇權,,OCEICS,
"TEO30600G6　電子選擇權,2026/07,履約價3060.0,買權",TWTEO060CG64,2026/05/07,期貨及選擇權,,OCEICS,
"TEO30650E6　電子選擇權,2026/05,履約價3065.0,買權",TWTEO065CE61,2026/05/07,期貨及選擇權,,OCEICS,
"TEO30700E6　電子選擇權,2026/05,履約價3070.0,買權",TWTEO070CE64,2026/05/08,期貨及選擇權,,OCEICS,
"TEO30700F6　電子選擇權,2026/06,履約價3070.0,買權",TWTEO070CF63,2026/05/07,期貨及選擇權,,OCEICS,
"TEO30700G6　電子選擇權,2026/07,履約價3070.0,買權",TWTEO070CG62,2026/05/07,期貨及選擇權,,OCEICS,
"TEO30750E6　電子選擇權,2026/05,履約價3075.0,買權",TWTEO075CE69,2026/05/08,期貨及選擇權,,OCEICS,
"TEO30800E6　電子選擇權,2026/05,履約價3080.0,買權",TWTEO080CE62,2026/05/08,期貨及選擇權,,OCEICS,
"TEO30800F6　電子選擇權,2026/06,履約價3080.0,買權",TWTEO080CF61,2026/05/08,期貨及選擇權,,OCEICS,
"TEO30800G6　電子選擇權,2026/07,履約價3080.0,買權",TWTEO080CG60,2026/05/08,期貨及選擇權,,OCEICS,
"TEO30850E6　電子選擇權,2026/05,履約價3085.0,買權",TWTEO085CE67,2026/05/08,期貨及選擇權,,OCEICS,
"TEO30900E6　電子選擇權,2026/05,履約價3090.0,買權",TWTEO090CE60,2026/05/08,期貨及選擇權,,OCEICS,
"TEO30900F6　電子選擇權,2026/06,履約價3090.0,買權",TWTEO090CF69,2026/05/08,期貨及選擇權,,OCEICS,
"TEO30900G6　電子選擇權,2026/07,履約價3090.0,買權",TWTEO090CG68,2026/05/08,期貨及選擇權,,OCEICS,
"TEO30950E6　電子選擇權,2026/05,履約價3095.0,買權",TWTEO095CE65,2026/05/08,期貨及選擇權,,OCEICS,
"TEO31000E6　電子選擇權,2026/05,履約價3100.0,買權",TWTEO100CE68,2026/05/08,期貨及選擇權,,OCEICS,
"TEO31000F6　電子選擇權,2026/06,履約價3100.0,買權",TWTEO100CF67,2026/05/08,期貨及選擇權,,OCEICS,
"TEO31000G6　電子選擇權,2026/07,履約價3100.0,買權",TWTEO100CG66,2026/05/08,期貨及選擇權,,OCEICS,
"TEO31050E6　電子選擇權,2026/05,履約價3105.0,買權",TWTEO105CE63,2026/05/08,期貨及選擇權,,OCEICS,
"TEO31100E6　電子選擇權,2026/05,履約價3110.0,買權",TWTEO110CE66,2026/05/08,期貨及選擇權,,OCEICS,
"TEO31100F6　電子選擇權,2026/06,履約價3110.0,買權",TWTEO110CF65,2026/05/08,期貨及選擇權,,OCEICS,
"TEO31100G6　電子選擇權,2026/07,履約價3110.0,買權",TWTEO110CG64,2026/05/08,期貨及選擇權,,OCEICS,
"TEO31150E6　電子選擇權,2026/05,履約價3115.0,買權",TWTEO115CE61,2026/05/08,期貨及選擇權,,OCEICS,
"TEO31200E6　電子選擇權,2026/05,履約價3120.0,買權",TWTEO120CE64,2026/05/08,期貨及選擇權,,OCEICS,
"TEO31200F6　電子選擇權,2026/06,履約價3120.0,買權",TWTEO120CF63,2026/05/08,期貨及選擇權,,OCEICS,
"TEO31200G6　電子選擇權,2026/07,履約價3120.0,買權",TWTEO120CG62,2026/05/08,期貨及選擇權,,OCEICS,
"TEO31250E6　電子選擇權,2026/05,履約價3125.0,買權",TWTEO125CE69,2026/05/08,期貨及選擇權,,OCEICS,
"TEO31300E6　電子選擇權,2026/05,履約價3130.0,買權",TWTEO130CE62,2026/05/08,期貨及選擇權,,OCEICS,
"TEO31300F6　電子選擇權,2026/06,履約價3130.0,買權",TWTEO130CF61,2026/05/08,期貨及選擇權,,OCEICS,
"TEO31300G6　電子選擇權,2026/07,履約價3130.0,買權",TWTEO130CG60,2026/05/08,期貨及選擇權,,OCEICS,
"TEO31350E6　電子選擇權,2026/05,履約價3135.0,買權",TWTEO135CE67,2026/05/08,期貨及選擇權,,OCEICS,
"TEO31400F6　電子選擇權,2026/06,履約價3140.0,買權",TWTEO140CF69,2026/05/08,期貨及選擇權,,OCEICS,
"TEO31400G6　電子選擇權,2026/07,履約價3140.0,買權",TWTEO140CG68,2026/05/08,期貨及選擇權,,OCEICS,
電子選擇權賣權
"TEO16600Q6　電子選擇權,2026/05,履約價1660.0,賣權",TWTEO660AQ68,2026/04/01,期貨及選擇權,,OPEICS,
"TEO16600R6　電子選擇權,2026/06,履約價1660.0,賣權",TWTEO660AR67,2026/04/01,期貨及選擇權,,OPEICS,
"TEO16700Q6　電子選擇權,2026/05,履約價1670.0,賣權",TWTEO670AQ66,2026/03/10,期貨及選擇權,,OPEICS,
"TEO16700R6　電子選擇權,2026/06,履約價1670.0,賣權",TWTEO670AR65,2026/04/01,期貨及選擇權,,OPEICS,
"TEO16800Q6　電子選擇權,2026/05,履約價1680.0,賣權",TWTEO680AQ64,2026/03/10,期貨及選擇權,,OPEICS,
"TEO16800R6　電子選擇權,2026/06,履約價1680.0,賣權",TWTEO680AR63,2026/04/01,期貨及選擇權,,OPEICS,
"TEO16900Q6　電子選擇權,2026/05,履約價1690.0,賣權",TWTEO690AQ62,2026/03/10,期貨及選擇權,,OPEICS,
"TEO16900R6　電子選擇權,2026/06,履約價1690.0,賣權",TWTEO690AR61,2026/04/01,期貨及選擇權,,OPEICS,
"TEO17000Q6　電子選擇權,2026/05,履約價1700.0,賣權",TWTEO700AQ60,2026/03/10,期貨及選擇權,,OPEICS,
"TEO17000R6　電子選擇權,2026/06,履約價1700.0,賣權",TWTEO700AR69,2026/04/01,期貨及選擇權,,OPEICS,
"TEO17100Q6　電子選擇權,2026/05,履約價1710.0,賣權",TWTEO710AQ68,2026/03/10,期貨及選擇權,,OPEICS,
"TEO17100R6　電子選擇權,2026/06,履約價1710.0,賣權",TWTEO710AR67,2026/03/25,期貨及選擇權,,OPEICS,
"TEO17200Q6　電子選擇權,2026/05,履約價1720.0,賣權",TWTEO720AQ66,2026/03/05,期貨及選擇權,,OPEICS,
"TEO17200R6　電子選擇權,2026/06,履約價1720.0,賣權",TWTEO720AR65,2026/03/24,期貨及選擇權,,OPEICS,
"TEO17300Q6　電子選擇權,2026/05,履約價1730.0,賣權",TWTEO730AQ64,2026/03/05,期貨及選擇權,,OPEICS,
"TEO17300R6　電子選擇權,2026/06,履約價1730.0,賣權",TWTEO730AR63,2026/03/24,期貨及選擇權,,OPEICS,
"TEO17400Q6　電子選擇權,2026/05,履約價1740.0,賣權",TWTEO740AQ62,2026/03/05,期貨及選擇權,,OPEICS,
"TEO17400R6　電子選擇權,2026/06,履約價1740.0,賣權",TWTEO740AR61,2026/03/24,期貨及選擇權,,OPEICS,
"TEO17500Q6　電子選擇權,2026/05,履約價1750.0,賣權",TWTEO750AQ69,2026/03/05,期貨及選擇權,,OPEICS,
"TEO17500R6　電子選擇權,2026/06,履約價1750.0,賣權",TWTEO750AR68,2026/03/24,期貨及選擇權,,OPEICS,
"TEO17600Q6　電子選擇權,2026/05,履約價1760.0,賣權",TWTEO760AQ67,2026/02/24,期貨及選擇權,,OPEICS,
"TEO17600R6　電子選擇權,2026/06,履約價1760.0,賣權",TWTEO760AR66,2026/03/24,期貨及選擇權,,OPEICS,
"TEO17700Q6　電子選擇權,2026/05,履約價1770.0,賣權",TWTEO770AQ65,2026/02/24,期貨及選擇權,,OPEICS,
"TEO17700R6　電子選擇權,2026/06,履約價1770.0,賣權",TWTEO770AR64,2026/03/23,期貨及選擇權,,OPEICS,
"TEO17800Q6　電子選擇權,2026/05,履約價1780.0,賣權",TWTEO780AQ63,2026/02/24,期貨及選擇權,,OPEICS,
"TEO17800R6　電子選擇權,2026/06,履約價1780.0,賣權",TWTEO780AR62,2026/03/20,期貨及選擇權,,OPEICS,
"TEO17900Q6　電子選擇權,2026/05,履約價1790.0,賣權",TWTEO790AQ61,2026/02/24,期貨及選擇權,,OPEICS,
"TEO17900R6　電子選擇權,2026/06,履約價1790.0,賣權",TWTEO790AR60,2026/03/20,期貨及選擇權,,OPEICS,
"TEO18000Q6　電子選擇權,2026/05,履約價1800.0,賣權",TWTEO800AQ69,2026/02/24,期貨及選擇權,,OPEICS,
"TEO18000R6　電子選擇權,2026/06,履約價1800.0,賣權",TWTEO800AR68,2026/03/20,期貨及選擇權,,OPEICS,
"TEO18100Q6　電子選擇權,2026/05,履約價1810.0,賣權",TWTEO810AQ67,2026/02/24,期貨及選擇權,,OPEICS,
"TEO18100R6　電子選擇權,2026/06,履約價1810.0,賣權",TWTEO810AR66,2026/03/19,期貨及選擇權,,OPEICS,
"TEO18200Q6　電子選擇權,2026/05,履約價1820.0,賣權",TWTEO820AQ65,2026/02/24,期貨及選擇權,,OPEICS,
"TEO18200R6　電子選擇權,2026/06,履約價1820.0,賣權",TWTEO820AR64,2026/03/19,期貨及選擇權,,OPEICS,
"TEO18300Q6　電子選擇權,2026/05,履約價1830.0,賣權",TWTEO830AQ63,2026/02/24,期貨及選擇權,,OPEICS,
"TEO18300R6　電子選擇權,2026/06,履約價1830.0,賣權",TWTEO830AR62,2026/03/19,期貨及選擇權,,OPEICS,
"TEO18400Q6　電子選擇權,2026/05,履約價1840.0,賣權",TWTEO840AQ61,2026/02/24,期貨及選擇權,,OPEICS,
"TEO18400R6　電子選擇權,2026/06,履約價1840.0,賣權",TWTEO840AR60,2026/03/19,期貨及選擇權,,OPEICS,
"TEO18500Q6　電子選擇權,2026/05,履約價1850.0,賣權",TWTEO850AQ68,2026/02/24,期貨及選擇權,,OPEICS,
"TEO18500R6　電子選擇權,2026/06,履約價1850.0,賣權",TWTEO850AR67,2026/03/19,期貨及選擇權,,OPEICS,
"TEO18600Q6　電子選擇權,2026/05,履約價1860.0,賣權",TWTEO860AQ66,2026/02/24,期貨及選擇權,,OPEICS,
"TEO18600R6　電子選擇權,2026/06,履約價1860.0,賣權",TWTEO860AR65,2026/03/19,期貨及選擇權,,OPEICS,
"TEO18700Q6　電子選擇權,2026/05,履約價1870.0,賣權",TWTEO870AQ64,2026/02/24,期貨及選擇權,,OPEICS,
"TEO18700R6　電子選擇權,2026/06,履約價1870.0,賣權",TWTEO870AR63,2026/03/19,期貨及選擇權,,OPEICS,
"TEO18800Q6　電子選擇權,2026/05,履約價1880.0,賣權",TWTEO880AQ62,2026/02/24,期貨及選擇權,,OPEICS,
"TEO18800R6　電子選擇權,2026/06,履約價1880.0,賣權",TWTEO880AR61,2026/03/19,期貨及選擇權,,OPEICS,
"TEO18900Q6　電子選擇權,2026/05,履約價1890.0,賣權",TWTEO890AQ60,2026/02/24,期貨及選擇權,,OPEICS,
"TEO18900R6　電子選擇權,2026/06,履約價1890.0,賣權",TWTEO890AR69,2026/03/19,期貨及選擇權,,OPEICS,
"TEO19000Q6　電子選擇權,2026/05,履約價1900.0,賣權",TWTEO900AQ68,2026/02/24,期貨及選擇權,,OPEICS,
"TEO19000R6　電子選擇權,2026/06,履約價1900.0,賣權",TWTEO900AR67,2026/03/19,期貨及選擇權,,OPEICS,
"TEO19100Q6　電子選擇權,2026/05,履約價1910.0,賣權",TWTEO910AQ66,2026/02/24,期貨及選擇權,,OPEICS,
"TEO19100R6　電子選擇權,2026/06,履約價1910.0,賣權",TWTEO910AR65,2026/03/19,期貨及選擇權,,OPEICS,
"TEO19200Q6　電子選擇權,2026/05,履約價1920.0,賣權",TWTEO920AQ64,2026/02/24,期貨及選擇權,,OPEICS,
"TEO19200R6　電子選擇權,2026/06,履約價1920.0,賣權",TWTEO920AR63,2026/03/19,期貨及選擇權,,OPEICS,
"TEO19300Q6　電子選擇權,2026/05,履約價1930.0,賣權",TWTEO930AQ62,2026/02/24,期貨及選擇權,,OPEICS,
"TEO19300R6　電子選擇權,2026/06,履約價1930.0,賣權",TWTEO930AR61,2026/03/19,期貨及選擇權,,OPEICS,
"TEO19400Q6　電子選擇權,2026/05,履約價1940.0,賣權",TWTEO940AQ60,2026/02/24,期貨及選擇權,,OPEICS,
"TEO19400R6　電子選擇權,2026/06,履約價1940.0,賣權",TWTEO940AR69,2026/03/19,期貨及選擇權,,OPEICS,
"TEO19500Q6　電子選擇權,2026/05,履約價1950.0,賣權",TWTEO950AQ67,2026/02/24,期貨及選擇權,,OPEICS,
"TEO19500R6　電子選擇權,2026/06,履約價1950.0,賣權",TWTEO950AR66,2026/03/19,期貨及選擇權,,OPEICS,
"TEO19600Q6　電子選擇權,2026/05,履約價1960.0,賣權",TWTEO960AQ65,2026/02/24,期貨及選擇權,,OPEICS,
"TEO19600R6　電子選擇權,2026/06,履約價1960.0,賣權",TWTEO960AR64,2026/03/19,期貨及選擇權,,OPEICS,
"TEO19700Q6　電子選擇權,2026/05,履約價1970.0,賣權",TWTEO970AQ63,2026/02/24,期貨及選擇權,,OPEICS,
"TEO19700R6　電子選擇權,2026/06,履約價1970.0,賣權",TWTEO970AR62,2026/03/19,期貨及選擇權,,OPEICS,
"TEO19700S6　電子選擇權,2026/07,履約價1970.0,賣權",TWTEO970AS61,2026/04/16,期貨及選擇權,,OPEICS,
"TEO19750Q6　電子選擇權,2026/05,履約價1975.0,賣權",TWTEO975AQ68,2026/04/16,期貨及選擇權,,OPEICS,
"TEO19800Q6　電子選擇權,2026/05,履約價1980.0,賣權",TWTEO980AQ61,2026/02/24,期貨及選擇權,,OPEICS,
"TEO19800R6　電子選擇權,2026/06,履約價1980.0,賣權",TWTEO980AR60,2026/03/19,期貨及選擇權,,OPEICS,
"TEO19800S6　電子選擇權,2026/07,履約價1980.0,賣權",TWTEO980AS69,2026/04/16,期貨及選擇權,,OPEICS,
"TEO19850Q6　電子選擇權,2026/05,履約價1985.0,賣權",TWTEO985AQ66,2026/04/16,期貨及選擇權,,OPEICS,
"TEO19900Q6　電子選擇權,2026/05,履約價1990.0,賣權",TWTEO990AQ69,2026/02/24,期貨及選擇權,,OPEICS,
"TEO19900R6　電子選擇權,2026/06,履約價1990.0,賣權",TWTEO990AR68,2026/03/19,期貨及選擇權,,OPEICS,
"TEO19900S6　電子選擇權,2026/07,履約價1990.0,賣權",TWTEO990AS67,2026/04/16,期貨及選擇權,,OPEICS,
"TEO19950Q6　電子選擇權,2026/05,履約價1995.0,賣權",TWTEO995AQ64,2026/04/16,期貨及選擇權,,OPEICS,
"TEO20000Q6　電子選擇權,2026/05,履約價2000.0,賣權",TWTEO000BQ66,2026/02/24,期貨及選擇權,,OPEICS,
"TEO20000R6　電子選擇權,2026/06,履約價2000.0,賣權",TWTEO000BR65,2026/03/19,期貨及選擇權,,OPEICS,
"TEO20000S6　電子選擇權,2026/07,履約價2000.0,賣權",TWTEO000BS64,2026/04/16,期貨及選擇權,,OPEICS,
"TEO20050Q6　電子選擇權,2026/05,履約價2005.0,賣權",TWTEO005BQ61,2026/04/16,期貨及選擇權,,OPEICS,
"TEO20100Q6　電子選擇權,2026/05,履約價2010.0,賣權",TWTEO010BQ64,2026/02/24,期貨及選擇權,,OPEICS,
"TEO20100R6　電子選擇權,2026/06,履約價2010.0,賣權",TWTEO010BR63,2026/03/19,期貨及選擇權,,OPEICS,
"TEO20100S6　電子選擇權,2026/07,履約價2010.0,賣權",TWTEO010BS62,2026/04/16,期貨及選擇權,,OPEICS,
"TEO20150Q6　電子選擇權,2026/05,履約價2015.0,賣權",TWTEO015BQ69,2026/04/16,期貨及選擇權,,OPEICS,
"TEO20200Q6　電子選擇權,2026/05,履約價2020.0,賣權",TWTEO020BQ62,2026/02/24,期貨及選擇權,,OPEICS,
"TEO20200R6　電子選擇權,2026/06,履約價2020.0,賣權",TWTEO020BR61,2026/03/19,期貨及選擇權,,OPEICS,
"TEO20200S6　電子選擇權,2026/07,履約價2020.0,賣權",TWTEO020BS60,2026/04/16,期貨及選擇權,,OPEICS,
"TEO20250Q6　電子選擇權,2026/05,履約價2025.0,賣權",TWTEO025BQ67,2026/04/16,期貨及選擇權,,OPEICS,
"TEO20300Q6　電子選擇權,2026/05,履約價2030.0,賣權",TWTEO030BQ60,2026/02/24,期貨及選擇權,,OPEICS,
"TEO20300R6　電子選擇權,2026/06,履約價2030.0,賣權",TWTEO030BR69,2026/03/19,期貨及選擇權,,OPEICS,
"TEO20300S6　電子選擇權,2026/07,履約價2030.0,賣權",TWTEO030BS68,2026/04/16,期貨及選擇權,,OPEICS,
"TEO20350Q6　電子選擇權,2026/05,履約價2035.0,賣權",TWTEO035BQ65,2026/04/16,期貨及選擇權,,OPEICS,
"TEO20400Q6　電子選擇權,2026/05,履約價2040.0,賣權",TWTEO040BQ68,2026/02/24,期貨及選擇權,,OPEICS,
"TEO20400R6　電子選擇權,2026/06,履約價2040.0,賣權",TWTEO040BR67,2026/03/19,期貨及選擇權,,OPEICS,
"TEO20400S6　電子選擇權,2026/07,履約價2040.0,賣權",TWTEO040BS66,2026/04/16,期貨及選擇權,,OPEICS,
"TEO20450Q6　電子選擇權,2026/05,履約價2045.0,賣權",TWTEO045BQ63,2026/04/16,期貨及選擇權,,OPEICS,
"TEO20500Q6　電子選擇權,2026/05,履約價2050.0,賣權",TWTEO050BQ65,2026/02/24,期貨及選擇權,,OPEICS,
"TEO20500R6　電子選擇權,2026/06,履約價2050.0,賣權",TWTEO050BR64,2026/03/19,期貨及選擇權,,OPEICS,
"TEO20500S6　電子選擇權,2026/07,履約價2050.0,賣權",TWTEO050BS63,2026/04/16,期貨及選擇權,,OPEICS,
"TEO20550Q6　電子選擇權,2026/05,履約價2055.0,賣權",TWTEO055BQ60,2026/04/16,期貨及選擇權,,OPEICS,
"TEO20600Q6　電子選擇權,2026/05,履約價2060.0,賣權",TWTEO060BQ63,2026/02/24,期貨及選擇權,,OPEICS,
"TEO20600R6　電子選擇權,2026/06,履約價2060.0,賣權",TWTEO060BR62,2026/03/19,期貨及選擇權,,OPEICS,
"TEO20600S6　電子選擇權,2026/07,履約價2060.0,賣權",TWTEO060BS61,2026/04/16,期貨及選擇權,,OPEICS,
"TEO20650Q6　電子選擇權,2026/05,履約價2065.0,賣權",TWTEO065BQ68,2026/04/16,期貨及選擇權,,OPEICS,
"TEO20700Q6　電子選擇權,2026/05,履約價2070.0,賣權",TWTEO070BQ61,2026/02/24,期貨及選擇權,,OPEICS,
"TEO20700R6　電子選擇權,2026/06,履約價2070.0,賣權",TWTEO070BR60,2026/03/19,期貨及選擇權,,OPEICS,
"TEO20700S6　電子選擇權,2026/07,履約價2070.0,賣權",TWTEO070BS69,2026/04/16,期貨及選擇權,,OPEICS,
"TEO20750Q6　電子選擇權,2026/05,履約價2075.0,賣權",TWTEO075BQ66,2026/04/16,期貨及選擇權,,OPEICS,
"TEO20800Q6　電子選擇權,2026/05,履約價2080.0,賣權",TWTEO080BQ69,2026/02/24,期貨及選擇權,,OPEICS,
"TEO20800R6　電子選擇權,2026/06,履約價2080.0,賣權",TWTEO080BR68,2026/03/19,期貨及選擇權,,OPEICS,
"TEO20800S6　電子選擇權,2026/07,履約價2080.0,賣權",TWTEO080BS67,2026/04/16,期貨及選擇權,,OPEICS,
"TEO20850Q6　電子選擇權,2026/05,履約價2085.0,賣權",TWTEO085BQ64,2026/04/16,期貨及選擇權,,OPEICS,
"TEO20900Q6　電子選擇權,2026/05,履約價2090.0,賣權",TWTEO090BQ67,2026/02/24,期貨及選擇權,,OPEICS,
"TEO20900R6　電子選擇權,2026/06,履約價2090.0,賣權",TWTEO090BR66,2026/03/19,期貨及選擇權,,OPEICS,
"TEO20900S6　電子選擇權,2026/07,履約價2090.0,賣權",TWTEO090BS65,2026/04/16,期貨及選擇權,,OPEICS,
"TEO20950Q6　電子選擇權,2026/05,履約價2095.0,賣權",TWTEO095BQ62,2026/04/16,期貨及選擇權,,OPEICS,
"TEO21000Q6　電子選擇權,2026/05,履約價2100.0,賣權",TWTEO100BQ65,2026/02/24,期貨及選擇權,,OPEICS,
"TEO21000R6　電子選擇權,2026/06,履約價2100.0,賣權",TWTEO100BR64,2026/03/19,期貨及選擇權,,OPEICS,
"TEO21000S6　電子選擇權,2026/07,履約價2100.0,賣權",TWTEO100BS63,2026/04/16,期貨及選擇權,,OPEICS,
"TEO21050Q6　電子選擇權,2026/05,履約價2105.0,賣權",TWTEO105BQ60,2026/04/16,期貨及選擇權,,OPEICS,
"TEO21100Q6　電子選擇權,2026/05,履約價2110.0,賣權",TWTEO110BQ63,2026/02/24,期貨及選擇權,,OPEICS,
"TEO21100R6　電子選擇權,2026/06,履約價2110.0,賣權",TWTEO110BR62,2026/03/19,期貨及選擇權,,OPEICS,
"TEO21100S6　電子選擇權,2026/07,履約價2110.0,賣權",TWTEO110BS61,2026/04/16,期貨及選擇權,,OPEICS,
"TEO21150Q6　電子選擇權,2026/05,履約價2115.0,賣權",TWTEO115BQ68,2026/04/16,期貨及選擇權,,OPEICS,
"TEO21200Q6　電子選擇權,2026/05,履約價2120.0,賣權",TWTEO120BQ61,2026/02/24,期貨及選擇權,,OPEICS,
"TEO21200R6　電子選擇權,2026/06,履約價2120.0,賣權",TWTEO120BR60,2026/03/19,期貨及選擇權,,OPEICS,
"TEO21200S6　電子選擇權,2026/07,履約價2120.0,賣權",TWTEO120BS69,2026/04/16,期貨及選擇權,,OPEICS,
"TEO21250Q6　電子選擇權,2026/05,履約價2125.0,賣權",TWTEO125BQ66,2026/04/16,期貨及選擇權,,OPEICS,
"TEO21300Q6　電子選擇權,2026/05,履約價2130.0,賣權",TWTEO130BQ69,2026/02/24,期貨及選擇權,,OPEICS,
"TEO21300R6　電子選擇權,2026/06,履約價2130.0,賣權",TWTEO130BR68,2026/03/19,期貨及選擇權,,OPEICS,
"TEO21300S6　電子選擇權,2026/07,履約價2130.0,賣權",TWTEO130BS67,2026/04/16,期貨及選擇權,,OPEICS,
"TEO21350Q6　電子選擇權,2026/05,履約價2135.0,賣權",TWTEO135BQ64,2026/04/16,期貨及選擇權,,OPEICS,
"TEO21400Q6　電子選擇權,2026/05,履約價2140.0,賣權",TWTEO140BQ67,2026/02/24,期貨及選擇權,,OPEICS,
"TEO21400R6　電子選擇權,2026/06,履約價2140.0,賣權",TWTEO140BR66,2026/03/19,期貨及選擇權,,OPEICS,
"TEO21400S6　電子選擇權,2026/07,履約價2140.0,賣權",TWTEO140BS65,2026/04/16,期貨及選擇權,,OPEICS,
"TEO21450Q6　電子選擇權,2026/05,履約價2145.0,賣權",TWTEO145BQ62,2026/04/16,期貨及選擇權,,OPEICS,
"TEO21500Q6　電子選擇權,2026/05,履約價2150.0,賣權",TWTEO150BQ64,2026/02/24,期貨及選擇權,,OPEICS,
"TEO21500R6　電子選擇權,2026/06,履約價2150.0,賣權",TWTEO150BR63,2026/03/19,期貨及選擇權,,OPEICS,
"TEO21500S6　電子選擇權,2026/07,履約價2150.0,賣權",TWTEO150BS62,2026/04/16,期貨及選擇權,,OPEICS,
"TEO21550Q6　電子選擇權,2026/05,履約價2155.0,賣權",TWTEO155BQ69,2026/04/16,期貨及選擇權,,OPEICS,
"TEO21600Q6　電子選擇權,2026/05,履約價2160.0,賣權",TWTEO160BQ62,2026/02/24,期貨及選擇權,,OPEICS,
"TEO21600R6　電子選擇權,2026/06,履約價2160.0,賣權",TWTEO160BR61,2026/03/19,期貨及選擇權,,OPEICS,
"TEO21600S6　電子選擇權,2026/07,履約價2160.0,賣權",TWTEO160BS60,2026/04/16,期貨及選擇權,,OPEICS,
"TEO21650Q6　電子選擇權,2026/05,履約價2165.0,賣權",TWTEO165BQ67,2026/04/16,期貨及選擇權,,OPEICS,
"TEO21700Q6　電子選擇權,2026/05,履約價2170.0,賣權",TWTEO170BQ60,2026/02/24,期貨及選擇權,,OPEICS,
"TEO21700R6　電子選擇權,2026/06,履約價2170.0,賣權",TWTEO170BR69,2026/03/19,期貨及選擇權,,OPEICS,
"TEO21700S6　電子選擇權,2026/07,履約價2170.0,賣權",TWTEO170BS68,2026/04/16,期貨及選擇權,,OPEICS,
"TEO21750Q6　電子選擇權,2026/05,履約價2175.0,賣權",TWTEO175BQ65,2026/04/16,期貨及選擇權,,OPEICS,
"TEO21800Q6　電子選擇權,2026/05,履約價2180.0,賣權",TWTEO180BQ68,2026/02/24,期貨及選擇權,,OPEICS,
"TEO21800R6　電子選擇權,2026/06,履約價2180.0,賣權",TWTEO180BR67,2026/03/19,期貨及選擇權,,OPEICS,
"TEO21800S6　電子選擇權,2026/07,履約價2180.0,賣權",TWTEO180BS66,2026/04/16,期貨及選擇權,,OPEICS,
"TEO21850Q6　電子選擇權,2026/05,履約價2185.0,賣權",TWTEO185BQ63,2026/04/16,期貨及選擇權,,OPEICS,
"TEO21900Q6　電子選擇權,2026/05,履約價2190.0,賣權",TWTEO190BQ66,2026/02/24,期貨及選擇權,,OPEICS,
"TEO21900R6　電子選擇權,2026/06,履約價2190.0,賣權",TWTEO190BR65,2026/03/19,期貨及選擇權,,OPEICS,
"TEO21900S6　電子選擇權,2026/07,履約價2190.0,賣權",TWTEO190BS64,2026/04/16,期貨及選擇權,,OPEICS,
"TEO21950Q6　電子選擇權,2026/05,履約價2195.0,賣權",TWTEO195BQ61,2026/04/16,期貨及選擇權,,OPEICS,
"TEO22000Q6　電子選擇權,2026/05,履約價2200.0,賣權",TWTEO200BQ64,2026/02/24,期貨及選擇權,,OPEICS,
"TEO22000R6　電子選擇權,2026/06,履約價2200.0,賣權",TWTEO200BR63,2026/03/19,期貨及選擇權,,OPEICS,
"TEO22000S6　電子選擇權,2026/07,履約價2200.0,賣權",TWTEO200BS62,2026/04/16,期貨及選擇權,,OPEICS,
"TEO22050Q6　電子選擇權,2026/05,履約價2205.0,賣權",TWTEO205BQ69,2026/04/16,期貨及選擇權,,OPEICS,
"TEO22100Q6　電子選擇權,2026/05,履約價2210.0,賣權",TWTEO210BQ62,2026/02/24,期貨及選擇權,,OPEICS,
"TEO22100R6　電子選擇權,2026/06,履約價2210.0,賣權",TWTEO210BR61,2026/03/19,期貨及選擇權,,OPEICS,
"TEO22100S6　電子選擇權,2026/07,履約價2210.0,賣權",TWTEO210BS60,2026/04/16,期貨及選擇權,,OPEICS,
"TEO22150Q6　電子選擇權,2026/05,履約價2215.0,賣權",TWTEO215BQ67,2026/04/16,期貨及選擇權,,OPEICS,
"TEO22200Q6　電子選擇權,2026/05,履約價2220.0,賣權",TWTEO220BQ60,2026/02/24,期貨及選擇權,,OPEICS,
"TEO22200R6　電子選擇權,2026/06,履約價2220.0,賣權",TWTEO220BR69,2026/03/19,期貨及選擇權,,OPEICS,
"TEO22200S6　電子選擇權,2026/07,履約價2220.0,賣權",TWTEO220BS68,2026/04/16,期貨及選擇權,,OPEICS,
"TEO22250Q6　電子選擇權,2026/05,履約價2225.0,賣權",TWTEO225BQ65,2026/04/16,期貨及選擇權,,OPEICS,
"TEO22300Q6　電子選擇權,2026/05,履約價2230.0,賣權",TWTEO230BQ68,2026/02/24,期貨及選擇權,,OPEICS,
"TEO22300R6　電子選擇權,2026/06,履約價2230.0,賣權",TWTEO230BR67,2026/03/19,期貨及選擇權,,OPEICS,
"TEO22300S6　電子選擇權,2026/07,履約價2230.0,賣權",TWTEO230BS66,2026/04/16,期貨及選擇權,,OPEICS,
"TEO22350Q6　電子選擇權,2026/05,履約價2235.0,賣權",TWTEO235BQ63,2026/04/16,期貨及選擇權,,OPEICS,
"TEO22400Q6　電子選擇權,2026/05,履約價2240.0,賣權",TWTEO240BQ66,2026/02/24,期貨及選擇權,,OPEICS,
"TEO22400R6　電子選擇權,2026/06,履約價2240.0,賣權",TWTEO240BR65,2026/03/19,期貨及選擇權,,OPEICS,
"TEO22400S6　電子選擇權,2026/07,履約價2240.0,賣權",TWTEO240BS64,2026/04/16,期貨及選擇權,,OPEICS,
"TEO22450Q6　電子選擇權,2026/05,履約價2245.0,賣權",TWTEO245BQ61,2026/04/16,期貨及選擇權,,OPEICS,
"TEO22500Q6　電子選擇權,2026/05,履約價2250.0,賣權",TWTEO250BQ63,2026/02/24,期貨及選擇權,,OPEICS,
"TEO22500R6　電子選擇權,2026/06,履約價2250.0,賣權",TWTEO250BR62,2026/03/19,期貨及選擇權,,OPEICS,
"TEO22500S6　電子選擇權,2026/07,履約價2250.0,賣權",TWTEO250BS61,2026/04/16,期貨及選擇權,,OPEICS,
"TEO22550Q6　電子選擇權,2026/05,履約價2255.0,賣權",TWTEO255BQ68,2026/04/16,期貨及選擇權,,OPEICS,
"TEO22600Q6　電子選擇權,2026/05,履約價2260.0,賣權",TWTEO260BQ61,2026/02/24,期貨及選擇權,,OPEICS,
"TEO22600R6　電子選擇權,2026/06,履約價2260.0,賣權",TWTEO260BR60,2026/03/19,期貨及選擇權,,OPEICS,
"TEO22600S6　電子選擇權,2026/07,履約價2260.0,賣權",TWTEO260BS69,2026/04/16,期貨及選擇權,,OPEICS,
"TEO22650Q6　電子選擇權,2026/05,履約價2265.0,賣權",TWTEO265BQ66,2026/04/16,期貨及選擇權,,OPEICS,
"TEO22700Q6　電子選擇權,2026/05,履約價2270.0,賣權",TWTEO270BQ69,2026/02/24,期貨及選擇權,,OPEICS,
"TEO22700R6　電子選擇權,2026/06,履約價2270.0,賣權",TWTEO270BR68,2026/03/19,期貨及選擇權,,OPEICS,
"TEO22700S6　電子選擇權,2026/07,履約價2270.0,賣權",TWTEO270BS67,2026/04/16,期貨及選擇權,,OPEICS,
"TEO22750Q6　電子選擇權,2026/05,履約價2275.0,賣權",TWTEO275BQ64,2026/04/16,期貨及選擇權,,OPEICS,
"TEO22800Q6　電子選擇權,2026/05,履約價2280.0,賣權",TWTEO280BQ67,2026/02/24,期貨及選擇權,,OPEICS,
"TEO22800R6　電子選擇權,2026/06,履約價2280.0,賣權",TWTEO280BR66,2026/03/19,期貨及選擇權,,OPEICS,
"TEO22800S6　電子選擇權,2026/07,履約價2280.0,賣權",TWTEO280BS65,2026/04/16,期貨及選擇權,,OPEICS,
"TEO22850Q6　電子選擇權,2026/05,履約價2285.0,賣權",TWTEO285BQ62,2026/04/16,期貨及選擇權,,OPEICS,
"TEO22900Q6　電子選擇權,2026/05,履約價2290.0,賣權",TWTEO290BQ65,2026/02/24,期貨及選擇權,,OPEICS,
"TEO22900R6　電子選擇權,2026/06,履約價2290.0,賣權",TWTEO290BR64,2026/03/19,期貨及選擇權,,OPEICS,
"TEO22900S6　電子選擇權,2026/07,履約價2290.0,賣權",TWTEO290BS63,2026/04/16,期貨及選擇權,,OPEICS,
"TEO22950Q6　電子選擇權,2026/05,履約價2295.0,賣權",TWTEO295BQ60,2026/04/16,期貨及選擇權,,OPEICS,
"TEO23000Q6　電子選擇權,2026/05,履約價2300.0,賣權",TWTEO300BQ63,2026/02/24,期貨及選擇權,,OPEICS,
"TEO23000R6　電子選擇權,2026/06,履約價2300.0,賣權",TWTEO300BR62,2026/03/19,期貨及選擇權,,OPEICS,
"TEO23000S6　電子選擇權,2026/07,履約價2300.0,賣權",TWTEO300BS61,2026/04/16,期貨及選擇權,,OPEICS,
"TEO23050Q6　電子選擇權,2026/05,履約價2305.0,賣權",TWTEO305BQ68,2026/04/16,期貨及選擇權,,OPEICS,
"TEO23100Q6　電子選擇權,2026/05,履約價2310.0,賣權",TWTEO310BQ61,2026/02/24,期貨及選擇權,,OPEICS,
"TEO23100R6　電子選擇權,2026/06,履約價2310.0,賣權",TWTEO310BR60,2026/03/19,期貨及選擇權,,OPEICS,
"TEO23100S6　電子選擇權,2026/07,履約價2310.0,賣權",TWTEO310BS69,2026/04/16,期貨及選擇權,,OPEICS,
"TEO23150Q6　電子選擇權,2026/05,履約價2315.0,賣權",TWTEO315BQ66,2026/04/16,期貨及選擇權,,OPEICS,
"TEO23200Q6　電子選擇權,2026/05,履約價2320.0,賣權",TWTEO320BQ69,2026/02/24,期貨及選擇權,,OPEICS,
"TEO23200R6　電子選擇權,2026/06,履約價2320.0,賣權",TWTEO320BR68,2026/03/19,期貨及選擇權,,OPEICS,
"TEO23200S6　電子選擇權,2026/07,履約價2320.0,賣權",TWTEO320BS67,2026/04/16,期貨及選擇權,,OPEICS,
"TEO23250Q6　電子選擇權,2026/05,履約價2325.0,賣權",TWTEO325BQ64,2026/04/16,期貨及選擇權,,OPEICS,
"TEO23300Q6　電子選擇權,2026/05,履約價2330.0,賣權",TWTEO330BQ67,2026/02/24,期貨及選擇權,,OPEICS,
"TEO23300R6　電子選擇權,2026/06,履約價2330.0,賣權",TWTEO330BR66,2026/03/19,期貨及選擇權,,OPEICS,
"TEO23300S6　電子選擇權,2026/07,履約價2330.0,賣權",TWTEO330BS65,2026/04/16,期貨及選擇權,,OPEICS,
"TEO23350Q6　電子選擇權,2026/05,履約價2335.0,賣權",TWTEO335BQ62,2026/04/16,期貨及選擇權,,OPEICS,
"TEO23400Q6　電子選擇權,2026/05,履約價2340.0,賣權",TWTEO340BQ65,2026/02/24,期貨及選擇權,,OPEICS,
"TEO23400R6　電子選擇權,2026/06,履約價2340.0,賣權",TWTEO340BR64,2026/03/19,期貨及選擇權,,OPEICS,
"TEO23400S6　電子選擇權,2026/07,履約價2340.0,賣權",TWTEO340BS63,2026/04/16,期貨及選擇權,,OPEICS,
"TEO23450Q6　電子選擇權,2026/05,履約價2345.0,賣權",TWTEO345BQ60,2026/04/16,期貨及選擇權,,OPEICS,
"TEO23500Q6　電子選擇權,2026/05,履約價2350.0,賣權",TWTEO350BQ62,2026/02/24,期貨及選擇權,,OPEICS,
"TEO23500R6　電子選擇權,2026/06,履約價2350.0,賣權",TWTEO350BR61,2026/03/19,期貨及選擇權,,OPEICS,
"TEO23500S6　電子選擇權,2026/07,履約價2350.0,賣權",TWTEO350BS60,2026/04/16,期貨及選擇權,,OPEICS,
"TEO23550Q6　電子選擇權,2026/05,履約價2355.0,賣權",TWTEO355BQ67,2026/04/16,期貨及選擇權,,OPEICS,
"TEO23600Q6　電子選擇權,2026/05,履約價2360.0,賣權",TWTEO360BQ60,2026/02/24,期貨及選擇權,,OPEICS,
"TEO23600R6　電子選擇權,2026/06,履約價2360.0,賣權",TWTEO360BR69,2026/03/19,期貨及選擇權,,OPEICS,
"TEO23600S6　電子選擇權,2026/07,履約價2360.0,賣權",TWTEO360BS68,2026/04/16,期貨及選擇權,,OPEICS,
"TEO23650Q6　電子選擇權,2026/05,履約價2365.0,賣權",TWTEO365BQ65,2026/04/16,期貨及選擇權,,OPEICS,
"TEO23700Q6　電子選擇權,2026/05,履約價2370.0,賣權",TWTEO370BQ68,2026/02/24,期貨及選擇權,,OPEICS,
"TEO23700R6　電子選擇權,2026/06,履約價2370.0,賣權",TWTEO370BR67,2026/03/19,期貨及選擇權,,OPEICS,
"TEO23700S6　電子選擇權,2026/07,履約價2370.0,賣權",TWTEO370BS66,2026/04/16,期貨及選擇權,,OPEICS,
"TEO23750Q6　電子選擇權,2026/05,履約價2375.0,賣權",TWTEO375BQ63,2026/04/16,期貨及選擇權,,OPEICS,
"TEO23800Q6　電子選擇權,2026/05,履約價2380.0,賣權",TWTEO380BQ66,2026/02/24,期貨及選擇權,,OPEICS,
"TEO23800R6　電子選擇權,2026/06,履約價2380.0,賣權",TWTEO380BR65,2026/03/19,期貨及選擇權,,OPEICS,
"TEO23800S6　電子選擇權,2026/07,履約價2380.0,賣權",TWTEO380BS64,2026/04/16,期貨及選擇權,,OPEICS,
"TEO23850Q6　電子選擇權,2026/05,履約價2385.0,賣權",TWTEO385BQ61,2026/04/16,期貨及選擇權,,OPEICS,
"TEO23900Q6　電子選擇權,2026/05,履約價2390.0,賣權",TWTEO390BQ64,2026/02/24,期貨及選擇權,,OPEICS,
"TEO23900R6　電子選擇權,2026/06,履約價2390.0,賣權",TWTEO390BR63,2026/03/19,期貨及選擇權,,OPEICS,
"TEO23900S6　電子選擇權,2026/07,履約價2390.0,賣權",TWTEO390BS62,2026/04/16,期貨及選擇權,,OPEICS,
"TEO23950Q6　電子選擇權,2026/05,履約價2395.0,賣權",TWTEO395BQ69,2026/04/16,期貨及選擇權,,OPEICS,
"TEO24000Q6　電子選擇權,2026/05,履約價2400.0,賣權",TWTEO400BQ62,2026/02/25,期貨及選擇權,,OPEICS,
"TEO24000R6　電子選擇權,2026/06,履約價2400.0,賣權",TWTEO400BR61,2026/03/19,期貨及選擇權,,OPEICS,
"TEO24000S6　電子選擇權,2026/07,履約價2400.0,賣權",TWTEO400BS60,2026/04/16,期貨及選擇權,,OPEICS,
"TEO24050Q6　電子選擇權,2026/05,履約價2405.0,賣權",TWTEO405BQ67,2026/04/16,期貨及選擇權,,OPEICS,
"TEO24100Q6　電子選擇權,2026/05,履約價2410.0,賣權",TWTEO410BQ60,2026/02/25,期貨及選擇權,,OPEICS,
"TEO24100R6　電子選擇權,2026/06,履約價2410.0,賣權",TWTEO410BR69,2026/03/19,期貨及選擇權,,OPEICS,
"TEO24100S6　電子選擇權,2026/07,履約價2410.0,賣權",TWTEO410BS68,2026/04/16,期貨及選擇權,,OPEICS,
"TEO24150Q6　電子選擇權,2026/05,履約價2415.0,賣權",TWTEO415BQ65,2026/04/16,期貨及選擇權,,OPEICS,
"TEO24200Q6　電子選擇權,2026/05,履約價2420.0,賣權",TWTEO420BQ68,2026/02/25,期貨及選擇權,,OPEICS,
"TEO24200R6　電子選擇權,2026/06,履約價2420.0,賣權",TWTEO420BR67,2026/03/19,期貨及選擇權,,OPEICS,
"TEO24200S6　電子選擇權,2026/07,履約價2420.0,賣權",TWTEO420BS66,2026/04/16,期貨及選擇權,,OPEICS,
"TEO24250Q6　電子選擇權,2026/05,履約價2425.0,賣權",TWTEO425BQ63,2026/04/16,期貨及選擇權,,OPEICS,
"TEO24300Q6　電子選擇權,2026/05,履約價2430.0,賣權",TWTEO430BQ66,2026/02/25,期貨及選擇權,,OPEICS,
"TEO24300R6　電子選擇權,2026/06,履約價2430.0,賣權",TWTEO430BR65,2026/03/19,期貨及選擇權,,OPEICS,
"TEO24300S6　電子選擇權,2026/07,履約價2430.0,賣權",TWTEO430BS64,2026/04/16,期貨及選擇權,,OPEICS,
"TEO24350Q6　電子選擇權,2026/05,履約價2435.0,賣權",TWTEO435BQ61,2026/04/16,期貨及選擇權,,OPEICS,
"TEO24400Q6　電子選擇權,2026/05,履約價2440.0,賣權",TWTEO440BQ64,2026/02/25,期貨及選擇權,,OPEICS,
"TEO24400R6　電子選擇權,2026/06,履約價2440.0,賣權",TWTEO440BR63,2026/03/19,期貨及選擇權,,OPEICS,
"TEO24400S6　電子選擇權,2026/07,履約價2440.0,賣權",TWTEO440BS62,2026/04/16,期貨及選擇權,,OPEICS,
"TEO24450Q6　電子選擇權,2026/05,履約價2445.0,賣權",TWTEO445BQ69,2026/04/16,期貨及選擇權,,OPEICS,
"TEO24500Q6　電子選擇權,2026/05,履約價2450.0,賣權",TWTEO450BQ61,2026/02/25,期貨及選擇權,,OPEICS,
"TEO24500R6　電子選擇權,2026/06,履約價2450.0,賣權",TWTEO450BR60,2026/03/19,期貨及選擇權,,OPEICS,
"TEO24500S6　電子選擇權,2026/07,履約價2450.0,賣權",TWTEO450BS69,2026/04/16,期貨及選擇權,,OPEICS,
"TEO24550Q6　電子選擇權,2026/05,履約價2455.0,賣權",TWTEO455BQ66,2026/04/16,期貨及選擇權,,OPEICS,
"TEO24600Q6　電子選擇權,2026/05,履約價2460.0,賣權",TWTEO460BQ69,2026/02/25,期貨及選擇權,,OPEICS,
"TEO24600R6　電子選擇權,2026/06,履約價2460.0,賣權",TWTEO460BR68,2026/03/19,期貨及選擇權,,OPEICS,
"TEO24600S6　電子選擇權,2026/07,履約價2460.0,賣權",TWTEO460BS67,2026/04/16,期貨及選擇權,,OPEICS,
"TEO24650Q6　電子選擇權,2026/05,履約價2465.0,賣權",TWTEO465BQ64,2026/04/16,期貨及選擇權,,OPEICS,
"TEO24700Q6　電子選擇權,2026/05,履約價2470.0,賣權",TWTEO470BQ67,2026/02/25,期貨及選擇權,,OPEICS,
"TEO24700R6　電子選擇權,2026/06,履約價2470.0,賣權",TWTEO470BR66,2026/04/09,期貨及選擇權,,OPEICS,
"TEO24700S6　電子選擇權,2026/07,履約價2470.0,賣權",TWTEO470BS65,2026/04/16,期貨及選擇權,,OPEICS,
"TEO24750Q6　電子選擇權,2026/05,履約價2475.0,賣權",TWTEO475BQ62,2026/04/16,期貨及選擇權,,OPEICS,
"TEO24800Q6　電子選擇權,2026/05,履約價2480.0,賣權",TWTEO480BQ65,2026/02/26,期貨及選擇權,,OPEICS,
"TEO24800R6　電子選擇權,2026/06,履約價2480.0,賣權",TWTEO480BR64,2026/04/09,期貨及選擇權,,OPEICS,
"TEO24800S6　電子選擇權,2026/07,履約價2480.0,賣權",TWTEO480BS63,2026/04/16,期貨及選擇權,,OPEICS,
"TEO24850Q6　電子選擇權,2026/05,履約價2485.0,賣權",TWTEO485BQ60,2026/04/16,期貨及選擇權,,OPEICS,
"TEO24900Q6　電子選擇權,2026/05,履約價2490.0,賣權",TWTEO490BQ63,2026/02/26,期貨及選擇權,,OPEICS,
"TEO24900R6　電子選擇權,2026/06,履約價2490.0,賣權",TWTEO490BR62,2026/04/09,期貨及選擇權,,OPEICS,
"TEO24900S6　電子選擇權,2026/07,履約價2490.0,賣權",TWTEO490BS61,2026/04/16,期貨及選擇權,,OPEICS,
"TEO24950Q6　電子選擇權,2026/05,履約價2495.0,賣權",TWTEO495BQ68,2026/04/16,期貨及選擇權,,OPEICS,
"TEO25000Q6　電子選擇權,2026/05,履約價2500.0,賣權",TWTEO500BQ61,2026/02/26,期貨及選擇權,,OPEICS,
"TEO25000R6　電子選擇權,2026/06,履約價2500.0,賣權",TWTEO500BR60,2026/04/09,期貨及選擇權,,OPEICS,
"TEO25000S6　電子選擇權,2026/07,履約價2500.0,賣權",TWTEO500BS69,2026/04/16,期貨及選擇權,,OPEICS,
"TEO25050Q6　電子選擇權,2026/05,履約價2505.0,賣權",TWTEO505BQ66,2026/04/16,期貨及選擇權,,OPEICS,
"TEO25100Q6　電子選擇權,2026/05,履約價2510.0,賣權",TWTEO510BQ69,2026/02/26,期貨及選擇權,,OPEICS,
"TEO25100R6　電子選擇權,2026/06,履約價2510.0,賣權",TWTEO510BR68,2026/04/09,期貨及選擇權,,OPEICS,
"TEO25100S6　電子選擇權,2026/07,履約價2510.0,賣權",TWTEO510BS67,2026/04/16,期貨及選擇權,,OPEICS,
"TEO25150Q6　電子選擇權,2026/05,履約價2515.0,賣權",TWTEO515BQ64,2026/04/16,期貨及選擇權,,OPEICS,
"TEO25200Q6　電子選擇權,2026/05,履約價2520.0,賣權",TWTEO520BQ67,2026/02/26,期貨及選擇權,,OPEICS,
"TEO25200R6　電子選擇權,2026/06,履約價2520.0,賣權",TWTEO520BR66,2026/04/10,期貨及選擇權,,OPEICS,
"TEO25200S6　電子選擇權,2026/07,履約價2520.0,賣權",TWTEO520BS65,2026/04/16,期貨及選擇權,,OPEICS,
"TEO25250Q6　電子選擇權,2026/05,履約價2525.0,賣權",TWTEO525BQ62,2026/04/16,期貨及選擇權,,OPEICS,
"TEO25300Q6　電子選擇權,2026/05,履約價2530.0,賣權",TWTEO530BQ65,2026/02/26,期貨及選擇權,,OPEICS,
"TEO25300R6　電子選擇權,2026/06,履約價2530.0,賣權",TWTEO530BR64,2026/04/13,期貨及選擇權,,OPEICS,
"TEO25300S6　電子選擇權,2026/07,履約價2530.0,賣權",TWTEO530BS63,2026/04/16,期貨及選擇權,,OPEICS,
"TEO25350Q6　電子選擇權,2026/05,履約價2535.0,賣權",TWTEO535BQ60,2026/04/16,期貨及選擇權,,OPEICS,
"TEO25400Q6　電子選擇權,2026/05,履約價2540.0,賣權",TWTEO540BQ63,2026/04/13,期貨及選擇權,,OPEICS,
"TEO25400R6　電子選擇權,2026/06,履約價2540.0,賣權",TWTEO540BR62,2026/04/13,期貨及選擇權,,OPEICS,
"TEO25400S6　電子選擇權,2026/07,履約價2540.0,賣權",TWTEO540BS61,2026/04/16,期貨及選擇權,,OPEICS,
"TEO25450Q6　電子選擇權,2026/05,履約價2545.0,賣權",TWTEO545BQ68,2026/04/16,期貨及選擇權,,OPEICS,
"TEO25500Q6　電子選擇權,2026/05,履約價2550.0,賣權",TWTEO550BQ60,2026/04/13,期貨及選擇權,,OPEICS,
"TEO25500R6　電子選擇權,2026/06,履約價2550.0,賣權",TWTEO550BR69,2026/04/13,期貨及選擇權,,OPEICS,
"TEO25500S6　電子選擇權,2026/07,履約價2550.0,賣權",TWTEO550BS68,2026/04/16,期貨及選擇權,,OPEICS,
"TEO25550Q6　電子選擇權,2026/05,履約價2555.0,賣權",TWTEO555BQ65,2026/04/16,期貨及選擇權,,OPEICS,
"TEO25600Q6　電子選擇權,2026/05,履約價2560.0,賣權",TWTEO560BQ68,2026/04/13,期貨及選擇權,,OPEICS,
"TEO25600R6　電子選擇權,2026/06,履約價2560.0,賣權",TWTEO560BR67,2026/04/13,期貨及選擇權,,OPEICS,
"TEO25600S6　電子選擇權,2026/07,履約價2560.0,賣權",TWTEO560BS66,2026/04/16,期貨及選擇權,,OPEICS,
"TEO25650Q6　電子選擇權,2026/05,履約價2565.0,賣權",TWTEO565BQ63,2026/04/16,期貨及選擇權,,OPEICS,
"TEO25700Q6　電子選擇權,2026/05,履約價2570.0,賣權",TWTEO570BQ66,2026/04/13,期貨及選擇權,,OPEICS,
"TEO25700R6　電子選擇權,2026/06,履約價2570.0,賣權",TWTEO570BR65,2026/04/13,期貨及選擇權,,OPEICS,
"TEO25700S6　電子選擇權,2026/07,履約價2570.0,賣權",TWTEO570BS64,2026/04/16,期貨及選擇權,,OPEICS,
"TEO25750Q6　電子選擇權,2026/05,履約價2575.0,賣權",TWTEO575BQ61,2026/04/16,期貨及選擇權,,OPEICS,
"TEO25800Q6　電子選擇權,2026/05,履約價2580.0,賣權",TWTEO580BQ64,2026/04/15,期貨及選擇權,,OPEICS,
"TEO25800R6　電子選擇權,2026/06,履約價2580.0,賣權",TWTEO580BR63,2026/04/15,期貨及選擇權,,OPEICS,
"TEO25800S6　電子選擇權,2026/07,履約價2580.0,賣權",TWTEO580BS62,2026/04/16,期貨及選擇權,,OPEICS,
"TEO25850Q6　電子選擇權,2026/05,履約價2585.0,賣權",TWTEO585BQ69,2026/04/16,期貨及選擇權,,OPEICS,
"TEO25900Q6　電子選擇權,2026/05,履約價2590.0,賣權",TWTEO590BQ62,2026/04/15,期貨及選擇權,,OPEICS,
"TEO25900R6　電子選擇權,2026/06,履約價2590.0,賣權",TWTEO590BR61,2026/04/15,期貨及選擇權,,OPEICS,
"TEO25900S6　電子選擇權,2026/07,履約價2590.0,賣權",TWTEO590BS60,2026/04/16,期貨及選擇權,,OPEICS,
"TEO25950Q6　電子選擇權,2026/05,履約價2595.0,賣權",TWTEO595BQ67,2026/04/16,期貨及選擇權,,OPEICS,
"TEO26000Q6　電子選擇權,2026/05,履約價2600.0,賣權",TWTEO600BQ60,2026/04/15,期貨及選擇權,,OPEICS,
"TEO26000R6　電子選擇權,2026/06,履約價2600.0,賣權",TWTEO600BR69,2026/04/15,期貨及選擇權,,OPEICS,
"TEO26000S6　電子選擇權,2026/07,履約價2600.0,賣權",TWTEO600BS68,2026/04/16,期貨及選擇權,,OPEICS,
"TEO26050Q6　電子選擇權,2026/05,履約價2605.0,賣權",TWTEO605BQ65,2026/04/16,期貨及選擇權,,OPEICS,
"TEO26100Q6　電子選擇權,2026/05,履約價2610.0,賣權",TWTEO610BQ68,2026/04/15,期貨及選擇權,,OPEICS,
"TEO26100R6　電子選擇權,2026/06,履約價2610.0,賣權",TWTEO610BR67,2026/04/15,期貨及選擇權,,OPEICS,
"TEO26100S6　電子選擇權,2026/07,履約價2610.0,賣權",TWTEO610BS66,2026/04/16,期貨及選擇權,,OPEICS,
"TEO26150Q6　電子選擇權,2026/05,履約價2615.0,賣權",TWTEO615BQ63,2026/04/16,期貨及選擇權,,OPEICS,
"TEO26200Q6　電子選擇權,2026/05,履約價2620.0,賣權",TWTEO620BQ66,2026/04/15,期貨及選擇權,,OPEICS,
"TEO26200R6　電子選擇權,2026/06,履約價2620.0,賣權",TWTEO620BR65,2026/04/15,期貨及選擇權,,OPEICS,
"TEO26200S6　電子選擇權,2026/07,履約價2620.0,賣權",TWTEO620BS64,2026/04/16,期貨及選擇權,,OPEICS,
"TEO26250Q6　電子選擇權,2026/05,履約價2625.0,賣權",TWTEO625BQ61,2026/04/16,期貨及選擇權,,OPEICS,
"TEO26300Q6　電子選擇權,2026/05,履約價2630.0,賣權",TWTEO630BQ64,2026/04/15,期貨及選擇權,,OPEICS,
"TEO26300R6　電子選擇權,2026/06,履約價2630.0,賣權",TWTEO630BR63,2026/04/15,期貨及選擇權,,OPEICS,
"TEO26300S6　電子選擇權,2026/07,履約價2630.0,賣權",TWTEO630BS62,2026/04/16,期貨及選擇權,,OPEICS,
"TEO26350Q6　電子選擇權,2026/05,履約價2635.0,賣權",TWTEO635BQ69,2026/04/16,期貨及選擇權,,OPEICS,
"TEO26400Q6　電子選擇權,2026/05,履約價2640.0,賣權",TWTEO640BQ62,2026/04/15,期貨及選擇權,,OPEICS,
"TEO26400R6　電子選擇權,2026/06,履約價2640.0,賣權",TWTEO640BR61,2026/04/15,期貨及選擇權,,OPEICS,
"TEO26400S6　電子選擇權,2026/07,履約價2640.0,賣權",TWTEO640BS60,2026/04/16,期貨及選擇權,,OPEICS,
"TEO26450Q6　電子選擇權,2026/05,履約價2645.0,賣權",TWTEO645BQ67,2026/04/16,期貨及選擇權,,OPEICS,
"TEO26500Q6　電子選擇權,2026/05,履約價2650.0,賣權",TWTEO650BQ69,2026/04/16,期貨及選擇權,,OPEICS,
"TEO26500R6　電子選擇權,2026/06,履約價2650.0,賣權",TWTEO650BR68,2026/04/16,期貨及選擇權,,OPEICS,
"TEO26500S6　電子選擇權,2026/07,履約價2650.0,賣權",TWTEO650BS67,2026/04/16,期貨及選擇權,,OPEICS,
"TEO26550Q6　電子選擇權,2026/05,履約價2655.0,賣權",TWTEO655BQ64,2026/04/16,期貨及選擇權,,OPEICS,
"TEO26600Q6　電子選擇權,2026/05,履約價2660.0,賣權",TWTEO660BQ67,2026/04/16,期貨及選擇權,,OPEICS,
"TEO26600R6　電子選擇權,2026/06,履約價2660.0,賣權",TWTEO660BR66,2026/04/16,期貨及選擇權,,OPEICS,
"TEO26600S6　電子選擇權,2026/07,履約價2660.0,賣權",TWTEO660BS65,2026/04/16,期貨及選擇權,,OPEICS,
"TEO26650Q6　電子選擇權,2026/05,履約價2665.0,賣權",TWTEO665BQ62,2026/04/16,期貨及選擇權,,OPEICS,
"TEO26700Q6　電子選擇權,2026/05,履約價2670.0,賣權",TWTEO670BQ65,2026/04/16,期貨及選擇權,,OPEICS,
"TEO26700R6　電子選擇權,2026/06,履約價2670.0,賣權",TWTEO670BR64,2026/04/16,期貨及選擇權,,OPEICS,
"TEO26700S6　電子選擇權,2026/07,履約價2670.0,賣權",TWTEO670BS63,2026/04/16,期貨及選擇權,,OPEICS,
"TEO26750Q6　電子選擇權,2026/05,履約價2675.0,賣權",TWTEO675BQ60,2026/04/17,期貨及選擇權,,OPEICS,
"TEO26800Q6　電子選擇權,2026/05,履約價2680.0,賣權",TWTEO680BQ63,2026/04/17,期貨及選擇權,,OPEICS,
"TEO26800R6　電子選擇權,2026/06,履約價2680.0,賣權",TWTEO680BR62,2026/04/17,期貨及選擇權,,OPEICS,
"TEO26800S6　電子選擇權,2026/07,履約價2680.0,賣權",TWTEO680BS61,2026/04/17,期貨及選擇權,,OPEICS,
"TEO26850Q6　電子選擇權,2026/05,履約價2685.0,賣權",TWTEO685BQ68,2026/04/17,期貨及選擇權,,OPEICS,
"TEO26900Q6　電子選擇權,2026/05,履約價2690.0,賣權",TWTEO690BQ61,2026/04/17,期貨及選擇權,,OPEICS,
"TEO26900R6　電子選擇權,2026/06,履約價2690.0,賣權",TWTEO690BR60,2026/04/17,期貨及選擇權,,OPEICS,
"TEO26900S6　電子選擇權,2026/07,履約價2690.0,賣權",TWTEO690BS69,2026/04/17,期貨及選擇權,,OPEICS,
"TEO26950Q6　電子選擇權,2026/05,履約價2695.0,賣權",TWTEO695BQ66,2026/04/17,期貨及選擇權,,OPEICS,
"TEO27000Q6　電子選擇權,2026/05,履約價2700.0,賣權",TWTEO700BQ69,2026/04/17,期貨及選擇權,,OPEICS,
"TEO27000R6　電子選擇權,2026/06,履約價2700.0,賣權",TWTEO700BR68,2026/04/17,期貨及選擇權,,OPEICS,
"TEO27000S6　電子選擇權,2026/07,履約價2700.0,賣權",TWTEO700BS67,2026/04/17,期貨及選擇權,,OPEICS,
"TEO27050Q6　電子選擇權,2026/05,履約價2705.0,賣權",TWTEO705BQ64,2026/04/17,期貨及選擇權,,OPEICS,
"TEO27100Q6　電子選擇權,2026/05,履約價2710.0,賣權",TWTEO710BQ67,2026/04/22,期貨及選擇權,,OPEICS,
"TEO27100R6　電子選擇權,2026/06,履約價2710.0,賣權",TWTEO710BR66,2026/04/17,期貨及選擇權,,OPEICS,
"TEO27100S6　電子選擇權,2026/07,履約價2710.0,賣權",TWTEO710BS65,2026/04/17,期貨及選擇權,,OPEICS,
"TEO27150Q6　電子選擇權,2026/05,履約價2715.0,賣權",TWTEO715BQ62,2026/04/22,期貨及選擇權,,OPEICS,
"TEO27200Q6　電子選擇權,2026/05,履約價2720.0,賣權",TWTEO720BQ65,2026/04/22,期貨及選擇權,,OPEICS,
"TEO27200R6　電子選擇權,2026/06,履約價2720.0,賣權",TWTEO720BR64,2026/04/22,期貨及選擇權,,OPEICS,
"TEO27200S6　電子選擇權,2026/07,履約價2720.0,賣權",TWTEO720BS63,2026/04/22,期貨及選擇權,,OPEICS,
"TEO27250Q6　電子選擇權,2026/05,履約價2725.0,賣權",TWTEO725BQ60,2026/04/22,期貨及選擇權,,OPEICS,
"TEO27300Q6　電子選擇權,2026/05,履約價2730.0,賣權",TWTEO730BQ63,2026/04/22,期貨及選擇權,,OPEICS,
"TEO27300R6　電子選擇權,2026/06,履約價2730.0,賣權",TWTEO730BR62,2026/04/22,期貨及選擇權,,OPEICS,
"TEO27300S6　電子選擇權,2026/07,履約價2730.0,賣權",TWTEO730BS61,2026/04/22,期貨及選擇權,,OPEICS,
"TEO27350Q6　電子選擇權,2026/05,履約價2735.0,賣權",TWTEO735BQ68,2026/04/22,期貨及選擇權,,OPEICS,
"TEO27400Q6　電子選擇權,2026/05,履約價2740.0,賣權",TWTEO740BQ61,2026/04/22,期貨及選擇權,,OPEICS,
"TEO27400R6　電子選擇權,2026/06,履約價2740.0,賣權",TWTEO740BR60,2026/04/22,期貨及選擇權,,OPEICS,
"TEO27400S6　電子選擇權,2026/07,履約價2740.0,賣權",TWTEO740BS69,2026/04/22,期貨及選擇權,,OPEICS,
"TEO27450Q6　電子選擇權,2026/05,履約價2745.0,賣權",TWTEO745BQ66,2026/04/22,期貨及選擇權,,OPEICS,
"TEO27500Q6　電子選擇權,2026/05,履約價2750.0,賣權",TWTEO750BQ68,2026/04/22,期貨及選擇權,,OPEICS,
"TEO27500R6　電子選擇權,2026/06,履約價2750.0,賣權",TWTEO750BR67,2026/04/22,期貨及選擇權,,OPEICS,
"TEO27500S6　電子選擇權,2026/07,履約價2750.0,賣權",TWTEO750BS66,2026/04/22,期貨及選擇權,,OPEICS,
"TEO27550Q6　電子選擇權,2026/05,履約價2755.0,賣權",TWTEO755BQ63,2026/04/23,期貨及選擇權,,OPEICS,
"TEO27600Q6　電子選擇權,2026/05,履約價2760.0,賣權",TWTEO760BQ66,2026/04/23,期貨及選擇權,,OPEICS,
"TEO27600R6　電子選擇權,2026/06,履約價2760.0,賣權",TWTEO760BR65,2026/04/23,期貨及選擇權,,OPEICS,
"TEO27600S6　電子選擇權,2026/07,履約價2760.0,賣權",TWTEO760BS64,2026/04/23,期貨及選擇權,,OPEICS,
"TEO27650Q6　電子選擇權,2026/05,履約價2765.0,賣權",TWTEO765BQ61,2026/04/23,期貨及選擇權,,OPEICS,
"TEO27700Q6　電子選擇權,2026/05,履約價2770.0,賣權",TWTEO770BQ64,2026/04/23,期貨及選擇權,,OPEICS,
"TEO27700R6　電子選擇權,2026/06,履約價2770.0,賣權",TWTEO770BR63,2026/04/23,期貨及選擇權,,OPEICS,
"TEO27700S6　電子選擇權,2026/07,履約價2770.0,賣權",TWTEO770BS62,2026/04/23,期貨及選擇權,,OPEICS,
"TEO27750Q6　電子選擇權,2026/05,履約價2775.0,賣權",TWTEO775BQ69,2026/04/23,期貨及選擇權,,OPEICS,
"TEO27800Q6　電子選擇權,2026/05,履約價2780.0,賣權",TWTEO780BQ62,2026/04/27,期貨及選擇權,,OPEICS,
"TEO27800R6　電子選擇權,2026/06,履約價2780.0,賣權",TWTEO780BR61,2026/04/23,期貨及選擇權,,OPEICS,
"TEO27800S6　電子選擇權,2026/07,履約價2780.0,賣權",TWTEO780BS60,2026/04/23,期貨及選擇權,,OPEICS,
"TEO27850Q6　電子選擇權,2026/05,履約價2785.0,賣權",TWTEO785BQ67,2026/04/27,期貨及選擇權,,OPEICS,
"TEO27900Q6　電子選擇權,2026/05,履約價2790.0,賣權",TWTEO790BQ60,2026/04/27,期貨及選擇權,,OPEICS,
"TEO27900R6　電子選擇權,2026/06,履約價2790.0,賣權",TWTEO790BR69,2026/04/27,期貨及選擇權,,OPEICS,
"TEO27900S6　電子選擇權,2026/07,履約價2790.0,賣權",TWTEO790BS68,2026/04/27,期貨及選擇權,,OPEICS,
"TEO27950Q6　電子選擇權,2026/05,履約價2795.0,賣權",TWTEO795BQ65,2026/04/27,期貨及選擇權,,OPEICS,
"TEO28000Q6　電子選擇權,2026/05,履約價2800.0,賣權",TWTEO800BQ68,2026/04/27,期貨及選擇權,,OPEICS,
"TEO28000R6　電子選擇權,2026/06,履約價2800.0,賣權",TWTEO800BR67,2026/04/27,期貨及選擇權,,OPEICS,
"TEO28000S6　電子選擇權,2026/07,履約價2800.0,賣權",TWTEO800BS66,2026/04/27,期貨及選擇權,,OPEICS,
"TEO28050Q6　電子選擇權,2026/05,履約價2805.0,賣權",TWTEO805BQ63,2026/04/27,期貨及選擇權,,OPEICS,
"TEO28100Q6　電子選擇權,2026/05,履約價2810.0,賣權",TWTEO810BQ66,2026/04/27,期貨及選擇權,,OPEICS,
"TEO28100R6　電子選擇權,2026/06,履約價2810.0,賣權",TWTEO810BR65,2026/04/27,期貨及選擇權,,OPEICS,
"TEO28100S6　電子選擇權,2026/07,履約價2810.0,賣權",TWTEO810BS64,2026/04/27,期貨及選擇權,,OPEICS,
"TEO28150Q6　電子選擇權,2026/05,履約價2815.0,賣權",TWTEO815BQ61,2026/04/27,期貨及選擇權,,OPEICS,
"TEO28200Q6　電子選擇權,2026/05,履約價2820.0,賣權",TWTEO820BQ64,2026/04/27,期貨及選擇權,,OPEICS,
"TEO28200R6　電子選擇權,2026/06,履約價2820.0,賣權",TWTEO820BR63,2026/04/27,期貨及選擇權,,OPEICS,
"TEO28200S6　電子選擇權,2026/07,履約價2820.0,賣權",TWTEO820BS62,2026/04/27,期貨及選擇權,,OPEICS,
"TEO28250Q6　電子選擇權,2026/05,履約價2825.0,賣權",TWTEO825BQ69,2026/04/27,期貨及選擇權,,OPEICS,
"TEO28300Q6　電子選擇權,2026/05,履約價2830.0,賣權",TWTEO830BQ62,2026/04/27,期貨及選擇權,,OPEICS,
"TEO28300R6　電子選擇權,2026/06,履約價2830.0,賣權",TWTEO830BR61,2026/04/27,期貨及選擇權,,OPEICS,
"TEO28300S6　電子選擇權,2026/07,履約價2830.0,賣權",TWTEO830BS60,2026/04/27,期貨及選擇權,,OPEICS,
"TEO28350Q6　電子選擇權,2026/05,履約價2835.0,賣權",TWTEO835BQ67,2026/04/27,期貨及選擇權,,OPEICS,
"TEO28400Q6　電子選擇權,2026/05,履約價2840.0,賣權",TWTEO840BQ60,2026/04/27,期貨及選擇權,,OPEICS,
"TEO28400R6　電子選擇權,2026/06,履約價2840.0,賣權",TWTEO840BR69,2026/04/27,期貨及選擇權,,OPEICS,
"TEO28400S6　電子選擇權,2026/07,履約價2840.0,賣權",TWTEO840BS68,2026/04/27,期貨及選擇權,,OPEICS,
"TEO28450Q6　電子選擇權,2026/05,履約價2845.0,賣權",TWTEO845BQ65,2026/04/27,期貨及選擇權,,OPEICS,
"TEO28500Q6　電子選擇權,2026/05,履約價2850.0,賣權",TWTEO850BQ67,2026/04/27,期貨及選擇權,,OPEICS,
"TEO28500R6　電子選擇權,2026/06,履約價2850.0,賣權",TWTEO850BR66,2026/04/27,期貨及選擇權,,OPEICS,
"TEO28500S6　電子選擇權,2026/07,履約價2850.0,賣權",TWTEO850BS65,2026/04/27,期貨及選擇權,,OPEICS,
"TEO28550Q6　電子選擇權,2026/05,履約價2855.0,賣權",TWTEO855BQ62,2026/04/27,期貨及選擇權,,OPEICS,
"TEO28600Q6　電子選擇權,2026/05,履約價2860.0,賣權",TWTEO860BQ65,2026/04/27,期貨及選擇權,,OPEICS,
"TEO28600R6　電子選擇權,2026/06,履約價2860.0,賣權",TWTEO860BR64,2026/04/27,期貨及選擇權,,OPEICS,
"TEO28600S6　電子選擇權,2026/07,履約價2860.0,賣權",TWTEO860BS63,2026/04/27,期貨及選擇權,,OPEICS,
"TEO28650Q6　電子選擇權,2026/05,履約價2865.0,賣權",TWTEO865BQ60,2026/04/27,期貨及選擇權,,OPEICS,
"TEO28700Q6　電子選擇權,2026/05,履約價2870.0,賣權",TWTEO870BQ63,2026/04/27,期貨及選擇權,,OPEICS,
"TEO28700R6　電子選擇權,2026/06,履約價2870.0,賣權",TWTEO870BR62,2026/04/27,期貨及選擇權,,OPEICS,
"TEO28700S6　電子選擇權,2026/07,履約價2870.0,賣權",TWTEO870BS61,2026/04/27,期貨及選擇權,,OPEICS,
"TEO28750Q6　電子選擇權,2026/05,履約價2875.0,賣權",TWTEO875BQ68,2026/04/27,期貨及選擇權,,OPEICS,
"TEO28800Q6　電子選擇權,2026/05,履約價2880.0,賣權",TWTEO880BQ61,2026/04/27,期貨及選擇權,,OPEICS,
"TEO28800R6　電子選擇權,2026/06,履約價2880.0,賣權",TWTEO880BR60,2026/04/27,期貨及選擇權,,OPEICS,
"TEO28800S6　電子選擇權,2026/07,履約價2880.0,賣權",TWTEO880BS69,2026/04/27,期貨及選擇權,,OPEICS,
"TEO28850Q6　電子選擇權,2026/05,履約價2885.0,賣權",TWTEO885BQ66,2026/04/28,期貨及選擇權,,OPEICS,
"TEO28900Q6　電子選擇權,2026/05,履約價2890.0,賣權",TWTEO890BQ69,2026/04/28,期貨及選擇權,,OPEICS,
"TEO28900R6　電子選擇權,2026/06,履約價2890.0,賣權",TWTEO890BR68,2026/04/28,期貨及選擇權,,OPEICS,
"TEO28900S6　電子選擇權,2026/07,履約價2890.0,賣權",TWTEO890BS67,2026/04/28,期貨及選擇權,,OPEICS,
"TEO28950Q6　電子選擇權,2026/05,履約價2895.0,賣權",TWTEO895BQ64,2026/04/28,期貨及選擇權,,OPEICS,
"TEO29000Q6　電子選擇權,2026/05,履約價2900.0,賣權",TWTEO900BQ67,2026/04/28,期貨及選擇權,,OPEICS,
"TEO29000R6　電子選擇權,2026/06,履約價2900.0,賣權",TWTEO900BR66,2026/04/28,期貨及選擇權,,OPEICS,
"TEO29000S6　電子選擇權,2026/07,履約價2900.0,賣權",TWTEO900BS65,2026/04/28,期貨及選擇權,,OPEICS,
"TEO29050Q6　電子選擇權,2026/05,履約價2905.0,賣權",TWTEO905BQ62,2026/04/28,期貨及選擇權,,OPEICS,
"TEO29100Q6　電子選擇權,2026/05,履約價2910.0,賣權",TWTEO910BQ65,2026/04/28,期貨及選擇權,,OPEICS,
"TEO29100R6　電子選擇權,2026/06,履約價2910.0,賣權",TWTEO910BR64,2026/04/28,期貨及選擇權,,OPEICS,
"TEO29100S6　電子選擇權,2026/07,履約價2910.0,賣權",TWTEO910BS63,2026/04/28,期貨及選擇權,,OPEICS,
"TEO29150Q6　電子選擇權,2026/05,履約價2915.0,賣權",TWTEO915BQ60,2026/04/28,期貨及選擇權,,OPEICS,
"TEO29200Q6　電子選擇權,2026/05,履約價2920.0,賣權",TWTEO920BQ63,2026/04/28,期貨及選擇權,,OPEICS,
"TEO29200R6　電子選擇權,2026/06,履約價2920.0,賣權",TWTEO920BR62,2026/04/28,期貨及選擇權,,OPEICS,
"TEO29200S6　電子選擇權,2026/07,履約價2920.0,賣權",TWTEO920BS61,2026/04/28,期貨及選擇權,,OPEICS,
"TEO29250Q6　電子選擇權,2026/05,履約價2925.0,賣權",TWTEO925BQ68,2026/04/28,期貨及選擇權,,OPEICS,
"TEO29300Q6　電子選擇權,2026/05,履約價2930.0,賣權",TWTEO930BQ61,2026/04/28,期貨及選擇權,,OPEICS,
"TEO29300R6　電子選擇權,2026/06,履約價2930.0,賣權",TWTEO930BR60,2026/04/28,期貨及選擇權,,OPEICS,
"TEO29300S6　電子選擇權,2026/07,履約價2930.0,賣權",TWTEO930BS69,2026/04/28,期貨及選擇權,,OPEICS,
"TEO29350Q6　電子選擇權,2026/05,履約價2935.0,賣權",TWTEO935BQ66,2026/04/28,期貨及選擇權,,OPEICS,
"TEO29400Q6　電子選擇權,2026/05,履約價2940.0,賣權",TWTEO940BQ69,2026/04/28,期貨及選擇權,,OPEICS,
"TEO29400R6　電子選擇權,2026/06,履約價2940.0,賣權",TWTEO940BR68,2026/04/28,期貨及選擇權,,OPEICS,
"TEO29400S6　電子選擇權,2026/07,履約價2940.0,賣權",TWTEO940BS67,2026/04/28,期貨及選擇權,,OPEICS,
"TEO29450Q6　電子選擇權,2026/05,履約價2945.0,賣權",TWTEO945BQ64,2026/04/28,期貨及選擇權,,OPEICS,
"TEO29500Q6　電子選擇權,2026/05,履約價2950.0,賣權",TWTEO950BQ66,2026/05/05,期貨及選擇權,,OPEICS,
"TEO29500R6　電子選擇權,2026/06,履約價2950.0,賣權",TWTEO950BR65,2026/04/28,期貨及選擇權,,OPEICS,
"TEO29500S6　電子選擇權,2026/07,履約價2950.0,賣權",TWTEO950BS64,2026/04/28,期貨及選擇權,,OPEICS,
"TEO29550Q6　電子選擇權,2026/05,履約價2955.0,賣權",TWTEO955BQ61,2026/05/05,期貨及選擇權,,OPEICS,
"TEO29600Q6　電子選擇權,2026/05,履約價2960.0,賣權",TWTEO960BQ64,2026/05/05,期貨及選擇權,,OPEICS,
"TEO29600R6　電子選擇權,2026/06,履約價2960.0,賣權",TWTEO960BR63,2026/05/05,期貨及選擇權,,OPEICS,
"TEO29600S6　電子選擇權,2026/07,履約價2960.0,賣權",TWTEO960BS62,2026/05/05,期貨及選擇權,,OPEICS,
"TEO29650Q6　電子選擇權,2026/05,履約價2965.0,賣權",TWTEO965BQ69,2026/05/05,期貨及選擇權,,OPEICS,
"TEO29700Q6　電子選擇權,2026/05,履約價2970.0,賣權",TWTEO970BQ62,2026/05/05,期貨及選擇權,,OPEICS,
"TEO29700R6　電子選擇權,2026/06,履約價2970.0,賣權",TWTEO970BR61,2026/05/05,期貨及選擇權,,OPEICS,
"TEO29700S6　電子選擇權,2026/07,履約價2970.0,賣權",TWTEO970BS60,2026/05/05,期貨及選擇權,,OPEICS,
"TEO29750Q6　電子選擇權,2026/05,履約價2975.0,賣權",TWTEO975BQ67,2026/05/05,期貨及選擇權,,OPEICS,
"TEO29800Q6　電子選擇權,2026/05,履約價2980.0,賣權",TWTEO980BQ60,2026/05/05,期貨及選擇權,,OPEICS,
"TEO29800R6　電子選擇權,2026/06,履約價2980.0,賣權",TWTEO980BR69,2026/05/05,期貨及選擇權,,OPEICS,
"TEO29800S6　電子選擇權,2026/07,履約價2980.0,賣權",TWTEO980BS68,2026/05/05,期貨及選擇權,,OPEICS,
"TEO29850Q6　電子選擇權,2026/05,履約價2985.0,賣權",TWTEO985BQ65,2026/05/05,期貨及選擇權,,OPEICS,
"TEO29900Q6　電子選擇權,2026/05,履約價2990.0,賣權",TWTEO990BQ68,2026/05/05,期貨及選擇權,,OPEICS,
"TEO29900R6　電子選擇權,2026/06,履約價2990.0,賣權",TWTEO990BR67,2026/05/05,期貨及選擇權,,OPEICS,
"TEO29900S6　電子選擇權,2026/07,履約價2990.0,賣權",TWTEO990BS66,2026/05/05,期貨及選擇權,,OPEICS,
"TEO29950Q6　電子選擇權,2026/05,履約價2995.0,賣權",TWTEO995BQ63,2026/05/05,期貨及選擇權,,OPEICS,
"TEO30000Q6　電子選擇權,2026/05,履約價3000.0,賣權",TWTEO000CQ65,2026/05/05,期貨及選擇權,,OPEICS,
"TEO30000R6　電子選擇權,2026/06,履約價3000.0,賣權",TWTEO000CR64,2026/05/05,期貨及選擇權,,OPEICS,
"TEO30000S6　電子選擇權,2026/07,履約價3000.0,賣權",TWTEO000CS63,2026/05/05,期貨及選擇權,,OPEICS,
"TEO30050Q6　電子選擇權,2026/05,履約價3005.0,賣權",TWTEO005CQ60,2026/05/05,期貨及選擇權,,OPEICS,
"TEO30100Q6　電子選擇權,2026/05,履約價3010.0,賣權",TWTEO010CQ63,2026/05/05,期貨及選擇權,,OPEICS,
"TEO30100R6　電子選擇權,2026/06,履約價3010.0,賣權",TWTEO010CR62,2026/05/05,期貨及選擇權,,OPEICS,
"TEO30100S6　電子選擇權,2026/07,履約價3010.0,賣權",TWTEO010CS61,2026/05/05,期貨及選擇權,,OPEICS,
"TEO30150Q6　電子選擇權,2026/05,履約價3015.0,賣權",TWTEO015CQ68,2026/05/05,期貨及選擇權,,OPEICS,
"TEO30200Q6　電子選擇權,2026/05,履約價3020.0,賣權",TWTEO020CQ61,2026/05/05,期貨及選擇權,,OPEICS,
"TEO30200R6　電子選擇權,2026/06,履約價3020.0,賣權",TWTEO020CR60,2026/05/05,期貨及選擇權,,OPEICS,
"TEO30200S6　電子選擇權,2026/07,履約價3020.0,賣權",TWTEO020CS69,2026/05/05,期貨及選擇權,,OPEICS,
"TEO30250Q6　電子選擇權,2026/05,履約價3025.0,賣權",TWTEO025CQ66,2026/05/05,期貨及選擇權,,OPEICS,
"TEO30300Q6　電子選擇權,2026/05,履約價3030.0,賣權",TWTEO030CQ69,2026/05/05,期貨及選擇權,,OPEICS,
"TEO30300R6　電子選擇權,2026/06,履約價3030.0,賣權",TWTEO030CR68,2026/05/05,期貨及選擇權,,OPEICS,
"TEO30300S6　電子選擇權,2026/07,履約價3030.0,賣權",TWTEO030CS67,2026/05/05,期貨及選擇權,,OPEICS,
"TEO30350Q6　電子選擇權,2026/05,履約價3035.0,賣權",TWTEO035CQ64,2026/05/05,期貨及選擇權,,OPEICS,
"TEO30400Q6　電子選擇權,2026/05,履約價3040.0,賣權",TWTEO040CQ67,2026/05/07,期貨及選擇權,,OPEICS,
"TEO30400R6　電子選擇權,2026/06,履約價3040.0,賣權",TWTEO040CR66,2026/05/05,期貨及選擇權,,OPEICS,
"TEO30400S6　電子選擇權,2026/07,履約價3040.0,賣權",TWTEO040CS65,2026/05/05,期貨及選擇權,,OPEICS,
"TEO30450Q6　電子選擇權,2026/05,履約價3045.0,賣權",TWTEO045CQ62,2026/05/07,期貨及選擇權,,OPEICS,
"TEO30500Q6　電子選擇權,2026/05,履約價3050.0,賣權",TWTEO050CQ64,2026/05/07,期貨及選擇權,,OPEICS,
"TEO30500R6　電子選擇權,2026/06,履約價3050.0,賣權",TWTEO050CR63,2026/05/07,期貨及選擇權,,OPEICS,
"TEO30500S6　電子選擇權,2026/07,履約價3050.0,賣權",TWTEO050CS62,2026/05/07,期貨及選擇權,,OPEICS,
"TEO30550Q6　電子選擇權,2026/05,履約價3055.0,賣權",TWTEO055CQ69,2026/05/07,期貨及選擇權,,OPEICS,
"TEO30600Q6　電子選擇權,2026/05,履約價3060.0,賣權",TWTEO060CQ62,2026/05/07,期貨及選擇權,,OPEICS,
"TEO30600R6　電子選擇權,2026/06,履約價3060.0,賣權",TWTEO060CR61,2026/05/07,期貨及選擇權,,OPEICS,
"TEO30600S6　電子選擇權,2026/07,履約價3060.0,賣權",TWTEO060CS60,2026/05/07,期貨及選擇權,,OPEICS,
"TEO30650Q6　電子選擇權,2026/05,履約價3065.0,賣權",TWTEO065CQ67,2026/05/07,期貨及選擇權,,OPEICS,
"TEO30700Q6　電子選擇權,2026/05,履約價3070.0,賣權",TWTEO070CQ60,2026/05/08,期貨及選擇權,,OPEICS,
"TEO30700R6　電子選擇權,2026/06,履約價3070.0,賣權",TWTEO070CR69,2026/05/07,期貨及選擇權,,OPEICS,
"TEO30700S6　電子選擇權,2026/07,履約價3070.0,賣權",TWTEO070CS68,2026/05/07,期貨及選擇權,,OPEICS,
"TEO30750Q6　電子選擇權,2026/05,履約價3075.0,賣權",TWTEO075CQ65,2026/05/08,期貨及選擇權,,OPEICS,
"TEO30800Q6　電子選擇權,2026/05,履約價3080.0,賣權",TWTEO080CQ68,2026/05/08,期貨及選擇權,,OPEICS,
"TEO30800R6　電子選擇權,2026/06,履約價3080.0,賣權",TWTEO080CR67,2026/05/08,期貨及選擇權,,OPEICS,
"TEO30800S6　電子選擇權,2026/07,履約價3080.0,賣權",TWTEO080CS66,2026/05/08,期貨及選擇權,,OPEICS,
"TEO30850Q6　電子選擇權,2026/05,履約價3085.0,賣權",TWTEO085CQ63,2026/05/08,期貨及選擇權,,OPEICS,
"TEO30900Q6　電子選擇權,2026/05,履約價3090.0,賣權",TWTEO090CQ66,2026/05/08,期貨及選擇權,,OPEICS,
"TEO30900R6　電子選擇權,2026/06,履約價3090.0,賣權",TWTEO090CR65,2026/05/08,期貨及選擇權,,OPEICS,
"TEO30900S6　電子選擇權,2026/07,履約價3090.0,賣權",TWTEO090CS64,2026/05/08,期貨及選擇權,,OPEICS,
"TEO30950Q6　電子選擇權,2026/05,履約價3095.0,賣權",TWTEO095CQ61,2026/05/08,期貨及選擇權,,OPEICS,
"TEO31000Q6　電子選擇權,2026/05,履約價3100.0,賣權",TWTEO100CQ64,2026/05/08,期貨及選擇權,,OPEICS,
"TEO31000R6　電子選擇權,2026/06,履約價3100.0,賣權",TWTEO100CR63,2026/05/08,期貨及選擇權,,OPEICS,
"TEO31000S6　電子選擇權,2026/07,履約價3100.0,賣權",TWTEO100CS62,2026/05/08,期貨及選擇權,,OPEICS,
"TEO31050Q6　電子選擇權,2026/05,履約價3105.0,賣權",TWTEO105CQ69,2026/05/08,期貨及選擇權,,OPEICS,
"TEO31100Q6　電子選擇權,2026/05,履約價3110.0,賣權",TWTEO110CQ62,2026/05/08,期貨及選擇權,,OPEICS,
"TEO31100R6　電子選擇權,2026/06,履約價3110.0,賣權",TWTEO110CR61,2026/05/08,期貨及選擇權,,OPEICS,
"TEO31100S6　電子選擇權,2026/07,履約價3110.0,賣權",TWTEO110CS60,2026/05/08,期貨及選擇權,,OPEICS,
"TEO31150Q6　電子選擇權,2026/05,履約價3115.0,賣權",TWTEO115CQ67,2026/05/08,期貨及選擇權,,OPEICS,
"TEO31200Q6　電子選擇權,2026/05,履約價3120.0,賣權",TWTEO120CQ60,2026/05/08,期貨及選擇權,,OPEICS,
"TEO31200R6　電子選擇權,2026/06,履約價3120.0,賣權",TWTEO120CR69,2026/05/08,期貨及選擇權,,OPEICS,
"TEO31200S6　電子選擇權,2026/07,履約價3120.0,賣權",TWTEO120CS68,2026/05/08,期貨及選擇權,,OPEICS,
"TEO31250Q6　電子選擇權,2026/05,履約價3125.0,賣權",TWTEO125CQ65,2026/05/08,期貨及選擇權,,OPEICS,
"TEO31300Q6　電子選擇權,2026/05,履約價3130.0,賣權",TWTEO130CQ68,2026/05/08,期貨及選擇權,,OPEICS,
"TEO31300R6　電子選擇權,2026/06,履約價3130.0,賣權",TWTEO130CR67,2026/05/08,期貨及選擇權,,OPEICS,
"TEO31300S6　電子選擇權,2026/07,履約價3130.0,賣權",TWTEO130CS66,2026/05/08,期貨及選擇權,,OPEICS,
"TEO31350Q6　電子選擇權,2026/05,履約價3135.0,賣權",TWTEO135CQ63,2026/05/08,期貨及選擇權,,OPEICS,
"TEO31400R6　電子選擇權,2026/06,履約價3140.0,賣權",TWTEO140CR65,2026/05/08,期貨及選擇權,,OPEICS,
"TEO31400S6　電子選擇權,2026/07,履約價3140.0,賣權",TWTEO140CS64,2026/05/08,期貨及選擇權,,OPEICS,
金融選擇權買權
"TFO02000E6　金融選擇權,2026/05,履約價2000,買權",TWTFO2000E68,2026/03/24,期貨及選擇權,,OCEICS,
"TFO02000F6　金融選擇權,2026/06,履約價2000,買權",TWTFO2000F67,2026/03/24,期貨及選擇權,,OCEICS,
"TFO02040E6　金融選擇權,2026/05,履約價2040,買權",TWTFO2040E60,2026/03/05,期貨及選擇權,,OCEICS,
"TFO02040F6　金融選擇權,2026/06,履約價2040,買權",TWTFO2040F69,2026/03/20,期貨及選擇權,,OCEICS,
"TFO02080E6　金融選擇權,2026/05,履約價2080,買權",TWTFO2080E61,2026/03/05,期貨及選擇權,,OCEICS,
"TFO02080F6　金融選擇權,2026/06,履約價2080,買權",TWTFO2080F60,2026/03/19,期貨及選擇權,,OCEICS,
"TFO02080G6　金融選擇權,2026/07,履約價2080,買權",TWTFO2080G69,2026/04/16,期貨及選擇權,,OCEICS,
"TFO02100E6　金融選擇權,2026/05,履約價2100,買權",TWTFO2100E67,2026/04/16,期貨及選擇權,,OCEICS,
"TFO02120E6　金融選擇權,2026/05,履約價2120,買權",TWTFO2120E63,2026/03/03,期貨及選擇權,,OCEICS,
"TFO02120F6　金融選擇權,2026/06,履約價2120,買權",TWTFO2120F62,2026/03/19,期貨及選擇權,,OCEICS,
"TFO02120G6　金融選擇權,2026/07,履約價2120,買權",TWTFO2120G61,2026/04/16,期貨及選擇權,,OCEICS,
"TFO02140E6　金融選擇權,2026/05,履約價2140,買權",TWTFO2140E69,2026/04/16,期貨及選擇權,,OCEICS,
"TFO02160E6　金融選擇權,2026/05,履約價2160,買權",TWTFO2160E64,2026/02/24,期貨及選擇權,,OCEICS,
"TFO02160F6　金融選擇權,2026/06,履約價2160,買權",TWTFO2160F63,2026/03/19,期貨及選擇權,,OCEICS,
"TFO02160G6　金融選擇權,2026/07,履約價2160,買權",TWTFO2160G62,2026/04/16,期貨及選擇權,,OCEICS,
"TFO02180E6　金融選擇權,2026/05,履約價2180,買權",TWTFO2180E60,2026/04/16,期貨及選擇權,,OCEICS,
"TFO02200E6　金融選擇權,2026/05,履約價2200,買權",TWTFO2200E66,2026/02/24,期貨及選擇權,,OCEICS,
"TFO02200F6　金融選擇權,2026/06,履約價2200,買權",TWTFO2200F65,2026/03/19,期貨及選擇權,,OCEICS,
"TFO02200G6　金融選擇權,2026/07,履約價2200,買權",TWTFO2200G64,2026/04/16,期貨及選擇權,,OCEICS,
"TFO02220E6　金融選擇權,2026/05,履約價2220,買權",TWTFO2220E62,2026/04/16,期貨及選擇權,,OCEICS,
"TFO02240E6　金融選擇權,2026/05,履約價2240,買權",TWTFO2240E68,2026/02/24,期貨及選擇權,,OCEICS,
"TFO02240F6　金融選擇權,2026/06,履約價2240,買權",TWTFO2240F67,2026/03/19,期貨及選擇權,,OCEICS,
"TFO02240G6　金融選擇權,2026/07,履約價2240,買權",TWTFO2240G66,2026/04/16,期貨及選擇權,,OCEICS,
"TFO02260E6　金融選擇權,2026/05,履約價2260,買權",TWTFO2260E63,2026/04/16,期貨及選擇權,,OCEICS,
"TFO02280E6　金融選擇權,2026/05,履約價2280,買權",TWTFO2280E69,2026/02/24,期貨及選擇權,,OCEICS,
"TFO02280F6　金融選擇權,2026/06,履約價2280,買權",TWTFO2280F68,2026/03/19,期貨及選擇權,,OCEICS,
"TFO02280G6　金融選擇權,2026/07,履約價2280,買權",TWTFO2280G67,2026/04/16,期貨及選擇權,,OCEICS,
"TFO02300E6　金融選擇權,2026/05,履約價2300,買權",TWTFO2300E65,2026/04/16,期貨及選擇權,,OCEICS,
"TFO02320E6　金融選擇權,2026/05,履約價2320,買權",TWTFO2320E61,2026/02/24,期貨及選擇權,,OCEICS,
"TFO02320F6　金融選擇權,2026/06,履約價2320,買權",TWTFO2320F60,2026/03/19,期貨及選擇權,,OCEICS,
"TFO02320G6　金融選擇權,2026/07,履約價2320,買權",TWTFO2320G69,2026/04/16,期貨及選擇權,,OCEICS,
"TFO02340E6　金融選擇權,2026/05,履約價2340,買權",TWTFO2340E67,2026/04/16,期貨及選擇權,,OCEICS,
"TFO02360E6　金融選擇權,2026/05,履約價2360,買權",TWTFO2360E62,2026/02/24,期貨及選擇權,,OCEICS,
"TFO02360F6　金融選擇權,2026/06,履約價2360,買權",TWTFO2360F61,2026/03/19,期貨及選擇權,,OCEICS,
"TFO02360G6　金融選擇權,2026/07,履約價2360,買權",TWTFO2360G60,2026/04/16,期貨及選擇權,,OCEICS,
"TFO02380E6　金融選擇權,2026/05,履約價2380,買權",TWTFO2380E68,2026/04/16,期貨及選擇權,,OCEICS,
"TFO02400E6　金融選擇權,2026/05,履約價2400,買權",TWTFO2400E64,2026/02/24,期貨及選擇權,,OCEICS,
"TFO02400F6　金融選擇權,2026/06,履約價2400,買權",TWTFO2400F63,2026/03/19,期貨及選擇權,,OCEICS,
"TFO02400G6　金融選擇權,2026/07,履約價2400,買權",TWTFO2400G62,2026/04/16,期貨及選擇權,,OCEICS,
"TFO02420E6　金融選擇權,2026/05,履約價2420,買權",TWTFO2420E60,2026/04/16,期貨及選擇權,,OCEICS,
"TFO02440E6　金融選擇權,2026/05,履約價2440,買權",TWTFO2440E66,2026/02/24,期貨及選擇權,,OCEICS,
"TFO02440F6　金融選擇權,2026/06,履約價2440,買權",TWTFO2440F65,2026/03/19,期貨及選擇權,,OCEICS,
"TFO02440G6　金融選擇權,2026/07,履約價2440,買權",TWTFO2440G64,2026/04/16,期貨及選擇權,,OCEICS,
"TFO02460E6　金融選擇權,2026/05,履約價2460,買權",TWTFO2460E61,2026/04/16,期貨及選擇權,,OCEICS,
"TFO02480E6　金融選擇權,2026/05,履約價2480,買權",TWTFO2480E67,2026/02/24,期貨及選擇權,,OCEICS,
"TFO02480F6　金融選擇權,2026/06,履約價2480,買權",TWTFO2480F66,2026/03/19,期貨及選擇權,,OCEICS,
"TFO02480G6　金融選擇權,2026/07,履約價2480,買權",TWTFO2480G65,2026/04/16,期貨及選擇權,,OCEICS,
"TFO02500E6　金融選擇權,2026/05,履約價2500,買權",TWTFO2500E63,2026/04/16,期貨及選擇權,,OCEICS,
"TFO02520E6　金融選擇權,2026/05,履約價2520,買權",TWTFO2520E69,2026/02/24,期貨及選擇權,,OCEICS,
"TFO02520F6　金融選擇權,2026/06,履約價2520,買權",TWTFO2520F68,2026/03/19,期貨及選擇權,,OCEICS,
"TFO02520G6　金融選擇權,2026/07,履約價2520,買權",TWTFO2520G67,2026/04/16,期貨及選擇權,,OCEICS,
"TFO02540E6　金融選擇權,2026/05,履約價2540,買權",TWTFO2540E65,2026/04/16,期貨及選擇權,,OCEICS,
"TFO02560E6　金融選擇權,2026/05,履約價2560,買權",TWTFO2560E60,2026/02/24,期貨及選擇權,,OCEICS,
"TFO02560F6　金融選擇權,2026/06,履約價2560,買權",TWTFO2560F69,2026/03/19,期貨及選擇權,,OCEICS,
"TFO02560G6　金融選擇權,2026/07,履約價2560,買權",TWTFO2560G68,2026/04/16,期貨及選擇權,,OCEICS,
"TFO02580E6　金融選擇權,2026/05,履約價2580,買權",TWTFO2580E66,2026/04/16,期貨及選擇權,,OCEICS,
"TFO02600E6　金融選擇權,2026/05,履約價2600,買權",TWTFO2600E62,2026/02/24,期貨及選擇權,,OCEICS,
"TFO02600F6　金融選擇權,2026/06,履約價2600,買權",TWTFO2600F61,2026/03/19,期貨及選擇權,,OCEICS,
"TFO02600G6　金融選擇權,2026/07,履約價2600,買權",TWTFO2600G60,2026/04/16,期貨及選擇權,,OCEICS,
"TFO02620E6　金融選擇權,2026/05,履約價2620,買權",TWTFO2620E68,2026/04/16,期貨及選擇權,,OCEICS,
"TFO02640E6　金融選擇權,2026/05,履約價2640,買權",TWTFO2640E64,2026/02/24,期貨及選擇權,,OCEICS,
"TFO02640F6　金融選擇權,2026/06,履約價2640,買權",TWTFO2640F63,2026/03/19,期貨及選擇權,,OCEICS,
"TFO02640G6　金融選擇權,2026/07,履約價2640,買權",TWTFO2640G62,2026/04/16,期貨及選擇權,,OCEICS,
"TFO02660E6　金融選擇權,2026/05,履約價2660,買權",TWTFO2660E69,2026/04/16,期貨及選擇權,,OCEICS,
"TFO02680E6　金融選擇權,2026/05,履約價2680,買權",TWTFO2680E65,2026/02/24,期貨及選擇權,,OCEICS,
"TFO02680F6　金融選擇權,2026/06,履約價2680,買權",TWTFO2680F64,2026/03/19,期貨及選擇權,,OCEICS,
"TFO02680G6　金融選擇權,2026/07,履約價2680,買權",TWTFO2680G63,2026/04/16,期貨及選擇權,,OCEICS,
"TFO02700E6　金融選擇權,2026/05,履約價2700,買權",TWTFO2700E61,2026/04/16,期貨及選擇權,,OCEICS,
"TFO02720E6　金融選擇權,2026/05,履約價2720,買權",TWTFO2720E67,2026/02/24,期貨及選擇權,,OCEICS,
"TFO02720F6　金融選擇權,2026/06,履約價2720,買權",TWTFO2720F66,2026/03/19,期貨及選擇權,,OCEICS,
"TFO02720G6　金融選擇權,2026/07,履約價2720,買權",TWTFO2720G65,2026/04/16,期貨及選擇權,,OCEICS,
"TFO02740E6　金融選擇權,2026/05,履約價2740,買權",TWTFO2740E63,2026/04/16,期貨及選擇權,,OCEICS,
"TFO02760E6　金融選擇權,2026/05,履約價2760,買權",TWTFO2760E68,2026/02/24,期貨及選擇權,,OCEICS,
"TFO02760F6　金融選擇權,2026/06,履約價2760,買權",TWTFO2760F67,2026/03/19,期貨及選擇權,,OCEICS,
"TFO02760G6　金融選擇權,2026/07,履約價2760,買權",TWTFO2760G66,2026/04/16,期貨及選擇權,,OCEICS,
"TFO02780E6　金融選擇權,2026/05,履約價2780,買權",TWTFO2780E64,2026/04/16,期貨及選擇權,,OCEICS,
"TFO02800E6　金融選擇權,2026/05,履約價2800,買權",TWTFO2800E60,2026/02/24,期貨及選擇權,,OCEICS,
"TFO02800F6　金融選擇權,2026/06,履約價2800,買權",TWTFO2800F69,2026/03/19,期貨及選擇權,,OCEICS,
"TFO02800G6　金融選擇權,2026/07,履約價2800,買權",TWTFO2800G68,2026/04/16,期貨及選擇權,,OCEICS,
"TFO02820E6　金融選擇權,2026/05,履約價2820,買權",TWTFO2820E66,2026/04/16,期貨及選擇權,,OCEICS,
"TFO02840E6　金融選擇權,2026/05,履約價2840,買權",TWTFO2840E62,2026/02/24,期貨及選擇權,,OCEICS,
"TFO02840F6　金融選擇權,2026/06,履約價2840,買權",TWTFO2840F61,2026/03/19,期貨及選擇權,,OCEICS,
"TFO02840G6　金融選擇權,2026/07,履約價2840,買權",TWTFO2840G60,2026/04/16,期貨及選擇權,,OCEICS,
"TFO02860E6　金融選擇權,2026/05,履約價2860,買權",TWTFO2860E67,2026/04/16,期貨及選擇權,,OCEICS,
"TFO02880E6　金融選擇權,2026/05,履約價2880,買權",TWTFO2880E63,2026/02/24,期貨及選擇權,,OCEICS,
"TFO02880F6　金融選擇權,2026/06,履約價2880,買權",TWTFO2880F62,2026/04/09,期貨及選擇權,,OCEICS,
"TFO02880G6　金融選擇權,2026/07,履約價2880,買權",TWTFO2880G61,2026/04/16,期貨及選擇權,,OCEICS,
"TFO02900E6　金融選擇權,2026/05,履約價2900,買權",TWTFO2900E69,2026/04/17,期貨及選擇權,,OCEICS,
"TFO02920E6　金融選擇權,2026/05,履約價2920,買權",TWTFO2920E65,2026/02/24,期貨及選擇權,,OCEICS,
"TFO02920F6　金融選擇權,2026/06,履約價2920,買權",TWTFO2920F64,2026/04/17,期貨及選擇權,,OCEICS,
"TFO02920G6　金融選擇權,2026/07,履約價2920,買權",TWTFO2920G63,2026/04/17,期貨及選擇權,,OCEICS,
"TFO02940E6　金融選擇權,2026/05,履約價2940,買權",TWTFO2940E61,2026/05/08,期貨及選擇權,,OCEICS,
"TFO02960E6　金融選擇權,2026/05,履約價2960,買權",TWTFO2960E66,2026/02/24,期貨及選擇權,,OCEICS,
"TFO02960F6　金融選擇權,2026/06,履約價2960,買權",TWTFO2960F65,2026/05/08,期貨及選擇權,,OCEICS,
"TFO02960G6　金融選擇權,2026/07,履約價2960,買權",TWTFO2960G64,2026/05/08,期貨及選擇權,,OCEICS,
"TFO03000E6　金融選擇權,2026/05,履約價3000,買權",TWTFO3000E66,2026/03/02,期貨及選擇權,,OCEICS,
金融選擇權賣權
"TFO02000Q6　金融選擇權,2026/05,履約價2000,賣權",TWTFO2000Q64,2026/03/24,期貨及選擇權,,OPEICS,
"TFO02000R6　金融選擇權,2026/06,履約價2000,賣權",TWTFO2000R63,2026/03/24,期貨及選擇權,,OPEICS,
"TFO02040Q6　金融選擇權,2026/05,履約價2040,賣權",TWTFO2040Q66,2026/03/05,期貨及選擇權,,OPEICS,
"TFO02040R6　金融選擇權,2026/06,履約價2040,賣權",TWTFO2040R65,2026/03/20,期貨及選擇權,,OPEICS,
"TFO02080Q6　金融選擇權,2026/05,履約價2080,賣權",TWTFO2080Q67,2026/03/05,期貨及選擇權,,OPEICS,
"TFO02080R6　金融選擇權,2026/06,履約價2080,賣權",TWTFO2080R66,2026/03/19,期貨及選擇權,,OPEICS,
"TFO02080S6　金融選擇權,2026/07,履約價2080,賣權",TWTFO2080S65,2026/04/16,期貨及選擇權,,OPEICS,
"TFO02100Q6　金融選擇權,2026/05,履約價2100,賣權",TWTFO2100Q63,2026/04/16,期貨及選擇權,,OPEICS,
"TFO02120Q6　金融選擇權,2026/05,履約價2120,賣權",TWTFO2120Q69,2026/03/03,期貨及選擇權,,OPEICS,
"TFO02120R6　金融選擇權,2026/06,履約價2120,賣權",TWTFO2120R68,2026/03/19,期貨及選擇權,,OPEICS,
"TFO02120S6　金融選擇權,2026/07,履約價2120,賣權",TWTFO2120S67,2026/04/16,期貨及選擇權,,OPEICS,
"TFO02140Q6　金融選擇權,2026/05,履約價2140,賣權",TWTFO2140Q65,2026/04/16,期貨及選擇權,,OPEICS,
"TFO02160Q6　金融選擇權,2026/05,履約價2160,賣權",TWTFO2160Q60,2026/02/24,期貨及選擇權,,OPEICS,
"TFO02160R6　金融選擇權,2026/06,履約價2160,賣權",TWTFO2160R69,2026/03/19,期貨及選擇權,,OPEICS,
"TFO02160S6　金融選擇權,2026/07,履約價2160,賣權",TWTFO2160S68,2026/04/16,期貨及選擇權,,OPEICS,
"TFO02180Q6　金融選擇權,2026/05,履約價2180,賣權",TWTFO2180Q66,2026/04/16,期貨及選擇權,,OPEICS,
"TFO02200Q6　金融選擇權,2026/05,履約價2200,賣權",TWTFO2200Q62,2026/02/24,期貨及選擇權,,OPEICS,
"TFO02200R6　金融選擇權,2026/06,履約價2200,賣權",TWTFO2200R61,2026/03/19,期貨及選擇權,,OPEICS,
"TFO02200S6　金融選擇權,2026/07,履約價2200,賣權",TWTFO2200S60,2026/04/16,期貨及選擇權,,OPEICS,
"TFO02220Q6　金融選擇權,2026/05,履約價2220,賣權",TWTFO2220Q68,2026/04/16,期貨及選擇權,,OPEICS,
"TFO02240Q6　金融選擇權,2026/05,履約價2240,賣權",TWTFO2240Q64,2026/02/24,期貨及選擇權,,OPEICS,
"TFO02240R6　金融選擇權,2026/06,履約價2240,賣權",TWTFO2240R63,2026/03/19,期貨及選擇權,,OPEICS,
"TFO02240S6　金融選擇權,2026/07,履約價2240,賣權",TWTFO2240S62,2026/04/16,期貨及選擇權,,OPEICS,
"TFO02260Q6　金融選擇權,2026/05,履約價2260,賣權",TWTFO2260Q69,2026/04/16,期貨及選擇權,,OPEICS,
"TFO02280Q6　金融選擇權,2026/05,履約價2280,賣權",TWTFO2280Q65,2026/02/24,期貨及選擇權,,OPEICS,
"TFO02280R6　金融選擇權,2026/06,履約價2280,賣權",TWTFO2280R64,2026/03/19,期貨及選擇權,,OPEICS,
"TFO02280S6　金融選擇權,2026/07,履約價2280,賣權",TWTFO2280S63,2026/04/16,期貨及選擇權,,OPEICS,
"TFO02300Q6　金融選擇權,2026/05,履約價2300,賣權",TWTFO2300Q61,2026/04/16,期貨及選擇權,,OPEICS,
"TFO02320Q6　金融選擇權,2026/05,履約價2320,賣權",TWTFO2320Q67,2026/02/24,期貨及選擇權,,OPEICS,
"TFO02320R6　金融選擇權,2026/06,履約價2320,賣權",TWTFO2320R66,2026/03/19,期貨及選擇權,,OPEICS,
"TFO02320S6　金融選擇權,2026/07,履約價2320,賣權",TWTFO2320S65,2026/04/16,期貨及選擇權,,OPEICS,
"TFO02340Q6　金融選擇權,2026/05,履約價2340,賣權",TWTFO2340Q63,2026/04/16,期貨及選擇權,,OPEICS,
"TFO02360Q6　金融選擇權,2026/05,履約價2360,賣權",TWTFO2360Q68,2026/02/24,期貨及選擇權,,OPEICS,
"TFO02360R6　金融選擇權,2026/06,履約價2360,賣權",TWTFO2360R67,2026/03/19,期貨及選擇權,,OPEICS,
"TFO02360S6　金融選擇權,2026/07,履約價2360,賣權",TWTFO2360S66,2026/04/16,期貨及選擇權,,OPEICS,
"TFO02380Q6　金融選擇權,2026/05,履約價2380,賣權",TWTFO2380Q64,2026/04/16,期貨及選擇權,,OPEICS,
"TFO02400Q6　金融選擇權,2026/05,履約價2400,賣權",TWTFO2400Q60,2026/02/24,期貨及選擇權,,OPEICS,
"TFO02400R6　金融選擇權,2026/06,履約價2400,賣權",TWTFO2400R69,2026/03/19,期貨及選擇權,,OPEICS,
"TFO02400S6　金融選擇權,2026/07,履約價2400,賣權",TWTFO2400S68,2026/04/16,期貨及選擇權,,OPEICS,
"TFO02420Q6　金融選擇權,2026/05,履約價2420,賣權",TWTFO2420Q66,2026/04/16,期貨及選擇權,,OPEICS,
"TFO02440Q6　金融選擇權,2026/05,履約價2440,賣權",TWTFO2440Q62,2026/02/24,期貨及選擇權,,OPEICS,
"TFO02440R6　金融選擇權,2026/06,履約價2440,賣權",TWTFO2440R61,2026/03/19,期貨及選擇權,,OPEICS,
"TFO02440S6　金融選擇權,2026/07,履約價2440,賣權",TWTFO2440S60,2026/04/16,期貨及選擇權,,OPEICS,
"TFO02460Q6　金融選擇權,2026/05,履約價2460,賣權",TWTFO2460Q67,2026/04/16,期貨及選擇權,,OPEICS,
"TFO02480Q6　金融選擇權,2026/05,履約價2480,賣權",TWTFO2480Q63,2026/02/24,期貨及選擇權,,OPEICS,
"TFO02480R6　金融選擇權,2026/06,履約價2480,賣權",TWTFO2480R62,2026/03/19,期貨及選擇權,,OPEICS,
"TFO02480S6　金融選擇權,2026/07,履約價2480,賣權",TWTFO2480S61,2026/04/16,期貨及選擇權,,OPEICS,
"TFO02500Q6　金融選擇權,2026/05,履約價2500,賣權",TWTFO2500Q69,2026/04/16,期貨及選擇權,,OPEICS,
"TFO02520Q6　金融選擇權,2026/05,履約價2520,賣權",TWTFO2520Q65,2026/02/24,期貨及選擇權,,OPEICS,
"TFO02520R6　金融選擇權,2026/06,履約價2520,賣權",TWTFO2520R64,2026/03/19,期貨及選擇權,,OPEICS,
"TFO02520S6　金融選擇權,2026/07,履約價2520,賣權",TWTFO2520S63,2026/04/16,期貨及選擇權,,OPEICS,
"TFO02540Q6　金融選擇權,2026/05,履約價2540,賣權",TWTFO2540Q61,2026/04/16,期貨及選擇權,,OPEICS,
"TFO02560Q6　金融選擇權,2026/05,履約價2560,賣權",TWTFO2560Q66,2026/02/24,期貨及選擇權,,OPEICS,
"TFO02560R6　金融選擇權,2026/06,履約價2560,賣權",TWTFO2560R65,2026/03/19,期貨及選擇權,,OPEICS,
"TFO02560S6　金融選擇權,2026/07,履約價2560,賣權",TWTFO2560S64,2026/04/16,期貨及選擇權,,OPEICS,
"TFO02580Q6　金融選擇權,2026/05,履約價2580,賣權",TWTFO2580Q62,2026/04/16,期貨及選擇權,,OPEICS,
"TFO02600Q6　金融選擇權,2026/05,履約價2600,賣權",TWTFO2600Q68,2026/02/24,期貨及選擇權,,OPEICS,
"TFO02600R6　金融選擇權,2026/06,履約價2600,賣權",TWTFO2600R67,2026/03/19,期貨及選擇權,,OPEICS,
"TFO02600S6　金融選擇權,2026/07,履約價2600,賣權",TWTFO2600S66,2026/04/16,期貨及選擇權,,OPEICS,
"TFO02620Q6　金融選擇權,2026/05,履約價2620,賣權",TWTFO2620Q64,2026/04/16,期貨及選擇權,,OPEICS,
"TFO02640Q6　金融選擇權,2026/05,履約價2640,賣權",TWTFO2640Q60,2026/02/24,期貨及選擇權,,OPEICS,
"TFO02640R6　金融選擇權,2026/06,履約價2640,賣權",TWTFO2640R69,2026/03/19,期貨及選擇權,,OPEICS,
"TFO02640S6　金融選擇權,2026/07,履約價2640,賣權",TWTFO2640S68,2026/04/16,期貨及選擇權,,OPEICS,
"TFO02660Q6　金融選擇權,2026/05,履約價2660,賣權",TWTFO2660Q65,2026/04/16,期貨及選擇權,,OPEICS,
"TFO02680Q6　金融選擇權,2026/05,履約價2680,賣權",TWTFO2680Q61,2026/02/24,期貨及選擇權,,OPEICS,
"TFO02680R6　金融選擇權,2026/06,履約價2680,賣權",TWTFO2680R60,2026/03/19,期貨及選擇權,,OPEICS,
"TFO02680S6　金融選擇權,2026/07,履約價2680,賣權",TWTFO2680S69,2026/04/16,期貨及選擇權,,OPEICS,
"TFO02700Q6　金融選擇權,2026/05,履約價2700,賣權",TWTFO2700Q67,2026/04/16,期貨及選擇權,,OPEICS,
"TFO02720Q6　金融選擇權,2026/05,履約價2720,賣權",TWTFO2720Q63,2026/02/24,期貨及選擇權,,OPEICS,
"TFO02720R6　金融選擇權,2026/06,履約價2720,賣權",TWTFO2720R62,2026/03/19,期貨及選擇權,,OPEICS,
"TFO02720S6　金融選擇權,2026/07,履約價2720,賣權",TWTFO2720S61,2026/04/16,期貨及選擇權,,OPEICS,
"TFO02740Q6　金融選擇權,2026/05,履約價2740,賣權",TWTFO2740Q69,2026/04/16,期貨及選擇權,,OPEICS,
"TFO02760Q6　金融選擇權,2026/05,履約價2760,賣權",TWTFO2760Q64,2026/02/24,期貨及選擇權,,OPEICS,
"TFO02760R6　金融選擇權,2026/06,履約價2760,賣權",TWTFO2760R63,2026/03/19,期貨及選擇權,,OPEICS,
"TFO02760S6　金融選擇權,2026/07,履約價2760,賣權",TWTFO2760S62,2026/04/16,期貨及選擇權,,OPEICS,
"TFO02780Q6　金融選擇權,2026/05,履約價2780,賣權",TWTFO2780Q60,2026/04/16,期貨及選擇權,,OPEICS,
"TFO02800Q6　金融選擇權,2026/05,履約價2800,賣權",TWTFO2800Q66,2026/02/24,期貨及選擇權,,OPEICS,
"TFO02800R6　金融選擇權,2026/06,履約價2800,賣權",TWTFO2800R65,2026/03/19,期貨及選擇權,,OPEICS,
"TFO02800S6　金融選擇權,2026/07,履約價2800,賣權",TWTFO2800S64,2026/04/16,期貨及選擇權,,OPEICS,
"TFO02820Q6　金融選擇權,2026/05,履約價2820,賣權",TWTFO2820Q62,2026/04/16,期貨及選擇權,,OPEICS,
"TFO02840Q6　金融選擇權,2026/05,履約價2840,賣權",TWTFO2840Q68,2026/02/24,期貨及選擇權,,OPEICS,
"TFO02840R6　金融選擇權,2026/06,履約價2840,賣權",TWTFO2840R67,2026/03/19,期貨及選擇權,,OPEICS,
"TFO02840S6　金融選擇權,2026/07,履約價2840,賣權",TWTFO2840S66,2026/04/16,期貨及選擇權,,OPEICS,
"TFO02860Q6　金融選擇權,2026/05,履約價2860,賣權",TWTFO2860Q63,2026/04/16,期貨及選擇權,,OPEICS,
"TFO02880Q6　金融選擇權,2026/05,履約價2880,賣權",TWTFO2880Q69,2026/02/24,期貨及選擇權,,OPEICS,
"TFO02880R6　金融選擇權,2026/06,履約價2880,賣權",TWTFO2880R68,2026/04/09,期貨及選擇權,,OPEICS,
"TFO02880S6　金融選擇權,2026/07,履約價2880,賣權",TWTFO2880S67,2026/04/16,期貨及選擇權,,OPEICS,
"TFO02900Q6　金融選擇權,2026/05,履約價2900,賣權",TWTFO2900Q65,2026/04/17,期貨及選擇權,,OPEICS,
"TFO02920Q6　金融選擇權,2026/05,履約價2920,賣權",TWTFO2920Q61,2026/02/24,期貨及選擇權,,OPEICS,
"TFO02920R6　金融選擇權,2026/06,履約價2920,賣權",TWTFO2920R60,2026/04/17,期貨及選擇權,,OPEICS,
"TFO02920S6　金融選擇權,2026/07,履約價2920,賣權",TWTFO2920S69,2026/04/17,期貨及選擇權,,OPEICS,
"TFO02940Q6　金融選擇權,2026/05,履約價2940,賣權",TWTFO2940Q67,2026/05/08,期貨及選擇權,,OPEICS,
"TFO02960Q6　金融選擇權,2026/05,履約價2960,賣權",TWTFO2960Q62,2026/02/24,期貨及選擇權,,OPEICS,
"TFO02960R6　金融選擇權,2026/06,履約價2960,賣權",TWTFO2960R61,2026/05/08,期貨及選擇權,,OPEICS,
"TFO02960S6　金融選擇權,2026/07,履約價2960,賣權",TWTFO2960S60,2026/05/08,期貨及選擇權,,OPEICS,
"TFO03000Q6　金融選擇權,2026/05,履約價3000,賣權",TWTFO3000Q62,2026/03/02,期貨及選擇權,,OPEICS,
臺指選擇權買權
"TX235000E6　臺指選擇權,2026/05,履約價35000,買權",TWTX2500CE65,2026/05/04,期貨及選擇權,,OCEICS,
"TX235100E6　臺指選擇權,2026/05,履約價35100,買權",TWTX2510CE63,2026/05/04,期貨及選擇權,,OCEICS,
"TX235200E6　臺指選擇權,2026/05,履約價35200,買權",TWTX2520CE61,2026/05/04,期貨及選擇權,,OCEICS,
"TX235300E6　臺指選擇權,2026/05,履約價35300,買權",TWTX2530CE69,2026/04/30,期貨及選擇權,,OCEICS,
"TX235400E6　臺指選擇權,2026/05,履約價35400,買權",TWTX2540CE67,2026/04/30,期貨及選擇權,,OCEICS,
"TX235500E6　臺指選擇權,2026/05,履約價35500,買權",TWTX2550CE64,2026/04/29,期貨及選擇權,,OCEICS,
"TX235600E6　臺指選擇權,2026/05,履約價35600,買權",TWTX2560CE62,2026/04/29,期貨及選擇權,,OCEICS,
"TX235700E6　臺指選擇權,2026/05,履約價35700,買權",TWTX2570CE60,2026/04/29,期貨及選擇權,,OCEICS,
"TX235800E6　臺指選擇權,2026/05,履約價35800,買權",TWTX2580CE68,2026/04/29,期貨及選擇權,,OCEICS,
"TX235900E6　臺指選擇權,2026/05,履約價35900,買權",TWTX2590CE66,2026/04/29,期貨及選擇權,,OCEICS,
"TX236000E6　臺指選擇權,2026/05,履約價36000,買權",TWTX2600CE64,2026/04/29,期貨及選擇權,,OCEICS,
"TX236100E6　臺指選擇權,2026/05,履約價36100,買權",TWTX2610CE62,2026/04/29,期貨及選擇權,,OCEICS,
"TX236200E6　臺指選擇權,2026/05,履約價36200,買權",TWTX2620CE60,2026/04/29,期貨及選擇權,,OCEICS,
"TX236300E6　臺指選擇權,2026/05,履約價36300,買權",TWTX2630CE68,2026/04/29,期貨及選擇權,,OCEICS,
"TX236400E6　臺指選擇權,2026/05,履約價36400,買權",TWTX2640CE66,2026/04/29,期貨及選擇權,,OCEICS,
"TX236500E6　臺指選擇權,2026/05,履約價36500,買權",TWTX2650CE63,2026/04/29,期貨及選擇權,,OCEICS,
"TX236600E6　臺指選擇權,2026/05,履約價36600,買權",TWTX2660CE61,2026/04/29,期貨及選擇權,,OCEICS,
"TX236700E6　臺指選擇權,2026/05,履約價36700,買權",TWTX2670CE69,2026/04/29,期貨及選擇權,,OCEICS,
"TX236800E6　臺指選擇權,2026/05,履約價36800,買權",TWTX2680CE67,2026/04/29,期貨及選擇權,,OCEICS,
"TX236900E6　臺指選擇權,2026/05,履約價36900,買權",TWTX2690CE65,2026/04/29,期貨及選擇權,,OCEICS,
"TX237000E6　臺指選擇權,2026/05,履約價37000,買權",TWTX2700CE63,2026/04/29,期貨及選擇權,,OCEICS,
"TX237100E6　臺指選擇權,2026/05,履約價37100,買權",TWTX2710CE61,2026/04/29,期貨及選擇權,,OCEICS,
"TX237200E6　臺指選擇權,2026/05,履約價37200,買權",TWTX2720CE69,2026/04/29,期貨及選擇權,,OCEICS,
"TX237300E6　臺指選擇權,2026/05,履約價37300,買權",TWTX2730CE67,2026/04/29,期貨及選擇權,,OCEICS,
"TX237400E6　臺指選擇權,2026/05,履約價37400,買權",TWTX2740CE65,2026/04/29,期貨及選擇權,,OCEICS,
"TX237500E6　臺指選擇權,2026/05,履約價37500,買權",TWTX2750CE62,2026/04/29,期貨及選擇權,,OCEICS,
"TX237600E6　臺指選擇權,2026/05,履約價37600,買權",TWTX2760CE60,2026/04/29,期貨及選擇權,,OCEICS,
"TX237700E6　臺指選擇權,2026/05,履約價37700,買權",TWTX2770CE68,2026/04/29,期貨及選擇權,,OCEICS,
"TX237800E6　臺指選擇權,2026/05,履約價37800,買權",TWTX2780CE66,2026/04/29,期貨及選擇權,,OCEICS,
"TX237850E6　臺指選擇權,2026/05,履約價37850,買權",TWTX2785CE61,2026/05/04,期貨及選擇權,,OCEICS,
"TX237900E6　臺指選擇權,2026/05,履約價37900,買權",TWTX2790CE64,2026/04/29,期貨及選擇權,,OCEICS,
"TX237950E6　臺指選擇權,2026/05,履約價37950,買權",TWTX2795CE69,2026/05/04,期貨及選擇權,,OCEICS,
"TX238000E6　臺指選擇權,2026/05,履約價38000,買權",TWTX2800CE62,2026/04/29,期貨及選擇權,,OCEICS,
"TX238050E6　臺指選擇權,2026/05,履約價38050,買權",TWTX2805CE67,2026/05/04,期貨及選擇權,,OCEICS,
"TX238100E6　臺指選擇權,2026/05,履約價38100,買權",TWTX2810CE60,2026/04/29,期貨及選擇權,,OCEICS,
"TX238150E6　臺指選擇權,2026/05,履約價38150,買權",TWTX2815CE65,2026/04/30,期貨及選擇權,,OCEICS,
"TX238200E6　臺指選擇權,2026/05,履約價38200,買權",TWTX2820CE68,2026/04/29,期貨及選擇權,,OCEICS,
"TX238250E6　臺指選擇權,2026/05,履約價38250,買權",TWTX2825CE63,2026/04/30,期貨及選擇權,,OCEICS,
"TX238300E6　臺指選擇權,2026/05,履約價38300,買權",TWTX2830CE66,2026/04/29,期貨及選擇權,,OCEICS,
"TX238350E6　臺指選擇權,2026/05,履約價38350,買權",TWTX2835CE61,2026/04/29,期貨及選擇權,,OCEICS,
"TX238400E6　臺指選擇權,2026/05,履約價38400,買權",TWTX2840CE64,2026/04/29,期貨及選擇權,,OCEICS,
"TX238450E6　臺指選擇權,2026/05,履約價38450,買權",TWTX2845CE69,2026/04/29,期貨及選擇權,,OCEICS,
"TX238500E6　臺指選擇權,2026/05,履約價38500,買權",TWTX2850CE61,2026/04/29,期貨及選擇權,,OCEICS,
"TX238550E6　臺指選擇權,2026/05,履約價38550,買權",TWTX2855CE66,2026/04/29,期貨及選擇權,,OCEICS,
"TX238600E6　臺指選擇權,2026/05,履約價38600,買權",TWTX2860CE69,2026/04/29,期貨及選擇權,,OCEICS,
"TX238650E6　臺指選擇權,2026/05,履約價38650,買權",TWTX2865CE64,2026/04/29,期貨及選擇權,,OCEICS,
"TX238700E6　臺指選擇權,2026/05,履約價38700,買權",TWTX2870CE67,2026/04/29,期貨及選擇權,,OCEICS,
"TX238750E6　臺指選擇權,2026/05,履約價38750,買權",TWTX2875CE62,2026/04/29,期貨及選擇權,,OCEICS,
"TX238800E6　臺指選擇權,2026/05,履約價38800,買權",TWTX2880CE65,2026/04/29,期貨及選擇權,,OCEICS,
"TX238850E6　臺指選擇權,2026/05,履約價38850,買權",TWTX2885CE60,2026/04/29,期貨及選擇權,,OCEICS,
"TX238900E6　臺指選擇權,2026/05,履約價38900,買權",TWTX2890CE63,2026/04/29,期貨及選擇權,,OCEICS,
"TX238950E6　臺指選擇權,2026/05,履約價38950,買權",TWTX2895CE68,2026/04/29,期貨及選擇權,,OCEICS,
"TX239000E6　臺指選擇權,2026/05,履約價39000,買權",TWTX2900CE61,2026/04/29,期貨及選擇權,,OCEICS,
"TX239050E6　臺指選擇權,2026/05,履約價39050,買權",TWTX2905CE66,2026/04/29,期貨及選擇權,,OCEICS,
"TX239100E6　臺指選擇權,2026/05,履約價39100,買權",TWTX2910CE69,2026/04/29,期貨及選擇權,,OCEICS,
"TX239150E6　臺指選擇權,2026/05,履約價39150,買權",TWTX2915CE64,2026/04/29,期貨及選擇權,,OCEICS,
"TX239200E6　臺指選擇權,2026/05,履約價39200,買權",TWTX2920CE67,2026/04/29,期貨及選擇權,,OCEICS,
"TX239250E6　臺指選擇權,2026/05,履約價39250,買權",TWTX2925CE62,2026/04/29,期貨及選擇權,,OCEICS,
"TX239300E6　臺指選擇權,2026/05,履約價39300,買權",TWTX2930CE65,2026/04/29,期貨及選擇權,,OCEICS,
"TX239350E6　臺指選擇權,2026/05,履約價39350,買權",TWTX2935CE60,2026/04/29,期貨及選擇權,,OCEICS,
"TX239400E6　臺指選擇權,2026/05,履約價39400,買權",TWTX2940CE63,2026/04/29,期貨及選擇權,,OCEICS,
"TX239450E6　臺指選擇權,2026/05,履約價39450,買權",TWTX2945CE68,2026/04/29,期貨及選擇權,,OCEICS,
"TX239500E6　臺指選擇權,2026/05,履約價39500,買權",TWTX2950CE60,2026/04/29,期貨及選擇權,,OCEICS,
"TX239550E6　臺指選擇權,2026/05,履約價39550,買權",TWTX2955CE65,2026/04/29,期貨及選擇權,,OCEICS,
"TX239600E6　臺指選擇權,2026/05,履約價39600,買權",TWTX2960CE68,2026/04/29,期貨及選擇權,,OCEICS,
"TX239650E6　臺指選擇權,2026/05,履約價39650,買權",TWTX2965CE63,2026/04/29,期貨及選擇權,,OCEICS,
"TX239700E6　臺指選擇權,2026/05,履約價39700,買權",TWTX2970CE66,2026/04/29,期貨及選擇權,,OCEICS,
"TX239750E6　臺指選擇權,2026/05,履約價39750,買權",TWTX2975CE61,2026/04/29,期貨及選擇權,,OCEICS,
"TX239800E6　臺指選擇權,2026/05,履約價39800,買權",TWTX2980CE64,2026/04/29,期貨及選擇權,,OCEICS,
"TX239850E6　臺指選擇權,2026/05,履約價39850,買權",TWTX2985CE69,2026/04/29,期貨及選擇權,,OCEICS,
"TX239900E6　臺指選擇權,2026/05,履約價39900,買權",TWTX2990CE62,2026/04/29,期貨及選擇權,,OCEICS,
"TX239950E6　臺指選擇權,2026/05,履約價39950,買權",TWTX2995CE67,2026/04/29,期貨及選擇權,,OCEICS,
"TX240000E6　臺指選擇權,2026/05,履約價40000,買權",TWTX2000DE69,2026/04/29,期貨及選擇權,,OCEICS,
"TX240050E6　臺指選擇權,2026/05,履約價40050,買權",TWTX2005DE64,2026/04/29,期貨及選擇權,,OCEICS,
"TX240100E6　臺指選擇權,2026/05,履約價40100,買權",TWTX2010DE67,2026/04/29,期貨及選擇權,,OCEICS,
"TX240150E6　臺指選擇權,2026/05,履約價40150,買權",TWTX2015DE62,2026/04/29,期貨及選擇權,,OCEICS,
"TX240200E6　臺指選擇權,2026/05,履約價40200,買權",TWTX2020DE65,2026/04/29,期貨及選擇權,,OCEICS,
"TX240250E6　臺指選擇權,2026/05,履約價40250,買權",TWTX2025DE60,2026/04/29,期貨及選擇權,,OCEICS,
"TX240300E6　臺指選擇權,2026/05,履約價40300,買權",TWTX2030DE63,2026/04/29,期貨及選擇權,,OCEICS,
"TX240350E6　臺指選擇權,2026/05,履約價40350,買權",TWTX2035DE68,2026/04/29,期貨及選擇權,,OCEICS,
"TX240400E6　臺指選擇權,2026/05,履約價40400,買權",TWTX2040DE61,2026/04/29,期貨及選擇權,,OCEICS,
"TX240450E6　臺指選擇權,2026/05,履約價40450,買權",TWTX2045DE66,2026/04/29,期貨及選擇權,,OCEICS,
"TX240500E6　臺指選擇權,2026/05,履約價40500,買權",TWTX2050DE68,2026/04/29,期貨及選擇權,,OCEICS,
"TX240550E6　臺指選擇權,2026/05,履約價40550,買權",TWTX2055DE63,2026/04/29,期貨及選擇權,,OCEICS,
"TX240600E6　臺指選擇權,2026/05,履約價40600,買權",TWTX2060DE66,2026/04/29,期貨及選擇權,,OCEICS,
"TX240650E6　臺指選擇權,2026/05,履約價40650,買權",TWTX2065DE61,2026/04/29,期貨及選擇權,,OCEICS,
"TX240700E6　臺指選擇權,2026/05,履約價40700,買權",TWTX2070DE64,2026/04/29,期貨及選擇權,,OCEICS,
"TX240750E6　臺指選擇權,2026/05,履約價40750,買權",TWTX2075DE69,2026/05/05,期貨及選擇權,,OCEICS,
"TX240800E6　臺指選擇權,2026/05,履約價40800,買權",TWTX2080DE62,2026/04/29,期貨及選擇權,,OCEICS,
"TX240850E6　臺指選擇權,2026/05,履約價40850,買權",TWTX2085DE67,2026/05/05,期貨及選擇權,,OCEICS,
"TX240900E6　臺指選擇權,2026/05,履約價40900,買權",TWTX2090DE60,2026/04/29,期貨及選擇權,,OCEICS,
"TX240950E6　臺指選擇權,2026/05,履約價40950,買權",TWTX2095DE65,2026/05/05,期貨及選擇權,,OCEICS,
"TX241000E6　臺指選擇權,2026/05,履約價41000,買權",TWTX2100DE68,2026/04/29,期貨及選擇權,,OCEICS,
"TX241050E6　臺指選擇權,2026/05,履約價41050,買權",TWTX2105DE63,2026/05/05,期貨及選擇權,,OCEICS,
"TX241100E6　臺指選擇權,2026/05,履約價41100,買權",TWTX2110DE66,2026/04/29,期貨及選擇權,,OCEICS,
"TX241150E6　臺指選擇權,2026/05,履約價41150,買權",TWTX2115DE61,2026/05/05,期貨及選擇權,,OCEICS,
"TX241200E6　臺指選擇權,2026/05,履約價41200,買權",TWTX2120DE64,2026/04/29,期貨及選擇權,,OCEICS,
"TX241250E6　臺指選擇權,2026/05,履約價41250,買權",TWTX2125DE69,2026/05/05,期貨及選擇權,,OCEICS,
"TX241300E6　臺指選擇權,2026/05,履約價41300,買權",TWTX2130DE62,2026/04/29,期貨及選擇權,,OCEICS,
"TX241350E6　臺指選擇權,2026/05,履約價41350,買權",TWTX2135DE67,2026/05/05,期貨及選擇權,,OCEICS,
"TX241400E6　臺指選擇權,2026/05,履約價41400,買權",TWTX2140DE60,2026/04/29,期貨及選擇權,,OCEICS,
"TX241450E6　臺指選擇權,2026/05,履約價41450,買權",TWTX2145DE65,2026/05/05,期貨及選擇權,,OCEICS,
"TX241500E6　臺指選擇權,2026/05,履約價41500,買權",TWTX2150DE67,2026/04/29,期貨及選擇權,,OCEICS,
"TX241550E6　臺指選擇權,2026/05,履約價41550,買權",TWTX2155DE62,2026/05/05,期貨及選擇權,,OCEICS,
"TX241600E6　臺指選擇權,2026/05,履約價41600,買權",TWTX2160DE65,2026/04/29,期貨及選擇權,,OCEICS,
"TX241650E6　臺指選擇權,2026/05,履約價41650,買權",TWTX2165DE60,2026/05/05,期貨及選擇權,,OCEICS,
"TX241700E6　臺指選擇權,2026/05,履約價41700,買權",TWTX2170DE63,2026/04/29,期貨及選擇權,,OCEICS,
"TX241750E6　臺指選擇權,2026/05,履約價41750,買權",TWTX2175DE68,2026/05/05,期貨及選擇權,,OCEICS,
"TX241800E6　臺指選擇權,2026/05,履約價41800,買權",TWTX2180DE61,2026/04/29,期貨及選擇權,,OCEICS,
"TX241850E6　臺指選擇權,2026/05,履約價41850,買權",TWTX2185DE66,2026/05/05,期貨及選擇權,,OCEICS,
"TX241900E6　臺指選擇權,2026/05,履約價41900,買權",TWTX2190DE69,2026/04/29,期貨及選擇權,,OCEICS,
"TX241950E6　臺指選擇權,2026/05,履約價41950,買權",TWTX2195DE64,2026/05/06,期貨及選擇權,,OCEICS,
"TX242000E6　臺指選擇權,2026/05,履約價42000,買權",TWTX2200DE67,2026/04/29,期貨及選擇權,,OCEICS,
"TX242050E6　臺指選擇權,2026/05,履約價42050,買權",TWTX2205DE62,2026/05/07,期貨及選擇權,,OCEICS,
"TX242100E6　臺指選擇權,2026/05,履約價42100,買權",TWTX2210DE65,2026/04/29,期貨及選擇權,,OCEICS,
"TX242150E6　臺指選擇權,2026/05,履約價42150,買權",TWTX2215DE60,2026/05/07,期貨及選擇權,,OCEICS,
"TX242200E6　臺指選擇權,2026/05,履約價42200,買權",TWTX2220DE63,2026/04/29,期貨及選擇權,,OCEICS,
"TX242250E6　臺指選擇權,2026/05,履約價42250,買權",TWTX2225DE68,2026/05/07,期貨及選擇權,,OCEICS,
"TX242300E6　臺指選擇權,2026/05,履約價42300,買權",TWTX2230DE61,2026/04/29,期貨及選擇權,,OCEICS,
"TX242350E6　臺指選擇權,2026/05,履約價42350,買權",TWTX2235DE66,2026/05/07,期貨及選擇權,,OCEICS,
"TX242400E6　臺指選擇權,2026/05,履約價42400,買權",TWTX2240DE69,2026/04/29,期貨及選擇權,,OCEICS,
"TX242450E6　臺指選擇權,2026/05,履約價42450,買權",TWTX2245DE64,2026/05/08,期貨及選擇權,,OCEICS,
"TX242500E6　臺指選擇權,2026/05,履約價42500,買權",TWTX2250DE66,2026/04/29,期貨及選擇權,,OCEICS,
"TX242550E6　臺指選擇權,2026/05,履約價42550,買權",TWTX2255DE61,2026/05/08,期貨及選擇權,,OCEICS,
"TX242600E6　臺指選擇權,2026/05,履約價42600,買權",TWTX2260DE64,2026/04/29,期貨及選擇權,,OCEICS,
"TX242650E6　臺指選擇權,2026/05,履約價42650,買權",TWTX2265DE69,2026/05/08,期貨及選擇權,,OCEICS,
"TX242700E6　臺指選擇權,2026/05,履約價42700,買權",TWTX2270DE62,2026/04/29,期貨及選擇權,,OCEICS,
"TX242750E6　臺指選擇權,2026/05,履約價42750,買權",TWTX2275DE67,2026/05/08,期貨及選擇權,,OCEICS,
"TX242800E6　臺指選擇權,2026/05,履約價42800,買權",TWTX2280DE60,2026/04/29,期貨及選擇權,,OCEICS,
"TX242850E6　臺指選擇權,2026/05,履約價42850,買權",TWTX2285DE65,2026/05/08,期貨及選擇權,,OCEICS,
"TX242900E6　臺指選擇權,2026/05,履約價42900,買權",TWTX2290DE68,2026/04/29,期貨及選擇權,,OCEICS,
"TX242950E6　臺指選擇權,2026/05,履約價42950,買權",TWTX2295DE63,2026/05/08,期貨及選擇權,,OCEICS,
"TX243000E6　臺指選擇權,2026/05,履約價43000,買權",TWTX2300DE66,2026/04/29,期貨及選擇權,,OCEICS,
"TX243050E6　臺指選擇權,2026/05,履約價43050,買權",TWTX2305DE61,2026/05/08,期貨及選擇權,,OCEICS,
"TX243100E6　臺指選擇權,2026/05,履約價43100,買權",TWTX2310DE64,2026/04/29,期貨及選擇權,,OCEICS,
"TX243150E6　臺指選擇權,2026/05,履約價43150,買權",TWTX2315DE69,2026/05/08,期貨及選擇權,,OCEICS,
"TX243200E6　臺指選擇權,2026/05,履約價43200,買權",TWTX2320DE62,2026/04/29,期貨及選擇權,,OCEICS,
"TX243300E6　臺指選擇權,2026/05,履約價43300,買權",TWTX2330DE60,2026/04/29,期貨及選擇權,,OCEICS,
"TX243400E6　臺指選擇權,2026/05,履約價43400,買權",TWTX2340DE68,2026/04/29,期貨及選擇權,,OCEICS,
"TX243500E6　臺指選擇權,2026/05,履約價43500,買權",TWTX2350DE65,2026/04/29,期貨及選擇權,,OCEICS,
"TX243600E6　臺指選擇權,2026/05,履約價43600,買權",TWTX2360DE63,2026/05/05,期貨及選擇權,,OCEICS,
"TX243700E6　臺指選擇權,2026/05,履約價43700,買權",TWTX2370DE61,2026/05/05,期貨及選擇權,,OCEICS,
"TX243800E6　臺指選擇權,2026/05,履約價43800,買權",TWTX2380DE69,2026/05/05,期貨及選擇權,,OCEICS,
"TX243900E6　臺指選擇權,2026/05,履約價43900,買權",TWTX2390DE67,2026/05/05,期貨及選擇權,,OCEICS,
"TX244000E6　臺指選擇權,2026/05,履約價44000,買權",TWTX2400DE65,2026/05/05,期貨及選擇權,,OCEICS,
"TX244100E6　臺指選擇權,2026/05,履約價44100,買權",TWTX2410DE63,2026/05/05,期貨及選擇權,,OCEICS,
"TX244200E6　臺指選擇權,2026/05,履約價44200,買權",TWTX2420DE61,2026/05/05,期貨及選擇權,,OCEICS,
"TX244300E6　臺指選擇權,2026/05,履約價44300,買權",TWTX2430DE69,2026/05/05,期貨及選擇權,,OCEICS,
"TX244400E6　臺指選擇權,2026/05,履約價44400,買權",TWTX2440DE67,2026/05/05,期貨及選擇權,,OCEICS,
"TX244500E6　臺指選擇權,2026/05,履約價44500,買權",TWTX2450DE64,2026/05/05,期貨及選擇權,,OCEICS,
"TX244600E6　臺指選擇權,2026/05,履約價44600,買權",TWTX2460DE62,2026/05/05,期貨及選擇權,,OCEICS,
"TX244700E6　臺指選擇權,2026/05,履約價44700,買權",TWTX2470DE60,2026/05/05,期貨及選擇權,,OCEICS,
"TX244800E6　臺指選擇權,2026/05,履約價44800,買權",TWTX2480DE68,2026/05/05,期貨及選擇權,,OCEICS,
"TX244900E6　臺指選擇權,2026/05,履約價44900,買權",TWTX2490DE66,2026/05/06,期貨及選擇權,,OCEICS,
"TX245000E6　臺指選擇權,2026/05,履約價45000,買權",TWTX2500DE64,2026/05/07,期貨及選擇權,,OCEICS,
"TX245100E6　臺指選擇權,2026/05,履約價45100,買權",TWTX2510DE62,2026/05/07,期貨及選擇權,,OCEICS,
"TX245200E6　臺指選擇權,2026/05,履約價45200,買權",TWTX2520DE60,2026/05/07,期貨及選擇權,,OCEICS,
"TX245300E6　臺指選擇權,2026/05,履約價45300,買權",TWTX2530DE68,2026/05/07,期貨及選擇權,,OCEICS,
"TX245400E6　臺指選擇權,2026/05,履約價45400,買權",TWTX2540DE66,2026/05/08,期貨及選擇權,,OCEICS,
"TX245500E6　臺指選擇權,2026/05,履約價45500,買權",TWTX2550DE63,2026/05/08,期貨及選擇權,,OCEICS,
"TX245600E6　臺指選擇權,2026/05,履約價45600,買權",TWTX2560DE61,2026/05/08,期貨及選擇權,,OCEICS,
"TX245700E6　臺指選擇權,2026/05,履約價45700,買權",TWTX2570DE69,2026/05/08,期貨及選擇權,,OCEICS,
"TX245800E6　臺指選擇權,2026/05,履約價45800,買權",TWTX2580DE67,2026/05/08,期貨及選擇權,,OCEICS,
"TX245900E6　臺指選擇權,2026/05,履約價45900,買權",TWTX2590DE65,2026/05/08,期貨及選擇權,,OCEICS,
"TX246000E6　臺指選擇權,2026/05,履約價46000,買權",TWTX2600DE63,2026/05/08,期貨及選擇權,,OCEICS,
"TX246100E6　臺指選擇權,2026/05,履約價46100,買權",TWTX2610DE61,2026/05/08,期貨及選擇權,,OCEICS,
"TX246200E6　臺指選擇權,2026/05,履約價46200,買權",TWTX2620DE69,2026/05/08,期貨及選擇權,,OCEICS,
"TXO20200F6　臺指選擇權,2026/06,履約價20200,買權",TWTXO020BF65,2025/09/18,期貨及選擇權,,OCEICS,
"TXO20400F6　臺指選擇權,2026/06,履約價20400,買權",TWTXO040BF61,2025/09/18,期貨及選擇權,,OCEICS,
"TXO20600F6　臺指選擇權,2026/06,履約價20600,買權",TWTXO060BF66,2025/09/18,期貨及選擇權,,OCEICS,
"TXO20800F6　臺指選擇權,2026/06,履約價20800,買權",TWTXO080BF62,2025/09/18,期貨及選擇權,,OCEICS,
"TXO21000F6　臺指選擇權,2026/06,履約價21000,買權",TWTXO100BF68,2025/09/18,期貨及選擇權,,OCEICS,
"TXO21200F6　臺指選擇權,2026/06,履約價21200,買權",TWTXO120BF64,2025/09/18,期貨及選擇權,,OCEICS,
"TXO21400F6　臺指選擇權,2026/06,履約價21400,買權",TWTXO140BF60,2025/09/18,期貨及選擇權,,OCEICS,
"TXO21600F6　臺指選擇權,2026/06,履約價21600,買權",TWTXO160BF65,2025/09/18,期貨及選擇權,,OCEICS,
"TXO21800F6　臺指選擇權,2026/06,履約價21800,買權",TWTXO180BF61,2025/09/18,期貨及選擇權,,OCEICS,
"TXO21800I6　臺指選擇權,2026/09,履約價21800,買權",TWTXO180BI68,2025/12/19,期貨及選擇權,,OCEICS,
"TXO22000F6　臺指選擇權,2026/06,履約價22000,買權",TWTXO200BF67,2025/09/18,期貨及選擇權,,OCEICS,
"TXO22000I6　臺指選擇權,2026/09,履約價22000,買權",TWTXO200BI64,2025/12/18,期貨及選擇權,,OCEICS,
"TXO22200F6　臺指選擇權,2026/06,履約價22200,買權",TWTXO220BF63,2025/09/18,期貨及選擇權,,OCEICS,
"TXO22200I6　臺指選擇權,2026/09,履約價22200,買權",TWTXO220BI60,2025/12/18,期貨及選擇權,,OCEICS,
"TXO22400F6　臺指選擇權,2026/06,履約價22400,買權",TWTXO240BF69,2025/09/18,期貨及選擇權,,OCEICS,
"TXO22400I6　臺指選擇權,2026/09,履約價22400,買權",TWTXO240BI66,2025/12/18,期貨及選擇權,,OCEICS,
"TXO22600F6　臺指選擇權,2026/06,履約價22600,買權",TWTXO260BF64,2025/09/18,期貨及選擇權,,OCEICS,
"TXO22600I6　臺指選擇權,2026/09,履約價22600,買權",TWTXO260BI61,2025/12/18,期貨及選擇權,,OCEICS,
"TXO22800F6　臺指選擇權,2026/06,履約價22800,買權",TWTXO280BF60,2025/09/18,期貨及選擇權,,OCEICS,
"TXO22800I6　臺指選擇權,2026/09,履約價22800,買權",TWTXO280BI67,2025/12/18,期貨及選擇權,,OCEICS,
"TXO23000F6　臺指選擇權,2026/06,履約價23000,買權",TWTXO300BF66,2025/09/18,期貨及選擇權,,OCEICS,
"TXO23000I6　臺指選擇權,2026/09,履約價23000,買權",TWTXO300BI63,2025/12/18,期貨及選擇權,,OCEICS,
"TXO23200F6　臺指選擇權,2026/06,履約價23200,買權",TWTXO320BF62,2025/09/18,期貨及選擇權,,OCEICS,
"TXO23200I6　臺指選擇權,2026/09,履約價23200,買權",TWTXO320BI69,2025/12/18,期貨及選擇權,,OCEICS,
"TXO23400F6　臺指選擇權,2026/06,履約價23400,買權",TWTXO340BF68,2025/09/18,期貨及選擇權,,OCEICS,
"TXO23400I6　臺指選擇權,2026/09,履約價23400,買權",TWTXO340BI65,2025/12/18,期貨及選擇權,,OCEICS,
"TXO23600F6　臺指選擇權,2026/06,履約價23600,買權",TWTXO360BF63,2025/09/18,期貨及選擇權,,OCEICS,
"TXO23600I6　臺指選擇權,2026/09,履約價23600,買權",TWTXO360BI60,2025/12/18,期貨及選擇權,,OCEICS,
"TXO23800F6　臺指選擇權,2026/06,履約價23800,買權",TWTXO380BF69,2025/09/18,期貨及選擇權,,OCEICS,
"TXO23800I6　臺指選擇權,2026/09,履約價23800,買權",TWTXO380BI66,2025/12/18,期貨及選擇權,,OCEICS,
"TXO24000F6　臺指選擇權,2026/06,履約價24000,買權",TWTXO400BF65,2025/09/18,期貨及選擇權,,OCEICS,
"TXO24000I6　臺指選擇權,2026/09,履約價24000,買權",TWTXO400BI62,2025/12/18,期貨及選擇權,,OCEICS,
"TXO24200F6　臺指選擇權,2026/06,履約價24200,買權",TWTXO420BF61,2025/09/18,期貨及選擇權,,OCEICS,
"TXO24200I6　臺指選擇權,2026/09,履約價24200,買權",TWTXO420BI68,2025/12/18,期貨及選擇權,,OCEICS,
"TXO24400F6　臺指選擇權,2026/06,履約價24400,買權",TWTXO440BF67,2025/09/18,期貨及選擇權,,OCEICS,
"TXO24400I6　臺指選擇權,2026/09,履約價24400,買權",TWTXO440BI64,2025/12/18,期貨及選擇權,,OCEICS,
"TXO24600F6　臺指選擇權,2026/06,履約價24600,買權",TWTXO460BF62,2025/09/18,期貨及選擇權,,OCEICS,
"TXO24600I6　臺指選擇權,2026/09,履約價24600,買權",TWTXO460BI69,2025/12/18,期貨及選擇權,,OCEICS,
"TXO24800F6　臺指選擇權,2026/06,履約價24800,買權",TWTXO480BF68,2025/09/18,期貨及選擇權,,OCEICS,
"TXO24800I6　臺指選擇權,2026/09,履約價24800,買權",TWTXO480BI65,2025/12/18,期貨及選擇權,,OCEICS,
"TXO25000F6　臺指選擇權,2026/06,履約價25000,買權",TWTXO500BF64,2025/09/18,期貨及選擇權,,OCEICS,
"TXO25000I6　臺指選擇權,2026/09,履約價25000,買權",TWTXO500BI61,2025/12/18,期貨及選擇權,,OCEICS,
"TXO25200F6　臺指選擇權,2026/06,履約價25200,買權",TWTXO520BF60,2025/09/18,期貨及選擇權,,OCEICS,
"TXO25200I6　臺指選擇權,2026/09,履約價25200,買權",TWTXO520BI67,2025/12/18,期貨及選擇權,,OCEICS,
"TXO25200L6　臺指選擇權,2026/12,履約價25200,買權",TWTXO520BL62,2026/04/01,期貨及選擇權,,OCEICS,
"TXO25400F6　臺指選擇權,2026/06,履約價25400,買權",TWTXO540BF66,2025/09/18,期貨及選擇權,,OCEICS,
"TXO25400I6　臺指選擇權,2026/09,履約價25400,買權",TWTXO540BI63,2025/12/18,期貨及選擇權,,OCEICS,
"TXO25400L6　臺指選擇權,2026/12,履約價25400,買權",TWTXO540BL68,2026/04/01,期貨及選擇權,,OCEICS,
"TXO25600F6　臺指選擇權,2026/06,履約價25600,買權",TWTXO560BF61,2025/09/18,期貨及選擇權,,OCEICS,
"TXO25600I6　臺指選擇權,2026/09,履約價25600,買權",TWTXO560BI68,2025/12/18,期貨及選擇權,,OCEICS,
"TXO25600L6　臺指選擇權,2026/12,履約價25600,買權",TWTXO560BL63,2026/04/01,期貨及選擇權,,OCEICS,
"TXO25800F6　臺指選擇權,2026/06,履約價25800,買權",TWTXO580BF67,2025/09/18,期貨及選擇權,,OCEICS,
"TXO25800I6　臺指選擇權,2026/09,履約價25800,買權",TWTXO580BI64,2025/12/18,期貨及選擇權,,OCEICS,
"TXO25800L6　臺指選擇權,2026/12,履約價25800,買權",TWTXO580BL69,2026/04/01,期貨及選擇權,,OCEICS,
"TXO26000F6　臺指選擇權,2026/06,履約價26000,買權",TWTXO600BF63,2025/09/18,期貨及選擇權,,OCEICS,
"TXO26000I6　臺指選擇權,2026/09,履約價26000,買權",TWTXO600BI60,2025/12/18,期貨及選擇權,,OCEICS,
"TXO26000L6　臺指選擇權,2026/12,履約價26000,買權",TWTXO600BL65,2026/03/24,期貨及選擇權,,OCEICS,
"TXO26200F6　臺指選擇權,2026/06,履約價26200,買權",TWTXO620BF69,2025/09/18,期貨及選擇權,,OCEICS,
"TXO26200I6　臺指選擇權,2026/09,履約價26200,買權",TWTXO620BI66,2025/12/18,期貨及選擇權,,OCEICS,
"TXO26200L6　臺指選擇權,2026/12,履約價26200,買權",TWTXO620BL61,2026/03/24,期貨及選擇權,,OCEICS,
"TXO26400F6　臺指選擇權,2026/06,履約價26400,買權",TWTXO640BF65,2025/09/18,期貨及選擇權,,OCEICS,
"TXO26400I6　臺指選擇權,2026/09,履約價26400,買權",TWTXO640BI62,2025/12/18,期貨及選擇權,,OCEICS,
"TXO26400L6　臺指選擇權,2026/12,履約價26400,買權",TWTXO640BL67,2026/03/24,期貨及選擇權,,OCEICS,
"TXO26600F6　臺指選擇權,2026/06,履約價26600,買權",TWTXO660BF60,2025/09/18,期貨及選擇權,,OCEICS,
"TXO26600I6　臺指選擇權,2026/09,履約價26600,買權",TWTXO660BI67,2025/12/18,期貨及選擇權,,OCEICS,
"TXO26600L6　臺指選擇權,2026/12,履約價26600,買權",TWTXO660BL62,2026/03/24,期貨及選擇權,,OCEICS,
"TXO26800F6　臺指選擇權,2026/06,履約價26800,買權",TWTXO680BF66,2025/09/18,期貨及選擇權,,OCEICS,
"TXO26800I6　臺指選擇權,2026/09,履約價26800,買權",TWTXO680BI63,2025/12/18,期貨及選擇權,,OCEICS,
"TXO26800L6　臺指選擇權,2026/12,履約價26800,買權",TWTXO680BL68,2026/03/20,期貨及選擇權,,OCEICS,
"TXO26900E6　臺指選擇權,2026/05,履約價26900,買權",TWTXO690BE65,2026/04/01,期貨及選擇權,,OCEICS,
"TXO26900F6　臺指選擇權,2026/06,履約價26900,買權",TWTXO690BF64,2026/04/01,期貨及選擇權,,OCEICS,
"TXO27000E6　臺指選擇權,2026/05,履約價27000,買權",TWTXO700BE63,2026/04/01,期貨及選擇權,,OCEICS,
"TXO27000F6　臺指選擇權,2026/06,履約價27000,買權",TWTXO700BF62,2025/09/18,期貨及選擇權,,OCEICS,
"TXO27000I6　臺指選擇權,2026/09,履約價27000,買權",TWTXO700BI69,2025/12/18,期貨及選擇權,,OCEICS,
"TXO27000L6　臺指選擇權,2026/12,履約價27000,買權",TWTXO700BL64,2026/03/20,期貨及選擇權,,OCEICS,
"TXO27100E6　臺指選擇權,2026/05,履約價27100,買權",TWTXO710BE61,2026/04/01,期貨及選擇權,,OCEICS,
"TXO27100F6　臺指選擇權,2026/06,履約價27100,買權",TWTXO710BF60,2026/04/01,期貨及選擇權,,OCEICS,
"TXO27200E6　臺指選擇權,2026/05,履約價27200,買權",TWTXO720BE69,2026/03/10,期貨及選擇權,,OCEICS,
"TXO27200F6　臺指選擇權,2026/06,履約價27200,買權",TWTXO720BF68,2025/09/18,期貨及選擇權,,OCEICS,
"TXO27200I6　臺指選擇權,2026/09,履約價27200,買權",TWTXO720BI65,2025/12/18,期貨及選擇權,,OCEICS,
"TXO27200L6　臺指選擇權,2026/12,履約價27200,買權",TWTXO720BL60,2026/03/20,期貨及選擇權,,OCEICS,
"TXO27300E6　臺指選擇權,2026/05,履約價27300,買權",TWTXO730BE67,2026/03/10,期貨及選擇權,,OCEICS,
"TXO27300F6　臺指選擇權,2026/06,履約價27300,買權",TWTXO730BF66,2026/04/01,期貨及選擇權,,OCEICS,
"TXO27400E6　臺指選擇權,2026/05,履約價27400,買權",TWTXO740BE65,2026/03/10,期貨及選擇權,,OCEICS,
"TXO27400F6　臺指選擇權,2026/06,履約價27400,買權",TWTXO740BF64,2025/09/18,期貨及選擇權,,OCEICS,
"TXO27400I6　臺指選擇權,2026/09,履約價27400,買權",TWTXO740BI61,2025/12/18,期貨及選擇權,,OCEICS,
"TXO27400L6　臺指選擇權,2026/12,履約價27400,買權",TWTXO740BL66,2026/03/19,期貨及選擇權,,OCEICS,
"TXO27500E6　臺指選擇權,2026/05,履約價27500,買權",TWTXO750BE62,2026/03/10,期貨及選擇權,,OCEICS,
"TXO27500F6　臺指選擇權,2026/06,履約價27500,買權",TWTXO750BF61,2026/04/01,期貨及選擇權,,OCEICS,
"TXO27600E6　臺指選擇權,2026/05,履約價27600,買權",TWTXO760BE60,2026/03/10,期貨及選擇權,,OCEICS,
"TXO27600F6　臺指選擇權,2026/06,履約價27600,買權",TWTXO760BF69,2025/09/18,期貨及選擇權,,OCEICS,
"TXO27600I6　臺指選擇權,2026/09,履約價27600,買權",TWTXO760BI66,2025/12/18,期貨及選擇權,,OCEICS,
"TXO27600L6　臺指選擇權,2026/12,履約價27600,買權",TWTXO760BL61,2026/03/19,期貨及選擇權,,OCEICS,
"TXO27700E6　臺指選擇權,2026/05,履約價27700,買權",TWTXO770BE68,2026/03/10,期貨及選擇權,,OCEICS,
"TXO27700F6　臺指選擇權,2026/06,履約價27700,買權",TWTXO770BF67,2026/03/25,期貨及選擇權,,OCEICS,
"TXO27800E6　臺指選擇權,2026/05,履約價27800,買權",TWTXO780BE66,2026/03/10,期貨及選擇權,,OCEICS,
"TXO27800F6　臺指選擇權,2026/06,履約價27800,買權",TWTXO780BF65,2025/09/18,期貨及選擇權,,OCEICS,
"TXO27800I6　臺指選擇權,2026/09,履約價27800,買權",TWTXO780BI62,2025/12/18,期貨及選擇權,,OCEICS,
"TXO27800L6　臺指選擇權,2026/12,履約價27800,買權",TWTXO780BL67,2026/03/19,期貨及選擇權,,OCEICS,
"TXO27900E6　臺指選擇權,2026/05,履約價27900,買權",TWTXO790BE64,2026/03/05,期貨及選擇權,,OCEICS,
"TXO27900F6　臺指選擇權,2026/06,履約價27900,買權",TWTXO790BF63,2026/03/24,期貨及選擇權,,OCEICS,
"TXO28000E6　臺指選擇權,2026/05,履約價28000,買權",TWTXO800BE62,2026/03/05,期貨及選擇權,,OCEICS,
"TXO28000F6　臺指選擇權,2026/06,履約價28000,買權",TWTXO800BF61,2025/09/18,期貨及選擇權,,OCEICS,
"TXO28000I6　臺指選擇權,2026/09,履約價28000,買權",TWTXO800BI68,2025/12/18,期貨及選擇權,,OCEICS,
"TXO28000L6　臺指選擇權,2026/12,履約價28000,買權",TWTXO800BL63,2026/03/19,期貨及選擇權,,OCEICS,
"TXO28100E6　臺指選擇權,2026/05,履約價28100,買權",TWTXO810BE60,2026/03/05,期貨及選擇權,,OCEICS,
"TXO28100F6　臺指選擇權,2026/06,履約價28100,買權",TWTXO810BF69,2026/03/24,期貨及選擇權,,OCEICS,
"TXO28200E6　臺指選擇權,2026/05,履約價28200,買權",TWTXO820BE68,2026/03/05,期貨及選擇權,,OCEICS,
"TXO28200F6　臺指選擇權,2026/06,履約價28200,買權",TWTXO820BF67,2025/09/18,期貨及選擇權,,OCEICS,
"TXO28200I6　臺指選擇權,2026/09,履約價28200,買權",TWTXO820BI64,2025/12/18,期貨及選擇權,,OCEICS,
"TXO28200L6　臺指選擇權,2026/12,履約價28200,買權",TWTXO820BL69,2026/03/19,期貨及選擇權,,OCEICS,
"TXO28300E6　臺指選擇權,2026/05,履約價28300,買權",TWTXO830BE66,2026/03/05,期貨及選擇權,,OCEICS,
"TXO28300F6　臺指選擇權,2026/06,履約價28300,買權",TWTXO830BF65,2026/03/24,期貨及選擇權,,OCEICS,
"TXO28400E6　臺指選擇權,2026/05,履約價28400,買權",TWTXO840BE64,2026/03/05,期貨及選擇權,,OCEICS,
"TXO28400F6　臺指選擇權,2026/06,履約價28400,買權",TWTXO840BF63,2025/09/18,期貨及選擇權,,OCEICS,
"TXO28400I6　臺指選擇權,2026/09,履約價28400,買權",TWTXO840BI60,2025/12/18,期貨及選擇權,,OCEICS,
"TXO28400L6　臺指選擇權,2026/12,履約價28400,買權",TWTXO840BL65,2026/03/19,期貨及選擇權,,OCEICS,
"TXO28500E6　臺指選擇權,2026/05,履約價28500,買權",TWTXO850BE61,2026/03/05,期貨及選擇權,,OCEICS,
"TXO28500F6　臺指選擇權,2026/06,履約價28500,買權",TWTXO850BF60,2026/03/23,期貨及選擇權,,OCEICS,
"TXO28600E6　臺指選擇權,2026/05,履約價28600,買權",TWTXO860BE69,2026/03/05,期貨及選擇權,,OCEICS,
"TXO28600F6　臺指選擇權,2026/06,履約價28600,買權",TWTXO860BF68,2025/09/18,期貨及選擇權,,OCEICS,
"TXO28600I6　臺指選擇權,2026/09,履約價28600,買權",TWTXO860BI65,2025/12/18,期貨及選擇權,,OCEICS,
"TXO28600L6　臺指選擇權,2026/12,履約價28600,買權",TWTXO860BL60,2026/03/19,期貨及選擇權,,OCEICS,
"TXO28700E6　臺指選擇權,2026/05,履約價28700,買權",TWTXO870BE67,2026/02/24,期貨及選擇權,,OCEICS,
"TXO28700F6　臺指選擇權,2026/06,履約價28700,買權",TWTXO870BF66,2026/03/20,期貨及選擇權,,OCEICS,
"TXO28800E6　臺指選擇權,2026/05,履約價28800,買權",TWTXO880BE65,2026/02/24,期貨及選擇權,,OCEICS,
"TXO28800F6　臺指選擇權,2026/06,履約價28800,買權",TWTXO880BF64,2025/09/18,期貨及選擇權,,OCEICS,
"TXO28800I6　臺指選擇權,2026/09,履約價28800,買權",TWTXO880BI61,2025/12/18,期貨及選擇權,,OCEICS,
"TXO28800L6　臺指選擇權,2026/12,履約價28800,買權",TWTXO880BL66,2026/03/19,期貨及選擇權,,OCEICS,
"TXO28900E6　臺指選擇權,2026/05,履約價28900,買權",TWTXO890BE63,2026/02/24,期貨及選擇權,,OCEICS,
"TXO28900F6　臺指選擇權,2026/06,履約價28900,買權",TWTXO890BF62,2026/03/20,期貨及選擇權,,OCEICS,
"TXO29000E6　臺指選擇權,2026/05,履約價29000,買權",TWTXO900BE61,2026/02/24,期貨及選擇權,,OCEICS,
"TXO29000F6　臺指選擇權,2026/06,履約價29000,買權",TWTXO900BF60,2025/09/18,期貨及選擇權,,OCEICS,
"TXO29000I6　臺指選擇權,2026/09,履約價29000,買權",TWTXO900BI67,2025/12/18,期貨及選擇權,,OCEICS,
"TXO29000L6　臺指選擇權,2026/12,履約價29000,買權",TWTXO900BL62,2026/03/19,期貨及選擇權,,OCEICS,
"TXO29100E6　臺指選擇權,2026/05,履約價29100,買權",TWTXO910BE69,2026/02/24,期貨及選擇權,,OCEICS,
"TXO29100F6　臺指選擇權,2026/06,履約價29100,買權",TWTXO910BF68,2026/03/19,期貨及選擇權,,OCEICS,
"TXO29200E6　臺指選擇權,2026/05,履約價29200,買權",TWTXO920BE67,2026/02/24,期貨及選擇權,,OCEICS,
"TXO29200F6　臺指選擇權,2026/06,履約價29200,買權",TWTXO920BF66,2025/09/18,期貨及選擇權,,OCEICS,
"TXO29200I6　臺指選擇權,2026/09,履約價29200,買權",TWTXO920BI63,2025/12/18,期貨及選擇權,,OCEICS,
"TXO29200L6　臺指選擇權,2026/12,履約價29200,買權",TWTXO920BL68,2026/03/19,期貨及選擇權,,OCEICS,
"TXO29300E6　臺指選擇權,2026/05,履約價29300,買權",TWTXO930BE65,2026/02/24,期貨及選擇權,,OCEICS,
"TXO29300F6　臺指選擇權,2026/06,履約價29300,買權",TWTXO930BF64,2026/03/19,期貨及選擇權,,OCEICS,
"TXO29400E6　臺指選擇權,2026/05,履約價29400,買權",TWTXO940BE63,2026/02/24,期貨及選擇權,,OCEICS,
"TXO29400F6　臺指選擇權,2026/06,履約價29400,買權",TWTXO940BF62,2025/09/18,期貨及選擇權,,OCEICS,
"TXO29400I6　臺指選擇權,2026/09,履約價29400,買權",TWTXO940BI69,2025/12/18,期貨及選擇權,,OCEICS,
"TXO29400L6　臺指選擇權,2026/12,履約價29400,買權",TWTXO940BL64,2026/03/19,期貨及選擇權,,OCEICS,
"TXO29500E6　臺指選擇權,2026/05,履約價29500,買權",TWTXO950BE60,2026/02/24,期貨及選擇權,,OCEICS,
"TXO29500F6　臺指選擇權,2026/06,履約價29500,買權",TWTXO950BF69,2026/03/19,期貨及選擇權,,OCEICS,
"TXO29600E6　臺指選擇權,2026/05,履約價29600,買權",TWTXO960BE68,2026/02/24,期貨及選擇權,,OCEICS,
"TXO29600F6　臺指選擇權,2026/06,履約價29600,買權",TWTXO960BF67,2025/09/18,期貨及選擇權,,OCEICS,
"TXO29600I6　臺指選擇權,2026/09,履約價29600,買權",TWTXO960BI64,2025/12/18,期貨及選擇權,,OCEICS,
"TXO29600L6　臺指選擇權,2026/12,履約價29600,買權",TWTXO960BL69,2026/03/19,期貨及選擇權,,OCEICS,
"TXO29700E6　臺指選擇權,2026/05,履約價29700,買權",TWTXO970BE66,2026/02/24,期貨及選擇權,,OCEICS,
"TXO29700F6　臺指選擇權,2026/06,履約價29700,買權",TWTXO970BF65,2026/03/19,期貨及選擇權,,OCEICS,
"TXO29800E6　臺指選擇權,2026/05,履約價29800,買權",TWTXO980BE64,2026/02/24,期貨及選擇權,,OCEICS,
"TXO29800F6　臺指選擇權,2026/06,履約價29800,買權",TWTXO980BF63,2025/09/18,期貨及選擇權,,OCEICS,
"TXO29800I6　臺指選擇權,2026/09,履約價29800,買權",TWTXO980BI60,2025/12/18,期貨及選擇權,,OCEICS,
"TXO29800L6　臺指選擇權,2026/12,履約價29800,買權",TWTXO980BL65,2026/03/19,期貨及選擇權,,OCEICS,
"TXO29900E6　臺指選擇權,2026/05,履約價29900,買權",TWTXO990BE62,2026/02/24,期貨及選擇權,,OCEICS,
"TXO29900F6　臺指選擇權,2026/06,履約價29900,買權",TWTXO990BF61,2026/03/19,期貨及選擇權,,OCEICS,
"TXO30000E6　臺指選擇權,2026/05,履約價30000,買權",TWTXO000CE69,2026/02/24,期貨及選擇權,,OCEICS,
"TXO30000F6　臺指選擇權,2026/06,履約價30000,買權",TWTXO000CF68,2025/09/18,期貨及選擇權,,OCEICS,
"TXO30000I6　臺指選擇權,2026/09,履約價30000,買權",TWTXO000CI65,2025/12/18,期貨及選擇權,,OCEICS,
"TXO30000L6　臺指選擇權,2026/12,履約價30000,買權",TWTXO000CL60,2026/03/19,期貨及選擇權,,OCEICS,
"TXO30100E6　臺指選擇權,2026/05,履約價30100,買權",TWTXO010CE67,2026/02/24,期貨及選擇權,,OCEICS,
"TXO30100F6　臺指選擇權,2026/06,履約價30100,買權",TWTXO010CF66,2026/03/19,期貨及選擇權,,OCEICS,
"TXO30200E6　臺指選擇權,2026/05,履約價30200,買權",TWTXO020CE65,2026/02/24,期貨及選擇權,,OCEICS,
"TXO30200F6　臺指選擇權,2026/06,履約價30200,買權",TWTXO020CF64,2025/09/18,期貨及選擇權,,OCEICS,
"TXO30200I6　臺指選擇權,2026/09,履約價30200,買權",TWTXO020CI61,2025/12/18,期貨及選擇權,,OCEICS,
"TXO30200L6　臺指選擇權,2026/12,履約價30200,買權",TWTXO020CL66,2026/03/19,期貨及選擇權,,OCEICS,
"TXO30300E6　臺指選擇權,2026/05,履約價30300,買權",TWTXO030CE63,2026/02/24,期貨及選擇權,,OCEICS,
"TXO30300F6　臺指選擇權,2026/06,履約價30300,買權",TWTXO030CF62,2026/03/19,期貨及選擇權,,OCEICS,
"TXO30400E6　臺指選擇權,2026/05,履約價30400,買權",TWTXO040CE61,2026/02/24,期貨及選擇權,,OCEICS,
"TXO30400F6　臺指選擇權,2026/06,履約價30400,買權",TWTXO040CF60,2025/09/18,期貨及選擇權,,OCEICS,
"TXO30400I6　臺指選擇權,2026/09,履約價30400,買權",TWTXO040CI67,2025/12/18,期貨及選擇權,,OCEICS,
"TXO30400L6　臺指選擇權,2026/12,履約價30400,買權",TWTXO040CL62,2026/03/19,期貨及選擇權,,OCEICS,
"TXO30500E6　臺指選擇權,2026/05,履約價30500,買權",TWTXO050CE68,2026/02/24,期貨及選擇權,,OCEICS,
"TXO30500F6　臺指選擇權,2026/06,履約價30500,買權",TWTXO050CF67,2026/03/19,期貨及選擇權,,OCEICS,
"TXO30600E6　臺指選擇權,2026/05,履約價30600,買權",TWTXO060CE66,2026/02/24,期貨及選擇權,,OCEICS,
"TXO30600F6　臺指選擇權,2026/06,履約價30600,買權",TWTXO060CF65,2025/09/18,期貨及選擇權,,OCEICS,
"TXO30600I6　臺指選擇權,2026/09,履約價30600,買權",TWTXO060CI62,2025/12/18,期貨及選擇權,,OCEICS,
"TXO30600L6　臺指選擇權,2026/12,履約價30600,買權",TWTXO060CL67,2026/03/19,期貨及選擇權,,OCEICS,
"TXO30700E6　臺指選擇權,2026/05,履約價30700,買權",TWTXO070CE64,2026/02/24,期貨及選擇權,,OCEICS,
"TXO30700F6　臺指選擇權,2026/06,履約價30700,買權",TWTXO070CF63,2026/03/19,期貨及選擇權,,OCEICS,
"TXO30800E6　臺指選擇權,2026/05,履約價30800,買權",TWTXO080CE62,2026/02/24,期貨及選擇權,,OCEICS,
"TXO30800F6　臺指選擇權,2026/06,履約價30800,買權",TWTXO080CF61,2025/09/19,期貨及選擇權,,OCEICS,
"TXO30800I6　臺指選擇權,2026/09,履約價30800,買權",TWTXO080CI68,2025/12/18,期貨及選擇權,,OCEICS,
"TXO30800L6　臺指選擇權,2026/12,履約價30800,買權",TWTXO080CL63,2026/03/19,期貨及選擇權,,OCEICS,
"TXO30900E6　臺指選擇權,2026/05,履約價30900,買權",TWTXO090CE60,2026/02/24,期貨及選擇權,,OCEICS,
"TXO30900F6　臺指選擇權,2026/06,履約價30900,買權",TWTXO090CF69,2026/03/19,期貨及選擇權,,OCEICS,
"TXO31000E6　臺指選擇權,2026/05,履約價31000,買權",TWTXO100CE68,2026/02/24,期貨及選擇權,,OCEICS,
"TXO31000F6　臺指選擇權,2026/06,履約價31000,買權",TWTXO100CF67,2025/09/19,期貨及選擇權,,OCEICS,
"TXO31000I6　臺指選擇權,2026/09,履約價31000,買權",TWTXO100CI64,2025/12/18,期貨及選擇權,,OCEICS,
"TXO31000L6　臺指選擇權,2026/12,履約價31000,買權",TWTXO100CL69,2026/03/19,期貨及選擇權,,OCEICS,
"TXO31100E6　臺指選擇權,2026/05,履約價31100,買權",TWTXO110CE66,2026/02/24,期貨及選擇權,,OCEICS,
"TXO31100F6　臺指選擇權,2026/06,履約價31100,買權",TWTXO110CF65,2026/03/19,期貨及選擇權,,OCEICS,
"TXO31200E6　臺指選擇權,2026/05,履約價31200,買權",TWTXO120CE64,2026/02/24,期貨及選擇權,,OCEICS,
"TXO31200F6　臺指選擇權,2026/06,履約價31200,買權",TWTXO120CF63,2025/09/23,期貨及選擇權,,OCEICS,
"TXO31200G6　臺指選擇權,2026/07,履約價31200,買權",TWTXO120CG62,2026/04/16,期貨及選擇權,,OCEICS,
"TXO31200I6　臺指選擇權,2026/09,履約價31200,買權",TWTXO120CI60,2025/12/18,期貨及選擇權,,OCEICS,
"TXO31200L6　臺指選擇權,2026/12,履約價31200,買權",TWTXO120CL65,2026/03/19,期貨及選擇權,,OCEICS,
"TXO31300E6　臺指選擇權,2026/05,履約價31300,買權",TWTXO130CE62,2026/02/24,期貨及選擇權,,OCEICS,
"TXO31300F6　臺指選擇權,2026/06,履約價31300,買權",TWTXO130CF61,2026/03/19,期貨及選擇權,,OCEICS,
"TXO31300G6　臺指選擇權,2026/07,履約價31300,買權",TWTXO130CG60,2026/04/16,期貨及選擇權,,OCEICS,
"TXO31400E6　臺指選擇權,2026/05,履約價31400,買權",TWTXO140CE60,2026/02/24,期貨及選擇權,,OCEICS,
"TXO31400F6　臺指選擇權,2026/06,履約價31400,買權",TWTXO140CF69,2025/09/24,期貨及選擇權,,OCEICS,
"TXO31400G6　臺指選擇權,2026/07,履約價31400,買權",TWTXO140CG68,2026/04/16,期貨及選擇權,,OCEICS,
"TXO31400I6　臺指選擇權,2026/09,履約價31400,買權",TWTXO140CI66,2025/12/18,期貨及選擇權,,OCEICS,
"TXO31400L6　臺指選擇權,2026/12,履約價31400,買權",TWTXO140CL61,2026/03/19,期貨及選擇權,,OCEICS,
"TXO31500E6　臺指選擇權,2026/05,履約價31500,買權",TWTXO150CE67,2026/02/24,期貨及選擇權,,OCEICS,
"TXO31500F6　臺指選擇權,2026/06,履約價31500,買權",TWTXO150CF66,2026/03/19,期貨及選擇權,,OCEICS,
"TXO31500G6　臺指選擇權,2026/07,履約價31500,買權",TWTXO150CG65,2026/04/16,期貨及選擇權,,OCEICS,
"TXO31600E6　臺指選擇權,2026/05,履約價31600,買權",TWTXO160CE65,2026/02/24,期貨及選擇權,,OCEICS,
"TXO31600F6　臺指選擇權,2026/06,履約價31600,買權",TWTXO160CF64,2025/09/24,期貨及選擇權,,OCEICS,
"TXO31600G6　臺指選擇權,2026/07,履約價31600,買權",TWTXO160CG63,2026/04/16,期貨及選擇權,,OCEICS,
"TXO31600I6　臺指選擇權,2026/09,履約價31600,買權",TWTXO160CI61,2025/12/18,期貨及選擇權,,OCEICS,
"TXO31600L6　臺指選擇權,2026/12,履約價31600,買權",TWTXO160CL66,2026/03/19,期貨及選擇權,,OCEICS,
"TXO31700E6　臺指選擇權,2026/05,履約價31700,買權",TWTXO170CE63,2026/02/24,期貨及選擇權,,OCEICS,
"TXO31700F6　臺指選擇權,2026/06,履約價31700,買權",TWTXO170CF62,2026/03/19,期貨及選擇權,,OCEICS,
"TXO31700G6　臺指選擇權,2026/07,履約價31700,買權",TWTXO170CG61,2026/04/16,期貨及選擇權,,OCEICS,
"TXO31800E6　臺指選擇權,2026/05,履約價31800,買權",TWTXO180CE61,2026/02/24,期貨及選擇權,,OCEICS,
"TXO31800F6　臺指選擇權,2026/06,履約價31800,買權",TWTXO180CF60,2025/10/03,期貨及選擇權,,OCEICS,
"TXO31800G6　臺指選擇權,2026/07,履約價31800,買權",TWTXO180CG69,2026/04/16,期貨及選擇權,,OCEICS,
"TXO31800I6　臺指選擇權,2026/09,履約價31800,買權",TWTXO180CI67,2025/12/18,期貨及選擇權,,OCEICS,
"TXO31800L6　臺指選擇權,2026/12,履約價31800,買權",TWTXO180CL62,2026/03/19,期貨及選擇權,,OCEICS,
"TXO31900E6　臺指選擇權,2026/05,履約價31900,買權",TWTXO190CE69,2026/02/24,期貨及選擇權,,OCEICS,
"TXO31900F6　臺指選擇權,2026/06,履約價31900,買權",TWTXO190CF68,2026/03/19,期貨及選擇權,,OCEICS,
"TXO31900G6　臺指選擇權,2026/07,履約價31900,買權",TWTXO190CG67,2026/04/16,期貨及選擇權,,OCEICS,
"TXO32000E6　臺指選擇權,2026/05,履約價32000,買權",TWTXO200CE67,2026/02/24,期貨及選擇權,,OCEICS,
"TXO32000F6　臺指選擇權,2026/06,履約價32000,買權",TWTXO200CF66,2025/10/07,期貨及選擇權,,OCEICS,
"TXO32000G6　臺指選擇權,2026/07,履約價32000,買權",TWTXO200CG65,2026/04/16,期貨及選擇權,,OCEICS,
"TXO32000I6　臺指選擇權,2026/09,履約價32000,買權",TWTXO200CI63,2025/12/18,期貨及選擇權,,OCEICS,
"TXO32000L6　臺指選擇權,2026/12,履約價32000,買權",TWTXO200CL68,2026/03/19,期貨及選擇權,,OCEICS,
"TXO32100E6　臺指選擇權,2026/05,履約價32100,買權",TWTXO210CE65,2026/02/24,期貨及選擇權,,OCEICS,
"TXO32100F6　臺指選擇權,2026/06,履約價32100,買權",TWTXO210CF64,2026/03/19,期貨及選擇權,,OCEICS,
"TXO32100G6　臺指選擇權,2026/07,履約價32100,買權",TWTXO210CG63,2026/04/16,期貨及選擇權,,OCEICS,
"TXO32200E6　臺指選擇權,2026/05,履約價32200,買權",TWTXO220CE63,2026/02/24,期貨及選擇權,,OCEICS,
"TXO32200F6　臺指選擇權,2026/06,履約價32200,買權",TWTXO220CF62,2025/10/07,期貨及選擇權,,OCEICS,
"TXO32200G6　臺指選擇權,2026/07,履約價32200,買權",TWTXO220CG61,2026/04/16,期貨及選擇權,,OCEICS,
"TXO32200I6　臺指選擇權,2026/09,履約價32200,買權",TWTXO220CI69,2025/12/18,期貨及選擇權,,OCEICS,
"TXO32200L6　臺指選擇權,2026/12,履約價32200,買權",TWTXO220CL64,2026/03/19,期貨及選擇權,,OCEICS,
"TXO32300E6　臺指選擇權,2026/05,履約價32300,買權",TWTXO230CE61,2026/02/24,期貨及選擇權,,OCEICS,
"TXO32300F6　臺指選擇權,2026/06,履約價32300,買權",TWTXO230CF60,2026/03/19,期貨及選擇權,,OCEICS,
"TXO32300G6　臺指選擇權,2026/07,履約價32300,買權",TWTXO230CG69,2026/04/16,期貨及選擇權,,OCEICS,
"TXO32400E6　臺指選擇權,2026/05,履約價32400,買權",TWTXO240CE69,2026/02/24,期貨及選擇權,,OCEICS,
"TXO32400F6　臺指選擇權,2026/06,履約價32400,買權",TWTXO240CF68,2025/10/08,期貨及選擇權,,OCEICS,
"TXO32400G6　臺指選擇權,2026/07,履約價32400,買權",TWTXO240CG67,2026/04/16,期貨及選擇權,,OCEICS,
"TXO32400I6　臺指選擇權,2026/09,履約價32400,買權",TWTXO240CI65,2025/12/18,期貨及選擇權,,OCEICS,
"TXO32400L6　臺指選擇權,2026/12,履約價32400,買權",TWTXO240CL60,2026/03/19,期貨及選擇權,,OCEICS,
"TXO32500E6　臺指選擇權,2026/05,履約價32500,買權",TWTXO250CE66,2026/02/24,期貨及選擇權,,OCEICS,
"TXO32500F6　臺指選擇權,2026/06,履約價32500,買權",TWTXO250CF65,2026/03/19,期貨及選擇權,,OCEICS,
"TXO32500G6　臺指選擇權,2026/07,履約價32500,買權",TWTXO250CG64,2026/04/16,期貨及選擇權,,OCEICS,
"TXO32600E6　臺指選擇權,2026/05,履約價32600,買權",TWTXO260CE64,2026/02/24,期貨及選擇權,,OCEICS,
"TXO32600F6　臺指選擇權,2026/06,履約價32600,買權",TWTXO260CF63,2025/10/08,期貨及選擇權,,OCEICS,
"TXO32600G6　臺指選擇權,2026/07,履約價32600,買權",TWTXO260CG62,2026/04/16,期貨及選擇權,,OCEICS,
"TXO32600I6　臺指選擇權,2026/09,履約價32600,買權",TWTXO260CI60,2025/12/18,期貨及選擇權,,OCEICS,
"TXO32600L6　臺指選擇權,2026/12,履約價32600,買權",TWTXO260CL65,2026/03/19,期貨及選擇權,,OCEICS,
"TXO32700E6　臺指選擇權,2026/05,履約價32700,買權",TWTXO270CE62,2026/02/24,期貨及選擇權,,OCEICS,
"TXO32700F6　臺指選擇權,2026/06,履約價32700,買權",TWTXO270CF61,2026/03/19,期貨及選擇權,,OCEICS,
"TXO32700G6　臺指選擇權,2026/07,履約價32700,買權",TWTXO270CG60,2026/04/16,期貨及選擇權,,OCEICS,
"TXO32800E6　臺指選擇權,2026/05,履約價32800,買權",TWTXO280CE60,2026/02/24,期貨及選擇權,,OCEICS,
"TXO32800F6　臺指選擇權,2026/06,履約價32800,買權",TWTXO280CF69,2025/10/08,期貨及選擇權,,OCEICS,
"TXO32800G6　臺指選擇權,2026/07,履約價32800,買權",TWTXO280CG68,2026/04/16,期貨及選擇權,,OCEICS,
"TXO32800I6　臺指選擇權,2026/09,履約價32800,買權",TWTXO280CI66,2025/12/18,期貨及選擇權,,OCEICS,
"TXO32800L6　臺指選擇權,2026/12,履約價32800,買權",TWTXO280CL61,2026/03/19,期貨及選擇權,,OCEICS,
"TXO32900E6　臺指選擇權,2026/05,履約價32900,買權",TWTXO290CE68,2026/02/24,期貨及選擇權,,OCEICS,
"TXO32900F6　臺指選擇權,2026/06,履約價32900,買權",TWTXO290CF67,2026/03/19,期貨及選擇權,,OCEICS,
"TXO32900G6　臺指選擇權,2026/07,履約價32900,買權",TWTXO290CG66,2026/04/16,期貨及選擇權,,OCEICS,
"TXO33000E6　臺指選擇權,2026/05,履約價33000,買權",TWTXO300CE66,2026/02/24,期貨及選擇權,,OCEICS,
"TXO33000F6　臺指選擇權,2026/06,履約價33000,買權",TWTXO300CF65,2025/10/17,期貨及選擇權,,OCEICS,
"TXO33000G6　臺指選擇權,2026/07,履約價33000,買權",TWTXO300CG64,2026/04/16,期貨及選擇權,,OCEICS,
"TXO33000I6　臺指選擇權,2026/09,履約價33000,買權",TWTXO300CI62,2025/12/18,期貨及選擇權,,OCEICS,
"TXO33000L6　臺指選擇權,2026/12,履約價33000,買權",TWTXO300CL67,2026/03/19,期貨及選擇權,,OCEICS,
"TXO33100E6　臺指選擇權,2026/05,履約價33100,買權",TWTXO310CE64,2026/02/24,期貨及選擇權,,OCEICS,
"TXO33100F6　臺指選擇權,2026/06,履約價33100,買權",TWTXO310CF63,2026/03/19,期貨及選擇權,,OCEICS,
"TXO33100G6　臺指選擇權,2026/07,履約價33100,買權",TWTXO310CG62,2026/04/16,期貨及選擇權,,OCEICS,
"TXO33200E6　臺指選擇權,2026/05,履約價33200,買權",TWTXO320CE62,2026/02/24,期貨及選擇權,,OCEICS,
"TXO33200F6　臺指選擇權,2026/06,履約價33200,買權",TWTXO320CF61,2025/10/17,期貨及選擇權,,OCEICS,
"TXO33200G6　臺指選擇權,2026/07,履約價33200,買權",TWTXO320CG60,2026/04/16,期貨及選擇權,,OCEICS,
"TXO33200I6　臺指選擇權,2026/09,履約價33200,買權",TWTXO320CI68,2025/12/18,期貨及選擇權,,OCEICS,
"TXO33200L6　臺指選擇權,2026/12,履約價33200,買權",TWTXO320CL63,2026/03/19,期貨及選擇權,,OCEICS,
"TXO33300E6　臺指選擇權,2026/05,履約價33300,買權",TWTXO330CE60,2026/02/24,期貨及選擇權,,OCEICS,
"TXO33300F6　臺指選擇權,2026/06,履約價33300,買權",TWTXO330CF69,2026/03/19,期貨及選擇權,,OCEICS,
"TXO33300G6　臺指選擇權,2026/07,履約價33300,買權",TWTXO330CG68,2026/04/16,期貨及選擇權,,OCEICS,
"TXO33400E6　臺指選擇權,2026/05,履約價33400,買權",TWTXO340CE68,2026/02/24,期貨及選擇權,,OCEICS,
"TXO33400F6　臺指選擇權,2026/06,履約價33400,買權",TWTXO340CF67,2025/10/21,期貨及選擇權,,OCEICS,
"TXO33400G6　臺指選擇權,2026/07,履約價33400,買權",TWTXO340CG66,2026/04/16,期貨及選擇權,,OCEICS,
"TXO33400I6　臺指選擇權,2026/09,履約價33400,買權",TWTXO340CI64,2025/12/22,期貨及選擇權,,OCEICS,
"TXO33400L6　臺指選擇權,2026/12,履約價33400,買權",TWTXO340CL69,2026/03/19,期貨及選擇權,,OCEICS,
"TXO33500E6　臺指選擇權,2026/05,履約價33500,買權",TWTXO350CE65,2026/02/24,期貨及選擇權,,OCEICS,
"TXO33500F6　臺指選擇權,2026/06,履約價33500,買權",TWTXO350CF64,2026/03/19,期貨及選擇權,,OCEICS,
"TXO33500G6　臺指選擇權,2026/07,履約價33500,買權",TWTXO350CG63,2026/04/16,期貨及選擇權,,OCEICS,
"TXO33600E6　臺指選擇權,2026/05,履約價33600,買權",TWTXO360CE63,2026/02/24,期貨及選擇權,,OCEICS,
"TXO33600F6　臺指選擇權,2026/06,履約價33600,買權",TWTXO360CF62,2025/10/28,期貨及選擇權,,OCEICS,
"TXO33600G6　臺指選擇權,2026/07,履約價33600,買權",TWTXO360CG61,2026/04/16,期貨及選擇權,,OCEICS,
"TXO33600I6　臺指選擇權,2026/09,履約價33600,買權",TWTXO360CI69,2025/12/23,期貨及選擇權,,OCEICS,
"TXO33600L6　臺指選擇權,2026/12,履約價33600,買權",TWTXO360CL64,2026/03/19,期貨及選擇權,,OCEICS,
"TXO33700E6　臺指選擇權,2026/05,履約價33700,買權",TWTXO370CE61,2026/02/24,期貨及選擇權,,OCEICS,
"TXO33700F6　臺指選擇權,2026/06,履約價33700,買權",TWTXO370CF60,2026/03/19,期貨及選擇權,,OCEICS,
"TXO33700G6　臺指選擇權,2026/07,履約價33700,買權",TWTXO370CG69,2026/04/16,期貨及選擇權,,OCEICS,
"TXO33800E6　臺指選擇權,2026/05,履約價33800,買權",TWTXO380CE69,2026/02/24,期貨及選擇權,,OCEICS,
"TXO33800F6　臺指選擇權,2026/06,履約價33800,買權",TWTXO380CF68,2025/10/30,期貨及選擇權,,OCEICS,
"TXO33800G6　臺指選擇權,2026/07,履約價33800,買權",TWTXO380CG67,2026/04/16,期貨及選擇權,,OCEICS,
"TXO33800I6　臺指選擇權,2026/09,履約價33800,買權",TWTXO380CI65,2025/12/23,期貨及選擇權,,OCEICS,
"TXO33800L6　臺指選擇權,2026/12,履約價33800,買權",TWTXO380CL60,2026/03/19,期貨及選擇權,,OCEICS,
"TXO33900E6　臺指選擇權,2026/05,履約價33900,買權",TWTXO390CE67,2026/02/24,期貨及選擇權,,OCEICS,
"TXO33900F6　臺指選擇權,2026/06,履約價33900,買權",TWTXO390CF66,2026/03/19,期貨及選擇權,,OCEICS,
"TXO33900G6　臺指選擇權,2026/07,履約價33900,買權",TWTXO390CG65,2026/04/16,期貨及選擇權,,OCEICS,
"TXO34000E6　臺指選擇權,2026/05,履約價34000,買權",TWTXO400CE65,2026/02/24,期貨及選擇權,,OCEICS,
"TXO34000F6　臺指選擇權,2026/06,履約價34000,買權",TWTXO400CF64,2025/10/30,期貨及選擇權,,OCEICS,
"TXO34000G6　臺指選擇權,2026/07,履約價34000,買權",TWTXO400CG63,2026/04/16,期貨及選擇權,,OCEICS,
"TXO34000I6　臺指選擇權,2026/09,履約價34000,買權",TWTXO400CI61,2025/12/24,期貨及選擇權,,OCEICS,
"TXO34000L6　臺指選擇權,2026/12,履約價34000,買權",TWTXO400CL66,2026/03/19,期貨及選擇權,,OCEICS,
"TXO34100E6　臺指選擇權,2026/05,履約價34100,買權",TWTXO410CE63,2026/02/24,期貨及選擇權,,OCEICS,
"TXO34100F6　臺指選擇權,2026/06,履約價34100,買權",TWTXO410CF62,2026/03/19,期貨及選擇權,,OCEICS,
"TXO34100G6　臺指選擇權,2026/07,履約價34100,買權",TWTXO410CG61,2026/04/16,期貨及選擇權,,OCEICS,
"TXO34200E6　臺指選擇權,2026/05,履約價34200,買權",TWTXO420CE61,2026/02/24,期貨及選擇權,,OCEICS,
"TXO34200F6　臺指選擇權,2026/06,履約價34200,買權",TWTXO420CF60,2025/11/04,期貨及選擇權,,OCEICS,
"TXO34200G6　臺指選擇權,2026/07,履約價34200,買權",TWTXO420CG69,2026/04/16,期貨及選擇權,,OCEICS,
"TXO34200I6　臺指選擇權,2026/09,履約價34200,買權",TWTXO420CI67,2025/12/26,期貨及選擇權,,OCEICS,
"TXO34200L6　臺指選擇權,2026/12,履約價34200,買權",TWTXO420CL62,2026/03/19,期貨及選擇權,,OCEICS,
"TXO34300E6　臺指選擇權,2026/05,履約價34300,買權",TWTXO430CE69,2026/02/24,期貨及選擇權,,OCEICS,
"TXO34300F6　臺指選擇權,2026/06,履約價34300,買權",TWTXO430CF68,2026/03/19,期貨及選擇權,,OCEICS,
"TXO34300G6　臺指選擇權,2026/07,履約價34300,買權",TWTXO430CG67,2026/04/16,期貨及選擇權,,OCEICS,
"TXO34400E6　臺指選擇權,2026/05,履約價34400,買權",TWTXO440CE67,2026/02/24,期貨及選擇權,,OCEICS,
"TXO34400F6　臺指選擇權,2026/06,履約價34400,買權",TWTXO440CF66,2025/12/29,期貨及選擇權,,OCEICS,
"TXO34400G6　臺指選擇權,2026/07,履約價34400,買權",TWTXO440CG65,2026/04/16,期貨及選擇權,,OCEICS,
"TXO34400I6　臺指選擇權,2026/09,履約價34400,買權",TWTXO440CI63,2025/12/29,期貨及選擇權,,OCEICS,
"TXO34400L6　臺指選擇權,2026/12,履約價34400,買權",TWTXO440CL68,2026/03/19,期貨及選擇權,,OCEICS,
"TXO34500E6　臺指選擇權,2026/05,履約價34500,買權",TWTXO450CE64,2026/02/24,期貨及選擇權,,OCEICS,
"TXO34500F6　臺指選擇權,2026/06,履約價34500,買權",TWTXO450CF63,2026/03/19,期貨及選擇權,,OCEICS,
"TXO34500G6　臺指選擇權,2026/07,履約價34500,買權",TWTXO450CG62,2026/04/16,期貨及選擇權,,OCEICS,
"TXO34600E6　臺指選擇權,2026/05,履約價34600,買權",TWTXO460CE62,2026/02/24,期貨及選擇權,,OCEICS,
"TXO34600F6　臺指選擇權,2026/06,履約價34600,買權",TWTXO460CF61,2025/12/30,期貨及選擇權,,OCEICS,
"TXO34600G6　臺指選擇權,2026/07,履約價34600,買權",TWTXO460CG60,2026/04/16,期貨及選擇權,,OCEICS,
"TXO34600I6　臺指選擇權,2026/09,履約價34600,買權",TWTXO460CI68,2025/12/30,期貨及選擇權,,OCEICS,
"TXO34600L6　臺指選擇權,2026/12,履約價34600,買權",TWTXO460CL63,2026/03/19,期貨及選擇權,,OCEICS,
"TXO34700E6　臺指選擇權,2026/05,履約價34700,買權",TWTXO470CE60,2026/02/24,期貨及選擇權,,OCEICS,
"TXO34700F6　臺指選擇權,2026/06,履約價34700,買權",TWTXO470CF69,2026/03/19,期貨及選擇權,,OCEICS,
"TXO34700G6　臺指選擇權,2026/07,履約價34700,買權",TWTXO470CG68,2026/04/16,期貨及選擇權,,OCEICS,
"TXO34800E6　臺指選擇權,2026/05,履約價34800,買權",TWTXO480CE68,2026/02/24,期貨及選擇權,,OCEICS,
"TXO34800F6　臺指選擇權,2026/06,履約價34800,買權",TWTXO480CF67,2026/01/02,期貨及選擇權,,OCEICS,
"TXO34800G6　臺指選擇權,2026/07,履約價34800,買權",TWTXO480CG66,2026/04/16,期貨及選擇權,,OCEICS,
"TXO34800I6　臺指選擇權,2026/09,履約價34800,買權",TWTXO480CI64,2026/01/02,期貨及選擇權,,OCEICS,
"TXO34800L6　臺指選擇權,2026/12,履約價34800,買權",TWTXO480CL69,2026/03/19,期貨及選擇權,,OCEICS,
"TXO34900E6　臺指選擇權,2026/05,履約價34900,買權",TWTXO490CE66,2026/02/24,期貨及選擇權,,OCEICS,
"TXO34900F6　臺指選擇權,2026/06,履約價34900,買權",TWTXO490CF65,2026/03/19,期貨及選擇權,,OCEICS,
"TXO34900G6　臺指選擇權,2026/07,履約價34900,買權",TWTXO490CG64,2026/04/16,期貨及選擇權,,OCEICS,
"TXO35000E6　臺指選擇權,2026/05,履約價35000,買權",TWTXO500CE64,2026/02/24,期貨及選擇權,,OCEICS,
"TXO35000F6　臺指選擇權,2026/06,履約價35000,買權",TWTXO500CF63,2026/01/05,期貨及選擇權,,OCEICS,
"TXO35000G6　臺指選擇權,2026/07,履約價35000,買權",TWTXO500CG62,2026/04/16,期貨及選擇權,,OCEICS,
"TXO35000I6　臺指選擇權,2026/09,履約價35000,買權",TWTXO500CI60,2026/01/05,期貨及選擇權,,OCEICS,
"TXO35000L6　臺指選擇權,2026/12,履約價35000,買權",TWTXO500CL65,2026/03/19,期貨及選擇權,,OCEICS,
"TXO35100E6　臺指選擇權,2026/05,履約價35100,買權",TWTXO510CE62,2026/02/24,期貨及選擇權,,OCEICS,
"TXO35100F6　臺指選擇權,2026/06,履約價35100,買權",TWTXO510CF61,2026/03/19,期貨及選擇權,,OCEICS,
"TXO35100G6　臺指選擇權,2026/07,履約價35100,買權",TWTXO510CG60,2026/04/16,期貨及選擇權,,OCEICS,
"TXO35200E6　臺指選擇權,2026/05,履約價35200,買權",TWTXO520CE60,2026/02/24,期貨及選擇權,,OCEICS,
"TXO35200F6　臺指選擇權,2026/06,履約價35200,買權",TWTXO520CF69,2026/01/05,期貨及選擇權,,OCEICS,
"TXO35200G6　臺指選擇權,2026/07,履約價35200,買權",TWTXO520CG68,2026/04/16,期貨及選擇權,,OCEICS,
"TXO35200I6　臺指選擇權,2026/09,履約價35200,買權",TWTXO520CI66,2026/01/05,期貨及選擇權,,OCEICS,
"TXO35200L6　臺指選擇權,2026/12,履約價35200,買權",TWTXO520CL61,2026/03/19,期貨及選擇權,,OCEICS,
"TXO35300E6　臺指選擇權,2026/05,履約價35300,買權",TWTXO530CE68,2026/02/24,期貨及選擇權,,OCEICS,
"TXO35300F6　臺指選擇權,2026/06,履約價35300,買權",TWTXO530CF67,2026/03/19,期貨及選擇權,,OCEICS,
"TXO35300G6　臺指選擇權,2026/07,履約價35300,買權",TWTXO530CG66,2026/04/16,期貨及選擇權,,OCEICS,
"TXO35400E6　臺指選擇權,2026/05,履約價35400,買權",TWTXO540CE66,2026/02/24,期貨及選擇權,,OCEICS,
"TXO35400F6　臺指選擇權,2026/06,履約價35400,買權",TWTXO540CF65,2026/01/05,期貨及選擇權,,OCEICS,
"TXO35400G6　臺指選擇權,2026/07,履約價35400,買權",TWTXO540CG64,2026/04/16,期貨及選擇權,,OCEICS,
"TXO35400I6　臺指選擇權,2026/09,履約價35400,買權",TWTXO540CI62,2026/01/05,期貨及選擇權,,OCEICS,
"TXO35400L6　臺指選擇權,2026/12,履約價35400,買權",TWTXO540CL67,2026/03/19,期貨及選擇權,,OCEICS,
"TXO35500E6　臺指選擇權,2026/05,履約價35500,買權",TWTXO550CE63,2026/02/24,期貨及選擇權,,OCEICS,
"TXO35500F6　臺指選擇權,2026/06,履約價35500,買權",TWTXO550CF62,2026/03/19,期貨及選擇權,,OCEICS,
"TXO35500G6　臺指選擇權,2026/07,履約價35500,買權",TWTXO550CG61,2026/04/16,期貨及選擇權,,OCEICS,
"TXO35600E6　臺指選擇權,2026/05,履約價35600,買權",TWTXO560CE61,2026/02/24,期貨及選擇權,,OCEICS,
"TXO35600F6　臺指選擇權,2026/06,履約價35600,買權",TWTXO560CF60,2026/01/06,期貨及選擇權,,OCEICS,
"TXO35600G6　臺指選擇權,2026/07,履約價35600,買權",TWTXO560CG69,2026/04/16,期貨及選擇權,,OCEICS,
"TXO35600I6　臺指選擇權,2026/09,履約價35600,買權",TWTXO560CI67,2026/01/06,期貨及選擇權,,OCEICS,
"TXO35600L6　臺指選擇權,2026/12,履約價35600,買權",TWTXO560CL62,2026/03/19,期貨及選擇權,,OCEICS,
"TXO35700E6　臺指選擇權,2026/05,履約價35700,買權",TWTXO570CE69,2026/02/24,期貨及選擇權,,OCEICS,
"TXO35700F6　臺指選擇權,2026/06,履約價35700,買權",TWTXO570CF68,2026/03/19,期貨及選擇權,,OCEICS,
"TXO35700G6　臺指選擇權,2026/07,履約價35700,買權",TWTXO570CG67,2026/04/16,期貨及選擇權,,OCEICS,
"TXO35800E6　臺指選擇權,2026/05,履約價35800,買權",TWTXO580CE67,2026/02/24,期貨及選擇權,,OCEICS,
"TXO35800F6　臺指選擇權,2026/06,履約價35800,買權",TWTXO580CF66,2026/01/06,期貨及選擇權,,OCEICS,
"TXO35800G6　臺指選擇權,2026/07,履約價35800,買權",TWTXO580CG65,2026/04/16,期貨及選擇權,,OCEICS,
"TXO35800I6　臺指選擇權,2026/09,履約價35800,買權",TWTXO580CI63,2026/01/06,期貨及選擇權,,OCEICS,
"TXO35800L6　臺指選擇權,2026/12,履約價35800,買權",TWTXO580CL68,2026/03/19,期貨及選擇權,,OCEICS,
"TXO35900E6　臺指選擇權,2026/05,履約價35900,買權",TWTXO590CE65,2026/02/24,期貨及選擇權,,OCEICS,
"TXO35900F6　臺指選擇權,2026/06,履約價35900,買權",TWTXO590CF64,2026/03/19,期貨及選擇權,,OCEICS,
"TXO35900G6　臺指選擇權,2026/07,履約價35900,買權",TWTXO590CG63,2026/04/16,期貨及選擇權,,OCEICS,
"TXO36000E6　臺指選擇權,2026/05,履約價36000,買權",TWTXO600CE63,2026/02/24,期貨及選擇權,,OCEICS,
"TXO36000F6　臺指選擇權,2026/06,履約價36000,買權",TWTXO600CF62,2026/01/06,期貨及選擇權,,OCEICS,
"TXO36000G6　臺指選擇權,2026/07,履約價36000,買權",TWTXO600CG61,2026/04/16,期貨及選擇權,,OCEICS,
"TXO36000I6　臺指選擇權,2026/09,履約價36000,買權",TWTXO600CI69,2026/01/06,期貨及選擇權,,OCEICS,
"TXO36000L6　臺指選擇權,2026/12,履約價36000,買權",TWTXO600CL64,2026/03/19,期貨及選擇權,,OCEICS,
"TXO36100E6　臺指選擇權,2026/05,履約價36100,買權",TWTXO610CE61,2026/02/24,期貨及選擇權,,OCEICS,
"TXO36100F6　臺指選擇權,2026/06,履約價36100,買權",TWTXO610CF60,2026/03/19,期貨及選擇權,,OCEICS,
"TXO36100G6　臺指選擇權,2026/07,履約價36100,買權",TWTXO610CG69,2026/04/16,期貨及選擇權,,OCEICS,
"TXO36200E6　臺指選擇權,2026/05,履約價36200,買權",TWTXO620CE69,2026/02/24,期貨及選擇權,,OCEICS,
"TXO36200F6　臺指選擇權,2026/06,履約價36200,買權",TWTXO620CF68,2026/01/06,期貨及選擇權,,OCEICS,
"TXO36200G6　臺指選擇權,2026/07,履約價36200,買權",TWTXO620CG67,2026/04/16,期貨及選擇權,,OCEICS,
"TXO36200I6　臺指選擇權,2026/09,履約價36200,買權",TWTXO620CI65,2026/01/06,期貨及選擇權,,OCEICS,
"TXO36200L6　臺指選擇權,2026/12,履約價36200,買權",TWTXO620CL60,2026/03/19,期貨及選擇權,,OCEICS,
"TXO36300E6　臺指選擇權,2026/05,履約價36300,買權",TWTXO630CE67,2026/02/24,期貨及選擇權,,OCEICS,
"TXO36300F6　臺指選擇權,2026/06,履約價36300,買權",TWTXO630CF66,2026/03/19,期貨及選擇權,,OCEICS,
"TXO36300G6　臺指選擇權,2026/07,履約價36300,買權",TWTXO630CG65,2026/04/16,期貨及選擇權,,OCEICS,
"TXO36400E6　臺指選擇權,2026/05,履約價36400,買權",TWTXO640CE65,2026/02/24,期貨及選擇權,,OCEICS,
"TXO36400F6　臺指選擇權,2026/06,履約價36400,買權",TWTXO640CF64,2026/01/07,期貨及選擇權,,OCEICS,
"TXO36400G6　臺指選擇權,2026/07,履約價36400,買權",TWTXO640CG63,2026/04/16,期貨及選擇權,,OCEICS,
"TXO36400I6　臺指選擇權,2026/09,履約價36400,買權",TWTXO640CI61,2026/01/07,期貨及選擇權,,OCEICS,
"TXO36400L6　臺指選擇權,2026/12,履約價36400,買權",TWTXO640CL66,2026/03/19,期貨及選擇權,,OCEICS,
"TXO36500E6　臺指選擇權,2026/05,履約價36500,買權",TWTXO650CE62,2026/02/24,期貨及選擇權,,OCEICS,
"TXO36500F6　臺指選擇權,2026/06,履約價36500,買權",TWTXO650CF61,2026/03/19,期貨及選擇權,,OCEICS,
"TXO36500G6　臺指選擇權,2026/07,履約價36500,買權",TWTXO650CG60,2026/04/16,期貨及選擇權,,OCEICS,
"TXO36600E6　臺指選擇權,2026/05,履約價36600,買權",TWTXO660CE60,2026/02/24,期貨及選擇權,,OCEICS,
"TXO36600F6　臺指選擇權,2026/06,履約價36600,買權",TWTXO660CF69,2026/01/07,期貨及選擇權,,OCEICS,
"TXO36600G6　臺指選擇權,2026/07,履約價36600,買權",TWTXO660CG68,2026/04/16,期貨及選擇權,,OCEICS,
"TXO36600I6　臺指選擇權,2026/09,履約價36600,買權",TWTXO660CI66,2026/01/07,期貨及選擇權,,OCEICS,
"TXO36600L6　臺指選擇權,2026/12,履約價36600,買權",TWTXO660CL61,2026/03/19,期貨及選擇權,,OCEICS,
"TXO36700E6　臺指選擇權,2026/05,履約價36700,買權",TWTXO670CE68,2026/02/24,期貨及選擇權,,OCEICS,
"TXO36700F6　臺指選擇權,2026/06,履約價36700,買權",TWTXO670CF67,2026/03/19,期貨及選擇權,,OCEICS,
"TXO36700G6　臺指選擇權,2026/07,履約價36700,買權",TWTXO670CG66,2026/04/16,期貨及選擇權,,OCEICS,
"TXO36800E6　臺指選擇權,2026/05,履約價36800,買權",TWTXO680CE66,2026/02/24,期貨及選擇權,,OCEICS,
"TXO36800F6　臺指選擇權,2026/06,履約價36800,買權",TWTXO680CF65,2026/01/07,期貨及選擇權,,OCEICS,
"TXO36800G6　臺指選擇權,2026/07,履約價36800,買權",TWTXO680CG64,2026/04/16,期貨及選擇權,,OCEICS,
"TXO36800I6　臺指選擇權,2026/09,履約價36800,買權",TWTXO680CI62,2026/01/07,期貨及選擇權,,OCEICS,
"TXO36800L6　臺指選擇權,2026/12,履約價36800,買權",TWTXO680CL67,2026/03/19,期貨及選擇權,,OCEICS,
"TXO36900E6　臺指選擇權,2026/05,履約價36900,買權",TWTXO690CE64,2026/02/24,期貨及選擇權,,OCEICS,
"TXO36900F6　臺指選擇權,2026/06,履約價36900,買權",TWTXO690CF63,2026/03/19,期貨及選擇權,,OCEICS,
"TXO36900G6　臺指選擇權,2026/07,履約價36900,買權",TWTXO690CG62,2026/04/16,期貨及選擇權,,OCEICS,
"TXO37000E6　臺指選擇權,2026/05,履約價37000,買權",TWTXO700CE62,2026/02/24,期貨及選擇權,,OCEICS,
"TXO37000F6　臺指選擇權,2026/06,履約價37000,買權",TWTXO700CF61,2026/01/14,期貨及選擇權,,OCEICS,
"TXO37000G6　臺指選擇權,2026/07,履約價37000,買權",TWTXO700CG60,2026/04/16,期貨及選擇權,,OCEICS,
"TXO37000I6　臺指選擇權,2026/09,履約價37000,買權",TWTXO700CI68,2026/01/14,期貨及選擇權,,OCEICS,
"TXO37000L6　臺指選擇權,2026/12,履約價37000,買權",TWTXO700CL63,2026/03/19,期貨及選擇權,,OCEICS,
"TXO37100E6　臺指選擇權,2026/05,履約價37100,買權",TWTXO710CE60,2026/02/24,期貨及選擇權,,OCEICS,
"TXO37100F6　臺指選擇權,2026/06,履約價37100,買權",TWTXO710CF69,2026/03/19,期貨及選擇權,,OCEICS,
"TXO37100G6　臺指選擇權,2026/07,履約價37100,買權",TWTXO710CG68,2026/04/16,期貨及選擇權,,OCEICS,
"TXO37200E6　臺指選擇權,2026/05,履約價37200,買權",TWTXO720CE68,2026/02/24,期貨及選擇權,,OCEICS,
"TXO37200F6　臺指選擇權,2026/06,履約價37200,買權",TWTXO720CF67,2026/01/15,期貨及選擇權,,OCEICS,
"TXO37200G6　臺指選擇權,2026/07,履約價37200,買權",TWTXO720CG66,2026/04/16,期貨及選擇權,,OCEICS,
"TXO37200I6　臺指選擇權,2026/09,履約價37200,買權",TWTXO720CI64,2026/01/15,期貨及選擇權,,OCEICS,
"TXO37200L6　臺指選擇權,2026/12,履約價37200,買權",TWTXO720CL69,2026/03/19,期貨及選擇權,,OCEICS,
"TXO37300E6　臺指選擇權,2026/05,履約價37300,買權",TWTXO730CE66,2026/02/24,期貨及選擇權,,OCEICS,
"TXO37300F6　臺指選擇權,2026/06,履約價37300,買權",TWTXO730CF65,2026/03/19,期貨及選擇權,,OCEICS,
"TXO37300G6　臺指選擇權,2026/07,履約價37300,買權",TWTXO730CG64,2026/04/16,期貨及選擇權,,OCEICS,
"TXO37400E6　臺指選擇權,2026/05,履約價37400,買權",TWTXO740CE64,2026/02/24,期貨及選擇權,,OCEICS,
"TXO37400F6　臺指選擇權,2026/06,履約價37400,買權",TWTXO740CF63,2026/01/19,期貨及選擇權,,OCEICS,
"TXO37400G6　臺指選擇權,2026/07,履約價37400,買權",TWTXO740CG62,2026/04/16,期貨及選擇權,,OCEICS,
"TXO37400I6　臺指選擇權,2026/09,履約價37400,買權",TWTXO740CI60,2026/01/19,期貨及選擇權,,OCEICS,
"TXO37400L6　臺指選擇權,2026/12,履約價37400,買權",TWTXO740CL65,2026/03/19,期貨及選擇權,,OCEICS,
"TXO37500E6　臺指選擇權,2026/05,履約價37500,買權",TWTXO750CE61,2026/02/24,期貨及選擇權,,OCEICS,
"TXO37500F6　臺指選擇權,2026/06,履約價37500,買權",TWTXO750CF60,2026/03/19,期貨及選擇權,,OCEICS,
"TXO37500G6　臺指選擇權,2026/07,履約價37500,買權",TWTXO750CG69,2026/04/16,期貨及選擇權,,OCEICS,
"TXO37600E6　臺指選擇權,2026/05,履約價37600,買權",TWTXO760CE69,2026/02/24,期貨及選擇權,,OCEICS,
"TXO37600F6　臺指選擇權,2026/06,履約價37600,買權",TWTXO760CF68,2026/01/19,期貨及選擇權,,OCEICS,
"TXO37600G6　臺指選擇權,2026/07,履約價37600,買權",TWTXO760CG67,2026/04/16,期貨及選擇權,,OCEICS,
"TXO37600I6　臺指選擇權,2026/09,履約價37600,買權",TWTXO760CI65,2026/01/19,期貨及選擇權,,OCEICS,
"TXO37600L6　臺指選擇權,2026/12,履約價37600,買權",TWTXO760CL60,2026/03/19,期貨及選擇權,,OCEICS,
"TXO37700E6　臺指選擇權,2026/05,履約價37700,買權",TWTXO770CE67,2026/02/24,期貨及選擇權,,OCEICS,
"TXO37700F6　臺指選擇權,2026/06,履約價37700,買權",TWTXO770CF66,2026/03/19,期貨及選擇權,,OCEICS,
"TXO37700G6　臺指選擇權,2026/07,履約價37700,買權",TWTXO770CG65,2026/04/16,期貨及選擇權,,OCEICS,
"TXO37800E6　臺指選擇權,2026/05,履約價37800,買權",TWTXO780CE65,2026/02/24,期貨及選擇權,,OCEICS,
"TXO37800F6　臺指選擇權,2026/06,履約價37800,買權",TWTXO780CF64,2026/01/19,期貨及選擇權,,OCEICS,
"TXO37800G6　臺指選擇權,2026/07,履約價37800,買權",TWTXO780CG63,2026/04/16,期貨及選擇權,,OCEICS,
"TXO37800I6　臺指選擇權,2026/09,履約價37800,買權",TWTXO780CI61,2026/01/19,期貨及選擇權,,OCEICS,
"TXO37800L6　臺指選擇權,2026/12,履約價37800,買權",TWTXO780CL66,2026/03/19,期貨及選擇權,,OCEICS,
"TXO37900E6　臺指選擇權,2026/05,履約價37900,買權",TWTXO790CE63,2026/02/24,期貨及選擇權,,OCEICS,
"TXO37900F6　臺指選擇權,2026/06,履約價37900,買權",TWTXO790CF62,2026/03/19,期貨及選擇權,,OCEICS,
"TXO37900G6　臺指選擇權,2026/07,履約價37900,買權",TWTXO790CG61,2026/04/16,期貨及選擇權,,OCEICS,
"TXO38000E6　臺指選擇權,2026/05,履約價38000,買權",TWTXO800CE61,2026/02/24,期貨及選擇權,,OCEICS,
"TXO38000F6　臺指選擇權,2026/06,履約價38000,買權",TWTXO800CF60,2026/01/20,期貨及選擇權,,OCEICS,
"TXO38000G6　臺指選擇權,2026/07,履約價38000,買權",TWTXO800CG69,2026/04/16,期貨及選擇權,,OCEICS,
"TXO38000I6　臺指選擇權,2026/09,履約價38000,買權",TWTXO800CI67,2026/01/20,期貨及選擇權,,OCEICS,
"TXO38000L6　臺指選擇權,2026/12,履約價38000,買權",TWTXO800CL62,2026/03/19,期貨及選擇權,,OCEICS,
"TXO38100E6　臺指選擇權,2026/05,履約價38100,買權",TWTXO810CE69,2026/02/24,期貨及選擇權,,OCEICS,
"TXO38100F6　臺指選擇權,2026/06,履約價38100,買權",TWTXO810CF68,2026/03/19,期貨及選擇權,,OCEICS,
"TXO38100G6　臺指選擇權,2026/07,履約價38100,買權",TWTXO810CG67,2026/04/16,期貨及選擇權,,OCEICS,
"TXO38200E6　臺指選擇權,2026/05,履約價38200,買權",TWTXO820CE67,2026/02/24,期貨及選擇權,,OCEICS,
"TXO38200F6　臺指選擇權,2026/06,履約價38200,買權",TWTXO820CF66,2026/01/21,期貨及選擇權,,OCEICS,
"TXO38200G6　臺指選擇權,2026/07,履約價38200,買權",TWTXO820CG65,2026/04/16,期貨及選擇權,,OCEICS,
"TXO38200I6　臺指選擇權,2026/09,履約價38200,買權",TWTXO820CI63,2026/01/21,期貨及選擇權,,OCEICS,
"TXO38200L6　臺指選擇權,2026/12,履約價38200,買權",TWTXO820CL68,2026/03/19,期貨及選擇權,,OCEICS,
"TXO38300E6　臺指選擇權,2026/05,履約價38300,買權",TWTXO830CE65,2026/02/24,期貨及選擇權,,OCEICS,
"TXO38300F6　臺指選擇權,2026/06,履約價38300,買權",TWTXO830CF64,2026/03/19,期貨及選擇權,,OCEICS,
"TXO38300G6　臺指選擇權,2026/07,履約價38300,買權",TWTXO830CG63,2026/04/16,期貨及選擇權,,OCEICS,
"TXO38400E6　臺指選擇權,2026/05,履約價38400,買權",TWTXO840CE63,2026/02/24,期貨及選擇權,,OCEICS,
"TXO38400F6　臺指選擇權,2026/06,履約價38400,買權",TWTXO840CF62,2026/01/26,期貨及選擇權,,OCEICS,
"TXO38400G6　臺指選擇權,2026/07,履約價38400,買權",TWTXO840CG61,2026/04/16,期貨及選擇權,,OCEICS,
"TXO38400I6　臺指選擇權,2026/09,履約價38400,買權",TWTXO840CI69,2026/01/26,期貨及選擇權,,OCEICS,
"TXO38400L6　臺指選擇權,2026/12,履約價38400,買權",TWTXO840CL64,2026/03/19,期貨及選擇權,,OCEICS,
"TXO38500E6　臺指選擇權,2026/05,履約價38500,買權",TWTXO850CE60,2026/02/24,期貨及選擇權,,OCEICS,
"TXO38500F6　臺指選擇權,2026/06,履約價38500,買權",TWTXO850CF69,2026/03/19,期貨及選擇權,,OCEICS,
"TXO38500G6　臺指選擇權,2026/07,履約價38500,買權",TWTXO850CG68,2026/04/16,期貨及選擇權,,OCEICS,
"TXO38600E6　臺指選擇權,2026/05,履約價38600,買權",TWTXO860CE68,2026/02/24,期貨及選擇權,,OCEICS,
"TXO38600F6　臺指選擇權,2026/06,履約價38600,買權",TWTXO860CF67,2026/01/27,期貨及選擇權,,OCEICS,
"TXO38600G6　臺指選擇權,2026/07,履約價38600,買權",TWTXO860CG66,2026/04/16,期貨及選擇權,,OCEICS,
"TXO38600I6　臺指選擇權,2026/09,履約價38600,買權",TWTXO860CI64,2026/01/27,期貨及選擇權,,OCEICS,
"TXO38600L6　臺指選擇權,2026/12,履約價38600,買權",TWTXO860CL69,2026/03/19,期貨及選擇權,,OCEICS,
"TXO38700E6　臺指選擇權,2026/05,履約價38700,買權",TWTXO870CE66,2026/02/24,期貨及選擇權,,OCEICS,
"TXO38700F6　臺指選擇權,2026/06,履約價38700,買權",TWTXO870CF65,2026/03/19,期貨及選擇權,,OCEICS,
"TXO38700G6　臺指選擇權,2026/07,履約價38700,買權",TWTXO870CG64,2026/04/16,期貨及選擇權,,OCEICS,
"TXO38800E6　臺指選擇權,2026/05,履約價38800,買權",TWTXO880CE64,2026/02/24,期貨及選擇權,,OCEICS,
"TXO38800F6　臺指選擇權,2026/06,履約價38800,買權",TWTXO880CF63,2026/01/28,期貨及選擇權,,OCEICS,
"TXO38800G6　臺指選擇權,2026/07,履約價38800,買權",TWTXO880CG62,2026/04/16,期貨及選擇權,,OCEICS,
"TXO38800I6　臺指選擇權,2026/09,履約價38800,買權",TWTXO880CI60,2026/01/28,期貨及選擇權,,OCEICS,
"TXO38800L6　臺指選擇權,2026/12,履約價38800,買權",TWTXO880CL65,2026/03/19,期貨及選擇權,,OCEICS,
"TXO38900E6　臺指選擇權,2026/05,履約價38900,買權",TWTXO890CE62,2026/02/24,期貨及選擇權,,OCEICS,
"TXO38900F6　臺指選擇權,2026/06,履約價38900,買權",TWTXO890CF61,2026/03/19,期貨及選擇權,,OCEICS,
"TXO38900G6　臺指選擇權,2026/07,履約價38900,買權",TWTXO890CG60,2026/04/16,期貨及選擇權,,OCEICS,
"TXO39000E6　臺指選擇權,2026/05,履約價39000,買權",TWTXO900CE60,2026/02/25,期貨及選擇權,,OCEICS,
"TXO39000F6　臺指選擇權,2026/06,履約價39000,買權",TWTXO900CF69,2026/01/29,期貨及選擇權,,OCEICS,
"TXO39000G6　臺指選擇權,2026/07,履約價39000,買權",TWTXO900CG68,2026/04/16,期貨及選擇權,,OCEICS,
"TXO39000I6　臺指選擇權,2026/09,履約價39000,買權",TWTXO900CI66,2026/01/29,期貨及選擇權,,OCEICS,
"TXO39000L6　臺指選擇權,2026/12,履約價39000,買權",TWTXO900CL61,2026/03/19,期貨及選擇權,,OCEICS,
"TXO39100E6　臺指選擇權,2026/05,履約價39100,買權",TWTXO910CE68,2026/02/25,期貨及選擇權,,OCEICS,
"TXO39100F6　臺指選擇權,2026/06,履約價39100,買權",TWTXO910CF67,2026/03/19,期貨及選擇權,,OCEICS,
"TXO39100G6　臺指選擇權,2026/07,履約價39100,買權",TWTXO910CG66,2026/04/16,期貨及選擇權,,OCEICS,
"TXO39200E6　臺指選擇權,2026/05,履約價39200,買權",TWTXO920CE66,2026/02/25,期貨及選擇權,,OCEICS,
"TXO39200F6　臺指選擇權,2026/06,履約價39200,買權",TWTXO920CF65,2026/01/29,期貨及選擇權,,OCEICS,
"TXO39200G6　臺指選擇權,2026/07,履約價39200,買權",TWTXO920CG64,2026/04/16,期貨及選擇權,,OCEICS,
"TXO39200I6　臺指選擇權,2026/09,履約價39200,買權",TWTXO920CI62,2026/01/29,期貨及選擇權,,OCEICS,
"TXO39200L6　臺指選擇權,2026/12,履約價39200,買權",TWTXO920CL67,2026/03/19,期貨及選擇權,,OCEICS,
"TXO39300E6　臺指選擇權,2026/05,履約價39300,買權",TWTXO930CE64,2026/02/25,期貨及選擇權,,OCEICS,
"TXO39300F6　臺指選擇權,2026/06,履約價39300,買權",TWTXO930CF63,2026/03/19,期貨及選擇權,,OCEICS,
"TXO39300G6　臺指選擇權,2026/07,履約價39300,買權",TWTXO930CG62,2026/04/16,期貨及選擇權,,OCEICS,
"TXO39400E6　臺指選擇權,2026/05,履約價39400,買權",TWTXO940CE62,2026/02/25,期貨及選擇權,,OCEICS,
"TXO39400F6　臺指選擇權,2026/06,履約價39400,買權",TWTXO940CF61,2026/01/29,期貨及選擇權,,OCEICS,
"TXO39400G6　臺指選擇權,2026/07,履約價39400,買權",TWTXO940CG60,2026/04/16,期貨及選擇權,,OCEICS,
"TXO39400I6　臺指選擇權,2026/09,履約價39400,買權",TWTXO940CI68,2026/01/29,期貨及選擇權,,OCEICS,
"TXO39400L6　臺指選擇權,2026/12,履約價39400,買權",TWTXO940CL63,2026/03/19,期貨及選擇權,,OCEICS,
"TXO39500E6　臺指選擇權,2026/05,履約價39500,買權",TWTXO950CE69,2026/02/25,期貨及選擇權,,OCEICS,
"TXO39500F6　臺指選擇權,2026/06,履約價39500,買權",TWTXO950CF68,2026/03/19,期貨及選擇權,,OCEICS,
"TXO39500G6　臺指選擇權,2026/07,履約價39500,買權",TWTXO950CG67,2026/04/16,期貨及選擇權,,OCEICS,
"TXO39550E6　臺指選擇權,2026/05,履約價39550,買權",TWTXO955CE64,2026/05/06,期貨及選擇權,,OCEICS,
"TXO39600E6　臺指選擇權,2026/05,履約價39600,買權",TWTXO960CE67,2026/02/25,期貨及選擇權,,OCEICS,
"TXO39600F6　臺指選擇權,2026/06,履約價39600,買權",TWTXO960CF66,2026/02/11,期貨及選擇權,,OCEICS,
"TXO39600G6　臺指選擇權,2026/07,履約價39600,買權",TWTXO960CG65,2026/04/16,期貨及選擇權,,OCEICS,
"TXO39600I6　臺指選擇權,2026/09,履約價39600,買權",TWTXO960CI63,2026/02/11,期貨及選擇權,,OCEICS,
"TXO39600L6　臺指選擇權,2026/12,履約價39600,買權",TWTXO960CL68,2026/03/19,期貨及選擇權,,OCEICS,
"TXO39650E6　臺指選擇權,2026/05,履約價39650,買權",TWTXO965CE62,2026/05/06,期貨及選擇權,,OCEICS,
"TXO39700E6　臺指選擇權,2026/05,履約價39700,買權",TWTXO970CE65,2026/02/25,期貨及選擇權,,OCEICS,
"TXO39700F6　臺指選擇權,2026/06,履約價39700,買權",TWTXO970CF64,2026/04/09,期貨及選擇權,,OCEICS,
"TXO39700G6　臺指選擇權,2026/07,履約價39700,買權",TWTXO970CG63,2026/04/16,期貨及選擇權,,OCEICS,
"TXO39750E6　臺指選擇權,2026/05,履約價39750,買權",TWTXO975CE60,2026/05/06,期貨及選擇權,,OCEICS,
"TXO39800E6　臺指選擇權,2026/05,履約價39800,買權",TWTXO980CE63,2026/02/25,期貨及選擇權,,OCEICS,
"TXO39800F6　臺指選擇權,2026/06,履約價39800,買權",TWTXO980CF62,2026/02/11,期貨及選擇權,,OCEICS,
"TXO39800G6　臺指選擇權,2026/07,履約價39800,買權",TWTXO980CG61,2026/04/16,期貨及選擇權,,OCEICS,
"TXO39800I6　臺指選擇權,2026/09,履約價39800,買權",TWTXO980CI69,2026/02/11,期貨及選擇權,,OCEICS,
"TXO39800L6　臺指選擇權,2026/12,履約價39800,買權",TWTXO980CL64,2026/03/19,期貨及選擇權,,OCEICS,
"TXO39850E6　臺指選擇權,2026/05,履約價39850,買權",TWTXO985CE68,2026/05/06,期貨及選擇權,,OCEICS,
"TXO39900E6　臺指選擇權,2026/05,履約價39900,買權",TWTXO990CE61,2026/02/25,期貨及選擇權,,OCEICS,
"TXO39900F6　臺指選擇權,2026/06,履約價39900,買權",TWTXO990CF60,2026/04/09,期貨及選擇權,,OCEICS,
"TXO39900G6　臺指選擇權,2026/07,履約價39900,買權",TWTXO990CG69,2026/04/16,期貨及選擇權,,OCEICS,
"TXO39950E6　臺指選擇權,2026/05,履約價39950,買權",TWTXO995CE66,2026/05/06,期貨及選擇權,,OCEICS,
"TXO40000E6　臺指選擇權,2026/05,履約價40000,買權",TWTXO000DE68,2026/02/25,期貨及選擇權,,OCEICS,
"TXO40000F6　臺指選擇權,2026/06,履約價40000,買權",TWTXO000DF67,2026/02/23,期貨及選擇權,,OCEICS,
"TXO40000G6　臺指選擇權,2026/07,履約價40000,買權",TWTXO000DG66,2026/04/16,期貨及選擇權,,OCEICS,
"TXO40000I6　臺指選擇權,2026/09,履約價40000,買權",TWTXO000DI64,2026/02/23,期貨及選擇權,,OCEICS,
"TXO40000L6　臺指選擇權,2026/12,履約價40000,買權",TWTXO000DL69,2026/03/19,期貨及選擇權,,OCEICS,
"TXO40050E6　臺指選擇權,2026/05,履約價40050,買權",TWTXO005DE63,2026/05/06,期貨及選擇權,,OCEICS,
"TXO40100E6　臺指選擇權,2026/05,履約價40100,買權",TWTXO010DE66,2026/02/26,期貨及選擇權,,OCEICS,
"TXO40100F6　臺指選擇權,2026/06,履約價40100,買權",TWTXO010DF65,2026/04/10,期貨及選擇權,,OCEICS,
"TXO40100G6　臺指選擇權,2026/07,履約價40100,買權",TWTXO010DG64,2026/04/16,期貨及選擇權,,OCEICS,
"TXO40150E6　臺指選擇權,2026/05,履約價40150,買權",TWTXO015DE61,2026/05/06,期貨及選擇權,,OCEICS,
"TXO40200E6　臺指選擇權,2026/05,履約價40200,買權",TWTXO020DE64,2026/02/26,期貨及選擇權,,OCEICS,
"TXO40200F6　臺指選擇權,2026/06,履約價40200,買權",TWTXO020DF63,2026/02/23,期貨及選擇權,,OCEICS,
"TXO40200G6　臺指選擇權,2026/07,履約價40200,買權",TWTXO020DG62,2026/04/16,期貨及選擇權,,OCEICS,
"TXO40200I6　臺指選擇權,2026/09,履約價40200,買權",TWTXO020DI60,2026/02/23,期貨及選擇權,,OCEICS,
"TXO40200L6　臺指選擇權,2026/12,履約價40200,買權",TWTXO020DL65,2026/03/19,期貨及選擇權,,OCEICS,
"TXO40250E6　臺指選擇權,2026/05,履約價40250,買權",TWTXO025DE69,2026/05/06,期貨及選擇權,,OCEICS,
"TXO40300E6　臺指選擇權,2026/05,履約價40300,買權",TWTXO030DE62,2026/02/26,期貨及選擇權,,OCEICS,
"TXO40300F6　臺指選擇權,2026/06,履約價40300,買權",TWTXO030DF61,2026/04/13,期貨及選擇權,,OCEICS,
"TXO40300G6　臺指選擇權,2026/07,履約價40300,買權",TWTXO030DG60,2026/04/16,期貨及選擇權,,OCEICS,
"TXO40350E6　臺指選擇權,2026/05,履約價40350,買權",TWTXO035DE67,2026/05/06,期貨及選擇權,,OCEICS,
"TXO40400E6　臺指選擇權,2026/05,履約價40400,買權",TWTXO040DE60,2026/02/26,期貨及選擇權,,OCEICS,
"TXO40400F6　臺指選擇權,2026/06,履約價40400,買權",TWTXO040DF69,2026/02/23,期貨及選擇權,,OCEICS,
"TXO40400G6　臺指選擇權,2026/07,履約價40400,買權",TWTXO040DG68,2026/04/16,期貨及選擇權,,OCEICS,
"TXO40400I6　臺指選擇權,2026/09,履約價40400,買權",TWTXO040DI66,2026/02/23,期貨及選擇權,,OCEICS,
"TXO40400L6　臺指選擇權,2026/12,履約價40400,買權",TWTXO040DL61,2026/03/19,期貨及選擇權,,OCEICS,
"TXO40450E6　臺指選擇權,2026/05,履約價40450,買權",TWTXO045DE65,2026/05/06,期貨及選擇權,,OCEICS,
"TXO40500E6　臺指選擇權,2026/05,履約價40500,買權",TWTXO050DE67,2026/02/26,期貨及選擇權,,OCEICS,
"TXO40500F6　臺指選擇權,2026/06,履約價40500,買權",TWTXO050DF66,2026/04/13,期貨及選擇權,,OCEICS,
"TXO40500G6　臺指選擇權,2026/07,履約價40500,買權",TWTXO050DG65,2026/04/16,期貨及選擇權,,OCEICS,
"TXO40550E6　臺指選擇權,2026/05,履約價40550,買權",TWTXO055DE62,2026/05/06,期貨及選擇權,,OCEICS,
"TXO40600E6　臺指選擇權,2026/05,履約價40600,買權",TWTXO060DE65,2026/02/26,期貨及選擇權,,OCEICS,
"TXO40600F6　臺指選擇權,2026/06,履約價40600,買權",TWTXO060DF64,2026/02/24,期貨及選擇權,,OCEICS,
"TXO40600G6　臺指選擇權,2026/07,履約價40600,買權",TWTXO060DG63,2026/04/16,期貨及選擇權,,OCEICS,
"TXO40600I6　臺指選擇權,2026/09,履約價40600,買權",TWTXO060DI61,2026/02/24,期貨及選擇權,,OCEICS,
"TXO40600L6　臺指選擇權,2026/12,履約價40600,買權",TWTXO060DL66,2026/03/19,期貨及選擇權,,OCEICS,
"TXO40650E6　臺指選擇權,2026/05,履約價40650,買權",TWTXO065DE60,2026/05/06,期貨及選擇權,,OCEICS,
"TXO40700E6　臺指選擇權,2026/05,履約價40700,買權",TWTXO070DE63,2026/02/26,期貨及選擇權,,OCEICS,
"TXO40700F6　臺指選擇權,2026/06,履約價40700,買權",TWTXO070DF62,2026/04/13,期貨及選擇權,,OCEICS,
"TXO40700G6　臺指選擇權,2026/07,履約價40700,買權",TWTXO070DG61,2026/04/16,期貨及選擇權,,OCEICS,
"TXO40750E6　臺指選擇權,2026/05,履約價40750,買權",TWTXO075DE68,2026/05/06,期貨及選擇權,,OCEICS,
"TXO40800E6　臺指選擇權,2026/05,履約價40800,買權",TWTXO080DE61,2026/02/26,期貨及選擇權,,OCEICS,
"TXO40800F6　臺指選擇權,2026/06,履約價40800,買權",TWTXO080DF60,2026/02/25,期貨及選擇權,,OCEICS,
"TXO40800G6　臺指選擇權,2026/07,履約價40800,買權",TWTXO080DG69,2026/04/16,期貨及選擇權,,OCEICS,
"TXO40800I6　臺指選擇權,2026/09,履約價40800,買權",TWTXO080DI67,2026/02/25,期貨及選擇權,,OCEICS,
"TXO40800L6　臺指選擇權,2026/12,履約價40800,買權",TWTXO080DL62,2026/03/19,期貨及選擇權,,OCEICS,
"TXO40850E6　臺指選擇權,2026/05,履約價40850,買權",TWTXO085DE66,2026/05/06,期貨及選擇權,,OCEICS,
"TXO40900E6　臺指選擇權,2026/05,履約價40900,買權",TWTXO090DE69,2026/04/15,期貨及選擇權,,OCEICS,
"TXO40900F6　臺指選擇權,2026/06,履約價40900,買權",TWTXO090DF68,2026/04/15,期貨及選擇權,,OCEICS,
"TXO40900G6　臺指選擇權,2026/07,履約價40900,買權",TWTXO090DG67,2026/04/16,期貨及選擇權,,OCEICS,
"TXO40950E6　臺指選擇權,2026/05,履約價40950,買權",TWTXO095DE64,2026/05/06,期貨及選擇權,,OCEICS,
"TXO41000E6　臺指選擇權,2026/05,履約價41000,買權",TWTXO100DE67,2026/04/15,期貨及選擇權,,OCEICS,
"TXO41000F6　臺指選擇權,2026/06,履約價41000,買權",TWTXO100DF66,2026/02/25,期貨及選擇權,,OCEICS,
"TXO41000G6　臺指選擇權,2026/07,履約價41000,買權",TWTXO100DG65,2026/04/16,期貨及選擇權,,OCEICS,
"TXO41000I6　臺指選擇權,2026/09,履約價41000,買權",TWTXO100DI63,2026/02/25,期貨及選擇權,,OCEICS,
"TXO41000L6　臺指選擇權,2026/12,履約價41000,買權",TWTXO100DL68,2026/03/19,期貨及選擇權,,OCEICS,
"TXO41050E6　臺指選擇權,2026/05,履約價41050,買權",TWTXO105DE62,2026/05/06,期貨及選擇權,,OCEICS,
"TXO41100E6　臺指選擇權,2026/05,履約價41100,買權",TWTXO110DE65,2026/04/15,期貨及選擇權,,OCEICS,
"TXO41100F6　臺指選擇權,2026/06,履約價41100,買權",TWTXO110DF64,2026/04/15,期貨及選擇權,,OCEICS,
"TXO41100G6　臺指選擇權,2026/07,履約價41100,買權",TWTXO110DG63,2026/04/16,期貨及選擇權,,OCEICS,
"TXO41150E6　臺指選擇權,2026/05,履約價41150,買權",TWTXO115DE60,2026/05/06,期貨及選擇權,,OCEICS,
"TXO41200E6　臺指選擇權,2026/05,履約價41200,買權",TWTXO120DE63,2026/04/15,期貨及選擇權,,OCEICS,
"TXO41200F6　臺指選擇權,2026/06,履約價41200,買權",TWTXO120DF62,2026/02/25,期貨及選擇權,,OCEICS,
"TXO41200G6　臺指選擇權,2026/07,履約價41200,買權",TWTXO120DG61,2026/04/16,期貨及選擇權,,OCEICS,
"TXO41200I6　臺指選擇權,2026/09,履約價41200,買權",TWTXO120DI69,2026/02/25,期貨及選擇權,,OCEICS,
"TXO41200L6　臺指選擇權,2026/12,履約價41200,買權",TWTXO120DL64,2026/03/19,期貨及選擇權,,OCEICS,
"TXO41250E6　臺指選擇權,2026/05,履約價41250,買權",TWTXO125DE68,2026/05/06,期貨及選擇權,,OCEICS,
"TXO41300E6　臺指選擇權,2026/05,履約價41300,買權",TWTXO130DE61,2026/04/15,期貨及選擇權,,OCEICS,
"TXO41300F6　臺指選擇權,2026/06,履約價41300,買權",TWTXO130DF60,2026/04/15,期貨及選擇權,,OCEICS,
"TXO41300G6　臺指選擇權,2026/07,履約價41300,買權",TWTXO130DG69,2026/04/16,期貨及選擇權,,OCEICS,
"TXO41350E6　臺指選擇權,2026/05,履約價41350,買權",TWTXO135DE66,2026/05/06,期貨及選擇權,,OCEICS,
"TXO41400E6　臺指選擇權,2026/05,履約價41400,買權",TWTXO140DE69,2026/04/15,期貨及選擇權,,OCEICS,
"TXO41400F6　臺指選擇權,2026/06,履約價41400,買權",TWTXO140DF68,2026/02/25,期貨及選擇權,,OCEICS,
"TXO41400G6　臺指選擇權,2026/07,履約價41400,買權",TWTXO140DG67,2026/04/16,期貨及選擇權,,OCEICS,
"TXO41400I6　臺指選擇權,2026/09,履約價41400,買權",TWTXO140DI65,2026/02/25,期貨及選擇權,,OCEICS,
"TXO41400L6　臺指選擇權,2026/12,履約價41400,買權",TWTXO140DL60,2026/03/19,期貨及選擇權,,OCEICS,
"TXO41450E6　臺指選擇權,2026/05,履約價41450,買權",TWTXO145DE64,2026/05/06,期貨及選擇權,,OCEICS,
"TXO41500E6　臺指選擇權,2026/05,履約價41500,買權",TWTXO150DE66,2026/04/15,期貨及選擇權,,OCEICS,
"TXO41500F6　臺指選擇權,2026/06,履約價41500,買權",TWTXO150DF65,2026/04/15,期貨及選擇權,,OCEICS,
"TXO41500G6　臺指選擇權,2026/07,履約價41500,買權",TWTXO150DG64,2026/04/16,期貨及選擇權,,OCEICS,
"TXO41550E6　臺指選擇權,2026/05,履約價41550,買權",TWTXO155DE61,2026/05/06,期貨及選擇權,,OCEICS,
"TXO41600E6　臺指選擇權,2026/05,履約價41600,買權",TWTXO160DE64,2026/04/15,期貨及選擇權,,OCEICS,
"TXO41600F6　臺指選擇權,2026/06,履約價41600,買權",TWTXO160DF63,2026/02/25,期貨及選擇權,,OCEICS,
"TXO41600G6　臺指選擇權,2026/07,履約價41600,買權",TWTXO160DG62,2026/04/16,期貨及選擇權,,OCEICS,
"TXO41600I6　臺指選擇權,2026/09,履約價41600,買權",TWTXO160DI60,2026/02/25,期貨及選擇權,,OCEICS,
"TXO41600L6　臺指選擇權,2026/12,履約價41600,買權",TWTXO160DL65,2026/04/09,期貨及選擇權,,OCEICS,
"TXO41650E6　臺指選擇權,2026/05,履約價41650,買權",TWTXO165DE69,2026/05/06,期貨及選擇權,,OCEICS,
"TXO41700E6　臺指選擇權,2026/05,履約價41700,買權",TWTXO170DE62,2026/04/15,期貨及選擇權,,OCEICS,
"TXO41700F6　臺指選擇權,2026/06,履約價41700,買權",TWTXO170DF61,2026/04/15,期貨及選擇權,,OCEICS,
"TXO41700G6　臺指選擇權,2026/07,履約價41700,買權",TWTXO170DG60,2026/04/16,期貨及選擇權,,OCEICS,
"TXO41750E6　臺指選擇權,2026/05,履約價41750,買權",TWTXO175DE67,2026/05/06,期貨及選擇權,,OCEICS,
"TXO41800E6　臺指選擇權,2026/05,履約價41800,買權",TWTXO180DE60,2026/04/15,期貨及選擇權,,OCEICS,
"TXO41800F6　臺指選擇權,2026/06,履約價41800,買權",TWTXO180DF69,2026/02/25,期貨及選擇權,,OCEICS,
"TXO41800G6　臺指選擇權,2026/07,履約價41800,買權",TWTXO180DG68,2026/04/16,期貨及選擇權,,OCEICS,
"TXO41800I6　臺指選擇權,2026/09,履約價41800,買權",TWTXO180DI66,2026/02/25,期貨及選擇權,,OCEICS,
"TXO41800L6　臺指選擇權,2026/12,履約價41800,買權",TWTXO180DL61,2026/04/09,期貨及選擇權,,OCEICS,
"TXO41850E6　臺指選擇權,2026/05,履約價41850,買權",TWTXO185DE65,2026/05/06,期貨及選擇權,,OCEICS,
"TXO41900E6　臺指選擇權,2026/05,履約價41900,買權",TWTXO190DE68,2026/04/16,期貨及選擇權,,OCEICS,
"TXO41900F6　臺指選擇權,2026/06,履約價41900,買權",TWTXO190DF67,2026/04/16,期貨及選擇權,,OCEICS,
"TXO41900G6　臺指選擇權,2026/07,履約價41900,買權",TWTXO190DG66,2026/04/16,期貨及選擇權,,OCEICS,
"TXO41950E6　臺指選擇權,2026/05,履約價41950,買權",TWTXO195DE63,2026/05/06,期貨及選擇權,,OCEICS,
"TXO42000E6　臺指選擇權,2026/05,履約價42000,買權",TWTXO200DE66,2026/04/16,期貨及選擇權,,OCEICS,
"TXO42000F6　臺指選擇權,2026/06,履約價42000,買權",TWTXO200DF65,2026/02/26,期貨及選擇權,,OCEICS,
"TXO42000G6　臺指選擇權,2026/07,履約價42000,買權",TWTXO200DG64,2026/04/16,期貨及選擇權,,OCEICS,
"TXO42000I6　臺指選擇權,2026/09,履約價42000,買權",TWTXO200DI62,2026/02/26,期貨及選擇權,,OCEICS,
"TXO42000L6　臺指選擇權,2026/12,履約價42000,買權",TWTXO200DL67,2026/04/10,期貨及選擇權,,OCEICS,
"TXO42050E6　臺指選擇權,2026/05,履約價42050,買權",TWTXO205DE61,2026/05/07,期貨及選擇權,,OCEICS,
"TXO42100E6　臺指選擇權,2026/05,履約價42100,買權",TWTXO210DE64,2026/04/16,期貨及選擇權,,OCEICS,
"TXO42100F6　臺指選擇權,2026/06,履約價42100,買權",TWTXO210DF63,2026/04/16,期貨及選擇權,,OCEICS,
"TXO42100G6　臺指選擇權,2026/07,履約價42100,買權",TWTXO210DG62,2026/04/16,期貨及選擇權,,OCEICS,
"TXO42150E6　臺指選擇權,2026/05,履約價42150,買權",TWTXO215DE69,2026/05/07,期貨及選擇權,,OCEICS,
"TXO42200E6　臺指選擇權,2026/05,履約價42200,買權",TWTXO220DE62,2026/04/16,期貨及選擇權,,OCEICS,
"TXO42200F6　臺指選擇權,2026/06,履約價42200,買權",TWTXO220DF61,2026/02/26,期貨及選擇權,,OCEICS,
"TXO42200G6　臺指選擇權,2026/07,履約價42200,買權",TWTXO220DG60,2026/04/16,期貨及選擇權,,OCEICS,
"TXO42200I6　臺指選擇權,2026/09,履約價42200,買權",TWTXO220DI68,2026/02/26,期貨及選擇權,,OCEICS,
"TXO42200L6　臺指選擇權,2026/12,履約價42200,買權",TWTXO220DL63,2026/04/13,期貨及選擇權,,OCEICS,
"TXO42250E6　臺指選擇權,2026/05,履約價42250,買權",TWTXO225DE67,2026/05/07,期貨及選擇權,,OCEICS,
"TXO42300E6　臺指選擇權,2026/05,履約價42300,買權",TWTXO230DE60,2026/04/16,期貨及選擇權,,OCEICS,
"TXO42300F6　臺指選擇權,2026/06,履約價42300,買權",TWTXO230DF69,2026/04/16,期貨及選擇權,,OCEICS,
"TXO42300G6　臺指選擇權,2026/07,履約價42300,買權",TWTXO230DG68,2026/04/16,期貨及選擇權,,OCEICS,
"TXO42350E6　臺指選擇權,2026/05,履約價42350,買權",TWTXO235DE65,2026/05/07,期貨及選擇權,,OCEICS,
"TXO42400E6　臺指選擇權,2026/05,履約價42400,買權",TWTXO240DE68,2026/04/17,期貨及選擇權,,OCEICS,
"TXO42400F6　臺指選擇權,2026/06,履約價42400,買權",TWTXO240DF67,2026/02/26,期貨及選擇權,,OCEICS,
"TXO42400G6　臺指選擇權,2026/07,履約價42400,買權",TWTXO240DG66,2026/04/17,期貨及選擇權,,OCEICS,
"TXO42400I6　臺指選擇權,2026/09,履約價42400,買權",TWTXO240DI64,2026/02/26,期貨及選擇權,,OCEICS,
"TXO42400L6　臺指選擇權,2026/12,履約價42400,買權",TWTXO240DL69,2026/04/13,期貨及選擇權,,OCEICS,
"TXO42450E6　臺指選擇權,2026/05,履約價42450,買權",TWTXO245DE63,2026/05/08,期貨及選擇權,,OCEICS,
"TXO42500E6　臺指選擇權,2026/05,履約價42500,買權",TWTXO250DE65,2026/04/17,期貨及選擇權,,OCEICS,
"TXO42500F6　臺指選擇權,2026/06,履約價42500,買權",TWTXO250DF64,2026/04/17,期貨及選擇權,,OCEICS,
"TXO42500G6　臺指選擇權,2026/07,履約價42500,買權",TWTXO250DG63,2026/04/17,期貨及選擇權,,OCEICS,
"TXO42550E6　臺指選擇權,2026/05,履約價42550,買權",TWTXO255DE60,2026/05/08,期貨及選擇權,,OCEICS,
"TXO42600E6　臺指選擇權,2026/05,履約價42600,買權",TWTXO260DE63,2026/04/17,期貨及選擇權,,OCEICS,
"TXO42600F6　臺指選擇權,2026/06,履約價42600,買權",TWTXO260DF62,2026/02/26,期貨及選擇權,,OCEICS,
"TXO42600G6　臺指選擇權,2026/07,履約價42600,買權",TWTXO260DG61,2026/04/17,期貨及選擇權,,OCEICS,
"TXO42600I6　臺指選擇權,2026/09,履約價42600,買權",TWTXO260DI69,2026/02/26,期貨及選擇權,,OCEICS,
"TXO42600L6　臺指選擇權,2026/12,履約價42600,買權",TWTXO260DL64,2026/04/13,期貨及選擇權,,OCEICS,
"TXO42650E6　臺指選擇權,2026/05,履約價42650,買權",TWTXO265DE68,2026/05/08,期貨及選擇權,,OCEICS,
"TXO42700E6　臺指選擇權,2026/05,履約價42700,買權",TWTXO270DE61,2026/04/17,期貨及選擇權,,OCEICS,
"TXO42700F6　臺指選擇權,2026/06,履約價42700,買權",TWTXO270DF60,2026/04/17,期貨及選擇權,,OCEICS,
"TXO42700G6　臺指選擇權,2026/07,履約價42700,買權",TWTXO270DG69,2026/04/17,期貨及選擇權,,OCEICS,
"TXO42750E6　臺指選擇權,2026/05,履約價42750,買權",TWTXO275DE66,2026/05/08,期貨及選擇權,,OCEICS,
"TXO42800E6　臺指選擇權,2026/05,履約價42800,買權",TWTXO280DE69,2026/04/17,期貨及選擇權,,OCEICS,
"TXO42800F6　臺指選擇權,2026/06,履約價42800,買權",TWTXO280DF68,2026/04/17,期貨及選擇權,,OCEICS,
"TXO42800G6　臺指選擇權,2026/07,履約價42800,買權",TWTXO280DG67,2026/04/17,期貨及選擇權,,OCEICS,
"TXO42800I6　臺指選擇權,2026/09,履約價42800,買權",TWTXO280DI65,2026/04/15,期貨及選擇權,,OCEICS,
"TXO42800L6　臺指選擇權,2026/12,履約價42800,買權",TWTXO280DL60,2026/04/15,期貨及選擇權,,OCEICS,
"TXO42850E6　臺指選擇權,2026/05,履約價42850,買權",TWTXO285DE64,2026/05/08,期貨及選擇權,,OCEICS,
"TXO42900E6　臺指選擇權,2026/05,履約價42900,買權",TWTXO290DE67,2026/04/22,期貨及選擇權,,OCEICS,
"TXO42900F6　臺指選擇權,2026/06,履約價42900,買權",TWTXO290DF66,2026/04/22,期貨及選擇權,,OCEICS,
"TXO42900G6　臺指選擇權,2026/07,履約價42900,買權",TWTXO290DG65,2026/04/22,期貨及選擇權,,OCEICS,
"TXO42950E6　臺指選擇權,2026/05,履約價42950,買權",TWTXO295DE62,2026/05/08,期貨及選擇權,,OCEICS,
"TXO43000E6　臺指選擇權,2026/05,履約價43000,買權",TWTXO300DE65,2026/04/22,期貨及選擇權,,OCEICS,
"TXO43000F6　臺指選擇權,2026/06,履約價43000,買權",TWTXO300DF64,2026/04/22,期貨及選擇權,,OCEICS,
"TXO43000G6　臺指選擇權,2026/07,履約價43000,買權",TWTXO300DG63,2026/04/22,期貨及選擇權,,OCEICS,
"TXO43000I6　臺指選擇權,2026/09,履約價43000,買權",TWTXO300DI61,2026/04/15,期貨及選擇權,,OCEICS,
"TXO43000L6　臺指選擇權,2026/12,履約價43000,買權",TWTXO300DL66,2026/04/15,期貨及選擇權,,OCEICS,
"TXO43050E6　臺指選擇權,2026/05,履約價43050,買權",TWTXO305DE60,2026/05/08,期貨及選擇權,,OCEICS,
"TXO43100E6　臺指選擇權,2026/05,履約價43100,買權",TWTXO310DE63,2026/04/22,期貨及選擇權,,OCEICS,
"TXO43100F6　臺指選擇權,2026/06,履約價43100,買權",TWTXO310DF62,2026/04/22,期貨及選擇權,,OCEICS,
"TXO43100G6　臺指選擇權,2026/07,履約價43100,買權",TWTXO310DG61,2026/04/22,期貨及選擇權,,OCEICS,
"TXO43150E6　臺指選擇權,2026/05,履約價43150,買權",TWTXO315DE68,2026/05/08,期貨及選擇權,,OCEICS,
"TXO43200E6　臺指選擇權,2026/05,履約價43200,買權",TWTXO320DE61,2026/04/22,期貨及選擇權,,OCEICS,
"TXO43200F6　臺指選擇權,2026/06,履約價43200,買權",TWTXO320DF60,2026/04/22,期貨及選擇權,,OCEICS,
"TXO43200G6　臺指選擇權,2026/07,履約價43200,買權",TWTXO320DG69,2026/04/22,期貨及選擇權,,OCEICS,
"TXO43200I6　臺指選擇權,2026/09,履約價43200,買權",TWTXO320DI67,2026/04/15,期貨及選擇權,,OCEICS,
"TXO43200L6　臺指選擇權,2026/12,履約價43200,買權",TWTXO320DL62,2026/04/15,期貨及選擇權,,OCEICS,
"TXO43300E6　臺指選擇權,2026/05,履約價43300,買權",TWTXO330DE69,2026/04/22,期貨及選擇權,,OCEICS,
"TXO43300F6　臺指選擇權,2026/06,履約價43300,買權",TWTXO330DF68,2026/04/22,期貨及選擇權,,OCEICS,
"TXO43300G6　臺指選擇權,2026/07,履約價43300,買權",TWTXO330DG67,2026/04/22,期貨及選擇權,,OCEICS,
"TXO43400E6　臺指選擇權,2026/05,履約價43400,買權",TWTXO340DE67,2026/04/23,期貨及選擇權,,OCEICS,
"TXO43400F6　臺指選擇權,2026/06,履約價43400,買權",TWTXO340DF66,2026/04/23,期貨及選擇權,,OCEICS,
"TXO43400G6　臺指選擇權,2026/07,履約價43400,買權",TWTXO340DG65,2026/04/23,期貨及選擇權,,OCEICS,
"TXO43400I6　臺指選擇權,2026/09,履約價43400,買權",TWTXO340DI63,2026/04/15,期貨及選擇權,,OCEICS,
"TXO43400L6　臺指選擇權,2026/12,履約價43400,買權",TWTXO340DL68,2026/04/15,期貨及選擇權,,OCEICS,
"TXO43500E6　臺指選擇權,2026/05,履約價43500,買權",TWTXO350DE64,2026/04/23,期貨及選擇權,,OCEICS,
"TXO43500F6　臺指選擇權,2026/06,履約價43500,買權",TWTXO350DF63,2026/04/23,期貨及選擇權,,OCEICS,
"TXO43500G6　臺指選擇權,2026/07,履約價43500,買權",TWTXO350DG62,2026/04/23,期貨及選擇權,,OCEICS,
"TXO43600E6　臺指選擇權,2026/05,履約價43600,買權",TWTXO360DE62,2026/04/23,期貨及選擇權,,OCEICS,
"TXO43600F6　臺指選擇權,2026/06,履約價43600,買權",TWTXO360DF61,2026/04/23,期貨及選擇權,,OCEICS,
"TXO43600G6　臺指選擇權,2026/07,履約價43600,買權",TWTXO360DG60,2026/04/23,期貨及選擇權,,OCEICS,
"TXO43600I6　臺指選擇權,2026/09,履約價43600,買權",TWTXO360DI68,2026/04/15,期貨及選擇權,,OCEICS,
"TXO43600L6　臺指選擇權,2026/12,履約價43600,買權",TWTXO360DL63,2026/04/15,期貨及選擇權,,OCEICS,
"TXO43700E6　臺指選擇權,2026/05,履約價43700,買權",TWTXO370DE60,2026/04/27,期貨及選擇權,,OCEICS,
"TXO43700F6　臺指選擇權,2026/06,履約價43700,買權",TWTXO370DF69,2026/04/27,期貨及選擇權,,OCEICS,
"TXO43700G6　臺指選擇權,2026/07,履約價43700,買權",TWTXO370DG68,2026/04/27,期貨及選擇權,,OCEICS,
"TXO43800E6　臺指選擇權,2026/05,履約價43800,買權",TWTXO380DE68,2026/04/27,期貨及選擇權,,OCEICS,
"TXO43800F6　臺指選擇權,2026/06,履約價43800,買權",TWTXO380DF67,2026/04/27,期貨及選擇權,,OCEICS,
"TXO43800G6　臺指選擇權,2026/07,履約價43800,買權",TWTXO380DG66,2026/04/27,期貨及選擇權,,OCEICS,
"TXO43800I6　臺指選擇權,2026/09,履約價43800,買權",TWTXO380DI64,2026/04/16,期貨及選擇權,,OCEICS,
"TXO43800L6　臺指選擇權,2026/12,履約價43800,買權",TWTXO380DL69,2026/04/16,期貨及選擇權,,OCEICS,
"TXO43900E6　臺指選擇權,2026/05,履約價43900,買權",TWTXO390DE66,2026/04/27,期貨及選擇權,,OCEICS,
"TXO43900F6　臺指選擇權,2026/06,履約價43900,買權",TWTXO390DF65,2026/04/27,期貨及選擇權,,OCEICS,
"TXO43900G6　臺指選擇權,2026/07,履約價43900,買權",TWTXO390DG64,2026/04/27,期貨及選擇權,,OCEICS,
"TXO44000E6　臺指選擇權,2026/05,履約價44000,買權",TWTXO400DE64,2026/04/27,期貨及選擇權,,OCEICS,
"TXO44000F6　臺指選擇權,2026/06,履約價44000,買權",TWTXO400DF63,2026/04/27,期貨及選擇權,,OCEICS,
"TXO44000G6　臺指選擇權,2026/07,履約價44000,買權",TWTXO400DG62,2026/04/27,期貨及選擇權,,OCEICS,
"TXO44000I6　臺指選擇權,2026/09,履約價44000,買權",TWTXO400DI60,2026/04/16,期貨及選擇權,,OCEICS,
"TXO44000L6　臺指選擇權,2026/12,履約價44000,買權",TWTXO400DL65,2026/04/16,期貨及選擇權,,OCEICS,
"TXO44100E6　臺指選擇權,2026/05,履約價44100,買權",TWTXO410DE62,2026/04/27,期貨及選擇權,,OCEICS,
"TXO44100F6　臺指選擇權,2026/06,履約價44100,買權",TWTXO410DF61,2026/04/27,期貨及選擇權,,OCEICS,
"TXO44100G6　臺指選擇權,2026/07,履約價44100,買權",TWTXO410DG60,2026/04/27,期貨及選擇權,,OCEICS,
"TXO44200E6　臺指選擇權,2026/05,履約價44200,買權",TWTXO420DE60,2026/04/27,期貨及選擇權,,OCEICS,
"TXO44200F6　臺指選擇權,2026/06,履約價44200,買權",TWTXO420DF69,2026/04/27,期貨及選擇權,,OCEICS,
"TXO44200G6　臺指選擇權,2026/07,履約價44200,買權",TWTXO420DG68,2026/04/27,期貨及選擇權,,OCEICS,
"TXO44200I6　臺指選擇權,2026/09,履約價44200,買權",TWTXO420DI66,2026/04/16,期貨及選擇權,,OCEICS,
"TXO44200L6　臺指選擇權,2026/12,履約價44200,買權",TWTXO420DL61,2026/04/16,期貨及選擇權,,OCEICS,
"TXO44300E6　臺指選擇權,2026/05,履約價44300,買權",TWTXO430DE68,2026/04/27,期貨及選擇權,,OCEICS,
"TXO44300F6　臺指選擇權,2026/06,履約價44300,買權",TWTXO430DF67,2026/04/27,期貨及選擇權,,OCEICS,
"TXO44300G6　臺指選擇權,2026/07,履約價44300,買權",TWTXO430DG66,2026/04/27,期貨及選擇權,,OCEICS,
"TXO44400E6　臺指選擇權,2026/05,履約價44400,買權",TWTXO440DE66,2026/04/27,期貨及選擇權,,OCEICS,
"TXO44400F6　臺指選擇權,2026/06,履約價44400,買權",TWTXO440DF65,2026/04/27,期貨及選擇權,,OCEICS,
"TXO44400G6　臺指選擇權,2026/07,履約價44400,買權",TWTXO440DG64,2026/04/27,期貨及選擇權,,OCEICS,
"TXO44400I6　臺指選擇權,2026/09,履約價44400,買權",TWTXO440DI62,2026/04/17,期貨及選擇權,,OCEICS,
"TXO44400L6　臺指選擇權,2026/12,履約價44400,買權",TWTXO440DL67,2026/04/17,期貨及選擇權,,OCEICS,
"TXO44500E6　臺指選擇權,2026/05,履約價44500,買權",TWTXO450DE63,2026/04/27,期貨及選擇權,,OCEICS,
"TXO44500F6　臺指選擇權,2026/06,履約價44500,買權",TWTXO450DF62,2026/04/27,期貨及選擇權,,OCEICS,
"TXO44500G6　臺指選擇權,2026/07,履約價44500,買權",TWTXO450DG61,2026/04/27,期貨及選擇權,,OCEICS,
"TXO44600E6　臺指選擇權,2026/05,履約價44600,買權",TWTXO460DE61,2026/04/27,期貨及選擇權,,OCEICS,
"TXO44600F6　臺指選擇權,2026/06,履約價44600,買權",TWTXO460DF60,2026/04/27,期貨及選擇權,,OCEICS,
"TXO44600G6　臺指選擇權,2026/07,履約價44600,買權",TWTXO460DG69,2026/04/27,期貨及選擇權,,OCEICS,
"TXO44600I6　臺指選擇權,2026/09,履約價44600,買權",TWTXO460DI67,2026/04/17,期貨及選擇權,,OCEICS,
"TXO44600L6　臺指選擇權,2026/12,履約價44600,買權",TWTXO460DL62,2026/04/17,期貨及選擇權,,OCEICS,
"TXO44700E6　臺指選擇權,2026/05,履約價44700,買權",TWTXO470DE69,2026/04/27,期貨及選擇權,,OCEICS,
"TXO44700F6　臺指選擇權,2026/06,履約價44700,買權",TWTXO470DF68,2026/04/27,期貨及選擇權,,OCEICS,
"TXO44700G6　臺指選擇權,2026/07,履約價44700,買權",TWTXO470DG67,2026/04/27,期貨及選擇權,,OCEICS,
"TXO44800E6　臺指選擇權,2026/05,履約價44800,買權",TWTXO480DE67,2026/04/27,期貨及選擇權,,OCEICS,
"TXO44800F6　臺指選擇權,2026/06,履約價44800,買權",TWTXO480DF66,2026/04/27,期貨及選擇權,,OCEICS,
"TXO44800G6　臺指選擇權,2026/07,履約價44800,買權",TWTXO480DG65,2026/04/27,期貨及選擇權,,OCEICS,
"TXO44800I6　臺指選擇權,2026/09,履約價44800,買權",TWTXO480DI63,2026/04/22,期貨及選擇權,,OCEICS,
"TXO44800L6　臺指選擇權,2026/12,履約價44800,買權",TWTXO480DL68,2026/04/22,期貨及選擇權,,OCEICS,
"TXO44900E6　臺指選擇權,2026/05,履約價44900,買權",TWTXO490DE65,2026/04/28,期貨及選擇權,,OCEICS,
"TXO44900F6　臺指選擇權,2026/06,履約價44900,買權",TWTXO490DF64,2026/04/28,期貨及選擇權,,OCEICS,
"TXO44900G6　臺指選擇權,2026/07,履約價44900,買權",TWTXO490DG63,2026/04/28,期貨及選擇權,,OCEICS,
"TXO45000E6　臺指選擇權,2026/05,履約價45000,買權",TWTXO500DE63,2026/04/28,期貨及選擇權,,OCEICS,
"TXO45000F6　臺指選擇權,2026/06,履約價45000,買權",TWTXO500DF62,2026/04/28,期貨及選擇權,,OCEICS,
"TXO45000G6　臺指選擇權,2026/07,履約價45000,買權",TWTXO500DG61,2026/04/28,期貨及選擇權,,OCEICS,
"TXO45000I6　臺指選擇權,2026/09,履約價45000,買權",TWTXO500DI69,2026/04/22,期貨及選擇權,,OCEICS,
"TXO45000L6　臺指選擇權,2026/12,履約價45000,買權",TWTXO500DL64,2026/04/22,期貨及選擇權,,OCEICS,
"TXO45100E6　臺指選擇權,2026/05,履約價45100,買權",TWTXO510DE61,2026/04/28,期貨及選擇權,,OCEICS,
"TXO45100F6　臺指選擇權,2026/06,履約價45100,買權",TWTXO510DF60,2026/04/28,期貨及選擇權,,OCEICS,
"TXO45100G6　臺指選擇權,2026/07,履約價45100,買權",TWTXO510DG69,2026/04/28,期貨及選擇權,,OCEICS,
"TXO45200E6　臺指選擇權,2026/05,履約價45200,買權",TWTXO520DE69,2026/04/28,期貨及選擇權,,OCEICS,
"TXO45200F6　臺指選擇權,2026/06,履約價45200,買權",TWTXO520DF68,2026/04/28,期貨及選擇權,,OCEICS,
"TXO45200G6　臺指選擇權,2026/07,履約價45200,買權",TWTXO520DG67,2026/04/28,期貨及選擇權,,OCEICS,
"TXO45200I6　臺指選擇權,2026/09,履約價45200,買權",TWTXO520DI65,2026/04/22,期貨及選擇權,,OCEICS,
"TXO45200L6　臺指選擇權,2026/12,履約價45200,買權",TWTXO520DL60,2026/04/22,期貨及選擇權,,OCEICS,
"TXO45300E6　臺指選擇權,2026/05,履約價45300,買權",TWTXO530DE67,2026/04/28,期貨及選擇權,,OCEICS,
"TXO45300F6　臺指選擇權,2026/06,履約價45300,買權",TWTXO530DF66,2026/04/28,期貨及選擇權,,OCEICS,
"TXO45300G6　臺指選擇權,2026/07,履約價45300,買權",TWTXO530DG65,2026/04/28,期貨及選擇權,,OCEICS,
"TXO45400E6　臺指選擇權,2026/05,履約價45400,買權",TWTXO540DE65,2026/04/28,期貨及選擇權,,OCEICS,
"TXO45400F6　臺指選擇權,2026/06,履約價45400,買權",TWTXO540DF64,2026/04/28,期貨及選擇權,,OCEICS,
"TXO45400G6　臺指選擇權,2026/07,履約價45400,買權",TWTXO540DG63,2026/04/28,期貨及選擇權,,OCEICS,
"TXO45400I6　臺指選擇權,2026/09,履約價45400,買權",TWTXO540DI61,2026/04/23,期貨及選擇權,,OCEICS,
"TXO45400L6　臺指選擇權,2026/12,履約價45400,買權",TWTXO540DL66,2026/04/23,期貨及選擇權,,OCEICS,
"TXO45500E6　臺指選擇權,2026/05,履約價45500,買權",TWTXO550DE62,2026/04/28,期貨及選擇權,,OCEICS,
"TXO45500F6　臺指選擇權,2026/06,履約價45500,買權",TWTXO550DF61,2026/04/28,期貨及選擇權,,OCEICS,
"TXO45500G6　臺指選擇權,2026/07,履約價45500,買權",TWTXO550DG60,2026/04/28,期貨及選擇權,,OCEICS,
"TXO45600E6　臺指選擇權,2026/05,履約價45600,買權",TWTXO560DE60,2026/04/28,期貨及選擇權,,OCEICS,
"TXO45600F6　臺指選擇權,2026/06,履約價45600,買權",TWTXO560DF69,2026/04/28,期貨及選擇權,,OCEICS,
"TXO45600G6　臺指選擇權,2026/07,履約價45600,買權",TWTXO560DG68,2026/04/28,期貨及選擇權,,OCEICS,
"TXO45600I6　臺指選擇權,2026/09,履約價45600,買權",TWTXO560DI66,2026/04/23,期貨及選擇權,,OCEICS,
"TXO45600L6　臺指選擇權,2026/12,履約價45600,買權",TWTXO560DL61,2026/04/23,期貨及選擇權,,OCEICS,
"TXO45700E6　臺指選擇權,2026/05,履約價45700,買權",TWTXO570DE68,2026/05/05,期貨及選擇權,,OCEICS,
"TXO45700F6　臺指選擇權,2026/06,履約價45700,買權",TWTXO570DF67,2026/05/05,期貨及選擇權,,OCEICS,
"TXO45700G6　臺指選擇權,2026/07,履約價45700,買權",TWTXO570DG66,2026/05/05,期貨及選擇權,,OCEICS,
"TXO45800E6　臺指選擇權,2026/05,履約價45800,買權",TWTXO580DE66,2026/05/05,期貨及選擇權,,OCEICS,
"TXO45800F6　臺指選擇權,2026/06,履約價45800,買權",TWTXO580DF65,2026/05/05,期貨及選擇權,,OCEICS,
"TXO45800G6　臺指選擇權,2026/07,履約價45800,買權",TWTXO580DG64,2026/05/05,期貨及選擇權,,OCEICS,
"TXO45800I6　臺指選擇權,2026/09,履約價45800,買權",TWTXO580DI62,2026/04/27,期貨及選擇權,,OCEICS,
"TXO45800L6　臺指選擇權,2026/12,履約價45800,買權",TWTXO580DL67,2026/04/27,期貨及選擇權,,OCEICS,
"TXO45900E6　臺指選擇權,2026/05,履約價45900,買權",TWTXO590DE64,2026/05/05,期貨及選擇權,,OCEICS,
"TXO45900F6　臺指選擇權,2026/06,履約價45900,買權",TWTXO590DF63,2026/05/05,期貨及選擇權,,OCEICS,
"TXO45900G6　臺指選擇權,2026/07,履約價45900,買權",TWTXO590DG62,2026/05/05,期貨及選擇權,,OCEICS,
"TXO46000E6　臺指選擇權,2026/05,履約價46000,買權",TWTXO600DE62,2026/05/05,期貨及選擇權,,OCEICS,
"TXO46000F6　臺指選擇權,2026/06,履約價46000,買權",TWTXO600DF61,2026/05/05,期貨及選擇權,,OCEICS,
"TXO46000G6　臺指選擇權,2026/07,履約價46000,買權",TWTXO600DG60,2026/05/05,期貨及選擇權,,OCEICS,
"TXO46000I6　臺指選擇權,2026/09,履約價46000,買權",TWTXO600DI68,2026/04/27,期貨及選擇權,,OCEICS,
"TXO46000L6　臺指選擇權,2026/12,履約價46000,買權",TWTXO600DL63,2026/04/27,期貨及選擇權,,OCEICS,
"TXO46100E6　臺指選擇權,2026/05,履約價46100,買權",TWTXO610DE60,2026/05/05,期貨及選擇權,,OCEICS,
"TXO46100F6　臺指選擇權,2026/06,履約價46100,買權",TWTXO610DF69,2026/05/05,期貨及選擇權,,OCEICS,
"TXO46100G6　臺指選擇權,2026/07,履約價46100,買權",TWTXO610DG68,2026/05/05,期貨及選擇權,,OCEICS,
"TXO46200E6　臺指選擇權,2026/05,履約價46200,買權",TWTXO620DE68,2026/05/05,期貨及選擇權,,OCEICS,
"TXO46200F6　臺指選擇權,2026/06,履約價46200,買權",TWTXO620DF67,2026/05/05,期貨及選擇權,,OCEICS,
"TXO46200G6　臺指選擇權,2026/07,履約價46200,買權",TWTXO620DG66,2026/05/05,期貨及選擇權,,OCEICS,
"TXO46200I6　臺指選擇權,2026/09,履約價46200,買權",TWTXO620DI64,2026/04/27,期貨及選擇權,,OCEICS,
"TXO46200L6　臺指選擇權,2026/12,履約價46200,買權",TWTXO620DL69,2026/04/27,期貨及選擇權,,OCEICS,
"TXO46300E6　臺指選擇權,2026/05,履約價46300,買權",TWTXO630DE66,2026/05/05,期貨及選擇權,,OCEICS,
"TXO46300F6　臺指選擇權,2026/06,履約價46300,買權",TWTXO630DF65,2026/05/05,期貨及選擇權,,OCEICS,
"TXO46300G6　臺指選擇權,2026/07,履約價46300,買權",TWTXO630DG64,2026/05/05,期貨及選擇權,,OCEICS,
"TXO46400E6　臺指選擇權,2026/05,履約價46400,買權",TWTXO640DE64,2026/05/05,期貨及選擇權,,OCEICS,
"TXO46400F6　臺指選擇權,2026/06,履約價46400,買權",TWTXO640DF63,2026/05/05,期貨及選擇權,,OCEICS,
"TXO46400G6　臺指選擇權,2026/07,履約價46400,買權",TWTXO640DG62,2026/05/05,期貨及選擇權,,OCEICS,
"TXO46400I6　臺指選擇權,2026/09,履約價46400,買權",TWTXO640DI60,2026/04/27,期貨及選擇權,,OCEICS,
"TXO46400L6　臺指選擇權,2026/12,履約價46400,買權",TWTXO640DL65,2026/04/27,期貨及選擇權,,OCEICS,
"TXO46500E6　臺指選擇權,2026/05,履約價46500,買權",TWTXO650DE61,2026/05/05,期貨及選擇權,,OCEICS,
"TXO46500F6　臺指選擇權,2026/06,履約價46500,買權",TWTXO650DF60,2026/05/05,期貨及選擇權,,OCEICS,
"TXO46500G6　臺指選擇權,2026/07,履約價46500,買權",TWTXO650DG69,2026/05/05,期貨及選擇權,,OCEICS,
"TXO46600E6　臺指選擇權,2026/05,履約價46600,買權",TWTXO660DE69,2026/05/05,期貨及選擇權,,OCEICS,
"TXO46600F6　臺指選擇權,2026/06,履約價46600,買權",TWTXO660DF68,2026/05/05,期貨及選擇權,,OCEICS,
"TXO46600G6　臺指選擇權,2026/07,履約價46600,買權",TWTXO660DG67,2026/05/05,期貨及選擇權,,OCEICS,
"TXO46600I6　臺指選擇權,2026/09,履約價46600,買權",TWTXO660DI65,2026/04/27,期貨及選擇權,,OCEICS,
"TXO46600L6　臺指選擇權,2026/12,履約價46600,買權",TWTXO660DL60,2026/04/27,期貨及選擇權,,OCEICS,
"TXO46700E6　臺指選擇權,2026/05,履約價46700,買權",TWTXO670DE67,2026/05/05,期貨及選擇權,,OCEICS,
"TXO46700F6　臺指選擇權,2026/06,履約價46700,買權",TWTXO670DF66,2026/05/05,期貨及選擇權,,OCEICS,
"TXO46700G6　臺指選擇權,2026/07,履約價46700,買權",TWTXO670DG65,2026/05/05,期貨及選擇權,,OCEICS,
"TXO46800E6　臺指選擇權,2026/05,履約價46800,買權",TWTXO680DE65,2026/05/05,期貨及選擇權,,OCEICS,
"TXO46800F6　臺指選擇權,2026/06,履約價46800,買權",TWTXO680DF64,2026/05/05,期貨及選擇權,,OCEICS,
"TXO46800G6　臺指選擇權,2026/07,履約價46800,買權",TWTXO680DG63,2026/05/05,期貨及選擇權,,OCEICS,
"TXO46800I6　臺指選擇權,2026/09,履約價46800,買權",TWTXO680DI61,2026/04/27,期貨及選擇權,,OCEICS,
"TXO46800L6　臺指選擇權,2026/12,履約價46800,買權",TWTXO680DL66,2026/04/27,期貨及選擇權,,OCEICS,
"TXO46900E6　臺指選擇權,2026/05,履約價46900,買權",TWTXO690DE63,2026/05/05,期貨及選擇權,,OCEICS,
"TXO46900F6　臺指選擇權,2026/06,履約價46900,買權",TWTXO690DF62,2026/05/05,期貨及選擇權,,OCEICS,
"TXO46900G6　臺指選擇權,2026/07,履約價46900,買權",TWTXO690DG61,2026/05/05,期貨及選擇權,,OCEICS,
"TXO47000E6　臺指選擇權,2026/05,履約價47000,買權",TWTXO700DE61,2026/05/07,期貨及選擇權,,OCEICS,
"TXO47000F6　臺指選擇權,2026/06,履約價47000,買權",TWTXO700DF60,2026/05/07,期貨及選擇權,,OCEICS,
"TXO47000G6　臺指選擇權,2026/07,履約價47000,買權",TWTXO700DG69,2026/05/07,期貨及選擇權,,OCEICS,
"TXO47000I6　臺指選擇權,2026/09,履約價47000,買權",TWTXO700DI67,2026/04/28,期貨及選擇權,,OCEICS,
"TXO47000L6　臺指選擇權,2026/12,履約價47000,買權",TWTXO700DL62,2026/04/28,期貨及選擇權,,OCEICS,
"TXO47100E6　臺指選擇權,2026/05,履約價47100,買權",TWTXO710DE69,2026/05/07,期貨及選擇權,,OCEICS,
"TXO47100F6　臺指選擇權,2026/06,履約價47100,買權",TWTXO710DF68,2026/05/07,期貨及選擇權,,OCEICS,
"TXO47100G6　臺指選擇權,2026/07,履約價47100,買權",TWTXO710DG67,2026/05/07,期貨及選擇權,,OCEICS,
"TXO47200E6　臺指選擇權,2026/05,履約價47200,買權",TWTXO720DE67,2026/05/07,期貨及選擇權,,OCEICS,
"TXO47200F6　臺指選擇權,2026/06,履約價47200,買權",TWTXO720DF66,2026/05/07,期貨及選擇權,,OCEICS,
"TXO47200G6　臺指選擇權,2026/07,履約價47200,買權",TWTXO720DG65,2026/05/07,期貨及選擇權,,OCEICS,
"TXO47200I6　臺指選擇權,2026/09,履約價47200,買權",TWTXO720DI63,2026/04/28,期貨及選擇權,,OCEICS,
"TXO47200L6　臺指選擇權,2026/12,履約價47200,買權",TWTXO720DL68,2026/04/28,期貨及選擇權,,OCEICS,
"TXO47300E6　臺指選擇權,2026/05,履約價47300,買權",TWTXO730DE65,2026/05/07,期貨及選擇權,,OCEICS,
"TXO47300F6　臺指選擇權,2026/06,履約價47300,買權",TWTXO730DF64,2026/05/07,期貨及選擇權,,OCEICS,
"TXO47300G6　臺指選擇權,2026/07,履約價47300,買權",TWTXO730DG63,2026/05/07,期貨及選擇權,,OCEICS,
"TXO47400E6　臺指選擇權,2026/05,履約價47400,買權",TWTXO740DE63,2026/05/07,期貨及選擇權,,OCEICS,
"TXO47400F6　臺指選擇權,2026/06,履約價47400,買權",TWTXO740DF62,2026/05/07,期貨及選擇權,,OCEICS,
"TXO47400G6　臺指選擇權,2026/07,履約價47400,買權",TWTXO740DG61,2026/05/07,期貨及選擇權,,OCEICS,
"TXO47400I6　臺指選擇權,2026/09,履約價47400,買權",TWTXO740DI69,2026/04/28,期貨及選擇權,,OCEICS,
"TXO47400L6　臺指選擇權,2026/12,履約價47400,買權",TWTXO740DL64,2026/04/28,期貨及選擇權,,OCEICS,
"TXO47500E6　臺指選擇權,2026/05,履約價47500,買權",TWTXO750DE60,2026/05/08,期貨及選擇權,,OCEICS,
"TXO47500F6　臺指選擇權,2026/06,履約價47500,買權",TWTXO750DF69,2026/05/08,期貨及選擇權,,OCEICS,
"TXO47500G6　臺指選擇權,2026/07,履約價47500,買權",TWTXO750DG68,2026/05/08,期貨及選擇權,,OCEICS,
"TXO47600E6　臺指選擇權,2026/05,履約價47600,買權",TWTXO760DE68,2026/05/08,期貨及選擇權,,OCEICS,
"TXO47600F6　臺指選擇權,2026/06,履約價47600,買權",TWTXO760DF67,2026/05/08,期貨及選擇權,,OCEICS,
"TXO47600G6　臺指選擇權,2026/07,履約價47600,買權",TWTXO760DG66,2026/05/08,期貨及選擇權,,OCEICS,
"TXO47600I6　臺指選擇權,2026/09,履約價47600,買權",TWTXO760DI64,2026/04/28,期貨及選擇權,,OCEICS,
"TXO47600L6　臺指選擇權,2026/12,履約價47600,買權",TWTXO760DL69,2026/04/28,期貨及選擇權,,OCEICS,
"TXO47700E6　臺指選擇權,2026/05,履約價47700,買權",TWTXO770DE66,2026/05/08,期貨及選擇權,,OCEICS,
"TXO47700F6　臺指選擇權,2026/06,履約價47700,買權",TWTXO770DF65,2026/05/08,期貨及選擇權,,OCEICS,
"TXO47700G6　臺指選擇權,2026/07,履約價47700,買權",TWTXO770DG64,2026/05/08,期貨及選擇權,,OCEICS,
"TXO47800E6　臺指選擇權,2026/05,履約價47800,買權",TWTXO780DE64,2026/05/08,期貨及選擇權,,OCEICS,
"TXO47800F6　臺指選擇權,2026/06,履約價47800,買權",TWTXO780DF63,2026/05/08,期貨及選擇權,,OCEICS,
"TXO47800G6　臺指選擇權,2026/07,履約價47800,買權",TWTXO780DG62,2026/05/08,期貨及選擇權,,OCEICS,
"TXO47800I6　臺指選擇權,2026/09,履約價47800,買權",TWTXO780DI60,2026/05/05,期貨及選擇權,,OCEICS,
"TXO47800L6　臺指選擇權,2026/12,履約價47800,買權",TWTXO780DL65,2026/05/05,期貨及選擇權,,OCEICS,
"TXO47900E6　臺指選擇權,2026/05,履約價47900,買權",TWTXO790DE62,2026/05/08,期貨及選擇權,,OCEICS,
"TXO47900F6　臺指選擇權,2026/06,履約價47900,買權",TWTXO790DF61,2026/05/08,期貨及選擇權,,OCEICS,
"TXO47900G6　臺指選擇權,2026/07,履約價47900,買權",TWTXO790DG60,2026/05/08,期貨及選擇權,,OCEICS,
"TXO48000E6　臺指選擇權,2026/05,履約價48000,買權",TWTXO800DE60,2026/05/08,期貨及選擇權,,OCEICS,
"TXO48000F6　臺指選擇權,2026/06,履約價48000,買權",TWTXO800DF69,2026/05/08,期貨及選擇權,,OCEICS,
"TXO48000G6　臺指選擇權,2026/07,履約價48000,買權",TWTXO800DG68,2026/05/08,期貨及選擇權,,OCEICS,
"TXO48000I6　臺指選擇權,2026/09,履約價48000,買權",TWTXO800DI66,2026/05/05,期貨及選擇權,,OCEICS,
"TXO48000L6　臺指選擇權,2026/12,履約價48000,買權",TWTXO800DL61,2026/05/05,期貨及選擇權,,OCEICS,
"TXO48100E6　臺指選擇權,2026/05,履約價48100,買權",TWTXO810DE68,2026/05/08,期貨及選擇權,,OCEICS,
"TXO48100F6　臺指選擇權,2026/06,履約價48100,買權",TWTXO810DF67,2026/05/08,期貨及選擇權,,OCEICS,
"TXO48100G6　臺指選擇權,2026/07,履約價48100,買權",TWTXO810DG66,2026/05/08,期貨及選擇權,,OCEICS,
"TXO48200E6　臺指選擇權,2026/05,履約價48200,買權",TWTXO820DE66,2026/05/08,期貨及選擇權,,OCEICS,
"TXO48200F6　臺指選擇權,2026/06,履約價48200,買權",TWTXO820DF65,2026/05/08,期貨及選擇權,,OCEICS,
"TXO48200G6　臺指選擇權,2026/07,履約價48200,買權",TWTXO820DG64,2026/05/08,期貨及選擇權,,OCEICS,
"TXO48200I6　臺指選擇權,2026/09,履約價48200,買權",TWTXO820DI62,2026/05/05,期貨及選擇權,,OCEICS,
"TXO48200L6　臺指選擇權,2026/12,履約價48200,買權",TWTXO820DL67,2026/05/05,期貨及選擇權,,OCEICS,
"TXO48300E6　臺指選擇權,2026/05,履約價48300,買權",TWTXO830DE64,2026/05/08,期貨及選擇權,,OCEICS,
"TXO48300F6　臺指選擇權,2026/06,履約價48300,買權",TWTXO830DF63,2026/05/08,期貨及選擇權,,OCEICS,
"TXO48300G6　臺指選擇權,2026/07,履約價48300,買權",TWTXO830DG62,2026/05/08,期貨及選擇權,,OCEICS,
"TXO48400I6　臺指選擇權,2026/09,履約價48400,買權",TWTXO840DI68,2026/05/05,期貨及選擇權,,OCEICS,
"TXO48400L6　臺指選擇權,2026/12,履約價48400,買權",TWTXO840DL63,2026/05/05,期貨及選擇權,,OCEICS,
"TXO48600I6　臺指選擇權,2026/09,履約價48600,買權",TWTXO860DI63,2026/05/05,期貨及選擇權,,OCEICS,
"TXO48600L6　臺指選擇權,2026/12,履約價48600,買權",TWTXO860DL68,2026/05/05,期貨及選擇權,,OCEICS,
"TXO48800I6　臺指選擇權,2026/09,履約價48800,買權",TWTXO880DI69,2026/05/05,期貨及選擇權,,OCEICS,
"TXO48800L6　臺指選擇權,2026/12,履約價48800,買權",TWTXO880DL64,2026/05/05,期貨及選擇權,,OCEICS,
"TXO49000I6　臺指選擇權,2026/09,履約價49000,買權",TWTXO900DI65,2026/05/05,期貨及選擇權,,OCEICS,
"TXO49000L6　臺指選擇權,2026/12,履約價49000,買權",TWTXO900DL60,2026/05/05,期貨及選擇權,,OCEICS,
"TXO49200I6　臺指選擇權,2026/09,履約價49200,買權",TWTXO920DI61,2026/05/07,期貨及選擇權,,OCEICS,
"TXO49200L6　臺指選擇權,2026/12,履約價49200,買權",TWTXO920DL66,2026/05/07,期貨及選擇權,,OCEICS,
"TXO49400I6　臺指選擇權,2026/09,履約價49400,買權",TWTXO940DI67,2026/05/07,期貨及選擇權,,OCEICS,
"TXO49400L6　臺指選擇權,2026/12,履約價49400,買權",TWTXO940DL62,2026/05/07,期貨及選擇權,,OCEICS,
"TXO49600I6　臺指選擇權,2026/09,履約價49600,買權",TWTXO960DI62,2026/05/08,期貨及選擇權,,OCEICS,
"TXO49600L6　臺指選擇權,2026/12,履約價49600,買權",TWTXO960DL67,2026/05/08,期貨及選擇權,,OCEICS,
"TXO49800I6　臺指選擇權,2026/09,履約價49800,買權",TWTXO980DI68,2026/05/08,期貨及選擇權,,OCEICS,
"TXO49800L6　臺指選擇權,2026/12,履約價49800,買權",TWTXO980DL63,2026/05/08,期貨及選擇權,,OCEICS,
"TXO50000I6　臺指選擇權,2026/09,履約價50000,買權",TWTXO000EI63,2026/05/08,期貨及選擇權,,OCEICS,
"TXO50000L6　臺指選擇權,2026/12,履約價50000,買權",TWTXO000EL68,2026/05/08,期貨及選擇權,,OCEICS,
"TXO50200I6　臺指選擇權,2026/09,履約價50200,買權",TWTXO020EI69,2026/05/08,期貨及選擇權,,OCEICS,
"TXO50200L6　臺指選擇權,2026/12,履約價50200,買權",TWTXO020EL64,2026/05/08,期貨及選擇權,,OCEICS,
"TXO50400I6　臺指選擇權,2026/09,履約價50400,買權",TWTXO040EI65,2026/05/08,期貨及選擇權,,OCEICS,
"TXO50400L6　臺指選擇權,2026/12,履約價50400,買權",TWTXO040EL60,2026/05/08,期貨及選擇權,,OCEICS,
"TXX35000E6　臺指選擇權,2026/05,履約價35000,買權",TWTXX500CE65,2026/05/04,期貨及選擇權,,OCEICS,
"TXX35100E6　臺指選擇權,2026/05,履約價35100,買權",TWTXX510CE63,2026/05/04,期貨及選擇權,,OCEICS,
"TXX35200E6　臺指選擇權,2026/05,履約價35200,買權",TWTXX520CE61,2026/05/04,期貨及選擇權,,OCEICS,
"TXX35300E6　臺指選擇權,2026/05,履約價35300,買權",TWTXX530CE69,2026/05/04,期貨及選擇權,,OCEICS,
"TXX35400E6　臺指選擇權,2026/05,履約價35400,買權",TWTXX540CE67,2026/05/04,期貨及選擇權,,OCEICS,
"TXX35500E6　臺指選擇權,2026/05,履約價35500,買權",TWTXX550CE64,2026/05/04,期貨及選擇權,,OCEICS,
"TXX35600E6　臺指選擇權,2026/05,履約價35600,買權",TWTXX560CE62,2026/05/04,期貨及選擇權,,OCEICS,
"TXX35700E6　臺指選擇權,2026/05,履約價35700,買權",TWTXX570CE60,2026/05/04,期貨及選擇權,,OCEICS,
"TXX35800E6　臺指選擇權,2026/05,履約價35800,買權",TWTXX580CE68,2026/05/04,期貨及選擇權,,OCEICS,
"TXX35900E6　臺指選擇權,2026/05,履約價35900,買權",TWTXX590CE66,2026/05/04,期貨及選擇權,,OCEICS,
"TXX36000E6　臺指選擇權,2026/05,履約價36000,買權",TWTXX600CE64,2026/05/04,期貨及選擇權,,OCEICS,
"TXX36100E6　臺指選擇權,2026/05,履約價36100,買權",TWTXX610CE62,2026/05/04,期貨及選擇權,,OCEICS,
"TXX36200E6　臺指選擇權,2026/05,履約價36200,買權",TWTXX620CE60,2026/05/04,期貨及選擇權,,OCEICS,
"TXX36300E6　臺指選擇權,2026/05,履約價36300,買權",TWTXX630CE68,2026/05/04,期貨及選擇權,,OCEICS,
"TXX36400E6　臺指選擇權,2026/05,履約價36400,買權",TWTXX640CE66,2026/05/04,期貨及選擇權,,OCEICS,
"TXX36500E6　臺指選擇權,2026/05,履約價36500,買權",TWTXX650CE63,2026/05/04,期貨及選擇權,,OCEICS,
"TXX36600E6　臺指選擇權,2026/05,履約價36600,買權",TWTXX660CE61,2026/05/04,期貨及選擇權,,OCEICS,
"TXX36700E6　臺指選擇權,2026/05,履約價36700,買權",TWTXX670CE69,2026/05/04,期貨及選擇權,,OCEICS,
"TXX36800E6　臺指選擇權,2026/05,履約價36800,買權",TWTXX680CE67,2026/05/04,期貨及選擇權,,OCEICS,
"TXX36900E6　臺指選擇權,2026/05,履約價36900,買權",TWTXX690CE65,2026/05/04,期貨及選擇權,,OCEICS,
"TXX37000E6　臺指選擇權,2026/05,履約價37000,買權",TWTXX700CE63,2026/05/04,期貨及選擇權,,OCEICS,
"TXX37100E6　臺指選擇權,2026/05,履約價37100,買權",TWTXX710CE61,2026/05/04,期貨及選擇權,,OCEICS,
"TXX37200E6　臺指選擇權,2026/05,履約價37200,買權",TWTXX720CE69,2026/05/04,期貨及選擇權,,OCEICS,
"TXX37300E6　臺指選擇權,2026/05,履約價37300,買權",TWTXX730CE67,2026/05/04,期貨及選擇權,,OCEICS,
"TXX37400E6　臺指選擇權,2026/05,履約價37400,買權",TWTXX740CE65,2026/05/04,期貨及選擇權,,OCEICS,
"TXX37500E6　臺指選擇權,2026/05,履約價37500,買權",TWTXX750CE62,2026/05/04,期貨及選擇權,,OCEICS,
"TXX37600E6　臺指選擇權,2026/05,履約價37600,買權",TWTXX760CE60,2026/05/04,期貨及選擇權,,OCEICS,
"TXX37700E6　臺指選擇權,2026/05,履約價37700,買權",TWTXX770CE68,2026/05/04,期貨及選擇權,,OCEICS,
"TXX37800E6　臺指選擇權,2026/05,履約價37800,買權",TWTXX780CE66,2026/05/04,期貨及選擇權,,OCEICS,
"TXX37850E6　臺指選擇權,2026/05,履約價37850,買權",TWTXX785CE61,2026/05/04,期貨及選擇權,,OCEICS,
"TXX37900E6　臺指選擇權,2026/05,履約價37900,買權",TWTXX790CE64,2026/05/04,期貨及選擇權,,OCEICS,
"TXX37950E6　臺指選擇權,2026/05,履約價37950,買權",TWTXX795CE69,2026/05/04,期貨及選擇權,,OCEICS,
"TXX38000E6　臺指選擇權,2026/05,履約價38000,買權",TWTXX800CE62,2026/05/04,期貨及選擇權,,OCEICS,
"TXX38050E6　臺指選擇權,2026/05,履約價38050,買權",TWTXX805CE67,2026/05/04,期貨及選擇權,,OCEICS,
"TXX38100E6　臺指選擇權,2026/05,履約價38100,買權",TWTXX810CE60,2026/05/04,期貨及選擇權,,OCEICS,
"TXX38150E6　臺指選擇權,2026/05,履約價38150,買權",TWTXX815CE65,2026/05/04,期貨及選擇權,,OCEICS,
"TXX38200E6　臺指選擇權,2026/05,履約價38200,買權",TWTXX820CE68,2026/05/04,期貨及選擇權,,OCEICS,
"TXX38250E6　臺指選擇權,2026/05,履約價38250,買權",TWTXX825CE63,2026/05/04,期貨及選擇權,,OCEICS,
"TXX38300E6　臺指選擇權,2026/05,履約價38300,買權",TWTXX830CE66,2026/05/04,期貨及選擇權,,OCEICS,
"TXX38350E6　臺指選擇權,2026/05,履約價38350,買權",TWTXX835CE61,2026/05/04,期貨及選擇權,,OCEICS,
"TXX38400E6　臺指選擇權,2026/05,履約價38400,買權",TWTXX840CE64,2026/05/04,期貨及選擇權,,OCEICS,
"TXX38450E6　臺指選擇權,2026/05,履約價38450,買權",TWTXX845CE69,2026/05/04,期貨及選擇權,,OCEICS,
"TXX38500E6　臺指選擇權,2026/05,履約價38500,買權",TWTXX850CE61,2026/05/04,期貨及選擇權,,OCEICS,
"TXX38550E6　臺指選擇權,2026/05,履約價38550,買權",TWTXX855CE66,2026/05/04,期貨及選擇權,,OCEICS,
"TXX38600E6　臺指選擇權,2026/05,履約價38600,買權",TWTXX860CE69,2026/05/04,期貨及選擇權,,OCEICS,
"TXX38650E6　臺指選擇權,2026/05,履約價38650,買權",TWTXX865CE64,2026/05/04,期貨及選擇權,,OCEICS,
"TXX38700E6　臺指選擇權,2026/05,履約價38700,買權",TWTXX870CE67,2026/05/04,期貨及選擇權,,OCEICS,
"TXX38750E6　臺指選擇權,2026/05,履約價38750,買權",TWTXX875CE62,2026/05/04,期貨及選擇權,,OCEICS,
"TXX38800E6　臺指選擇權,2026/05,履約價38800,買權",TWTXX880CE65,2026/05/04,期貨及選擇權,,OCEICS,
"TXX38850E6　臺指選擇權,2026/05,履約價38850,買權",TWTXX885CE60,2026/05/04,期貨及選擇權,,OCEICS,
"TXX38900E6　臺指選擇權,2026/05,履約價38900,買權",TWTXX890CE63,2026/05/04,期貨及選擇權,,OCEICS,
"TXX38950E6　臺指選擇權,2026/05,履約價38950,買權",TWTXX895CE68,2026/05/04,期貨及選擇權,,OCEICS,
"TXX39000E6　臺指選擇權,2026/05,履約價39000,買權",TWTXX900CE61,2026/05/04,期貨及選擇權,,OCEICS,
"TXX39050E6　臺指選擇權,2026/05,履約價39050,買權",TWTXX905CE66,2026/05/04,期貨及選擇權,,OCEICS,
"TXX39100E6　臺指選擇權,2026/05,履約價39100,買權",TWTXX910CE69,2026/05/04,期貨及選擇權,,OCEICS,
"TXX39150E6　臺指選擇權,2026/05,履約價39150,買權",TWTXX915CE64,2026/05/04,期貨及選擇權,,OCEICS,
"TXX39200E6　臺指選擇權,2026/05,履約價39200,買權",TWTXX920CE67,2026/05/04,期貨及選擇權,,OCEICS,
"TXX39250E6　臺指選擇權,2026/05,履約價39250,買權",TWTXX925CE62,2026/05/04,期貨及選擇權,,OCEICS,
"TXX39300E6　臺指選擇權,2026/05,履約價39300,買權",TWTXX930CE65,2026/05/04,期貨及選擇權,,OCEICS,
"TXX39350E6　臺指選擇權,2026/05,履約價39350,買權",TWTXX935CE60,2026/05/04,期貨及選擇權,,OCEICS,
"TXX39400E6　臺指選擇權,2026/05,履約價39400,買權",TWTXX940CE63,2026/05/04,期貨及選擇權,,OCEICS,
"TXX39450E6　臺指選擇權,2026/05,履約價39450,買權",TWTXX945CE68,2026/05/04,期貨及選擇權,,OCEICS,
"TXX39500E6　臺指選擇權,2026/05,履約價39500,買權",TWTXX950CE60,2026/05/04,期貨及選擇權,,OCEICS,
"TXX39550E6　臺指選擇權,2026/05,履約價39550,買權",TWTXX955CE65,2026/05/04,期貨及選擇權,,OCEICS,
"TXX39600E6　臺指選擇權,2026/05,履約價39600,買權",TWTXX960CE68,2026/05/04,期貨及選擇權,,OCEICS,
"TXX39650E6　臺指選擇權,2026/05,履約價39650,買權",TWTXX965CE63,2026/05/04,期貨及選擇權,,OCEICS,
"TXX39700E6　臺指選擇權,2026/05,履約價39700,買權",TWTXX970CE66,2026/05/04,期貨及選擇權,,OCEICS,
"TXX39750E6　臺指選擇權,2026/05,履約價39750,買權",TWTXX975CE61,2026/05/04,期貨及選擇權,,OCEICS,
"TXX39800E6　臺指選擇權,2026/05,履約價39800,買權",TWTXX980CE64,2026/05/04,期貨及選擇權,,OCEICS,
"TXX39850E6　臺指選擇權,2026/05,履約價39850,買權",TWTXX985CE69,2026/05/04,期貨及選擇權,,OCEICS,
"TXX39900E6　臺指選擇權,2026/05,履約價39900,買權",TWTXX990CE62,2026/05/04,期貨及選擇權,,OCEICS,
"TXX39950E6　臺指選擇權,2026/05,履約價39950,買權",TWTXX995CE67,2026/05/04,期貨及選擇權,,OCEICS,
"TXX40000E6　臺指選擇權,2026/05,履約價40000,買權",TWTXX000DE69,2026/05/04,期貨及選擇權,,OCEICS,
"TXX40050E6　臺指選擇權,2026/05,履約價40050,買權",TWTXX005DE64,2026/05/04,期貨及選擇權,,OCEICS,
"TXX40100E6　臺指選擇權,2026/05,履約價40100,買權",TWTXX010DE67,2026/05/04,期貨及選擇權,,OCEICS,
"TXX40150E6　臺指選擇權,2026/05,履約價40150,買權",TWTXX015DE62,2026/05/05,期貨及選擇權,,OCEICS,
"TXX40200E6　臺指選擇權,2026/05,履約價40200,買權",TWTXX020DE65,2026/05/04,期貨及選擇權,,OCEICS,
"TXX40250E6　臺指選擇權,2026/05,履約價40250,買權",TWTXX025DE60,2026/05/05,期貨及選擇權,,OCEICS,
"TXX40300E6　臺指選擇權,2026/05,履約價40300,買權",TWTXX030DE63,2026/05/04,期貨及選擇權,,OCEICS,
"TXX40350E6　臺指選擇權,2026/05,履約價40350,買權",TWTXX035DE68,2026/05/05,期貨及選擇權,,OCEICS,
"TXX40400E6　臺指選擇權,2026/05,履約價40400,買權",TWTXX040DE61,2026/05/04,期貨及選擇權,,OCEICS,
"TXX40450E6　臺指選擇權,2026/05,履約價40450,買權",TWTXX045DE66,2026/05/05,期貨及選擇權,,OCEICS,
"TXX40500E6　臺指選擇權,2026/05,履約價40500,買權",TWTXX050DE68,2026/05/04,期貨及選擇權,,OCEICS,
"TXX40550E6　臺指選擇權,2026/05,履約價40550,買權",TWTXX055DE63,2026/05/05,期貨及選擇權,,OCEICS,
"TXX40600E6　臺指選擇權,2026/05,履約價40600,買權",TWTXX060DE66,2026/05/04,期貨及選擇權,,OCEICS,
"TXX40650E6　臺指選擇權,2026/05,履約價40650,買權",TWTXX065DE61,2026/05/05,期貨及選擇權,,OCEICS,
"TXX40700E6　臺指選擇權,2026/05,履約價40700,買權",TWTXX070DE64,2026/05/04,期貨及選擇權,,OCEICS,
"TXX40750E6　臺指選擇權,2026/05,履約價40750,買權",TWTXX075DE69,2026/05/05,期貨及選擇權,,OCEICS,
"TXX40800E6　臺指選擇權,2026/05,履約價40800,買權",TWTXX080DE62,2026/05/04,期貨及選擇權,,OCEICS,
"TXX40850E6　臺指選擇權,2026/05,履約價40850,買權",TWTXX085DE67,2026/05/05,期貨及選擇權,,OCEICS,
"TXX40900E6　臺指選擇權,2026/05,履約價40900,買權",TWTXX090DE60,2026/05/04,期貨及選擇權,,OCEICS,
"TXX40950E6　臺指選擇權,2026/05,履約價40950,買權",TWTXX095DE65,2026/05/05,期貨及選擇權,,OCEICS,
"TXX41000E6　臺指選擇權,2026/05,履約價41000,買權",TWTXX100DE68,2026/05/04,期貨及選擇權,,OCEICS,
"TXX41050E6　臺指選擇權,2026/05,履約價41050,買權",TWTXX105DE63,2026/05/05,期貨及選擇權,,OCEICS,
"TXX41100E6　臺指選擇權,2026/05,履約價41100,買權",TWTXX110DE66,2026/05/04,期貨及選擇權,,OCEICS,
"TXX41150E6　臺指選擇權,2026/05,履約價41150,買權",TWTXX115DE61,2026/05/05,期貨及選擇權,,OCEICS,
"TXX41200E6　臺指選擇權,2026/05,履約價41200,買權",TWTXX120DE64,2026/05/04,期貨及選擇權,,OCEICS,
"TXX41250E6　臺指選擇權,2026/05,履約價41250,買權",TWTXX125DE69,2026/05/05,期貨及選擇權,,OCEICS,
"TXX41300E6　臺指選擇權,2026/05,履約價41300,買權",TWTXX130DE62,2026/05/04,期貨及選擇權,,OCEICS,
"TXX41350E6　臺指選擇權,2026/05,履約價41350,買權",TWTXX135DE67,2026/05/05,期貨及選擇權,,OCEICS,
"TXX41400E6　臺指選擇權,2026/05,履約價41400,買權",TWTXX140DE60,2026/05/04,期貨及選擇權,,OCEICS,
"TXX41450E6　臺指選擇權,2026/05,履約價41450,買權",TWTXX145DE65,2026/05/05,期貨及選擇權,,OCEICS,
"TXX41500E6　臺指選擇權,2026/05,履約價41500,買權",TWTXX150DE67,2026/05/04,期貨及選擇權,,OCEICS,
"TXX41550E6　臺指選擇權,2026/05,履約價41550,買權",TWTXX155DE62,2026/05/05,期貨及選擇權,,OCEICS,
"TXX41600E6　臺指選擇權,2026/05,履約價41600,買權",TWTXX160DE65,2026/05/04,期貨及選擇權,,OCEICS,
"TXX41650E6　臺指選擇權,2026/05,履約價41650,買權",TWTXX165DE60,2026/05/05,期貨及選擇權,,OCEICS,
"TXX41700E6　臺指選擇權,2026/05,履約價41700,買權",TWTXX170DE63,2026/05/04,期貨及選擇權,,OCEICS,
"TXX41750E6　臺指選擇權,2026/05,履約價41750,買權",TWTXX175DE68,2026/05/05,期貨及選擇權,,OCEICS,
"TXX41800E6　臺指選擇權,2026/05,履約價41800,買權",TWTXX180DE61,2026/05/04,期貨及選擇權,,OCEICS,
"TXX41850E6　臺指選擇權,2026/05,履約價41850,買權",TWTXX185DE66,2026/05/05,期貨及選擇權,,OCEICS,
"TXX41900E6　臺指選擇權,2026/05,履約價41900,買權",TWTXX190DE69,2026/05/04,期貨及選擇權,,OCEICS,
"TXX41950E6　臺指選擇權,2026/05,履約價41950,買權",TWTXX195DE64,2026/05/06,期貨及選擇權,,OCEICS,
"TXX42000E6　臺指選擇權,2026/05,履約價42000,買權",TWTXX200DE67,2026/05/04,期貨及選擇權,,OCEICS,
"TXX42050E6　臺指選擇權,2026/05,履約價42050,買權",TWTXX205DE62,2026/05/07,期貨及選擇權,,OCEICS,
"TXX42100E6　臺指選擇權,2026/05,履約價42100,買權",TWTXX210DE65,2026/05/04,期貨及選擇權,,OCEICS,
"TXX42150E6　臺指選擇權,2026/05,履約價42150,買權",TWTXX215DE60,2026/05/07,期貨及選擇權,,OCEICS,
"TXX42200E6　臺指選擇權,2026/05,履約價42200,買權",TWTXX220DE63,2026/05/04,期貨及選擇權,,OCEICS,
"TXX42250E6　臺指選擇權,2026/05,履約價42250,買權",TWTXX225DE68,2026/05/07,期貨及選擇權,,OCEICS,
"TXX42300E6　臺指選擇權,2026/05,履約價42300,買權",TWTXX230DE61,2026/05/04,期貨及選擇權,,OCEICS,
"TXX42350E6　臺指選擇權,2026/05,履約價42350,買權",TWTXX235DE66,2026/05/07,期貨及選擇權,,OCEICS,
"TXX42400E6　臺指選擇權,2026/05,履約價42400,買權",TWTXX240DE69,2026/05/04,期貨及選擇權,,OCEICS,
"TXX42450E6　臺指選擇權,2026/05,履約價42450,買權",TWTXX245DE64,2026/05/08,期貨及選擇權,,OCEICS,
"TXX42500E6　臺指選擇權,2026/05,履約價42500,買權",TWTXX250DE66,2026/05/04,期貨及選擇權,,OCEICS,
"TXX42550E6　臺指選擇權,2026/05,履約價42550,買權",TWTXX255DE61,2026/05/08,期貨及選擇權,,OCEICS,
"TXX42600E6　臺指選擇權,2026/05,履約價42600,買權",TWTXX260DE64,2026/05/04,期貨及選擇權,,OCEICS,
"TXX42650E6　臺指選擇權,2026/05,履約價42650,買權",TWTXX265DE69,2026/05/08,期貨及選擇權,,OCEICS,
"TXX42700E6　臺指選擇權,2026/05,履約價42700,買權",TWTXX270DE62,2026/05/04,期貨及選擇權,,OCEICS,
"TXX42750E6　臺指選擇權,2026/05,履約價42750,買權",TWTXX275DE67,2026/05/08,期貨及選擇權,,OCEICS,
"TXX42800E6　臺指選擇權,2026/05,履約價42800,買權",TWTXX280DE60,2026/05/04,期貨及選擇權,,OCEICS,
"TXX42850E6　臺指選擇權,2026/05,履約價42850,買權",TWTXX285DE65,2026/05/08,期貨及選擇權,,OCEICS,
"TXX42900E6　臺指選擇權,2026/05,履約價42900,買權",TWTXX290DE68,2026/05/04,期貨及選擇權,,OCEICS,
"TXX42950E6　臺指選擇權,2026/05,履約價42950,買權",TWTXX295DE63,2026/05/08,期貨及選擇權,,OCEICS,
"TXX43000E6　臺指選擇權,2026/05,履約價43000,買權",TWTXX300DE66,2026/05/05,期貨及選擇權,,OCEICS,
"TXX43050E6　臺指選擇權,2026/05,履約價43050,買權",TWTXX305DE61,2026/05/08,期貨及選擇權,,OCEICS,
"TXX43100E6　臺指選擇權,2026/05,履約價43100,買權",TWTXX310DE64,2026/05/05,期貨及選擇權,,OCEICS,
"TXX43150E6　臺指選擇權,2026/05,履約價43150,買權",TWTXX315DE69,2026/05/08,期貨及選擇權,,OCEICS,
"TXX43200E6　臺指選擇權,2026/05,履約價43200,買權",TWTXX320DE62,2026/05/05,期貨及選擇權,,OCEICS,
"TXX43300E6　臺指選擇權,2026/05,履約價43300,買權",TWTXX330DE60,2026/05/05,期貨及選擇權,,OCEICS,
"TXX43400E6　臺指選擇權,2026/05,履約價43400,買權",TWTXX340DE68,2026/05/05,期貨及選擇權,,OCEICS,
"TXX43500E6　臺指選擇權,2026/05,履約價43500,買權",TWTXX350DE65,2026/05/05,期貨及選擇權,,OCEICS,
"TXX43600E6　臺指選擇權,2026/05,履約價43600,買權",TWTXX360DE63,2026/05/05,期貨及選擇權,,OCEICS,
"TXX43700E6　臺指選擇權,2026/05,履約價43700,買權",TWTXX370DE61,2026/05/05,期貨及選擇權,,OCEICS,
"TXX43800E6　臺指選擇權,2026/05,履約價43800,買權",TWTXX380DE69,2026/05/05,期貨及選擇權,,OCEICS,
"TXX43900E6　臺指選擇權,2026/05,履約價43900,買權",TWTXX390DE67,2026/05/05,期貨及選擇權,,OCEICS,
"TXX44000E6　臺指選擇權,2026/05,履約價44000,買權",TWTXX400DE65,2026/05/05,期貨及選擇權,,OCEICS,
"TXX44100E6　臺指選擇權,2026/05,履約價44100,買權",TWTXX410DE63,2026/05/05,期貨及選擇權,,OCEICS,
"TXX44200E6　臺指選擇權,2026/05,履約價44200,買權",TWTXX420DE61,2026/05/05,期貨及選擇權,,OCEICS,
"TXX44300E6　臺指選擇權,2026/05,履約價44300,買權",TWTXX430DE69,2026/05/05,期貨及選擇權,,OCEICS,
"TXX44400E6　臺指選擇權,2026/05,履約價44400,買權",TWTXX440DE67,2026/05/05,期貨及選擇權,,OCEICS,
"TXX44500E6　臺指選擇權,2026/05,履約價44500,買權",TWTXX450DE64,2026/05/05,期貨及選擇權,,OCEICS,
"TXX44600E6　臺指選擇權,2026/05,履約價44600,買權",TWTXX460DE62,2026/05/05,期貨及選擇權,,OCEICS,
"TXX44700E6　臺指選擇權,2026/05,履約價44700,買權",TWTXX470DE60,2026/05/05,期貨及選擇權,,OCEICS,
"TXX44800E6　臺指選擇權,2026/05,履約價44800,買權",TWTXX480DE68,2026/05/05,期貨及選擇權,,OCEICS,
"TXX44900E6　臺指選擇權,2026/05,履約價44900,買權",TWTXX490DE66,2026/05/06,期貨及選擇權,,OCEICS,
"TXX45000E6　臺指選擇權,2026/05,履約價45000,買權",TWTXX500DE64,2026/05/07,期貨及選擇權,,OCEICS,
"TXX45100E6　臺指選擇權,2026/05,履約價45100,買權",TWTXX510DE62,2026/05/07,期貨及選擇權,,OCEICS,
"TXX45200E6　臺指選擇權,2026/05,履約價45200,買權",TWTXX520DE60,2026/05/07,期貨及選擇權,,OCEICS,
"TXX45300E6　臺指選擇權,2026/05,履約價45300,買權",TWTXX530DE68,2026/05/07,期貨及選擇權,,OCEICS,
"TXX45400E6　臺指選擇權,2026/05,履約價45400,買權",TWTXX540DE66,2026/05/08,期貨及選擇權,,OCEICS,
"TXX45500E6　臺指選擇權,2026/05,履約價45500,買權",TWTXX550DE63,2026/05/08,期貨及選擇權,,OCEICS,
"TXX45600E6　臺指選擇權,2026/05,履約價45600,買權",TWTXX560DE61,2026/05/08,期貨及選擇權,,OCEICS,
"TXX45700E6　臺指選擇權,2026/05,履約價45700,買權",TWTXX570DE69,2026/05/08,期貨及選擇權,,OCEICS,
"TXX45800E6　臺指選擇權,2026/05,履約價45800,買權",TWTXX580DE67,2026/05/08,期貨及選擇權,,OCEICS,
"TXX45900E6　臺指選擇權,2026/05,履約價45900,買權",TWTXX590DE65,2026/05/08,期貨及選擇權,,OCEICS,
"TXX46000E6　臺指選擇權,2026/05,履約價46000,買權",TWTXX600DE63,2026/05/08,期貨及選擇權,,OCEICS,
"TXX46100E6　臺指選擇權,2026/05,履約價46100,買權",TWTXX610DE61,2026/05/08,期貨及選擇權,,OCEICS,
"TXX46200E6　臺指選擇權,2026/05,履約價46200,買權",TWTXX620DE69,2026/05/08,期貨及選擇權,,OCEICS,
"TXY37700E6　臺指選擇權,2026/05,履約價37700,買權",TWTXY770CE66,2026/05/08,期貨及選擇權,,OCEICS,
"TXY37800E6　臺指選擇權,2026/05,履約價37800,買權",TWTXY780CE64,2026/05/08,期貨及選擇權,,OCEICS,
"TXY37900E6　臺指選擇權,2026/05,履約價37900,買權",TWTXY790CE62,2026/05/08,期貨及選擇權,,OCEICS,
"TXY38000E6　臺指選擇權,2026/05,履約價38000,買權",TWTXY800CE60,2026/05/08,期貨及選擇權,,OCEICS,
"TXY38100E6　臺指選擇權,2026/05,履約價38100,買權",TWTXY810CE68,2026/05/08,期貨及選擇權,,OCEICS,
"TXY38200E6　臺指選擇權,2026/05,履約價38200,買權",TWTXY820CE66,2026/05/08,期貨及選擇權,,OCEICS,
"TXY38300E6　臺指選擇權,2026/05,履約價38300,買權",TWTXY830CE64,2026/05/08,期貨及選擇權,,OCEICS,
"TXY38400E6　臺指選擇權,2026/05,履約價38400,買權",TWTXY840CE62,2026/05/08,期貨及選擇權,,OCEICS,
"TXY38500E6　臺指選擇權,2026/05,履約價38500,買權",TWTXY850CE69,2026/05/08,期貨及選擇權,,OCEICS,
"TXY38600E6　臺指選擇權,2026/05,履約價38600,買權",TWTXY860CE67,2026/05/08,期貨及選擇權,,OCEICS,
"TXY38700E6　臺指選擇權,2026/05,履約價38700,買權",TWTXY870CE65,2026/05/08,期貨及選擇權,,OCEICS,
"TXY38800E6　臺指選擇權,2026/05,履約價38800,買權",TWTXY880CE63,2026/05/08,期貨及選擇權,,OCEICS,
"TXY38900E6　臺指選擇權,2026/05,履約價38900,買權",TWTXY890CE61,2026/05/08,期貨及選擇權,,OCEICS,
"TXY39000E6　臺指選擇權,2026/05,履約價39000,買權",TWTXY900CE69,2026/05/08,期貨及選擇權,,OCEICS,
"TXY39100E6　臺指選擇權,2026/05,履約價39100,買權",TWTXY910CE67,2026/05/08,期貨及選擇權,,OCEICS,
"TXY39200E6　臺指選擇權,2026/05,履約價39200,買權",TWTXY920CE65,2026/05/08,期貨及選擇權,,OCEICS,
"TXY39300E6　臺指選擇權,2026/05,履約價39300,買權",TWTXY930CE63,2026/05/08,期貨及選擇權,,OCEICS,
"TXY39400E6　臺指選擇權,2026/05,履約價39400,買權",TWTXY940CE61,2026/05/08,期貨及選擇權,,OCEICS,
"TXY39500E6　臺指選擇權,2026/05,履約價39500,買權",TWTXY950CE68,2026/05/08,期貨及選擇權,,OCEICS,
"TXY39600E6　臺指選擇權,2026/05,履約價39600,買權",TWTXY960CE66,2026/05/08,期貨及選擇權,,OCEICS,
"TXY39700E6　臺指選擇權,2026/05,履約價39700,買權",TWTXY970CE64,2026/05/08,期貨及選擇權,,OCEICS,
"TXY39800E6　臺指選擇權,2026/05,履約價39800,買權",TWTXY980CE62,2026/05/08,期貨及選擇權,,OCEICS,
"TXY39900E6　臺指選擇權,2026/05,履約價39900,買權",TWTXY990CE60,2026/05/08,期貨及選擇權,,OCEICS,
"TXY40000E6　臺指選擇權,2026/05,履約價40000,買權",TWTXY000DE67,2026/05/08,期貨及選擇權,,OCEICS,
"TXY40100E6　臺指選擇權,2026/05,履約價40100,買權",TWTXY010DE65,2026/05/08,期貨及選擇權,,OCEICS,
"TXY40200E6　臺指選擇權,2026/05,履約價40200,買權",TWTXY020DE63,2026/05/08,期貨及選擇權,,OCEICS,
"TXY40300E6　臺指選擇權,2026/05,履約價40300,買權",TWTXY030DE61,2026/05/08,期貨及選擇權,,OCEICS,
"TXY40400E6　臺指選擇權,2026/05,履約價40400,買權",TWTXY040DE69,2026/05/08,期貨及選擇權,,OCEICS,
"TXY40500E6　臺指選擇權,2026/05,履約價40500,買權",TWTXY050DE66,2026/05/08,期貨及選擇權,,OCEICS,
"TXY40600E6　臺指選擇權,2026/05,履約價40600,買權",TWTXY060DE64,2026/05/08,期貨及選擇權,,OCEICS,
"TXY40700E6　臺指選擇權,2026/05,履約價40700,買權",TWTXY070DE62,2026/05/08,期貨及選擇權,,OCEICS,
"TXY40750E6　臺指選擇權,2026/05,履約價40750,買權",TWTXY075DE67,2026/05/08,期貨及選擇權,,OCEICS,
"TXY40800E6　臺指選擇權,2026/05,履約價40800,買權",TWTXY080DE60,2026/05/08,期貨及選擇權,,OCEICS,
"TXY40850E6　臺指選擇權,2026/05,履約價40850,買權",TWTXY085DE65,2026/05/08,期貨及選擇權,,OCEICS,
"TXY40900E6　臺指選擇權,2026/05,履約價40900,買權",TWTXY090DE68,2026/05/08,期貨及選擇權,,OCEICS,
"TXY40950E6　臺指選擇權,2026/05,履約價40950,買權",TWTXY095DE63,2026/05/08,期貨及選擇權,,OCEICS,
"TXY41000E6　臺指選擇權,2026/05,履約價41000,買權",TWTXY100DE66,2026/05/08,期貨及選擇權,,OCEICS,
"TXY41050E6　臺指選擇權,2026/05,履約價41050,買權",TWTXY105DE61,2026/05/08,期貨及選擇權,,OCEICS,
"TXY41100E6　臺指選擇權,2026/05,履約價41100,買權",TWTXY110DE64,2026/05/08,期貨及選擇權,,OCEICS,
"TXY41150E6　臺指選擇權,2026/05,履約價41150,買權",TWTXY115DE69,2026/05/08,期貨及選擇權,,OCEICS,
"TXY41200E6　臺指選擇權,2026/05,履約價41200,買權",TWTXY120DE62,2026/05/08,期貨及選擇權,,OCEICS,
"TXY41250E6　臺指選擇權,2026/05,履約價41250,買權",TWTXY125DE67,2026/05/08,期貨及選擇權,,OCEICS,
"TXY41300E6　臺指選擇權,2026/05,履約價41300,買權",TWTXY130DE60,2026/05/08,期貨及選擇權,,OCEICS,
"TXY41350E6　臺指選擇權,2026/05,履約價41350,買權",TWTXY135DE65,2026/05/08,期貨及選擇權,,OCEICS,
"TXY41400E6　臺指選擇權,2026/05,履約價41400,買權",TWTXY140DE68,2026/05/08,期貨及選擇權,,OCEICS,
"TXY41450E6　臺指選擇權,2026/05,履約價41450,買權",TWTXY145DE63,2026/05/08,期貨及選擇權,,OCEICS,
"TXY41500E6　臺指選擇權,2026/05,履約價41500,買權",TWTXY150DE65,2026/05/08,期貨及選擇權,,OCEICS,
"TXY41550E6　臺指選擇權,2026/05,履約價41550,買權",TWTXY155DE60,2026/05/08,期貨及選擇權,,OCEICS,
"TXY41600E6　臺指選擇權,2026/05,履約價41600,買權",TWTXY160DE63,2026/05/08,期貨及選擇權,,OCEICS,
"TXY41650E6　臺指選擇權,2026/05,履約價41650,買權",TWTXY165DE68,2026/05/08,期貨及選擇權,,OCEICS,
"TXY41700E6　臺指選擇權,2026/05,履約價41700,買權",TWTXY170DE61,2026/05/08,期貨及選擇權,,OCEICS,
"TXY41750E6　臺指選擇權,2026/05,履約價41750,買權",TWTXY175DE66,2026/05/08,期貨及選擇權,,OCEICS,
"TXY41800E6　臺指選擇權,2026/05,履約價41800,買權",TWTXY180DE69,2026/05/08,期貨及選擇權,,OCEICS,
"TXY41850E6　臺指選擇權,2026/05,履約價41850,買權",TWTXY185DE64,2026/05/08,期貨及選擇權,,OCEICS,
"TXY41900E6　臺指選擇權,2026/05,履約價41900,買權",TWTXY190DE67,2026/05/08,期貨及選擇權,,OCEICS,
"TXY41950E6　臺指選擇權,2026/05,履約價41950,買權",TWTXY195DE62,2026/05/08,期貨及選擇權,,OCEICS,
"TXY42000E6　臺指選擇權,2026/05,履約價42000,買權",TWTXY200DE65,2026/05/08,期貨及選擇權,,OCEICS,
"TXY42050E6　臺指選擇權,2026/05,履約價42050,買權",TWTXY205DE60,2026/05/08,期貨及選擇權,,OCEICS,
"TXY42100E6　臺指選擇權,2026/05,履約價42100,買權",TWTXY210DE63,2026/05/08,期貨及選擇權,,OCEICS,
"TXY42150E6　臺指選擇權,2026/05,履約價42150,買權",TWTXY215DE68,2026/05/08,期貨及選擇權,,OCEICS,
"TXY42200E6　臺指選擇權,2026/05,履約價42200,買權",TWTXY220DE61,2026/05/08,期貨及選擇權,,OCEICS,
"TXY42250E6　臺指選擇權,2026/05,履約價42250,買權",TWTXY225DE66,2026/05/08,期貨及選擇權,,OCEICS,
"TXY42300E6　臺指選擇權,2026/05,履約價42300,買權",TWTXY230DE69,2026/05/08,期貨及選擇權,,OCEICS,
"TXY42350E6　臺指選擇權,2026/05,履約價42350,買權",TWTXY235DE64,2026/05/08,期貨及選擇權,,OCEICS,
"TXY42400E6　臺指選擇權,2026/05,履約價42400,買權",TWTXY240DE67,2026/05/08,期貨及選擇權,,OCEICS,
"TXY42450E6　臺指選擇權,2026/05,履約價42450,買權",TWTXY245DE62,2026/05/08,期貨及選擇權,,OCEICS,
"TXY42500E6　臺指選擇權,2026/05,履約價42500,買權",TWTXY250DE64,2026/05/08,期貨及選擇權,,OCEICS,
"TXY42550E6　臺指選擇權,2026/05,履約價42550,買權",TWTXY255DE69,2026/05/08,期貨及選擇權,,OCEICS,
"TXY42600E6　臺指選擇權,2026/05,履約價42600,買權",TWTXY260DE62,2026/05/08,期貨及選擇權,,OCEICS,
"TXY42650E6　臺指選擇權,2026/05,履約價42650,買權",TWTXY265DE67,2026/05/08,期貨及選擇權,,OCEICS,
"TXY42700E6　臺指選擇權,2026/05,履約價42700,買權",TWTXY270DE60,2026/05/08,期貨及選擇權,,OCEICS,
"TXY42750E6　臺指選擇權,2026/05,履約價42750,買權",TWTXY275DE65,2026/05/08,期貨及選擇權,,OCEICS,
"TXY42800E6　臺指選擇權,2026/05,履約價42800,買權",TWTXY280DE68,2026/05/08,期貨及選擇權,,OCEICS,
"TXY42850E6　臺指選擇權,2026/05,履約價42850,買權",TWTXY285DE63,2026/05/08,期貨及選擇權,,OCEICS,
"TXY42900E6　臺指選擇權,2026/05,履約價42900,買權",TWTXY290DE66,2026/05/08,期貨及選擇權,,OCEICS,
"TXY42950E6　臺指選擇權,2026/05,履約價42950,買權",TWTXY295DE61,2026/05/08,期貨及選擇權,,OCEICS,
"TXY43000E6　臺指選擇權,2026/05,履約價43000,買權",TWTXY300DE64,2026/05/08,期貨及選擇權,,OCEICS,
"TXY43050E6　臺指選擇權,2026/05,履約價43050,買權",TWTXY305DE69,2026/05/08,期貨及選擇權,,OCEICS,
"TXY43100E6　臺指選擇權,2026/05,履約價43100,買權",TWTXY310DE62,2026/05/08,期貨及選擇權,,OCEICS,
"TXY43150E6　臺指選擇權,2026/05,履約價43150,買權",TWTXY315DE67,2026/05/08,期貨及選擇權,,OCEICS,
"TXY43200E6　臺指選擇權,2026/05,履約價43200,買權",TWTXY320DE60,2026/05/08,期貨及選擇權,,OCEICS,
"TXY43300E6　臺指選擇權,2026/05,履約價43300,買權",TWTXY330DE68,2026/05/08,期貨及選擇權,,OCEICS,
"TXY43400E6　臺指選擇權,2026/05,履約價43400,買權",TWTXY340DE66,2026/05/08,期貨及選擇權,,OCEICS,
"TXY43500E6　臺指選擇權,2026/05,履約價43500,買權",TWTXY350DE63,2026/05/08,期貨及選擇權,,OCEICS,
"TXY43600E6　臺指選擇權,2026/05,履約價43600,買權",TWTXY360DE61,2026/05/08,期貨及選擇權,,OCEICS,
"TXY43700E6　臺指選擇權,2026/05,履約價43700,買權",TWTXY370DE69,2026/05/08,期貨及選擇權,,OCEICS,
"TXY43800E6　臺指選擇權,2026/05,履約價43800,買權",TWTXY380DE67,2026/05/08,期貨及選擇權,,OCEICS,
"TXY43900E6　臺指選擇權,2026/05,履約價43900,買權",TWTXY390DE65,2026/05/08,期貨及選擇權,,OCEICS,
"TXY44000E6　臺指選擇權,2026/05,履約價44000,買權",TWTXY400DE63,2026/05/08,期貨及選擇權,,OCEICS,
"TXY44100E6　臺指選擇權,2026/05,履約價44100,買權",TWTXY410DE61,2026/05/08,期貨及選擇權,,OCEICS,
"TXY44200E6　臺指選擇權,2026/05,履約價44200,買權",TWTXY420DE69,2026/05/08,期貨及選擇權,,OCEICS,
"TXY44300E6　臺指選擇權,2026/05,履約價44300,買權",TWTXY430DE67,2026/05/08,期貨及選擇權,,OCEICS,
"TXY44400E6　臺指選擇權,2026/05,履約價44400,買權",TWTXY440DE65,2026/05/08,期貨及選擇權,,OCEICS,
"TXY44500E6　臺指選擇權,2026/05,履約價44500,買權",TWTXY450DE62,2026/05/08,期貨及選擇權,,OCEICS,
"TXY44600E6　臺指選擇權,2026/05,履約價44600,買權",TWTXY460DE60,2026/05/08,期貨及選擇權,,OCEICS,
"TXY44700E6　臺指選擇權,2026/05,履約價44700,買權",TWTXY470DE68,2026/05/08,期貨及選擇權,,OCEICS,
"TXY44800E6　臺指選擇權,2026/05,履約價44800,買權",TWTXY480DE66,2026/05/08,期貨及選擇權,,OCEICS,
"TXY44900E6　臺指選擇權,2026/05,履約價44900,買權",TWTXY490DE64,2026/05/08,期貨及選擇權,,OCEICS,
"TXY45000E6　臺指選擇權,2026/05,履約價45000,買權",TWTXY500DE62,2026/05/08,期貨及選擇權,,OCEICS,
"TXY45100E6　臺指選擇權,2026/05,履約價45100,買權",TWTXY510DE60,2026/05/08,期貨及選擇權,,OCEICS,
"TXY45200E6　臺指選擇權,2026/05,履約價45200,買權",TWTXY520DE68,2026/05/08,期貨及選擇權,,OCEICS,
"TXY45300E6　臺指選擇權,2026/05,履約價45300,買權",TWTXY530DE66,2026/05/08,期貨及選擇權,,OCEICS,
"TXY45400E6　臺指選擇權,2026/05,履約價45400,買權",TWTXY540DE64,2026/05/08,期貨及選擇權,,OCEICS,
"TXY45500E6　臺指選擇權,2026/05,履約價45500,買權",TWTXY550DE61,2026/05/08,期貨及選擇權,,OCEICS,
"TXY45600E6　臺指選擇權,2026/05,履約價45600,買權",TWTXY560DE69,2026/05/08,期貨及選擇權,,OCEICS,
"TXY45700E6　臺指選擇權,2026/05,履約價45700,買權",TWTXY570DE67,2026/05/08,期貨及選擇權,,OCEICS,
"TXY45800E6　臺指選擇權,2026/05,履約價45800,買權",TWTXY580DE65,2026/05/08,期貨及選擇權,,OCEICS,
"TXY45900E6　臺指選擇權,2026/05,履約價45900,買權",TWTXY590DE63,2026/05/08,期貨及選擇權,,OCEICS,
"TXY46000E6　臺指選擇權,2026/05,履約價46000,買權",TWTXY600DE61,2026/05/08,期貨及選擇權,,OCEICS,
"TXY46100E6　臺指選擇權,2026/05,履約價46100,買權",TWTXY610DE69,2026/05/08,期貨及選擇權,,OCEICS,
"TXY46200E6　臺指選擇權,2026/05,履約價46200,買權",TWTXY620DE67,2026/05/08,期貨及選擇權,,OCEICS,
臺指選擇權賣權
"TX235000Q6　臺指選擇權,2026/05,履約價35000,賣權",TWTX2500CQ61,2026/05/04,期貨及選擇權,,OPEICS,
"TX235100Q6　臺指選擇權,2026/05,履約價35100,賣權",TWTX2510CQ69,2026/05/04,期貨及選擇權,,OPEICS,
"TX235200Q6　臺指選擇權,2026/05,履約價35200,賣權",TWTX2520CQ67,2026/05/04,期貨及選擇權,,OPEICS,
"TX235300Q6　臺指選擇權,2026/05,履約價35300,賣權",TWTX2530CQ65,2026/04/30,期貨及選擇權,,OPEICS,
"TX235400Q6　臺指選擇權,2026/05,履約價35400,賣權",TWTX2540CQ63,2026/04/30,期貨及選擇權,,OPEICS,
"TX235500Q6　臺指選擇權,2026/05,履約價35500,賣權",TWTX2550CQ60,2026/04/29,期貨及選擇權,,OPEICS,
"TX235600Q6　臺指選擇權,2026/05,履約價35600,賣權",TWTX2560CQ68,2026/04/29,期貨及選擇權,,OPEICS,
"TX235700Q6　臺指選擇權,2026/05,履約價35700,賣權",TWTX2570CQ66,2026/04/29,期貨及選擇權,,OPEICS,
"TX235800Q6　臺指選擇權,2026/05,履約價35800,賣權",TWTX2580CQ64,2026/04/29,期貨及選擇權,,OPEICS,
"TX235900Q6　臺指選擇權,2026/05,履約價35900,賣權",TWTX2590CQ62,2026/04/29,期貨及選擇權,,OPEICS,
"TX236000Q6　臺指選擇權,2026/05,履約價36000,賣權",TWTX2600CQ60,2026/04/29,期貨及選擇權,,OPEICS,
"TX236100Q6　臺指選擇權,2026/05,履約價36100,賣權",TWTX2610CQ68,2026/04/29,期貨及選擇權,,OPEICS,
"TX236200Q6　臺指選擇權,2026/05,履約價36200,賣權",TWTX2620CQ66,2026/04/29,期貨及選擇權,,OPEICS,
"TX236300Q6　臺指選擇權,2026/05,履約價36300,賣權",TWTX2630CQ64,2026/04/29,期貨及選擇權,,OPEICS,
"TX236400Q6　臺指選擇權,2026/05,履約價36400,賣權",TWTX2640CQ62,2026/04/29,期貨及選擇權,,OPEICS,
"TX236500Q6　臺指選擇權,2026/05,履約價36500,賣權",TWTX2650CQ69,2026/04/29,期貨及選擇權,,OPEICS,
"TX236600Q6　臺指選擇權,2026/05,履約價36600,賣權",TWTX2660CQ67,2026/04/29,期貨及選擇權,,OPEICS,
"TX236700Q6　臺指選擇權,2026/05,履約價36700,賣權",TWTX2670CQ65,2026/04/29,期貨及選擇權,,OPEICS,
"TX236800Q6　臺指選擇權,2026/05,履約價36800,賣權",TWTX2680CQ63,2026/04/29,期貨及選擇權,,OPEICS,
"TX236900Q6　臺指選擇權,2026/05,履約價36900,賣權",TWTX2690CQ61,2026/04/29,期貨及選擇權,,OPEICS,
"TX237000Q6　臺指選擇權,2026/05,履約價37000,賣權",TWTX2700CQ69,2026/04/29,期貨及選擇權,,OPEICS,
"TX237100Q6　臺指選擇權,2026/05,履約價37100,賣權",TWTX2710CQ67,2026/04/29,期貨及選擇權,,OPEICS,
"TX237200Q6　臺指選擇權,2026/05,履約價37200,賣權",TWTX2720CQ65,2026/04/29,期貨及選擇權,,OPEICS,
"TX237300Q6　臺指選擇權,2026/05,履約價37300,賣權",TWTX2730CQ63,2026/04/29,期貨及選擇權,,OPEICS,
"TX237400Q6　臺指選擇權,2026/05,履約價37400,賣權",TWTX2740CQ61,2026/04/29,期貨及選擇權,,OPEICS,
"TX237500Q6　臺指選擇權,2026/05,履約價37500,賣權",TWTX2750CQ68,2026/04/29,期貨及選擇權,,OPEICS,
"TX237600Q6　臺指選擇權,2026/05,履約價37600,賣權",TWTX2760CQ66,2026/04/29,期貨及選擇權,,OPEICS,
"TX237700Q6　臺指選擇權,2026/05,履約價37700,賣權",TWTX2770CQ64,2026/04/29,期貨及選擇權,,OPEICS,
"TX237800Q6　臺指選擇權,2026/05,履約價37800,賣權",TWTX2780CQ62,2026/04/29,期貨及選擇權,,OPEICS,
"TX237850Q6　臺指選擇權,2026/05,履約價37850,賣權",TWTX2785CQ67,2026/05/04,期貨及選擇權,,OPEICS,
"TX237900Q6　臺指選擇權,2026/05,履約價37900,賣權",TWTX2790CQ60,2026/04/29,期貨及選擇權,,OPEICS,
"TX237950Q6　臺指選擇權,2026/05,履約價37950,賣權",TWTX2795CQ65,2026/05/04,期貨及選擇權,,OPEICS,
"TX238000Q6　臺指選擇權,2026/05,履約價38000,賣權",TWTX2800CQ68,2026/04/29,期貨及選擇權,,OPEICS,
"TX238050Q6　臺指選擇權,2026/05,履約價38050,賣權",TWTX2805CQ63,2026/05/04,期貨及選擇權,,OPEICS,
"TX238100Q6　臺指選擇權,2026/05,履約價38100,賣權",TWTX2810CQ66,2026/04/29,期貨及選擇權,,OPEICS,
"TX238150Q6　臺指選擇權,2026/05,履約價38150,賣權",TWTX2815CQ61,2026/04/30,期貨及選擇權,,OPEICS,
"TX238200Q6　臺指選擇權,2026/05,履約價38200,賣權",TWTX2820CQ64,2026/04/29,期貨及選擇權,,OPEICS,
"TX238250Q6　臺指選擇權,2026/05,履約價38250,賣權",TWTX2825CQ69,2026/04/30,期貨及選擇權,,OPEICS,
"TX238300Q6　臺指選擇權,2026/05,履約價38300,賣權",TWTX2830CQ62,2026/04/29,期貨及選擇權,,OPEICS,
"TX238350Q6　臺指選擇權,2026/05,履約價38350,賣權",TWTX2835CQ67,2026/04/29,期貨及選擇權,,OPEICS,
"TX238400Q6　臺指選擇權,2026/05,履約價38400,賣權",TWTX2840CQ60,2026/04/29,期貨及選擇權,,OPEICS,
"TX238450Q6　臺指選擇權,2026/05,履約價38450,賣權",TWTX2845CQ65,2026/04/29,期貨及選擇權,,OPEICS,
"TX238500Q6　臺指選擇權,2026/05,履約價38500,賣權",TWTX2850CQ67,2026/04/29,期貨及選擇權,,OPEICS,
"TX238550Q6　臺指選擇權,2026/05,履約價38550,賣權",TWTX2855CQ62,2026/04/29,期貨及選擇權,,OPEICS,
"TX238600Q6　臺指選擇權,2026/05,履約價38600,賣權",TWTX2860CQ65,2026/04/29,期貨及選擇權,,OPEICS,
"TX238650Q6　臺指選擇權,2026/05,履約價38650,賣權",TWTX2865CQ60,2026/04/29,期貨及選擇權,,OPEICS,
"TX238700Q6　臺指選擇權,2026/05,履約價38700,賣權",TWTX2870CQ63,2026/04/29,期貨及選擇權,,OPEICS,
"TX238750Q6　臺指選擇權,2026/05,履約價38750,賣權",TWTX2875CQ68,2026/04/29,期貨及選擇權,,OPEICS,
"TX238800Q6　臺指選擇權,2026/05,履約價38800,賣權",TWTX2880CQ61,2026/04/29,期貨及選擇權,,OPEICS,
"TX238850Q6　臺指選擇權,2026/05,履約價38850,賣權",TWTX2885CQ66,2026/04/29,期貨及選擇權,,OPEICS,
"TX238900Q6　臺指選擇權,2026/05,履約價38900,賣權",TWTX2890CQ69,2026/04/29,期貨及選擇權,,OPEICS,
"TX238950Q6　臺指選擇權,2026/05,履約價38950,賣權",TWTX2895CQ64,2026/04/29,期貨及選擇權,,OPEICS,
"TX239000Q6　臺指選擇權,2026/05,履約價39000,賣權",TWTX2900CQ67,2026/04/29,期貨及選擇權,,OPEICS,
"TX239050Q6　臺指選擇權,2026/05,履約價39050,賣權",TWTX2905CQ62,2026/04/29,期貨及選擇權,,OPEICS,
"TX239100Q6　臺指選擇權,2026/05,履約價39100,賣權",TWTX2910CQ65,2026/04/29,期貨及選擇權,,OPEICS,
"TX239150Q6　臺指選擇權,2026/05,履約價39150,賣權",TWTX2915CQ60,2026/04/29,期貨及選擇權,,OPEICS,
"TX239200Q6　臺指選擇權,2026/05,履約價39200,賣權",TWTX2920CQ63,2026/04/29,期貨及選擇權,,OPEICS,
"TX239250Q6　臺指選擇權,2026/05,履約價39250,賣權",TWTX2925CQ68,2026/04/29,期貨及選擇權,,OPEICS,
"TX239300Q6　臺指選擇權,2026/05,履約價39300,賣權",TWTX2930CQ61,2026/04/29,期貨及選擇權,,OPEICS,
"TX239350Q6　臺指選擇權,2026/05,履約價39350,賣權",TWTX2935CQ66,2026/04/29,期貨及選擇權,,OPEICS,
"TX239400Q6　臺指選擇權,2026/05,履約價39400,賣權",TWTX2940CQ69,2026/04/29,期貨及選擇權,,OPEICS,
"TX239450Q6　臺指選擇權,2026/05,履約價39450,賣權",TWTX2945CQ64,2026/04/29,期貨及選擇權,,OPEICS,
"TX239500Q6　臺指選擇權,2026/05,履約價39500,賣權",TWTX2950CQ66,2026/04/29,期貨及選擇權,,OPEICS,
"TX239550Q6　臺指選擇權,2026/05,履約價39550,賣權",TWTX2955CQ61,2026/04/29,期貨及選擇權,,OPEICS,
"TX239600Q6　臺指選擇權,2026/05,履約價39600,賣權",TWTX2960CQ64,2026/04/29,期貨及選擇權,,OPEICS,
"TX239650Q6　臺指選擇權,2026/05,履約價39650,賣權",TWTX2965CQ69,2026/04/29,期貨及選擇權,,OPEICS,
"TX239700Q6　臺指選擇權,2026/05,履約價39700,賣權",TWTX2970CQ62,2026/04/29,期貨及選擇權,,OPEICS,
"TX239750Q6　臺指選擇權,2026/05,履約價39750,賣權",TWTX2975CQ67,2026/04/29,期貨及選擇權,,OPEICS,
"TX239800Q6　臺指選擇權,2026/05,履約價39800,賣權",TWTX2980CQ60,2026/04/29,期貨及選擇權,,OPEICS,
"TX239850Q6　臺指選擇權,2026/05,履約價39850,賣權",TWTX2985CQ65,2026/04/29,期貨及選擇權,,OPEICS,
"TX239900Q6　臺指選擇權,2026/05,履約價39900,賣權",TWTX2990CQ68,2026/04/29,期貨及選擇權,,OPEICS,
"TX239950Q6　臺指選擇權,2026/05,履約價39950,賣權",TWTX2995CQ63,2026/04/29,期貨及選擇權,,OPEICS,
"TX240000Q6　臺指選擇權,2026/05,履約價40000,賣權",TWTX2000DQ65,2026/04/29,期貨及選擇權,,OPEICS,
"TX240050Q6　臺指選擇權,2026/05,履約價40050,賣權",TWTX2005DQ60,2026/04/29,期貨及選擇權,,OPEICS,
"TX240100Q6　臺指選擇權,2026/05,履約價40100,賣權",TWTX2010DQ63,2026/04/29,期貨及選擇權,,OPEICS,
"TX240150Q6　臺指選擇權,2026/05,履約價40150,賣權",TWTX2015DQ68,2026/04/29,期貨及選擇權,,OPEICS,
"TX240200Q6　臺指選擇權,2026/05,履約價40200,賣權",TWTX2020DQ61,2026/04/29,期貨及選擇權,,OPEICS,
"TX240250Q6　臺指選擇權,2026/05,履約價40250,賣權",TWTX2025DQ66,2026/04/29,期貨及選擇權,,OPEICS,
"TX240300Q6　臺指選擇權,2026/05,履約價40300,賣權",TWTX2030DQ69,2026/04/29,期貨及選擇權,,OPEICS,
"TX240350Q6　臺指選擇權,2026/05,履約價40350,賣權",TWTX2035DQ64,2026/04/29,期貨及選擇權,,OPEICS,
"TX240400Q6　臺指選擇權,2026/05,履約價40400,賣權",TWTX2040DQ67,2026/04/29,期貨及選擇權,,OPEICS,
"TX240450Q6　臺指選擇權,2026/05,履約價40450,賣權",TWTX2045DQ62,2026/04/29,期貨及選擇權,,OPEICS,
"TX240500Q6　臺指選擇權,2026/05,履約價40500,賣權",TWTX2050DQ64,2026/04/29,期貨及選擇權,,OPEICS,
"TX240550Q6　臺指選擇權,2026/05,履約價40550,賣權",TWTX2055DQ69,2026/04/29,期貨及選擇權,,OPEICS,
"TX240600Q6　臺指選擇權,2026/05,履約價40600,賣權",TWTX2060DQ62,2026/04/29,期貨及選擇權,,OPEICS,
"TX240650Q6　臺指選擇權,2026/05,履約價40650,賣權",TWTX2065DQ67,2026/04/29,期貨及選擇權,,OPEICS,
"TX240700Q6　臺指選擇權,2026/05,履約價40700,賣權",TWTX2070DQ60,2026/04/29,期貨及選擇權,,OPEICS,
"TX240750Q6　臺指選擇權,2026/05,履約價40750,賣權",TWTX2075DQ65,2026/05/05,期貨及選擇權,,OPEICS,
"TX240800Q6　臺指選擇權,2026/05,履約價40800,賣權",TWTX2080DQ68,2026/04/29,期貨及選擇權,,OPEICS,
"TX240850Q6　臺指選擇權,2026/05,履約價40850,賣權",TWTX2085DQ63,2026/05/05,期貨及選擇權,,OPEICS,
"TX240900Q6　臺指選擇權,2026/05,履約價40900,賣權",TWTX2090DQ66,2026/04/29,期貨及選擇權,,OPEICS,
"TX240950Q6　臺指選擇權,2026/05,履約價40950,賣權",TWTX2095DQ61,2026/05/05,期貨及選擇權,,OPEICS,
"TX241000Q6　臺指選擇權,2026/05,履約價41000,賣權",TWTX2100DQ64,2026/04/29,期貨及選擇權,,OPEICS,
"TX241050Q6　臺指選擇權,2026/05,履約價41050,賣權",TWTX2105DQ69,2026/05/05,期貨及選擇權,,OPEICS,
"TX241100Q6　臺指選擇權,2026/05,履約價41100,賣權",TWTX2110DQ62,2026/04/29,期貨及選擇權,,OPEICS,
"TX241150Q6　臺指選擇權,2026/05,履約價41150,賣權",TWTX2115DQ67,2026/05/05,期貨及選擇權,,OPEICS,
"TX241200Q6　臺指選擇權,2026/05,履約價41200,賣權",TWTX2120DQ60,2026/04/29,期貨及選擇權,,OPEICS,
"TX241250Q6　臺指選擇權,2026/05,履約價41250,賣權",TWTX2125DQ65,2026/05/05,期貨及選擇權,,OPEICS,
"TX241300Q6　臺指選擇權,2026/05,履約價41300,賣權",TWTX2130DQ68,2026/04/29,期貨及選擇權,,OPEICS,
"TX241350Q6　臺指選擇權,2026/05,履約價41350,賣權",TWTX2135DQ63,2026/05/05,期貨及選擇權,,OPEICS,
"TX241400Q6　臺指選擇權,2026/05,履約價41400,賣權",TWTX2140DQ66,2026/04/29,期貨及選擇權,,OPEICS,
"TX241450Q6　臺指選擇權,2026/05,履約價41450,賣權",TWTX2145DQ61,2026/05/05,期貨及選擇權,,OPEICS,
"TX241500Q6　臺指選擇權,2026/05,履約價41500,賣權",TWTX2150DQ63,2026/04/29,期貨及選擇權,,OPEICS,
"TX241550Q6　臺指選擇權,2026/05,履約價41550,賣權",TWTX2155DQ68,2026/05/05,期貨及選擇權,,OPEICS,
"TX241600Q6　臺指選擇權,2026/05,履約價41600,賣權",TWTX2160DQ61,2026/04/29,期貨及選擇權,,OPEICS,
"TX241650Q6　臺指選擇權,2026/05,履約價41650,賣權",TWTX2165DQ66,2026/05/05,期貨及選擇權,,OPEICS,
"TX241700Q6　臺指選擇權,2026/05,履約價41700,賣權",TWTX2170DQ69,2026/04/29,期貨及選擇權,,OPEICS,
"TX241750Q6　臺指選擇權,2026/05,履約價41750,賣權",TWTX2175DQ64,2026/05/05,期貨及選擇權,,OPEICS,
"TX241800Q6　臺指選擇權,2026/05,履約價41800,賣權",TWTX2180DQ67,2026/04/29,期貨及選擇權,,OPEICS,
"TX241850Q6　臺指選擇權,2026/05,履約價41850,賣權",TWTX2185DQ62,2026/05/05,期貨及選擇權,,OPEICS,
"TX241900Q6　臺指選擇權,2026/05,履約價41900,賣權",TWTX2190DQ65,2026/04/29,期貨及選擇權,,OPEICS,
"TX241950Q6　臺指選擇權,2026/05,履約價41950,賣權",TWTX2195DQ60,2026/05/06,期貨及選擇權,,OPEICS,
"TX242000Q6　臺指選擇權,2026/05,履約價42000,賣權",TWTX2200DQ63,2026/04/29,期貨及選擇權,,OPEICS,
"TX242050Q6　臺指選擇權,2026/05,履約價42050,賣權",TWTX2205DQ68,2026/05/07,期貨及選擇權,,OPEICS,
"TX242100Q6　臺指選擇權,2026/05,履約價42100,賣權",TWTX2210DQ61,2026/04/29,期貨及選擇權,,OPEICS,
"TX242150Q6　臺指選擇權,2026/05,履約價42150,賣權",TWTX2215DQ66,2026/05/07,期貨及選擇權,,OPEICS,
"TX242200Q6　臺指選擇權,2026/05,履約價42200,賣權",TWTX2220DQ69,2026/04/29,期貨及選擇權,,OPEICS,
"TX242250Q6　臺指選擇權,2026/05,履約價42250,賣權",TWTX2225DQ64,2026/05/07,期貨及選擇權,,OPEICS,
"TX242300Q6　臺指選擇權,2026/05,履約價42300,賣權",TWTX2230DQ67,2026/04/29,期貨及選擇權,,OPEICS,
"TX242350Q6　臺指選擇權,2026/05,履約價42350,賣權",TWTX2235DQ62,2026/05/07,期貨及選擇權,,OPEICS,
"TX242400Q6　臺指選擇權,2026/05,履約價42400,賣權",TWTX2240DQ65,2026/04/29,期貨及選擇權,,OPEICS,
"TX242450Q6　臺指選擇權,2026/05,履約價42450,賣權",TWTX2245DQ60,2026/05/08,期貨及選擇權,,OPEICS,
"TX242500Q6　臺指選擇權,2026/05,履約價42500,賣權",TWTX2250DQ62,2026/04/29,期貨及選擇權,,OPEICS,
"TX242550Q6　臺指選擇權,2026/05,履約價42550,賣權",TWTX2255DQ67,2026/05/08,期貨及選擇權,,OPEICS,
"TX242600Q6　臺指選擇權,2026/05,履約價42600,賣權",TWTX2260DQ60,2026/04/29,期貨及選擇權,,OPEICS,
"TX242650Q6　臺指選擇權,2026/05,履約價42650,賣權",TWTX2265DQ65,2026/05/08,期貨及選擇權,,OPEICS,
"TX242700Q6　臺指選擇權,2026/05,履約價42700,賣權",TWTX2270DQ68,2026/04/29,期貨及選擇權,,OPEICS,
"TX242750Q6　臺指選擇權,2026/05,履約價42750,賣權",TWTX2275DQ63,2026/05/08,期貨及選擇權,,OPEICS,
"TX242800Q6　臺指選擇權,2026/05,履約價42800,賣權",TWTX2280DQ66,2026/04/29,期貨及選擇權,,OPEICS,
"TX242850Q6　臺指選擇權,2026/05,履約價42850,賣權",TWTX2285DQ61,2026/05/08,期貨及選擇權,,OPEICS,
"TX242900Q6　臺指選擇權,2026/05,履約價42900,賣權",TWTX2290DQ64,2026/04/29,期貨及選擇權,,OPEICS,
"TX242950Q6　臺指選擇權,2026/05,履約價42950,賣權",TWTX2295DQ69,2026/05/08,期貨及選擇權,,OPEICS,
"TX243000Q6　臺指選擇權,2026/05,履約價43000,賣權",TWTX2300DQ62,2026/04/29,期貨及選擇權,,OPEICS,
"TX243050Q6　臺指選擇權,2026/05,履約價43050,賣權",TWTX2305DQ67,2026/05/08,期貨及選擇權,,OPEICS,
"TX243100Q6　臺指選擇權,2026/05,履約價43100,賣權",TWTX2310DQ60,2026/04/29,期貨及選擇權,,OPEICS,
"TX243150Q6　臺指選擇權,2026/05,履約價43150,賣權",TWTX2315DQ65,2026/05/08,期貨及選擇權,,OPEICS,
"TX243200Q6　臺指選擇權,2026/05,履約價43200,賣權",TWTX2320DQ68,2026/04/29,期貨及選擇權,,OPEICS,
"TX243300Q6　臺指選擇權,2026/05,履約價43300,賣權",TWTX2330DQ66,2026/04/29,期貨及選擇權,,OPEICS,
"TX243400Q6　臺指選擇權,2026/05,履約價43400,賣權",TWTX2340DQ64,2026/04/29,期貨及選擇權,,OPEICS,
"TX243500Q6　臺指選擇權,2026/05,履約價43500,賣權",TWTX2350DQ61,2026/04/29,期貨及選擇權,,OPEICS,
"TX243600Q6　臺指選擇權,2026/05,履約價43600,賣權",TWTX2360DQ69,2026/05/05,期貨及選擇權,,OPEICS,
"TX243700Q6　臺指選擇權,2026/05,履約價43700,賣權",TWTX2370DQ67,2026/05/05,期貨及選擇權,,OPEICS,
"TX243800Q6　臺指選擇權,2026/05,履約價43800,賣權",TWTX2380DQ65,2026/05/05,期貨及選擇權,,OPEICS,
"TX243900Q6　臺指選擇權,2026/05,履約價43900,賣權",TWTX2390DQ63,2026/05/05,期貨及選擇權,,OPEICS,
"TX244000Q6　臺指選擇權,2026/05,履約價44000,賣權",TWTX2400DQ61,2026/05/05,期貨及選擇權,,OPEICS,
"TX244100Q6　臺指選擇權,2026/05,履約價44100,賣權",TWTX2410DQ69,2026/05/05,期貨及選擇權,,OPEICS,
"TX244200Q6　臺指選擇權,2026/05,履約價44200,賣權",TWTX2420DQ67,2026/05/05,期貨及選擇權,,OPEICS,
"TX244300Q6　臺指選擇權,2026/05,履約價44300,賣權",TWTX2430DQ65,2026/05/05,期貨及選擇權,,OPEICS,
"TX244400Q6　臺指選擇權,2026/05,履約價44400,賣權",TWTX2440DQ63,2026/05/05,期貨及選擇權,,OPEICS,
"TX244500Q6　臺指選擇權,2026/05,履約價44500,賣權",TWTX2450DQ60,2026/05/05,期貨及選擇權,,OPEICS,
"TX244600Q6　臺指選擇權,2026/05,履約價44600,賣權",TWTX2460DQ68,2026/05/05,期貨及選擇權,,OPEICS,
"TX244700Q6　臺指選擇權,2026/05,履約價44700,賣權",TWTX2470DQ66,2026/05/05,期貨及選擇權,,OPEICS,
"TX244800Q6　臺指選擇權,2026/05,履約價44800,賣權",TWTX2480DQ64,2026/05/05,期貨及選擇權,,OPEICS,
"TX244900Q6　臺指選擇權,2026/05,履約價44900,賣權",TWTX2490DQ62,2026/05/06,期貨及選擇權,,OPEICS,
"TX245000Q6　臺指選擇權,2026/05,履約價45000,賣權",TWTX2500DQ60,2026/05/07,期貨及選擇權,,OPEICS,
"TX245100Q6　臺指選擇權,2026/05,履約價45100,賣權",TWTX2510DQ68,2026/05/07,期貨及選擇權,,OPEICS,
"TX245200Q6　臺指選擇權,2026/05,履約價45200,賣權",TWTX2520DQ66,2026/05/07,期貨及選擇權,,OPEICS,
"TX245300Q6　臺指選擇權,2026/05,履約價45300,賣權",TWTX2530DQ64,2026/05/07,期貨及選擇權,,OPEICS,
"TX245400Q6　臺指選擇權,2026/05,履約價45400,賣權",TWTX2540DQ62,2026/05/08,期貨及選擇權,,OPEICS,
"TX245500Q6　臺指選擇權,2026/05,履約價45500,賣權",TWTX2550DQ69,2026/05/08,期貨及選擇權,,OPEICS,
"TX245600Q6　臺指選擇權,2026/05,履約價45600,賣權",TWTX2560DQ67,2026/05/08,期貨及選擇權,,OPEICS,
"TX245700Q6　臺指選擇權,2026/05,履約價45700,賣權",TWTX2570DQ65,2026/05/08,期貨及選擇權,,OPEICS,
"TX245800Q6　臺指選擇權,2026/05,履約價45800,賣權",TWTX2580DQ63,2026/05/08,期貨及選擇權,,OPEICS,
"TX245900Q6　臺指選擇權,2026/05,履約價45900,賣權",TWTX2590DQ61,2026/05/08,期貨及選擇權,,OPEICS,
"TX246000Q6　臺指選擇權,2026/05,履約價46000,賣權",TWTX2600DQ69,2026/05/08,期貨及選擇權,,OPEICS,
"TX246100Q6　臺指選擇權,2026/05,履約價46100,賣權",TWTX2610DQ67,2026/05/08,期貨及選擇權,,OPEICS,
"TX246200Q6　臺指選擇權,2026/05,履約價46200,賣權",TWTX2620DQ65,2026/05/08,期貨及選擇權,,OPEICS,
"TXO20200R6　臺指選擇權,2026/06,履約價20200,賣權",TWTXO020BR61,2025/09/18,期貨及選擇權,,OPEICS,
"TXO20400R6　臺指選擇權,2026/06,履約價20400,賣權",TWTXO040BR67,2025/09/18,期貨及選擇權,,OPEICS,
"TXO20600R6　臺指選擇權,2026/06,履約價20600,賣權",TWTXO060BR62,2025/09/18,期貨及選擇權,,OPEICS,
"TXO20800R6　臺指選擇權,2026/06,履約價20800,賣權",TWTXO080BR68,2025/09/18,期貨及選擇權,,OPEICS,
"TXO21000R6　臺指選擇權,2026/06,履約價21000,賣權",TWTXO100BR64,2025/09/18,期貨及選擇權,,OPEICS,
"TXO21200R6　臺指選擇權,2026/06,履約價21200,賣權",TWTXO120BR60,2025/09/18,期貨及選擇權,,OPEICS,
"TXO21400R6　臺指選擇權,2026/06,履約價21400,賣權",TWTXO140BR66,2025/09/18,期貨及選擇權,,OPEICS,
"TXO21600R6　臺指選擇權,2026/06,履約價21600,賣權",TWTXO160BR61,2025/09/18,期貨及選擇權,,OPEICS,
"TXO21800R6　臺指選擇權,2026/06,履約價21800,賣權",TWTXO180BR67,2025/09/18,期貨及選擇權,,OPEICS,
"TXO21800U6　臺指選擇權,2026/09,履約價21800,賣權",TWTXO180BU62,2025/12/19,期貨及選擇權,,OPEICS,
"TXO22000R6　臺指選擇權,2026/06,履約價22000,賣權",TWTXO200BR63,2025/09/18,期貨及選擇權,,OPEICS,
"TXO22000U6　臺指選擇權,2026/09,履約價22000,賣權",TWTXO200BU68,2025/12/18,期貨及選擇權,,OPEICS,
"TXO22200R6　臺指選擇權,2026/06,履約價22200,賣權",TWTXO220BR69,2025/09/18,期貨及選擇權,,OPEICS,
"TXO22200U6　臺指選擇權,2026/09,履約價22200,賣權",TWTXO220BU64,2025/12/18,期貨及選擇權,,OPEICS,
"TXO22400R6　臺指選擇權,2026/06,履約價22400,賣權",TWTXO240BR65,2025/09/18,期貨及選擇權,,OPEICS,
"TXO22400U6　臺指選擇權,2026/09,履約價22400,賣權",TWTXO240BU60,2025/12/18,期貨及選擇權,,OPEICS,
"TXO22600R6　臺指選擇權,2026/06,履約價22600,賣權",TWTXO260BR60,2025/09/18,期貨及選擇權,,OPEICS,
"TXO22600U6　臺指選擇權,2026/09,履約價22600,賣權",TWTXO260BU65,2025/12/18,期貨及選擇權,,OPEICS,
"TXO22800R6　臺指選擇權,2026/06,履約價22800,賣權",TWTXO280BR66,2025/09/18,期貨及選擇權,,OPEICS,
"TXO22800U6　臺指選擇權,2026/09,履約價22800,賣權",TWTXO280BU61,2025/12/18,期貨及選擇權,,OPEICS,
"TXO23000R6　臺指選擇權,2026/06,履約價23000,賣權",TWTXO300BR62,2025/09/18,期貨及選擇權,,OPEICS,
"TXO23000U6　臺指選擇權,2026/09,履約價23000,賣權",TWTXO300BU67,2025/12/18,期貨及選擇權,,OPEICS,
"TXO23200R6　臺指選擇權,2026/06,履約價23200,賣權",TWTXO320BR68,2025/09/18,期貨及選擇權,,OPEICS,
"TXO23200U6　臺指選擇權,2026/09,履約價23200,賣權",TWTXO320BU63,2025/12/18,期貨及選擇權,,OPEICS,
"TXO23400R6　臺指選擇權,2026/06,履約價23400,賣權",TWTXO340BR64,2025/09/18,期貨及選擇權,,OPEICS,
"TXO23400U6　臺指選擇權,2026/09,履約價23400,賣權",TWTXO340BU69,2025/12/18,期貨及選擇權,,OPEICS,
"TXO23600R6　臺指選擇權,2026/06,履約價23600,賣權",TWTXO360BR69,2025/09/18,期貨及選擇權,,OPEICS,
"TXO23600U6　臺指選擇權,2026/09,履約價23600,賣權",TWTXO360BU64,2025/12/18,期貨及選擇權,,OPEICS,
"TXO23800R6　臺指選擇權,2026/06,履約價23800,賣權",TWTXO380BR65,2025/09/18,期貨及選擇權,,OPEICS,
"TXO23800U6　臺指選擇權,2026/09,履約價23800,賣權",TWTXO380BU60,2025/12/18,期貨及選擇權,,OPEICS,
"TXO24000R6　臺指選擇權,2026/06,履約價24000,賣權",TWTXO400BR61,2025/09/18,期貨及選擇權,,OPEICS,
"TXO24000U6　臺指選擇權,2026/09,履約價24000,賣權",TWTXO400BU66,2025/12/18,期貨及選擇權,,OPEICS,
"TXO24200R6　臺指選擇權,2026/06,履約價24200,賣權",TWTXO420BR67,2025/09/18,期貨及選擇權,,OPEICS,
"TXO24200U6　臺指選擇權,2026/09,履約價24200,賣權",TWTXO420BU62,2025/12/18,期貨及選擇權,,OPEICS,
"TXO24400R6　臺指選擇權,2026/06,履約價24400,賣權",TWTXO440BR63,2025/09/18,期貨及選擇權,,OPEICS,
"TXO24400U6　臺指選擇權,2026/09,履約價24400,賣權",TWTXO440BU68,2025/12/18,期貨及選擇權,,OPEICS,
"TXO24600R6　臺指選擇權,2026/06,履約價24600,賣權",TWTXO460BR68,2025/09/18,期貨及選擇權,,OPEICS,
"TXO24600U6　臺指選擇權,2026/09,履約價24600,賣權",TWTXO460BU63,2025/12/18,期貨及選擇權,,OPEICS,
"TXO24800R6　臺指選擇權,2026/06,履約價24800,賣權",TWTXO480BR64,2025/09/18,期貨及選擇權,,OPEICS,
"TXO24800U6　臺指選擇權,2026/09,履約價24800,賣權",TWTXO480BU69,2025/12/18,期貨及選擇權,,OPEICS,
"TXO25000R6　臺指選擇權,2026/06,履約價25000,賣權",TWTXO500BR60,2025/09/18,期貨及選擇權,,OPEICS,
"TXO25000U6　臺指選擇權,2026/09,履約價25000,賣權",TWTXO500BU65,2025/12/18,期貨及選擇權,,OPEICS,
"TXO25200R6　臺指選擇權,2026/06,履約價25200,賣權",TWTXO520BR66,2025/09/18,期貨及選擇權,,OPEICS,
"TXO25200U6　臺指選擇權,2026/09,履約價25200,賣權",TWTXO520BU61,2025/12/18,期貨及選擇權,,OPEICS,
"TXO25200X6　臺指選擇權,2026/12,履約價25200,賣權",TWTXO520BX68,2026/04/01,期貨及選擇權,,OPEICS,
"TXO25400R6　臺指選擇權,2026/06,履約價25400,賣權",TWTXO540BR62,2025/09/18,期貨及選擇權,,OPEICS,
"TXO25400U6　臺指選擇權,2026/09,履約價25400,賣權",TWTXO540BU67,2025/12/18,期貨及選擇權,,OPEICS,
"TXO25400X6　臺指選擇權,2026/12,履約價25400,賣權",TWTXO540BX64,2026/04/01,期貨及選擇權,,OPEICS,
"TXO25600R6　臺指選擇權,2026/06,履約價25600,賣權",TWTXO560BR67,2025/09/18,期貨及選擇權,,OPEICS,
"TXO25600U6　臺指選擇權,2026/09,履約價25600,賣權",TWTXO560BU62,2025/12/18,期貨及選擇權,,OPEICS,
"TXO25600X6　臺指選擇權,2026/12,履約價25600,賣權",TWTXO560BX69,2026/04/01,期貨及選擇權,,OPEICS,
"TXO25800R6　臺指選擇權,2026/06,履約價25800,賣權",TWTXO580BR63,2025/09/18,期貨及選擇權,,OPEICS,
"TXO25800U6　臺指選擇權,2026/09,履約價25800,賣權",TWTXO580BU68,2025/12/18,期貨及選擇權,,OPEICS,
"TXO25800X6　臺指選擇權,2026/12,履約價25800,賣權",TWTXO580BX65,2026/04/01,期貨及選擇權,,OPEICS,
"TXO26000R6　臺指選擇權,2026/06,履約價26000,賣權",TWTXO600BR69,2025/09/18,期貨及選擇權,,OPEICS,
"TXO26000U6　臺指選擇權,2026/09,履約價26000,賣權",TWTXO600BU64,2025/12/18,期貨及選擇權,,OPEICS,
"TXO26000X6　臺指選擇權,2026/12,履約價26000,賣權",TWTXO600BX61,2026/03/24,期貨及選擇權,,OPEICS,
"TXO26200R6　臺指選擇權,2026/06,履約價26200,賣權",TWTXO620BR65,2025/09/18,期貨及選擇權,,OPEICS,
"TXO26200U6　臺指選擇權,2026/09,履約價26200,賣權",TWTXO620BU60,2025/12/18,期貨及選擇權,,OPEICS,
"TXO26200X6　臺指選擇權,2026/12,履約價26200,賣權",TWTXO620BX67,2026/03/24,期貨及選擇權,,OPEICS,
"TXO26400R6　臺指選擇權,2026/06,履約價26400,賣權",TWTXO640BR61,2025/09/18,期貨及選擇權,,OPEICS,
"TXO26400U6　臺指選擇權,2026/09,履約價26400,賣權",TWTXO640BU66,2025/12/18,期貨及選擇權,,OPEICS,
"TXO26400X6　臺指選擇權,2026/12,履約價26400,賣權",TWTXO640BX63,2026/03/24,期貨及選擇權,,OPEICS,
"TXO26600R6　臺指選擇權,2026/06,履約價26600,賣權",TWTXO660BR66,2025/09/18,期貨及選擇權,,OPEICS,
"TXO26600U6　臺指選擇權,2026/09,履約價26600,賣權",TWTXO660BU61,2025/12/18,期貨及選擇權,,OPEICS,
"TXO26600X6　臺指選擇權,2026/12,履約價26600,賣權",TWTXO660BX68,2026/03/24,期貨及選擇權,,OPEICS,
"TXO26800R6　臺指選擇權,2026/06,履約價26800,賣權",TWTXO680BR62,2025/09/18,期貨及選擇權,,OPEICS,
"TXO26800U6　臺指選擇權,2026/09,履約價26800,賣權",TWTXO680BU67,2025/12/18,期貨及選擇權,,OPEICS,
"TXO26800X6　臺指選擇權,2026/12,履約價26800,賣權",TWTXO680BX64,2026/03/20,期貨及選擇權,,OPEICS,
"TXO26900Q6　臺指選擇權,2026/05,履約價26900,賣權",TWTXO690BQ61,2026/04/01,期貨及選擇權,,OPEICS,
"TXO26900R6　臺指選擇權,2026/06,履約價26900,賣權",TWTXO690BR60,2026/04/01,期貨及選擇權,,OPEICS,
"TXO27000Q6　臺指選擇權,2026/05,履約價27000,賣權",TWTXO700BQ69,2026/04/01,期貨及選擇權,,OPEICS,
"TXO27000R6　臺指選擇權,2026/06,履約價27000,賣權",TWTXO700BR68,2025/09/18,期貨及選擇權,,OPEICS,
"TXO27000U6　臺指選擇權,2026/09,履約價27000,賣權",TWTXO700BU63,2025/12/18,期貨及選擇權,,OPEICS,
"TXO27000X6　臺指選擇權,2026/12,履約價27000,賣權",TWTXO700BX60,2026/03/20,期貨及選擇權,,OPEICS,
"TXO27100Q6　臺指選擇權,2026/05,履約價27100,賣權",TWTXO710BQ67,2026/04/01,期貨及選擇權,,OPEICS,
"TXO27100R6　臺指選擇權,2026/06,履約價27100,賣權",TWTXO710BR66,2026/04/01,期貨及選擇權,,OPEICS,
"TXO27200Q6　臺指選擇權,2026/05,履約價27200,賣權",TWTXO720BQ65,2026/03/10,期貨及選擇權,,OPEICS,
"TXO27200R6　臺指選擇權,2026/06,履約價27200,賣權",TWTXO720BR64,2025/09/18,期貨及選擇權,,OPEICS,
"TXO27200U6　臺指選擇權,2026/09,履約價27200,賣權",TWTXO720BU69,2025/12/18,期貨及選擇權,,OPEICS,
"TXO27200X6　臺指選擇權,2026/12,履約價27200,賣權",TWTXO720BX66,2026/03/20,期貨及選擇權,,OPEICS,
"TXO27300Q6　臺指選擇權,2026/05,履約價27300,賣權",TWTXO730BQ63,2026/03/10,期貨及選擇權,,OPEICS,
"TXO27300R6　臺指選擇權,2026/06,履約價27300,賣權",TWTXO730BR62,2026/04/01,期貨及選擇權,,OPEICS,
"TXO27400Q6　臺指選擇權,2026/05,履約價27400,賣權",TWTXO740BQ61,2026/03/10,期貨及選擇權,,OPEICS,
"TXO27400R6　臺指選擇權,2026/06,履約價27400,賣權",TWTXO740BR60,2025/09/18,期貨及選擇權,,OPEICS,
"TXO27400U6　臺指選擇權,2026/09,履約價27400,賣權",TWTXO740BU65,2025/12/18,期貨及選擇權,,OPEICS,
"TXO27400X6　臺指選擇權,2026/12,履約價27400,賣權",TWTXO740BX62,2026/03/19,期貨及選擇權,,OPEICS,
"TXO27500Q6　臺指選擇權,2026/05,履約價27500,賣權",TWTXO750BQ68,2026/03/10,期貨及選擇權,,OPEICS,
"TXO27500R6　臺指選擇權,2026/06,履約價27500,賣權",TWTXO750BR67,2026/04/01,期貨及選擇權,,OPEICS,
"TXO27600Q6　臺指選擇權,2026/05,履約價27600,賣權",TWTXO760BQ66,2026/03/10,期貨及選擇權,,OPEICS,
"TXO27600R6　臺指選擇權,2026/06,履約價27600,賣權",TWTXO760BR65,2025/09/18,期貨及選擇權,,OPEICS,
"TXO27600U6　臺指選擇權,2026/09,履約價27600,賣權",TWTXO760BU60,2025/12/18,期貨及選擇權,,OPEICS,
"TXO27600X6　臺指選擇權,2026/12,履約價27600,賣權",TWTXO760BX67,2026/03/19,期貨及選擇權,,OPEICS,
"TXO27700Q6　臺指選擇權,2026/05,履約價27700,賣權",TWTXO770BQ64,2026/03/10,期貨及選擇權,,OPEICS,
"TXO27700R6　臺指選擇權,2026/06,履約價27700,賣權",TWTXO770BR63,2026/03/25,期貨及選擇權,,OPEICS,
"TXO27800Q6　臺指選擇權,2026/05,履約價27800,賣權",TWTXO780BQ62,2026/03/10,期貨及選擇權,,OPEICS,
"TXO27800R6　臺指選擇權,2026/06,履約價27800,賣權",TWTXO780BR61,2025/09/18,期貨及選擇權,,OPEICS,
"TXO27800U6　臺指選擇權,2026/09,履約價27800,賣權",TWTXO780BU66,2025/12/18,期貨及選擇權,,OPEICS,
"TXO27800X6　臺指選擇權,2026/12,履約價27800,賣權",TWTXO780BX63,2026/03/19,期貨及選擇權,,OPEICS,
"TXO27900Q6　臺指選擇權,2026/05,履約價27900,賣權",TWTXO790BQ60,2026/03/05,期貨及選擇權,,OPEICS,
"TXO27900R6　臺指選擇權,2026/06,履約價27900,賣權",TWTXO790BR69,2026/03/24,期貨及選擇權,,OPEICS,
"TXO28000Q6　臺指選擇權,2026/05,履約價28000,賣權",TWTXO800BQ68,2026/03/05,期貨及選擇權,,OPEICS,
"TXO28000R6　臺指選擇權,2026/06,履約價28000,賣權",TWTXO800BR67,2025/09/18,期貨及選擇權,,OPEICS,
"TXO28000U6　臺指選擇權,2026/09,履約價28000,賣權",TWTXO800BU62,2025/12/18,期貨及選擇權,,OPEICS,
"TXO28000X6　臺指選擇權,2026/12,履約價28000,賣權",TWTXO800BX69,2026/03/19,期貨及選擇權,,OPEICS,
"TXO28100Q6　臺指選擇權,2026/05,履約價28100,賣權",TWTXO810BQ66,2026/03/05,期貨及選擇權,,OPEICS,
"TXO28100R6　臺指選擇權,2026/06,履約價28100,賣權",TWTXO810BR65,2026/03/24,期貨及選擇權,,OPEICS,
"TXO28200Q6　臺指選擇權,2026/05,履約價28200,賣權",TWTXO820BQ64,2026/03/05,期貨及選擇權,,OPEICS,
"TXO28200R6　臺指選擇權,2026/06,履約價28200,賣權",TWTXO820BR63,2025/09/18,期貨及選擇權,,OPEICS,
"TXO28200U6　臺指選擇權,2026/09,履約價28200,賣權",TWTXO820BU68,2025/12/18,期貨及選擇權,,OPEICS,
"TXO28200X6　臺指選擇權,2026/12,履約價28200,賣權",TWTXO820BX65,2026/03/19,期貨及選擇權,,OPEICS,
"TXO28300Q6　臺指選擇權,2026/05,履約價28300,賣權",TWTXO830BQ62,2026/03/05,期貨及選擇權,,OPEICS,
"TXO28300R6　臺指選擇權,2026/06,履約價28300,賣權",TWTXO830BR61,2026/03/24,期貨及選擇權,,OPEICS,
"TXO28400Q6　臺指選擇權,2026/05,履約價28400,賣權",TWTXO840BQ60,2026/03/05,期貨及選擇權,,OPEICS,
"TXO28400R6　臺指選擇權,2026/06,履約價28400,賣權",TWTXO840BR69,2025/09/18,期貨及選擇權,,OPEICS,
"TXO28400U6　臺指選擇權,2026/09,履約價28400,賣權",TWTXO840BU64,2025/12/18,期貨及選擇權,,OPEICS,
"TXO28400X6　臺指選擇權,2026/12,履約價28400,賣權",TWTXO840BX61,2026/03/19,期貨及選擇權,,OPEICS,
"TXO28500Q6　臺指選擇權,2026/05,履約價28500,賣權",TWTXO850BQ67,2026/03/05,期貨及選擇權,,OPEICS,
"TXO28500R6　臺指選擇權,2026/06,履約價28500,賣權",TWTXO850BR66,2026/03/23,期貨及選擇權,,OPEICS,
"TXO28600Q6　臺指選擇權,2026/05,履約價28600,賣權",TWTXO860BQ65,2026/03/05,期貨及選擇權,,OPEICS,
"TXO28600R6　臺指選擇權,2026/06,履約價28600,賣權",TWTXO860BR64,2025/09/18,期貨及選擇權,,OPEICS,
"TXO28600U6　臺指選擇權,2026/09,履約價28600,賣權",TWTXO860BU69,2025/12/18,期貨及選擇權,,OPEICS,
"TXO28600X6　臺指選擇權,2026/12,履約價28600,賣權",TWTXO860BX66,2026/03/19,期貨及選擇權,,OPEICS,
"TXO28700Q6　臺指選擇權,2026/05,履約價28700,賣權",TWTXO870BQ63,2026/02/24,期貨及選擇權,,OPEICS,
"TXO28700R6　臺指選擇權,2026/06,履約價28700,賣權",TWTXO870BR62,2026/03/20,期貨及選擇權,,OPEICS,
"TXO28800Q6　臺指選擇權,2026/05,履約價28800,賣權",TWTXO880BQ61,2026/02/24,期貨及選擇權,,OPEICS,
"TXO28800R6　臺指選擇權,2026/06,履約價28800,賣權",TWTXO880BR60,2025/09/18,期貨及選擇權,,OPEICS,
"TXO28800U6　臺指選擇權,2026/09,履約價28800,賣權",TWTXO880BU65,2025/12/18,期貨及選擇權,,OPEICS,
"TXO28800X6　臺指選擇權,2026/12,履約價28800,賣權",TWTXO880BX62,2026/03/19,期貨及選擇權,,OPEICS,
"TXO28900Q6　臺指選擇權,2026/05,履約價28900,賣權",TWTXO890BQ69,2026/02/24,期貨及選擇權,,OPEICS,
"TXO28900R6　臺指選擇權,2026/06,履約價28900,賣權",TWTXO890BR68,2026/03/20,期貨及選擇權,,OPEICS,
"TXO29000Q6　臺指選擇權,2026/05,履約價29000,賣權",TWTXO900BQ67,2026/02/24,期貨及選擇權,,OPEICS,
"TXO29000R6　臺指選擇權,2026/06,履約價29000,賣權",TWTXO900BR66,2025/09/18,期貨及選擇權,,OPEICS,
"TXO29000U6　臺指選擇權,2026/09,履約價29000,賣權",TWTXO900BU61,2025/12/18,期貨及選擇權,,OPEICS,
"TXO29000X6　臺指選擇權,2026/12,履約價29000,賣權",TWTXO900BX68,2026/03/19,期貨及選擇權,,OPEICS,
"TXO29100Q6　臺指選擇權,2026/05,履約價29100,賣權",TWTXO910BQ65,2026/02/24,期貨及選擇權,,OPEICS,
"TXO29100R6　臺指選擇權,2026/06,履約價29100,賣權",TWTXO910BR64,2026/03/19,期貨及選擇權,,OPEICS,
"TXO29200Q6　臺指選擇權,2026/05,履約價29200,賣權",TWTXO920BQ63,2026/02/24,期貨及選擇權,,OPEICS,
"TXO29200R6　臺指選擇權,2026/06,履約價29200,賣權",TWTXO920BR62,2025/09/18,期貨及選擇權,,OPEICS,
"TXO29200U6　臺指選擇權,2026/09,履約價29200,賣權",TWTXO920BU67,2025/12/18,期貨及選擇權,,OPEICS,
"TXO29200X6　臺指選擇權,2026/12,履約價29200,賣權",TWTXO920BX64,2026/03/19,期貨及選擇權,,OPEICS,
"TXO29300Q6　臺指選擇權,2026/05,履約價29300,賣權",TWTXO930BQ61,2026/02/24,期貨及選擇權,,OPEICS,
"TXO29300R6　臺指選擇權,2026/06,履約價29300,賣權",TWTXO930BR60,2026/03/19,期貨及選擇權,,OPEICS,
"TXO29400Q6　臺指選擇權,2026/05,履約價29400,賣權",TWTXO940BQ69,2026/02/24,期貨及選擇權,,OPEICS,
"TXO29400R6　臺指選擇權,2026/06,履約價29400,賣權",TWTXO940BR68,2025/09/18,期貨及選擇權,,OPEICS,
"TXO29400U6　臺指選擇權,2026/09,履約價29400,賣權",TWTXO940BU63,2025/12/18,期貨及選擇權,,OPEICS,
"TXO29400X6　臺指選擇權,2026/12,履約價29400,賣權",TWTXO940BX60,2026/03/19,期貨及選擇權,,OPEICS,
"TXO29500Q6　臺指選擇權,2026/05,履約價29500,賣權",TWTXO950BQ66,2026/02/24,期貨及選擇權,,OPEICS,
"TXO29500R6　臺指選擇權,2026/06,履約價29500,賣權",TWTXO950BR65,2026/03/19,期貨及選擇權,,OPEICS,
"TXO29600Q6　臺指選擇權,2026/05,履約價29600,賣權",TWTXO960BQ64,2026/02/24,期貨及選擇權,,OPEICS,
"TXO29600R6　臺指選擇權,2026/06,履約價29600,賣權",TWTXO960BR63,2025/09/18,期貨及選擇權,,OPEICS,
"TXO29600U6　臺指選擇權,2026/09,履約價29600,賣權",TWTXO960BU68,2025/12/18,期貨及選擇權,,OPEICS,
"TXO29600X6　臺指選擇權,2026/12,履約價29600,賣權",TWTXO960BX65,2026/03/19,期貨及選擇權,,OPEICS,
"TXO29700Q6　臺指選擇權,2026/05,履約價29700,賣權",TWTXO970BQ62,2026/02/24,期貨及選擇權,,OPEICS,
"TXO29700R6　臺指選擇權,2026/06,履約價29700,賣權",TWTXO970BR61,2026/03/19,期貨及選擇權,,OPEICS,
"TXO29800Q6　臺指選擇權,2026/05,履約價29800,賣權",TWTXO980BQ60,2026/02/24,期貨及選擇權,,OPEICS,
"TXO29800R6　臺指選擇權,2026/06,履約價29800,賣權",TWTXO980BR69,2025/09/18,期貨及選擇權,,OPEICS,
"TXO29800U6　臺指選擇權,2026/09,履約價29800,賣權",TWTXO980BU64,2025/12/18,期貨及選擇權,,OPEICS,
"TXO29800X6　臺指選擇權,2026/12,履約價29800,賣權",TWTXO980BX61,2026/03/19,期貨及選擇權,,OPEICS,
"TXO29900Q6　臺指選擇權,2026/05,履約價29900,賣權",TWTXO990BQ68,2026/02/24,期貨及選擇權,,OPEICS,
"TXO29900R6　臺指選擇權,2026/06,履約價29900,賣權",TWTXO990BR67,2026/03/19,期貨及選擇權,,OPEICS,
"TXO30000Q6　臺指選擇權,2026/05,履約價30000,賣權",TWTXO000CQ65,2026/02/24,期貨及選擇權,,OPEICS,
"TXO30000R6　臺指選擇權,2026/06,履約價30000,賣權",TWTXO000CR64,2025/09/18,期貨及選擇權,,OPEICS,
"TXO30000U6　臺指選擇權,2026/09,履約價30000,賣權",TWTXO000CU69,2025/12/18,期貨及選擇權,,OPEICS,
"TXO30000X6　臺指選擇權,2026/12,履約價30000,賣權",TWTXO000CX66,2026/03/19,期貨及選擇權,,OPEICS,
"TXO30100Q6　臺指選擇權,2026/05,履約價30100,賣權",TWTXO010CQ63,2026/02/24,期貨及選擇權,,OPEICS,
"TXO30100R6　臺指選擇權,2026/06,履約價30100,賣權",TWTXO010CR62,2026/03/19,期貨及選擇權,,OPEICS,
"TXO30200Q6　臺指選擇權,2026/05,履約價30200,賣權",TWTXO020CQ61,2026/02/24,期貨及選擇權,,OPEICS,
"TXO30200R6　臺指選擇權,2026/06,履約價30200,賣權",TWTXO020CR60,2025/09/18,期貨及選擇權,,OPEICS,
"TXO30200U6　臺指選擇權,2026/09,履約價30200,賣權",TWTXO020CU65,2025/12/18,期貨及選擇權,,OPEICS,
"TXO30200X6　臺指選擇權,2026/12,履約價30200,賣權",TWTXO020CX62,2026/03/19,期貨及選擇權,,OPEICS,
"TXO30300Q6　臺指選擇權,2026/05,履約價30300,賣權",TWTXO030CQ69,2026/02/24,期貨及選擇權,,OPEICS,
"TXO30300R6　臺指選擇權,2026/06,履約價30300,賣權",TWTXO030CR68,2026/03/19,期貨及選擇權,,OPEICS,
"TXO30400Q6　臺指選擇權,2026/05,履約價30400,賣權",TWTXO040CQ67,2026/02/24,期貨及選擇權,,OPEICS,
"TXO30400R6　臺指選擇權,2026/06,履約價30400,賣權",TWTXO040CR66,2025/09/18,期貨及選擇權,,OPEICS,
"TXO30400U6　臺指選擇權,2026/09,履約價30400,賣權",TWTXO040CU61,2025/12/18,期貨及選擇權,,OPEICS,
"TXO30400X6　臺指選擇權,2026/12,履約價30400,賣權",TWTXO040CX68,2026/03/19,期貨及選擇權,,OPEICS,
"TXO30500Q6　臺指選擇權,2026/05,履約價30500,賣權",TWTXO050CQ64,2026/02/24,期貨及選擇權,,OPEICS,
"TXO30500R6　臺指選擇權,2026/06,履約價30500,賣權",TWTXO050CR63,2026/03/19,期貨及選擇權,,OPEICS,
"TXO30600Q6　臺指選擇權,2026/05,履約價30600,賣權",TWTXO060CQ62,2026/02/24,期貨及選擇權,,OPEICS,
"TXO30600R6　臺指選擇權,2026/06,履約價30600,賣權",TWTXO060CR61,2025/09/18,期貨及選擇權,,OPEICS,
"TXO30600U6　臺指選擇權,2026/09,履約價30600,賣權",TWTXO060CU66,2025/12/18,期貨及選擇權,,OPEICS,
"TXO30600X6　臺指選擇權,2026/12,履約價30600,賣權",TWTXO060CX63,2026/03/19,期貨及選擇權,,OPEICS,
"TXO30700Q6　臺指選擇權,2026/05,履約價30700,賣權",TWTXO070CQ60,2026/02/24,期貨及選擇權,,OPEICS,
"TXO30700R6　臺指選擇權,2026/06,履約價30700,賣權",TWTXO070CR69,2026/03/19,期貨及選擇權,,OPEICS,
"TXO30800Q6　臺指選擇權,2026/05,履約價30800,賣權",TWTXO080CQ68,2026/02/24,期貨及選擇權,,OPEICS,
"TXO30800R6　臺指選擇權,2026/06,履約價30800,賣權",TWTXO080CR67,2025/09/19,期貨及選擇權,,OPEICS,
"TXO30800U6　臺指選擇權,2026/09,履約價30800,賣權",TWTXO080CU62,2025/12/18,期貨及選擇權,,OPEICS,
"TXO30800X6　臺指選擇權,2026/12,履約價30800,賣權",TWTXO080CX69,2026/03/19,期貨及選擇權,,OPEICS,
"TXO30900Q6　臺指選擇權,2026/05,履約價30900,賣權",TWTXO090CQ66,2026/02/24,期貨及選擇權,,OPEICS,
"TXO30900R6　臺指選擇權,2026/06,履約價30900,賣權",TWTXO090CR65,2026/03/19,期貨及選擇權,,OPEICS,
"TXO31000Q6　臺指選擇權,2026/05,履約價31000,賣權",TWTXO100CQ64,2026/02/24,期貨及選擇權,,OPEICS,
"TXO31000R6　臺指選擇權,2026/06,履約價31000,賣權",TWTXO100CR63,2025/09/19,期貨及選擇權,,OPEICS,
"TXO31000U6　臺指選擇權,2026/09,履約價31000,賣權",TWTXO100CU68,2025/12/18,期貨及選擇權,,OPEICS,
"TXO31000X6　臺指選擇權,2026/12,履約價31000,賣權",TWTXO100CX65,2026/03/19,期貨及選擇權,,OPEICS,
"TXO31100Q6　臺指選擇權,2026/05,履約價31100,賣權",TWTXO110CQ62,2026/02/24,期貨及選擇權,,OPEICS,
"TXO31100R6　臺指選擇權,2026/06,履約價31100,賣權",TWTXO110CR61,2026/03/19,期貨及選擇權,,OPEICS,
"TXO31200Q6　臺指選擇權,2026/05,履約價31200,賣權",TWTXO120CQ60,2026/02/24,期貨及選擇權,,OPEICS,
"TXO31200R6　臺指選擇權,2026/06,履約價31200,賣權",TWTXO120CR69,2025/09/23,期貨及選擇權,,OPEICS,
"TXO31200S6　臺指選擇權,2026/07,履約價31200,賣權",TWTXO120CS68,2026/04/16,期貨及選擇權,,OPEICS,
"TXO31200U6　臺指選擇權,2026/09,履約價31200,賣權",TWTXO120CU64,2025/12/18,期貨及選擇權,,OPEICS,
"TXO31200X6　臺指選擇權,2026/12,履約價31200,賣權",TWTXO120CX61,2026/03/19,期貨及選擇權,,OPEICS,
"TXO31300Q6　臺指選擇權,2026/05,履約價31300,賣權",TWTXO130CQ68,2026/02/24,期貨及選擇權,,OPEICS,
"TXO31300R6　臺指選擇權,2026/06,履約價31300,賣權",TWTXO130CR67,2026/03/19,期貨及選擇權,,OPEICS,
"TXO31300S6　臺指選擇權,2026/07,履約價31300,賣權",TWTXO130CS66,2026/04/16,期貨及選擇權,,OPEICS,
"TXO31400Q6　臺指選擇權,2026/05,履約價31400,賣權",TWTXO140CQ66,2026/02/24,期貨及選擇權,,OPEICS,
"TXO31400R6　臺指選擇權,2026/06,履約價31400,賣權",TWTXO140CR65,2025/09/24,期貨及選擇權,,OPEICS,
"TXO31400S6　臺指選擇權,2026/07,履約價31400,賣權",TWTXO140CS64,2026/04/16,期貨及選擇權,,OPEICS,
"TXO31400U6　臺指選擇權,2026/09,履約價31400,賣權",TWTXO140CU60,2025/12/18,期貨及選擇權,,OPEICS,
"TXO31400X6　臺指選擇權,2026/12,履約價31400,賣權",TWTXO140CX67,2026/03/19,期貨及選擇權,,OPEICS,
"TXO31500Q6　臺指選擇權,2026/05,履約價31500,賣權",TWTXO150CQ63,2026/02/24,期貨及選擇權,,OPEICS,
"TXO31500R6　臺指選擇權,2026/06,履約價31500,賣權",TWTXO150CR62,2026/03/19,期貨及選擇權,,OPEICS,
"TXO31500S6　臺指選擇權,2026/07,履約價31500,賣權",TWTXO150CS61,2026/04/16,期貨及選擇權,,OPEICS,
"TXO31600Q6　臺指選擇權,2026/05,履約價31600,賣權",TWTXO160CQ61,2026/02/24,期貨及選擇權,,OPEICS,
"TXO31600R6　臺指選擇權,2026/06,履約價31600,賣權",TWTXO160CR60,2025/09/24,期貨及選擇權,,OPEICS,
"TXO31600S6　臺指選擇權,2026/07,履約價31600,賣權",TWTXO160CS69,2026/04/16,期貨及選擇權,,OPEICS,
"TXO31600U6　臺指選擇權,2026/09,履約價31600,賣權",TWTXO160CU65,2025/12/18,期貨及選擇權,,OPEICS,
"TXO31600X6　臺指選擇權,2026/12,履約價31600,賣權",TWTXO160CX62,2026/03/19,期貨及選擇權,,OPEICS,
"TXO31700Q6　臺指選擇權,2026/05,履約價31700,賣權",TWTXO170CQ69,2026/02/24,期貨及選擇權,,OPEICS,
"TXO31700R6　臺指選擇權,2026/06,履約價31700,賣權",TWTXO170CR68,2026/03/19,期貨及選擇權,,OPEICS,
"TXO31700S6　臺指選擇權,2026/07,履約價31700,賣權",TWTXO170CS67,2026/04/16,期貨及選擇權,,OPEICS,
"TXO31800Q6　臺指選擇權,2026/05,履約價31800,賣權",TWTXO180CQ67,2026/02/24,期貨及選擇權,,OPEICS,
"TXO31800R6　臺指選擇權,2026/06,履約價31800,賣權",TWTXO180CR66,2025/10/03,期貨及選擇權,,OPEICS,
"TXO31800S6　臺指選擇權,2026/07,履約價31800,賣權",TWTXO180CS65,2026/04/16,期貨及選擇權,,OPEICS,
"TXO31800U6　臺指選擇權,2026/09,履約價31800,賣權",TWTXO180CU61,2025/12/18,期貨及選擇權,,OPEICS,
"TXO31800X6　臺指選擇權,2026/12,履約價31800,賣權",TWTXO180CX68,2026/03/19,期貨及選擇權,,OPEICS,
"TXO31900Q6　臺指選擇權,2026/05,履約價31900,賣權",TWTXO190CQ65,2026/02/24,期貨及選擇權,,OPEICS,
"TXO31900R6　臺指選擇權,2026/06,履約價31900,賣權",TWTXO190CR64,2026/03/19,期貨及選擇權,,OPEICS,
"TXO31900S6　臺指選擇權,2026/07,履約價31900,賣權",TWTXO190CS63,2026/04/16,期貨及選擇權,,OPEICS,
"TXO32000Q6　臺指選擇權,2026/05,履約價32000,賣權",TWTXO200CQ63,2026/02/24,期貨及選擇權,,OPEICS,
"TXO32000R6　臺指選擇權,2026/06,履約價32000,賣權",TWTXO200CR62,2025/10/07,期貨及選擇權,,OPEICS,
"TXO32000S6　臺指選擇權,2026/07,履約價32000,賣權",TWTXO200CS61,2026/04/16,期貨及選擇權,,OPEICS,
"TXO32000U6　臺指選擇權,2026/09,履約價32000,賣權",TWTXO200CU67,2025/12/18,期貨及選擇權,,OPEICS,
"TXO32000X6　臺指選擇權,2026/12,履約價32000,賣權",TWTXO200CX64,2026/03/19,期貨及選擇權,,OPEICS,
"TXO32100Q6　臺指選擇權,2026/05,履約價32100,賣權",TWTXO210CQ61,2026/02/24,期貨及選擇權,,OPEICS,
"TXO32100R6　臺指選擇權,2026/06,履約價32100,賣權",TWTXO210CR60,2026/03/19,期貨及選擇權,,OPEICS,
"TXO32100S6　臺指選擇權,2026/07,履約價32100,賣權",TWTXO210CS69,2026/04/16,期貨及選擇權,,OPEICS,
"TXO32200Q6　臺指選擇權,2026/05,履約價32200,賣權",TWTXO220CQ69,2026/02/24,期貨及選擇權,,OPEICS,
"TXO32200R6　臺指選擇權,2026/06,履約價32200,賣權",TWTXO220CR68,2025/10/07,期貨及選擇權,,OPEICS,
"TXO32200S6　臺指選擇權,2026/07,履約價32200,賣權",TWTXO220CS67,2026/04/16,期貨及選擇權,,OPEICS,
"TXO32200U6　臺指選擇權,2026/09,履約價32200,賣權",TWTXO220CU63,2025/12/18,期貨及選擇權,,OPEICS,
"TXO32200X6　臺指選擇權,2026/12,履約價32200,賣權",TWTXO220CX60,2026/03/19,期貨及選擇權,,OPEICS,
"TXO32300Q6　臺指選擇權,2026/05,履約價32300,賣權",TWTXO230CQ67,2026/02/24,期貨及選擇權,,OPEICS,
"TXO32300R6　臺指選擇權,2026/06,履約價32300,賣權",TWTXO230CR66,2026/03/19,期貨及選擇權,,OPEICS,
"TXO32300S6　臺指選擇權,2026/07,履約價32300,賣權",TWTXO230CS65,2026/04/16,期貨及選擇權,,OPEICS,
"TXO32400Q6　臺指選擇權,2026/05,履約價32400,賣權",TWTXO240CQ65,2026/02/24,期貨及選擇權,,OPEICS,
"TXO32400R6　臺指選擇權,2026/06,履約價32400,賣權",TWTXO240CR64,2025/10/08,期貨及選擇權,,OPEICS,
"TXO32400S6　臺指選擇權,2026/07,履約價32400,賣權",TWTXO240CS63,2026/04/16,期貨及選擇權,,OPEICS,
"TXO32400U6　臺指選擇權,2026/09,履約價32400,賣權",TWTXO240CU69,2025/12/18,期貨及選擇權,,OPEICS,
"TXO32400X6　臺指選擇權,2026/12,履約價32400,賣權",TWTXO240CX66,2026/03/19,期貨及選擇權,,OPEICS,
"TXO32500Q6　臺指選擇權,2026/05,履約價32500,賣權",TWTXO250CQ62,2026/02/24,期貨及選擇權,,OPEICS,
"TXO32500R6　臺指選擇權,2026/06,履約價32500,賣權",TWTXO250CR61,2026/03/19,期貨及選擇權,,OPEICS,
"TXO32500S6　臺指選擇權,2026/07,履約價32500,賣權",TWTXO250CS60,2026/04/16,期貨及選擇權,,OPEICS,
"TXO32600Q6　臺指選擇權,2026/05,履約價32600,賣權",TWTXO260CQ60,2026/02/24,期貨及選擇權,,OPEICS,
"TXO32600R6　臺指選擇權,2026/06,履約價32600,賣權",TWTXO260CR69,2025/10/08,期貨及選擇權,,OPEICS,
"TXO32600S6　臺指選擇權,2026/07,履約價32600,賣權",TWTXO260CS68,2026/04/16,期貨及選擇權,,OPEICS,
"TXO32600U6　臺指選擇權,2026/09,履約價32600,賣權",TWTXO260CU64,2025/12/18,期貨及選擇權,,OPEICS,
"TXO32600X6　臺指選擇權,2026/12,履約價32600,賣權",TWTXO260CX61,2026/03/19,期貨及選擇權,,OPEICS,
"TXO32700Q6　臺指選擇權,2026/05,履約價32700,賣權",TWTXO270CQ68,2026/02/24,期貨及選擇權,,OPEICS,
"TXO32700R6　臺指選擇權,2026/06,履約價32700,賣權",TWTXO270CR67,2026/03/19,期貨及選擇權,,OPEICS,
"TXO32700S6　臺指選擇權,2026/07,履約價32700,賣權",TWTXO270CS66,2026/04/16,期貨及選擇權,,OPEICS,
"TXO32800Q6　臺指選擇權,2026/05,履約價32800,賣權",TWTXO280CQ66,2026/02/24,期貨及選擇權,,OPEICS,
"TXO32800R6　臺指選擇權,2026/06,履約價32800,賣權",TWTXO280CR65,2025/10/08,期貨及選擇權,,OPEICS,
"TXO32800S6　臺指選擇權,2026/07,履約價32800,賣權",TWTXO280CS64,2026/04/16,期貨及選擇權,,OPEICS,
"TXO32800U6　臺指選擇權,2026/09,履約價32800,賣權",TWTXO280CU60,2025/12/18,期貨及選擇權,,OPEICS,
"TXO32800X6　臺指選擇權,2026/12,履約價32800,賣權",TWTXO280CX67,2026/03/19,期貨及選擇權,,OPEICS,
"TXO32900Q6　臺指選擇權,2026/05,履約價32900,賣權",TWTXO290CQ64,2026/02/24,期貨及選擇權,,OPEICS,
"TXO32900R6　臺指選擇權,2026/06,履約價32900,賣權",TWTXO290CR63,2026/03/19,期貨及選擇權,,OPEICS,
"TXO32900S6　臺指選擇權,2026/07,履約價32900,賣權",TWTXO290CS62,2026/04/16,期貨及選擇權,,OPEICS,
"TXO33000Q6　臺指選擇權,2026/05,履約價33000,賣權",TWTXO300CQ62,2026/02/24,期貨及選擇權,,OPEICS,
"TXO33000R6　臺指選擇權,2026/06,履約價33000,賣權",TWTXO300CR61,2025/10/17,期貨及選擇權,,OPEICS,
"TXO33000S6　臺指選擇權,2026/07,履約價33000,賣權",TWTXO300CS60,2026/04/16,期貨及選擇權,,OPEICS,
"TXO33000U6　臺指選擇權,2026/09,履約價33000,賣權",TWTXO300CU66,2025/12/18,期貨及選擇權,,OPEICS,
"TXO33000X6　臺指選擇權,2026/12,履約價33000,賣權",TWTXO300CX63,2026/03/19,期貨及選擇權,,OPEICS,
"TXO33100Q6　臺指選擇權,2026/05,履約價33100,賣權",TWTXO310CQ60,2026/02/24,期貨及選擇權,,OPEICS,
"TXO33100R6　臺指選擇權,2026/06,履約價33100,賣權",TWTXO310CR69,2026/03/19,期貨及選擇權,,OPEICS,
"TXO33100S6　臺指選擇權,2026/07,履約價33100,賣權",TWTXO310CS68,2026/04/16,期貨及選擇權,,OPEICS,
"TXO33200Q6　臺指選擇權,2026/05,履約價33200,賣權",TWTXO320CQ68,2026/02/24,期貨及選擇權,,OPEICS,
"TXO33200R6　臺指選擇權,2026/06,履約價33200,賣權",TWTXO320CR67,2025/10/17,期貨及選擇權,,OPEICS,
"TXO33200S6　臺指選擇權,2026/07,履約價33200,賣權",TWTXO320CS66,2026/04/16,期貨及選擇權,,OPEICS,
"TXO33200U6　臺指選擇權,2026/09,履約價33200,賣權",TWTXO320CU62,2025/12/18,期貨及選擇權,,OPEICS,
"TXO33200X6　臺指選擇權,2026/12,履約價33200,賣權",TWTXO320CX69,2026/03/19,期貨及選擇權,,OPEICS,
"TXO33300Q6　臺指選擇權,2026/05,履約價33300,賣權",TWTXO330CQ66,2026/02/24,期貨及選擇權,,OPEICS,
"TXO33300R6　臺指選擇權,2026/06,履約價33300,賣權",TWTXO330CR65,2026/03/19,期貨及選擇權,,OPEICS,
"TXO33300S6　臺指選擇權,2026/07,履約價33300,賣權",TWTXO330CS64,2026/04/16,期貨及選擇權,,OPEICS,
"TXO33400Q6　臺指選擇權,2026/05,履約價33400,賣權",TWTXO340CQ64,2026/02/24,期貨及選擇權,,OPEICS,
"TXO33400R6　臺指選擇權,2026/06,履約價33400,賣權",TWTXO340CR63,2025/10/21,期貨及選擇權,,OPEICS,
"TXO33400S6　臺指選擇權,2026/07,履約價33400,賣權",TWTXO340CS62,2026/04/16,期貨及選擇權,,OPEICS,
"TXO33400U6　臺指選擇權,2026/09,履約價33400,賣權",TWTXO340CU68,2025/12/22,期貨及選擇權,,OPEICS,
"TXO33400X6　臺指選擇權,2026/12,履約價33400,賣權",TWTXO340CX65,2026/03/19,期貨及選擇權,,OPEICS,
"TXO33500Q6　臺指選擇權,2026/05,履約價33500,賣權",TWTXO350CQ61,2026/02/24,期貨及選擇權,,OPEICS,
"TXO33500R6　臺指選擇權,2026/06,履約價33500,賣權",TWTXO350CR60,2026/03/19,期貨及選擇權,,OPEICS,
"TXO33500S6　臺指選擇權,2026/07,履約價33500,賣權",TWTXO350CS69,2026/04/16,期貨及選擇權,,OPEICS,
"TXO33600Q6　臺指選擇權,2026/05,履約價33600,賣權",TWTXO360CQ69,2026/02/24,期貨及選擇權,,OPEICS,
"TXO33600R6　臺指選擇權,2026/06,履約價33600,賣權",TWTXO360CR68,2025/10/28,期貨及選擇權,,OPEICS,
"TXO33600S6　臺指選擇權,2026/07,履約價33600,賣權",TWTXO360CS67,2026/04/16,期貨及選擇權,,OPEICS,
"TXO33600U6　臺指選擇權,2026/09,履約價33600,賣權",TWTXO360CU63,2025/12/23,期貨及選擇權,,OPEICS,
"TXO33600X6　臺指選擇權,2026/12,履約價33600,賣權",TWTXO360CX60,2026/03/19,期貨及選擇權,,OPEICS,
"TXO33700Q6　臺指選擇權,2026/05,履約價33700,賣權",TWTXO370CQ67,2026/02/24,期貨及選擇權,,OPEICS,
"TXO33700R6　臺指選擇權,2026/06,履約價33700,賣權",TWTXO370CR66,2026/03/19,期貨及選擇權,,OPEICS,
"TXO33700S6　臺指選擇權,2026/07,履約價33700,賣權",TWTXO370CS65,2026/04/16,期貨及選擇權,,OPEICS,
"TXO33800Q6　臺指選擇權,2026/05,履約價33800,賣權",TWTXO380CQ65,2026/02/24,期貨及選擇權,,OPEICS,
"TXO33800R6　臺指選擇權,2026/06,履約價33800,賣權",TWTXO380CR64,2025/10/30,期貨及選擇權,,OPEICS,
"TXO33800S6　臺指選擇權,2026/07,履約價33800,賣權",TWTXO380CS63,2026/04/16,期貨及選擇權,,OPEICS,
"TXO33800U6　臺指選擇權,2026/09,履約價33800,賣權",TWTXO380CU69,2025/12/23,期貨及選擇權,,OPEICS,
"TXO33800X6　臺指選擇權,2026/12,履約價33800,賣權",TWTXO380CX66,2026/03/19,期貨及選擇權,,OPEICS,
"TXO33900Q6　臺指選擇權,2026/05,履約價33900,賣權",TWTXO390CQ63,2026/02/24,期貨及選擇權,,OPEICS,
"TXO33900R6　臺指選擇權,2026/06,履約價33900,賣權",TWTXO390CR62,2026/03/19,期貨及選擇權,,OPEICS,
"TXO33900S6　臺指選擇權,2026/07,履約價33900,賣權",TWTXO390CS61,2026/04/16,期貨及選擇權,,OPEICS,
"TXO34000Q6　臺指選擇權,2026/05,履約價34000,賣權",TWTXO400CQ61,2026/02/24,期貨及選擇權,,OPEICS,
"TXO34000R6　臺指選擇權,2026/06,履約價34000,賣權",TWTXO400CR60,2025/10/30,期貨及選擇權,,OPEICS,
"TXO34000S6　臺指選擇權,2026/07,履約價34000,賣權",TWTXO400CS69,2026/04/16,期貨及選擇權,,OPEICS,
"TXO34000U6　臺指選擇權,2026/09,履約價34000,賣權",TWTXO400CU65,2025/12/24,期貨及選擇權,,OPEICS,
"TXO34000X6　臺指選擇權,2026/12,履約價34000,賣權",TWTXO400CX62,2026/03/19,期貨及選擇權,,OPEICS,
"TXO34100Q6　臺指選擇權,2026/05,履約價34100,賣權",TWTXO410CQ69,2026/02/24,期貨及選擇權,,OPEICS,
"TXO34100R6　臺指選擇權,2026/06,履約價34100,賣權",TWTXO410CR68,2026/03/19,期貨及選擇權,,OPEICS,
"TXO34100S6　臺指選擇權,2026/07,履約價34100,賣權",TWTXO410CS67,2026/04/16,期貨及選擇權,,OPEICS,
"TXO34200Q6　臺指選擇權,2026/05,履約價34200,賣權",TWTXO420CQ67,2026/02/24,期貨及選擇權,,OPEICS,
"TXO34200R6　臺指選擇權,2026/06,履約價34200,賣權",TWTXO420CR66,2025/11/04,期貨及選擇權,,OPEICS,
"TXO34200S6　臺指選擇權,2026/07,履約價34200,賣權",TWTXO420CS65,2026/04/16,期貨及選擇權,,OPEICS,
"TXO34200U6　臺指選擇權,2026/09,履約價34200,賣權",TWTXO420CU61,2025/12/26,期貨及選擇權,,OPEICS,
"TXO34200X6　臺指選擇權,2026/12,履約價34200,賣權",TWTXO420CX68,2026/03/19,期貨及選擇權,,OPEICS,
"TXO34300Q6　臺指選擇權,2026/05,履約價34300,賣權",TWTXO430CQ65,2026/02/24,期貨及選擇權,,OPEICS,
"TXO34300R6　臺指選擇權,2026/06,履約價34300,賣權",TWTXO430CR64,2026/03/19,期貨及選擇權,,OPEICS,
"TXO34300S6　臺指選擇權,2026/07,履約價34300,賣權",TWTXO430CS63,2026/04/16,期貨及選擇權,,OPEICS,
"TXO34400Q6　臺指選擇權,2026/05,履約價34400,賣權",TWTXO440CQ63,2026/02/24,期貨及選擇權,,OPEICS,
"TXO34400R6　臺指選擇權,2026/06,履約價34400,賣權",TWTXO440CR62,2025/12/29,期貨及選擇權,,OPEICS,
"TXO34400S6　臺指選擇權,2026/07,履約價34400,賣權",TWTXO440CS61,2026/04/16,期貨及選擇權,,OPEICS,
"TXO34400U6　臺指選擇權,2026/09,履約價34400,賣權",TWTXO440CU67,2025/12/29,期貨及選擇權,,OPEICS,
"TXO34400X6　臺指選擇權,2026/12,履約價34400,賣權",TWTXO440CX64,2026/03/19,期貨及選擇權,,OPEICS,
"TXO34500Q6　臺指選擇權,2026/05,履約價34500,賣權",TWTXO450CQ60,2026/02/24,期貨及選擇權,,OPEICS,
"TXO34500R6　臺指選擇權,2026/06,履約價34500,賣權",TWTXO450CR69,2026/03/19,期貨及選擇權,,OPEICS,
"TXO34500S6　臺指選擇權,2026/07,履約價34500,賣權",TWTXO450CS68,2026/04/16,期貨及選擇權,,OPEICS,
"TXO34600Q6　臺指選擇權,2026/05,履約價34600,賣權",TWTXO460CQ68,2026/02/24,期貨及選擇權,,OPEICS,
"TXO34600R6　臺指選擇權,2026/06,履約價34600,賣權",TWTXO460CR67,2025/12/30,期貨及選擇權,,OPEICS,
"TXO34600S6　臺指選擇權,2026/07,履約價34600,賣權",TWTXO460CS66,2026/04/16,期貨及選擇權,,OPEICS,
"TXO34600U6　臺指選擇權,2026/09,履約價34600,賣權",TWTXO460CU62,2025/12/30,期貨及選擇權,,OPEICS,
"TXO34600X6　臺指選擇權,2026/12,履約價34600,賣權",TWTXO460CX69,2026/03/19,期貨及選擇權,,OPEICS,
"TXO34700Q6　臺指選擇權,2026/05,履約價34700,賣權",TWTXO470CQ66,2026/02/24,期貨及選擇權,,OPEICS,
"TXO34700R6　臺指選擇權,2026/06,履約價34700,賣權",TWTXO470CR65,2026/03/19,期貨及選擇權,,OPEICS,
"TXO34700S6　臺指選擇權,2026/07,履約價34700,賣權",TWTXO470CS64,2026/04/16,期貨及選擇權,,OPEICS,
"TXO34800Q6　臺指選擇權,2026/05,履約價34800,賣權",TWTXO480CQ64,2026/02/24,期貨及選擇權,,OPEICS,
"TXO34800R6　臺指選擇權,2026/06,履約價34800,賣權",TWTXO480CR63,2026/01/02,期貨及選擇權,,OPEICS,
"TXO34800S6　臺指選擇權,2026/07,履約價34800,賣權",TWTXO480CS62,2026/04/16,期貨及選擇權,,OPEICS,
"TXO34800U6　臺指選擇權,2026/09,履約價34800,賣權",TWTXO480CU68,2026/01/02,期貨及選擇權,,OPEICS,
"TXO34800X6　臺指選擇權,2026/12,履約價34800,賣權",TWTXO480CX65,2026/03/19,期貨及選擇權,,OPEICS,
"TXO34900Q6　臺指選擇權,2026/05,履約價34900,賣權",TWTXO490CQ62,2026/02/24,期貨及選擇權,,OPEICS,
"TXO34900R6　臺指選擇權,2026/06,履約價34900,賣權",TWTXO490CR61,2026/03/19,期貨及選擇權,,OPEICS,
"TXO34900S6　臺指選擇權,2026/07,履約價34900,賣權",TWTXO490CS60,2026/04/16,期貨及選擇權,,OPEICS,
"TXO35000Q6　臺指選擇權,2026/05,履約價35000,賣權",TWTXO500CQ60,2026/02/24,期貨及選擇權,,OPEICS,
"TXO35000R6　臺指選擇權,2026/06,履約價35000,賣權",TWTXO500CR69,2026/01/05,期貨及選擇權,,OPEICS,
"TXO35000S6　臺指選擇權,2026/07,履約價35000,賣權",TWTXO500CS68,2026/04/16,期貨及選擇權,,OPEICS,
"TXO35000U6　臺指選擇權,2026/09,履約價35000,賣權",TWTXO500CU64,2026/01/05,期貨及選擇權,,OPEICS,
"TXO35000X6　臺指選擇權,2026/12,履約價35000,賣權",TWTXO500CX61,2026/03/19,期貨及選擇權,,OPEICS,
"TXO35100Q6　臺指選擇權,2026/05,履約價35100,賣權",TWTXO510CQ68,2026/02/24,期貨及選擇權,,OPEICS,
"TXO35100R6　臺指選擇權,2026/06,履約價35100,賣權",TWTXO510CR67,2026/03/19,期貨及選擇權,,OPEICS,
"TXO35100S6　臺指選擇權,2026/07,履約價35100,賣權",TWTXO510CS66,2026/04/16,期貨及選擇權,,OPEICS,
"TXO35200Q6　臺指選擇權,2026/05,履約價35200,賣權",TWTXO520CQ66,2026/02/24,期貨及選擇權,,OPEICS,
"TXO35200R6　臺指選擇權,2026/06,履約價35200,賣權",TWTXO520CR65,2026/01/05,期貨及選擇權,,OPEICS,
"TXO35200S6　臺指選擇權,2026/07,履約價35200,賣權",TWTXO520CS64,2026/04/16,期貨及選擇權,,OPEICS,
"TXO35200U6　臺指選擇權,2026/09,履約價35200,賣權",TWTXO520CU60,2026/01/05,期貨及選擇權,,OPEICS,
"TXO35200X6　臺指選擇權,2026/12,履約價35200,賣權",TWTXO520CX67,2026/03/19,期貨及選擇權,,OPEICS,
"TXO35300Q6　臺指選擇權,2026/05,履約價35300,賣權",TWTXO530CQ64,2026/02/24,期貨及選擇權,,OPEICS,
"TXO35300R6　臺指選擇權,2026/06,履約價35300,賣權",TWTXO530CR63,2026/03/19,期貨及選擇權,,OPEICS,
"TXO35300S6　臺指選擇權,2026/07,履約價35300,賣權",TWTXO530CS62,2026/04/16,期貨及選擇權,,OPEICS,
"TXO35400Q6　臺指選擇權,2026/05,履約價35400,賣權",TWTXO540CQ62,2026/02/24,期貨及選擇權,,OPEICS,
"TXO35400R6　臺指選擇權,2026/06,履約價35400,賣權",TWTXO540CR61,2026/01/05,期貨及選擇權,,OPEICS,
"TXO35400S6　臺指選擇權,2026/07,履約價35400,賣權",TWTXO540CS60,2026/04/16,期貨及選擇權,,OPEICS,
"TXO35400U6　臺指選擇權,2026/09,履約價35400,賣權",TWTXO540CU66,2026/01/05,期貨及選擇權,,OPEICS,
"TXO35400X6　臺指選擇權,2026/12,履約價35400,賣權",TWTXO540CX63,2026/03/19,期貨及選擇權,,OPEICS,
"TXO35500Q6　臺指選擇權,2026/05,履約價35500,賣權",TWTXO550CQ69,2026/02/24,期貨及選擇權,,OPEICS,
"TXO35500R6　臺指選擇權,2026/06,履約價35500,賣權",TWTXO550CR68,2026/03/19,期貨及選擇權,,OPEICS,
"TXO35500S6　臺指選擇權,2026/07,履約價35500,賣權",TWTXO550CS67,2026/04/16,期貨及選擇權,,OPEICS,
"TXO35600Q6　臺指選擇權,2026/05,履約價35600,賣權",TWTXO560CQ67,2026/02/24,期貨及選擇權,,OPEICS,
"TXO35600R6　臺指選擇權,2026/06,履約價35600,賣權",TWTXO560CR66,2026/01/06,期貨及選擇權,,OPEICS,
"TXO35600S6　臺指選擇權,2026/07,履約價35600,賣權",TWTXO560CS65,2026/04/16,期貨及選擇權,,OPEICS,
"TXO35600U6　臺指選擇權,2026/09,履約價35600,賣權",TWTXO560CU61,2026/01/06,期貨及選擇權,,OPEICS,
"TXO35600X6　臺指選擇權,2026/12,履約價35600,賣權",TWTXO560CX68,2026/03/19,期貨及選擇權,,OPEICS,
"TXO35700Q6　臺指選擇權,2026/05,履約價35700,賣權",TWTXO570CQ65,2026/02/24,期貨及選擇權,,OPEICS,
"TXO35700R6　臺指選擇權,2026/06,履約價35700,賣權",TWTXO570CR64,2026/03/19,期貨及選擇權,,OPEICS,
"TXO35700S6　臺指選擇權,2026/07,履約價35700,賣權",TWTXO570CS63,2026/04/16,期貨及選擇權,,OPEICS,
"TXO35800Q6　臺指選擇權,2026/05,履約價35800,賣權",TWTXO580CQ63,2026/02/24,期貨及選擇權,,OPEICS,
"TXO35800R6　臺指選擇權,2026/06,履約價35800,賣權",TWTXO580CR62,2026/01/06,期貨及選擇權,,OPEICS,
"TXO35800S6　臺指選擇權,2026/07,履約價35800,賣權",TWTXO580CS61,2026/04/16,期貨及選擇權,,OPEICS,
"TXO35800U6　臺指選擇權,2026/09,履約價35800,賣權",TWTXO580CU67,2026/01/06,期貨及選擇權,,OPEICS,
"TXO35800X6　臺指選擇權,2026/12,履約價35800,賣權",TWTXO580CX64,2026/03/19,期貨及選擇權,,OPEICS,
"TXO35900Q6　臺指選擇權,2026/05,履約價35900,賣權",TWTXO590CQ61,2026/02/24,期貨及選擇權,,OPEICS,
"TXO35900R6　臺指選擇權,2026/06,履約價35900,賣權",TWTXO590CR60,2026/03/19,期貨及選擇權,,OPEICS,
"TXO35900S6　臺指選擇權,2026/07,履約價35900,賣權",TWTXO590CS69,2026/04/16,期貨及選擇權,,OPEICS,
"TXO36000Q6　臺指選擇權,2026/05,履約價36000,賣權",TWTXO600CQ69,2026/02/24,期貨及選擇權,,OPEICS,
"TXO36000R6　臺指選擇權,2026/06,履約價36000,賣權",TWTXO600CR68,2026/01/06,期貨及選擇權,,OPEICS,
"TXO36000S6　臺指選擇權,2026/07,履約價36000,賣權",TWTXO600CS67,2026/04/16,期貨及選擇權,,OPEICS,
"TXO36000U6　臺指選擇權,2026/09,履約價36000,賣權",TWTXO600CU63,2026/01/06,期貨及選擇權,,OPEICS,
"TXO36000X6　臺指選擇權,2026/12,履約價36000,賣權",TWTXO600CX60,2026/03/19,期貨及選擇權,,OPEICS,
"TXO36100Q6　臺指選擇權,2026/05,履約價36100,賣權",TWTXO610CQ67,2026/02/24,期貨及選擇權,,OPEICS,
"TXO36100R6　臺指選擇權,2026/06,履約價36100,賣權",TWTXO610CR66,2026/03/19,期貨及選擇權,,OPEICS,
"TXO36100S6　臺指選擇權,2026/07,履約價36100,賣權",TWTXO610CS65,2026/04/16,期貨及選擇權,,OPEICS,
"TXO36200Q6　臺指選擇權,2026/05,履約價36200,賣權",TWTXO620CQ65,2026/02/24,期貨及選擇權,,OPEICS,
"TXO36200R6　臺指選擇權,2026/06,履約價36200,賣權",TWTXO620CR64,2026/01/06,期貨及選擇權,,OPEICS,
"TXO36200S6　臺指選擇權,2026/07,履約價36200,賣權",TWTXO620CS63,2026/04/16,期貨及選擇權,,OPEICS,
"TXO36200U6　臺指選擇權,2026/09,履約價36200,賣權",TWTXO620CU69,2026/01/06,期貨及選擇權,,OPEICS,
"TXO36200X6　臺指選擇權,2026/12,履約價36200,賣權",TWTXO620CX66,2026/03/19,期貨及選擇權,,OPEICS,
"TXO36300Q6　臺指選擇權,2026/05,履約價36300,賣權",TWTXO630CQ63,2026/02/24,期貨及選擇權,,OPEICS,
"TXO36300R6　臺指選擇權,2026/06,履約價36300,賣權",TWTXO630CR62,2026/03/19,期貨及選擇權,,OPEICS,
"TXO36300S6　臺指選擇權,2026/07,履約價36300,賣權",TWTXO630CS61,2026/04/16,期貨及選擇權,,OPEICS,
"TXO36400Q6　臺指選擇權,2026/05,履約價36400,賣權",TWTXO640CQ61,2026/02/24,期貨及選擇權,,OPEICS,
"TXO36400R6　臺指選擇權,2026/06,履約價36400,賣權",TWTXO640CR60,2026/01/07,期貨及選擇權,,OPEICS,
"TXO36400S6　臺指選擇權,2026/07,履約價36400,賣權",TWTXO640CS69,2026/04/16,期貨及選擇權,,OPEICS,
"TXO36400U6　臺指選擇權,2026/09,履約價36400,賣權",TWTXO640CU65,2026/01/07,期貨及選擇權,,OPEICS,
"TXO36400X6　臺指選擇權,2026/12,履約價36400,賣權",TWTXO640CX62,2026/03/19,期貨及選擇權,,OPEICS,
"TXO36500Q6　臺指選擇權,2026/05,履約價36500,賣權",TWTXO650CQ68,2026/02/24,期貨及選擇權,,OPEICS,
"TXO36500R6　臺指選擇權,2026/06,履約價36500,賣權",TWTXO650CR67,2026/03/19,期貨及選擇權,,OPEICS,
"TXO36500S6　臺指選擇權,2026/07,履約價36500,賣權",TWTXO650CS66,2026/04/16,期貨及選擇權,,OPEICS,
"TXO36600Q6　臺指選擇權,2026/05,履約價36600,賣權",TWTXO660CQ66,2026/02/24,期貨及選擇權,,OPEICS,
"TXO36600R6　臺指選擇權,2026/06,履約價36600,賣權",TWTXO660CR65,2026/01/07,期貨及選擇權,,OPEICS,
"TXO36600S6　臺指選擇權,2026/07,履約價36600,賣權",TWTXO660CS64,2026/04/16,期貨及選擇權,,OPEICS,
"TXO36600U6　臺指選擇權,2026/09,履約價36600,賣權",TWTXO660CU60,2026/01/07,期貨及選擇權,,OPEICS,
"TXO36600X6　臺指選擇權,2026/12,履約價36600,賣權",TWTXO660CX67,2026/03/19,期貨及選擇權,,OPEICS,
"TXO36700Q6　臺指選擇權,2026/05,履約價36700,賣權",TWTXO670CQ64,2026/02/24,期貨及選擇權,,OPEICS,
"TXO36700R6　臺指選擇權,2026/06,履約價36700,賣權",TWTXO670CR63,2026/03/19,期貨及選擇權,,OPEICS,
"TXO36700S6　臺指選擇權,2026/07,履約價36700,賣權",TWTXO670CS62,2026/04/16,期貨及選擇權,,OPEICS,
"TXO36800Q6　臺指選擇權,2026/05,履約價36800,賣權",TWTXO680CQ62,2026/02/24,期貨及選擇權,,OPEICS,
"TXO36800R6　臺指選擇權,2026/06,履約價36800,賣權",TWTXO680CR61,2026/01/07,期貨及選擇權,,OPEICS,
"TXO36800S6　臺指選擇權,2026/07,履約價36800,賣權",TWTXO680CS60,2026/04/16,期貨及選擇權,,OPEICS,
"TXO36800U6　臺指選擇權,2026/09,履約價36800,賣權",TWTXO680CU66,2026/01/07,期貨及選擇權,,OPEICS,
"TXO36800X6　臺指選擇權,2026/12,履約價36800,賣權",TWTXO680CX63,2026/03/19,期貨及選擇權,,OPEICS,
"TXO36900Q6　臺指選擇權,2026/05,履約價36900,賣權",TWTXO690CQ60,2026/02/24,期貨及選擇權,,OPEICS,
"TXO36900R6　臺指選擇權,2026/06,履約價36900,賣權",TWTXO690CR69,2026/03/19,期貨及選擇權,,OPEICS,
"TXO36900S6　臺指選擇權,2026/07,履約價36900,賣權",TWTXO690CS68,2026/04/16,期貨及選擇權,,OPEICS,
"TXO37000Q6　臺指選擇權,2026/05,履約價37000,賣權",TWTXO700CQ68,2026/02/24,期貨及選擇權,,OPEICS,
"TXO37000R6　臺指選擇權,2026/06,履約價37000,賣權",TWTXO700CR67,2026/01/14,期貨及選擇權,,OPEICS,
"TXO37000S6　臺指選擇權,2026/07,履約價37000,賣權",TWTXO700CS66,2026/04/16,期貨及選擇權,,OPEICS,
"TXO37000U6　臺指選擇權,2026/09,履約價37000,賣權",TWTXO700CU62,2026/01/14,期貨及選擇權,,OPEICS,
"TXO37000X6　臺指選擇權,2026/12,履約價37000,賣權",TWTXO700CX69,2026/03/19,期貨及選擇權,,OPEICS,
"TXO37100Q6　臺指選擇權,2026/05,履約價37100,賣權",TWTXO710CQ66,2026/02/24,期貨及選擇權,,OPEICS,
"TXO37100R6　臺指選擇權,2026/06,履約價37100,賣權",TWTXO710CR65,2026/03/19,期貨及選擇權,,OPEICS,
"TXO37100S6　臺指選擇權,2026/07,履約價37100,賣權",TWTXO710CS64,2026/04/16,期貨及選擇權,,OPEICS,
"TXO37200Q6　臺指選擇權,2026/05,履約價37200,賣權",TWTXO720CQ64,2026/02/24,期貨及選擇權,,OPEICS,
"TXO37200R6　臺指選擇權,2026/06,履約價37200,賣權",TWTXO720CR63,2026/01/15,期貨及選擇權,,OPEICS,
"TXO37200S6　臺指選擇權,2026/07,履約價37200,賣權",TWTXO720CS62,2026/04/16,期貨及選擇權,,OPEICS,
"TXO37200U6　臺指選擇權,2026/09,履約價37200,賣權",TWTXO720CU68,2026/01/15,期貨及選擇權,,OPEICS,
"TXO37200X6　臺指選擇權,2026/12,履約價37200,賣權",TWTXO720CX65,2026/03/19,期貨及選擇權,,OPEICS,
"TXO37300Q6　臺指選擇權,2026/05,履約價37300,賣權",TWTXO730CQ62,2026/02/24,期貨及選擇權,,OPEICS,
"TXO37300R6　臺指選擇權,2026/06,履約價37300,賣權",TWTXO730CR61,2026/03/19,期貨及選擇權,,OPEICS,
"TXO37300S6　臺指選擇權,2026/07,履約價37300,賣權",TWTXO730CS60,2026/04/16,期貨及選擇權,,OPEICS,
"TXO37400Q6　臺指選擇權,2026/05,履約價37400,賣權",TWTXO740CQ60,2026/02/24,期貨及選擇權,,OPEICS,
"TXO37400R6　臺指選擇權,2026/06,履約價37400,賣權",TWTXO740CR69,2026/01/19,期貨及選擇權,,OPEICS,
"TXO37400S6　臺指選擇權,2026/07,履約價37400,賣權",TWTXO740CS68,2026/04/16,期貨及選擇權,,OPEICS,
"TXO37400U6　臺指選擇權,2026/09,履約價37400,賣權",TWTXO740CU64,2026/01/19,期貨及選擇權,,OPEICS,
"TXO37400X6　臺指選擇權,2026/12,履約價37400,賣權",TWTXO740CX61,2026/03/19,期貨及選擇權,,OPEICS,
"TXO37500Q6　臺指選擇權,2026/05,履約價37500,賣權",TWTXO750CQ67,2026/02/24,期貨及選擇權,,OPEICS,
"TXO37500R6　臺指選擇權,2026/06,履約價37500,賣權",TWTXO750CR66,2026/03/19,期貨及選擇權,,OPEICS,
"TXO37500S6　臺指選擇權,2026/07,履約價37500,賣權",TWTXO750CS65,2026/04/16,期貨及選擇權,,OPEICS,
"TXO37600Q6　臺指選擇權,2026/05,履約價37600,賣權",TWTXO760CQ65,2026/02/24,期貨及選擇權,,OPEICS,
"TXO37600R6　臺指選擇權,2026/06,履約價37600,賣權",TWTXO760CR64,2026/01/19,期貨及選擇權,,OPEICS,
"TXO37600S6　臺指選擇權,2026/07,履約價37600,賣權",TWTXO760CS63,2026/04/16,期貨及選擇權,,OPEICS,
"TXO37600U6　臺指選擇權,2026/09,履約價37600,賣權",TWTXO760CU69,2026/01/19,期貨及選擇權,,OPEICS,
"TXO37600X6　臺指選擇權,2026/12,履約價37600,賣權",TWTXO760CX66,2026/03/19,期貨及選擇權,,OPEICS,
"TXO37700Q6　臺指選擇權,2026/05,履約價37700,賣權",TWTXO770CQ63,2026/02/24,期貨及選擇權,,OPEICS,
"TXO37700R6　臺指選擇權,2026/06,履約價37700,賣權",TWTXO770CR62,2026/03/19,期貨及選擇權,,OPEICS,
"TXO37700S6　臺指選擇權,2026/07,履約價37700,賣權",TWTXO770CS61,2026/04/16,期貨及選擇權,,OPEICS,
"TXO37800Q6　臺指選擇權,2026/05,履約價37800,賣權",TWTXO780CQ61,2026/02/24,期貨及選擇權,,OPEICS,
"TXO37800R6　臺指選擇權,2026/06,履約價37800,賣權",TWTXO780CR60,2026/01/19,期貨及選擇權,,OPEICS,
"TXO37800S6　臺指選擇權,2026/07,履約價37800,賣權",TWTXO780CS69,2026/04/16,期貨及選擇權,,OPEICS,
"TXO37800U6　臺指選擇權,2026/09,履約價37800,賣權",TWTXO780CU65,2026/01/19,期貨及選擇權,,OPEICS,
"TXO37800X6　臺指選擇權,2026/12,履約價37800,賣權",TWTXO780CX62,2026/03/19,期貨及選擇權,,OPEICS,
"TXO37900Q6　臺指選擇權,2026/05,履約價37900,賣權",TWTXO790CQ69,2026/02/24,期貨及選擇權,,OPEICS,
"TXO37900R6　臺指選擇權,2026/06,履約價37900,賣權",TWTXO790CR68,2026/03/19,期貨及選擇權,,OPEICS,
"TXO37900S6　臺指選擇權,2026/07,履約價37900,賣權",TWTXO790CS67,2026/04/16,期貨及選擇權,,OPEICS,
"TXO38000Q6　臺指選擇權,2026/05,履約價38000,賣權",TWTXO800CQ67,2026/02/24,期貨及選擇權,,OPEICS,
"TXO38000R6　臺指選擇權,2026/06,履約價38000,賣權",TWTXO800CR66,2026/01/20,期貨及選擇權,,OPEICS,
"TXO38000S6　臺指選擇權,2026/07,履約價38000,賣權",TWTXO800CS65,2026/04/16,期貨及選擇權,,OPEICS,
"TXO38000U6　臺指選擇權,2026/09,履約價38000,賣權",TWTXO800CU61,2026/01/20,期貨及選擇權,,OPEICS,
"TXO38000X6　臺指選擇權,2026/12,履約價38000,賣權",TWTXO800CX68,2026/03/19,期貨及選擇權,,OPEICS,
"TXO38100Q6　臺指選擇權,2026/05,履約價38100,賣權",TWTXO810CQ65,2026/02/24,期貨及選擇權,,OPEICS,
"TXO38100R6　臺指選擇權,2026/06,履約價38100,賣權",TWTXO810CR64,2026/03/19,期貨及選擇權,,OPEICS,
"TXO38100S6　臺指選擇權,2026/07,履約價38100,賣權",TWTXO810CS63,2026/04/16,期貨及選擇權,,OPEICS,
"TXO38200Q6　臺指選擇權,2026/05,履約價38200,賣權",TWTXO820CQ63,2026/02/24,期貨及選擇權,,OPEICS,
"TXO38200R6　臺指選擇權,2026/06,履約價38200,賣權",TWTXO820CR62,2026/01/21,期貨及選擇權,,OPEICS,
"TXO38200S6　臺指選擇權,2026/07,履約價38200,賣權",TWTXO820CS61,2026/04/16,期貨及選擇權,,OPEICS,
"TXO38200U6　臺指選擇權,2026/09,履約價38200,賣權",TWTXO820CU67,2026/01/21,期貨及選擇權,,OPEICS,
"TXO38200X6　臺指選擇權,2026/12,履約價38200,賣權",TWTXO820CX64,2026/03/19,期貨及選擇權,,OPEICS,
"TXO38300Q6　臺指選擇權,2026/05,履約價38300,賣權",TWTXO830CQ61,2026/02/24,期貨及選擇權,,OPEICS,
"TXO38300R6　臺指選擇權,2026/06,履約價38300,賣權",TWTXO830CR60,2026/03/19,期貨及選擇權,,OPEICS,
"TXO38300S6　臺指選擇權,2026/07,履約價38300,賣權",TWTXO830CS69,2026/04/16,期貨及選擇權,,OPEICS,
"TXO38400Q6　臺指選擇權,2026/05,履約價38400,賣權",TWTXO840CQ69,2026/02/24,期貨及選擇權,,OPEICS,
"TXO38400R6　臺指選擇權,2026/06,履約價38400,賣權",TWTXO840CR68,2026/01/26,期貨及選擇權,,OPEICS,
"TXO38400S6　臺指選擇權,2026/07,履約價38400,賣權",TWTXO840CS67,2026/04/16,期貨及選擇權,,OPEICS,
"TXO38400U6　臺指選擇權,2026/09,履約價38400,賣權",TWTXO840CU63,2026/01/26,期貨及選擇權,,OPEICS,
"TXO38400X6　臺指選擇權,2026/12,履約價38400,賣權",TWTXO840CX60,2026/03/19,期貨及選擇權,,OPEICS,
"TXO38500Q6　臺指選擇權,2026/05,履約價38500,賣權",TWTXO850CQ66,2026/02/24,期貨及選擇權,,OPEICS,
"TXO38500R6　臺指選擇權,2026/06,履約價38500,賣權",TWTXO850CR65,2026/03/19,期貨及選擇權,,OPEICS,
"TXO38500S6　臺指選擇權,2026/07,履約價38500,賣權",TWTXO850CS64,2026/04/16,期貨及選擇權,,OPEICS,
"TXO38600Q6　臺指選擇權,2026/05,履約價38600,賣權",TWTXO860CQ64,2026/02/24,期貨及選擇權,,OPEICS,
"TXO38600R6　臺指選擇權,2026/06,履約價38600,賣權",TWTXO860CR63,2026/01/27,期貨及選擇權,,OPEICS,
"TXO38600S6　臺指選擇權,2026/07,履約價38600,賣權",TWTXO860CS62,2026/04/16,期貨及選擇權,,OPEICS,
"TXO38600U6　臺指選擇權,2026/09,履約價38600,賣權",TWTXO860CU68,2026/01/27,期貨及選擇權,,OPEICS,
"TXO38600X6　臺指選擇權,2026/12,履約價38600,賣權",TWTXO860CX65,2026/03/19,期貨及選擇權,,OPEICS,
"TXO38700Q6　臺指選擇權,2026/05,履約價38700,賣權",TWTXO870CQ62,2026/02/24,期貨及選擇權,,OPEICS,
"TXO38700R6　臺指選擇權,2026/06,履約價38700,賣權",TWTXO870CR61,2026/03/19,期貨及選擇權,,OPEICS,
"TXO38700S6　臺指選擇權,2026/07,履約價38700,賣權",TWTXO870CS60,2026/04/16,期貨及選擇權,,OPEICS,
"TXO38800Q6　臺指選擇權,2026/05,履約價38800,賣權",TWTXO880CQ60,2026/02/24,期貨及選擇權,,OPEICS,
"TXO38800R6　臺指選擇權,2026/06,履約價38800,賣權",TWTXO880CR69,2026/01/28,期貨及選擇權,,OPEICS,
"TXO38800S6　臺指選擇權,2026/07,履約價38800,賣權",TWTXO880CS68,2026/04/16,期貨及選擇權,,OPEICS,
"TXO38800U6　臺指選擇權,2026/09,履約價38800,賣權",TWTXO880CU64,2026/01/28,期貨及選擇權,,OPEICS,
"TXO38800X6　臺指選擇權,2026/12,履約價38800,賣權",TWTXO880CX61,2026/03/19,期貨及選擇權,,OPEICS,
"TXO38900Q6　臺指選擇權,2026/05,履約價38900,賣權",TWTXO890CQ68,2026/02/24,期貨及選擇權,,OPEICS,
"TXO38900R6　臺指選擇權,2026/06,履約價38900,賣權",TWTXO890CR67,2026/03/19,期貨及選擇權,,OPEICS,
"TXO38900S6　臺指選擇權,2026/07,履約價38900,賣權",TWTXO890CS66,2026/04/16,期貨及選擇權,,OPEICS,
"TXO39000Q6　臺指選擇權,2026/05,履約價39000,賣權",TWTXO900CQ66,2026/02/25,期貨及選擇權,,OPEICS,
"TXO39000R6　臺指選擇權,2026/06,履約價39000,賣權",TWTXO900CR65,2026/01/29,期貨及選擇權,,OPEICS,
"TXO39000S6　臺指選擇權,2026/07,履約價39000,賣權",TWTXO900CS64,2026/04/16,期貨及選擇權,,OPEICS,
"TXO39000U6　臺指選擇權,2026/09,履約價39000,賣權",TWTXO900CU60,2026/01/29,期貨及選擇權,,OPEICS,
"TXO39000X6　臺指選擇權,2026/12,履約價39000,賣權",TWTXO900CX67,2026/03/19,期貨及選擇權,,OPEICS,
"TXO39100Q6　臺指選擇權,2026/05,履約價39100,賣權",TWTXO910CQ64,2026/02/25,期貨及選擇權,,OPEICS,
"TXO39100R6　臺指選擇權,2026/06,履約價39100,賣權",TWTXO910CR63,2026/03/19,期貨及選擇權,,OPEICS,
"TXO39100S6　臺指選擇權,2026/07,履約價39100,賣權",TWTXO910CS62,2026/04/16,期貨及選擇權,,OPEICS,
"TXO39200Q6　臺指選擇權,2026/05,履約價39200,賣權",TWTXO920CQ62,2026/02/25,期貨及選擇權,,OPEICS,
"TXO39200R6　臺指選擇權,2026/06,履約價39200,賣權",TWTXO920CR61,2026/01/29,期貨及選擇權,,OPEICS,
"TXO39200S6　臺指選擇權,2026/07,履約價39200,賣權",TWTXO920CS60,2026/04/16,期貨及選擇權,,OPEICS,
"TXO39200U6　臺指選擇權,2026/09,履約價39200,賣權",TWTXO920CU66,2026/01/29,期貨及選擇權,,OPEICS,
"TXO39200X6　臺指選擇權,2026/12,履約價39200,賣權",TWTXO920CX63,2026/03/19,期貨及選擇權,,OPEICS,
"TXO39300Q6　臺指選擇權,2026/05,履約價39300,賣權",TWTXO930CQ60,2026/02/25,期貨及選擇權,,OPEICS,
"TXO39300R6　臺指選擇權,2026/06,履約價39300,賣權",TWTXO930CR69,2026/03/19,期貨及選擇權,,OPEICS,
"TXO39300S6　臺指選擇權,2026/07,履約價39300,賣權",TWTXO930CS68,2026/04/16,期貨及選擇權,,OPEICS,
"TXO39400Q6　臺指選擇權,2026/05,履約價39400,賣權",TWTXO940CQ68,2026/02/25,期貨及選擇權,,OPEICS,
"TXO39400R6　臺指選擇權,2026/06,履約價39400,賣權",TWTXO940CR67,2026/01/29,期貨及選擇權,,OPEICS,
"TXO39400S6　臺指選擇權,2026/07,履約價39400,賣權",TWTXO940CS66,2026/04/16,期貨及選擇權,,OPEICS,
"TXO39400U6　臺指選擇權,2026/09,履約價39400,賣權",TWTXO940CU62,2026/01/29,期貨及選擇權,,OPEICS,
"TXO39400X6　臺指選擇權,2026/12,履約價39400,賣權",TWTXO940CX69,2026/03/19,期貨及選擇權,,OPEICS,
"TXO39500Q6　臺指選擇權,2026/05,履約價39500,賣權",TWTXO950CQ65,2026/02/25,期貨及選擇權,,OPEICS,
"TXO39500R6　臺指選擇權,2026/06,履約價39500,賣權",TWTXO950CR64,2026/03/19,期貨及選擇權,,OPEICS,
"TXO39500S6　臺指選擇權,2026/07,履約價39500,賣權",TWTXO950CS63,2026/04/16,期貨及選擇權,,OPEICS,
"TXO39550Q6　臺指選擇權,2026/05,履約價39550,賣權",TWTXO955CQ60,2026/05/06,期貨及選擇權,,OPEICS,
"TXO39600Q6　臺指選擇權,2026/05,履約價39600,賣權",TWTXO960CQ63,2026/02/25,期貨及選擇權,,OPEICS,
"TXO39600R6　臺指選擇權,2026/06,履約價39600,賣權",TWTXO960CR62,2026/02/11,期貨及選擇權,,OPEICS,
"TXO39600S6　臺指選擇權,2026/07,履約價39600,賣權",TWTXO960CS61,2026/04/16,期貨及選擇權,,OPEICS,
"TXO39600U6　臺指選擇權,2026/09,履約價39600,賣權",TWTXO960CU67,2026/02/11,期貨及選擇權,,OPEICS,
"TXO39600X6　臺指選擇權,2026/12,履約價39600,賣權",TWTXO960CX64,2026/03/19,期貨及選擇權,,OPEICS,
"TXO39650Q6　臺指選擇權,2026/05,履約價39650,賣權",TWTXO965CQ68,2026/05/06,期貨及選擇權,,OPEICS,
"TXO39700Q6　臺指選擇權,2026/05,履約價39700,賣權",TWTXO970CQ61,2026/02/25,期貨及選擇權,,OPEICS,
"TXO39700R6　臺指選擇權,2026/06,履約價39700,賣權",TWTXO970CR60,2026/04/09,期貨及選擇權,,OPEICS,
"TXO39700S6　臺指選擇權,2026/07,履約價39700,賣權",TWTXO970CS69,2026/04/16,期貨及選擇權,,OPEICS,
"TXO39750Q6　臺指選擇權,2026/05,履約價39750,賣權",TWTXO975CQ66,2026/05/06,期貨及選擇權,,OPEICS,
"TXO39800Q6　臺指選擇權,2026/05,履約價39800,賣權",TWTXO980CQ69,2026/02/25,期貨及選擇權,,OPEICS,
"TXO39800R6　臺指選擇權,2026/06,履約價39800,賣權",TWTXO980CR68,2026/02/11,期貨及選擇權,,OPEICS,
"TXO39800S6　臺指選擇權,2026/07,履約價39800,賣權",TWTXO980CS67,2026/04/16,期貨及選擇權,,OPEICS,
"TXO39800U6　臺指選擇權,2026/09,履約價39800,賣權",TWTXO980CU63,2026/02/11,期貨及選擇權,,OPEICS,
"TXO39800X6　臺指選擇權,2026/12,履約價39800,賣權",TWTXO980CX60,2026/03/19,期貨及選擇權,,OPEICS,
"TXO39850Q6　臺指選擇權,2026/05,履約價39850,賣權",TWTXO985CQ64,2026/05/06,期貨及選擇權,,OPEICS,
"TXO39900Q6　臺指選擇權,2026/05,履約價39900,賣權",TWTXO990CQ67,2026/02/25,期貨及選擇權,,OPEICS,
"TXO39900R6　臺指選擇權,2026/06,履約價39900,賣權",TWTXO990CR66,2026/04/09,期貨及選擇權,,OPEICS,
"TXO39900S6　臺指選擇權,2026/07,履約價39900,賣權",TWTXO990CS65,2026/04/16,期貨及選擇權,,OPEICS,
"TXO39950Q6　臺指選擇權,2026/05,履約價39950,賣權",TWTXO995CQ62,2026/05/06,期貨及選擇權,,OPEICS,
"TXO40000Q6　臺指選擇權,2026/05,履約價40000,賣權",TWTXO000DQ64,2026/02/25,期貨及選擇權,,OPEICS,
"TXO40000R6　臺指選擇權,2026/06,履約價40000,賣權",TWTXO000DR63,2026/02/23,期貨及選擇權,,OPEICS,
"TXO40000S6　臺指選擇權,2026/07,履約價40000,賣權",TWTXO000DS62,2026/04/16,期貨及選擇權,,OPEICS,
"TXO40000U6　臺指選擇權,2026/09,履約價40000,賣權",TWTXO000DU68,2026/02/23,期貨及選擇權,,OPEICS,
"TXO40000X6　臺指選擇權,2026/12,履約價40000,賣權",TWTXO000DX65,2026/03/19,期貨及選擇權,,OPEICS,
"TXO40050Q6　臺指選擇權,2026/05,履約價40050,賣權",TWTXO005DQ69,2026/05/06,期貨及選擇權,,OPEICS,
"TXO40100Q6　臺指選擇權,2026/05,履約價40100,賣權",TWTXO010DQ62,2026/02/26,期貨及選擇權,,OPEICS,
"TXO40100R6　臺指選擇權,2026/06,履約價40100,賣權",TWTXO010DR61,2026/04/10,期貨及選擇權,,OPEICS,
"TXO40100S6　臺指選擇權,2026/07,履約價40100,賣權",TWTXO010DS60,2026/04/16,期貨及選擇權,,OPEICS,
"TXO40150Q6　臺指選擇權,2026/05,履約價40150,賣權",TWTXO015DQ67,2026/05/06,期貨及選擇權,,OPEICS,
"TXO40200Q6　臺指選擇權,2026/05,履約價40200,賣權",TWTXO020DQ60,2026/02/26,期貨及選擇權,,OPEICS,
"TXO40200R6　臺指選擇權,2026/06,履約價40200,賣權",TWTXO020DR69,2026/02/23,期貨及選擇權,,OPEICS,
"TXO40200S6　臺指選擇權,2026/07,履約價40200,賣權",TWTXO020DS68,2026/04/16,期貨及選擇權,,OPEICS,
"TXO40200U6　臺指選擇權,2026/09,履約價40200,賣權",TWTXO020DU64,2026/02/23,期貨及選擇權,,OPEICS,
"TXO40200X6　臺指選擇權,2026/12,履約價40200,賣權",TWTXO020DX61,2026/03/19,期貨及選擇權,,OPEICS,
"TXO40250Q6　臺指選擇權,2026/05,履約價40250,賣權",TWTXO025DQ65,2026/05/06,期貨及選擇權,,OPEICS,
"TXO40300Q6　臺指選擇權,2026/05,履約價40300,賣權",TWTXO030DQ68,2026/02/26,期貨及選擇權,,OPEICS,
"TXO40300R6　臺指選擇權,2026/06,履約價40300,賣權",TWTXO030DR67,2026/04/13,期貨及選擇權,,OPEICS,
"TXO40300S6　臺指選擇權,2026/07,履約價40300,賣權",TWTXO030DS66,2026/04/16,期貨及選擇權,,OPEICS,
"TXO40350Q6　臺指選擇權,2026/05,履約價40350,賣權",TWTXO035DQ63,2026/05/06,期貨及選擇權,,OPEICS,
"TXO40400Q6　臺指選擇權,2026/05,履約價40400,賣權",TWTXO040DQ66,2026/02/26,期貨及選擇權,,OPEICS,
"TXO40400R6　臺指選擇權,2026/06,履約價40400,賣權",TWTXO040DR65,2026/02/23,期貨及選擇權,,OPEICS,
"TXO40400S6　臺指選擇權,2026/07,履約價40400,賣權",TWTXO040DS64,2026/04/16,期貨及選擇權,,OPEICS,
"TXO40400U6　臺指選擇權,2026/09,履約價40400,賣權",TWTXO040DU60,2026/02/23,期貨及選擇權,,OPEICS,
"TXO40400X6　臺指選擇權,2026/12,履約價40400,賣權",TWTXO040DX67,2026/03/19,期貨及選擇權,,OPEICS,
"TXO40450Q6　臺指選擇權,2026/05,履約價40450,賣權",TWTXO045DQ61,2026/05/06,期貨及選擇權,,OPEICS,
"TXO40500Q6　臺指選擇權,2026/05,履約價40500,賣權",TWTXO050DQ63,2026/02/26,期貨及選擇權,,OPEICS,
"TXO40500R6　臺指選擇權,2026/06,履約價40500,賣權",TWTXO050DR62,2026/04/13,期貨及選擇權,,OPEICS,
"TXO40500S6　臺指選擇權,2026/07,履約價40500,賣權",TWTXO050DS61,2026/04/16,期貨及選擇權,,OPEICS,
"TXO40550Q6　臺指選擇權,2026/05,履約價40550,賣權",TWTXO055DQ68,2026/05/06,期貨及選擇權,,OPEICS,
"TXO40600Q6　臺指選擇權,2026/05,履約價40600,賣權",TWTXO060DQ61,2026/02/26,期貨及選擇權,,OPEICS,
"TXO40600R6　臺指選擇權,2026/06,履約價40600,賣權",TWTXO060DR60,2026/02/24,期貨及選擇權,,OPEICS,
"TXO40600S6　臺指選擇權,2026/07,履約價40600,賣權",TWTXO060DS69,2026/04/16,期貨及選擇權,,OPEICS,
"TXO40600U6　臺指選擇權,2026/09,履約價40600,賣權",TWTXO060DU65,2026/02/24,期貨及選擇權,,OPEICS,
"TXO40600X6　臺指選擇權,2026/12,履約價40600,賣權",TWTXO060DX62,2026/03/19,期貨及選擇權,,OPEICS,
"TXO40650Q6　臺指選擇權,2026/05,履約價40650,賣權",TWTXO065DQ66,2026/05/06,期貨及選擇權,,OPEICS,
"TXO40700Q6　臺指選擇權,2026/05,履約價40700,賣權",TWTXO070DQ69,2026/02/26,期貨及選擇權,,OPEICS,
"TXO40700R6　臺指選擇權,2026/06,履約價40700,賣權",TWTXO070DR68,2026/04/13,期貨及選擇權,,OPEICS,
"TXO40700S6　臺指選擇權,2026/07,履約價40700,賣權",TWTXO070DS67,2026/04/16,期貨及選擇權,,OPEICS,
"TXO40750Q6　臺指選擇權,2026/05,履約價40750,賣權",TWTXO075DQ64,2026/05/06,期貨及選擇權,,OPEICS,
"TXO40800Q6　臺指選擇權,2026/05,履約價40800,賣權",TWTXO080DQ67,2026/02/26,期貨及選擇權,,OPEICS,
"TXO40800R6　臺指選擇權,2026/06,履約價40800,賣權",TWTXO080DR66,2026/02/25,期貨及選擇權,,OPEICS,
"TXO40800S6　臺指選擇權,2026/07,履約價40800,賣權",TWTXO080DS65,2026/04/16,期貨及選擇權,,OPEICS,
"TXO40800U6　臺指選擇權,2026/09,履約價40800,賣權",TWTXO080DU61,2026/02/25,期貨及選擇權,,OPEICS,
"TXO40800X6　臺指選擇權,2026/12,履約價40800,賣權",TWTXO080DX68,2026/03/19,期貨及選擇權,,OPEICS,
"TXO40850Q6　臺指選擇權,2026/05,履約價40850,賣權",TWTXO085DQ62,2026/05/06,期貨及選擇權,,OPEICS,
"TXO40900Q6　臺指選擇權,2026/05,履約價40900,賣權",TWTXO090DQ65,2026/04/15,期貨及選擇權,,OPEICS,
"TXO40900R6　臺指選擇權,2026/06,履約價40900,賣權",TWTXO090DR64,2026/04/15,期貨及選擇權,,OPEICS,
"TXO40900S6　臺指選擇權,2026/07,履約價40900,賣權",TWTXO090DS63,2026/04/16,期貨及選擇權,,OPEICS,
"TXO40950Q6　臺指選擇權,2026/05,履約價40950,賣權",TWTXO095DQ60,2026/05/06,期貨及選擇權,,OPEICS,
"TXO41000Q6　臺指選擇權,2026/05,履約價41000,賣權",TWTXO100DQ63,2026/04/15,期貨及選擇權,,OPEICS,
"TXO41000R6　臺指選擇權,2026/06,履約價41000,賣權",TWTXO100DR62,2026/02/25,期貨及選擇權,,OPEICS,
"TXO41000S6　臺指選擇權,2026/07,履約價41000,賣權",TWTXO100DS61,2026/04/16,期貨及選擇權,,OPEICS,
"TXO41000U6　臺指選擇權,2026/09,履約價41000,賣權",TWTXO100DU67,2026/02/25,期貨及選擇權,,OPEICS,
"TXO41000X6　臺指選擇權,2026/12,履約價41000,賣權",TWTXO100DX64,2026/03/19,期貨及選擇權,,OPEICS,
"TXO41050Q6　臺指選擇權,2026/05,履約價41050,賣權",TWTXO105DQ68,2026/05/06,期貨及選擇權,,OPEICS,
"TXO41100Q6　臺指選擇權,2026/05,履約價41100,賣權",TWTXO110DQ61,2026/04/15,期貨及選擇權,,OPEICS,
"TXO41100R6　臺指選擇權,2026/06,履約價41100,賣權",TWTXO110DR60,2026/04/15,期貨及選擇權,,OPEICS,
"TXO41100S6　臺指選擇權,2026/07,履約價41100,賣權",TWTXO110DS69,2026/04/16,期貨及選擇權,,OPEICS,
"TXO41150Q6　臺指選擇權,2026/05,履約價41150,賣權",TWTXO115DQ66,2026/05/06,期貨及選擇權,,OPEICS,
"TXO41200Q6　臺指選擇權,2026/05,履約價41200,賣權",TWTXO120DQ69,2026/04/15,期貨及選擇權,,OPEICS,
"TXO41200R6　臺指選擇權,2026/06,履約價41200,賣權",TWTXO120DR68,2026/02/25,期貨及選擇權,,OPEICS,
"TXO41200S6　臺指選擇權,2026/07,履約價41200,賣權",TWTXO120DS67,2026/04/16,期貨及選擇權,,OPEICS,
"TXO41200U6　臺指選擇權,2026/09,履約價41200,賣權",TWTXO120DU63,2026/02/25,期貨及選擇權,,OPEICS,
"TXO41200X6　臺指選擇權,2026/12,履約價41200,賣權",TWTXO120DX60,2026/03/19,期貨及選擇權,,OPEICS,
"TXO41250Q6　臺指選擇權,2026/05,履約價41250,賣權",TWTXO125DQ64,2026/05/06,期貨及選擇權,,OPEICS,
"TXO41300Q6　臺指選擇權,2026/05,履約價41300,賣權",TWTXO130DQ67,2026/04/15,期貨及選擇權,,OPEICS,
"TXO41300R6　臺指選擇權,2026/06,履約價41300,賣權",TWTXO130DR66,2026/04/15,期貨及選擇權,,OPEICS,
"TXO41300S6　臺指選擇權,2026/07,履約價41300,賣權",TWTXO130DS65,2026/04/16,期貨及選擇權,,OPEICS,
"TXO41350Q6　臺指選擇權,2026/05,履約價41350,賣權",TWTXO135DQ62,2026/05/06,期貨及選擇權,,OPEICS,
"TXO41400Q6　臺指選擇權,2026/05,履約價41400,賣權",TWTXO140DQ65,2026/04/15,期貨及選擇權,,OPEICS,
"TXO41400R6　臺指選擇權,2026/06,履約價41400,賣權",TWTXO140DR64,2026/02/25,期貨及選擇權,,OPEICS,
"TXO41400S6　臺指選擇權,2026/07,履約價41400,賣權",TWTXO140DS63,2026/04/16,期貨及選擇權,,OPEICS,
"TXO41400U6　臺指選擇權,2026/09,履約價41400,賣權",TWTXO140DU69,2026/02/25,期貨及選擇權,,OPEICS,
"TXO41400X6　臺指選擇權,2026/12,履約價41400,賣權",TWTXO140DX66,2026/03/19,期貨及選擇權,,OPEICS,
"TXO41450Q6　臺指選擇權,2026/05,履約價41450,賣權",TWTXO145DQ60,2026/05/06,期貨及選擇權,,OPEICS,
"TXO41500Q6　臺指選擇權,2026/05,履約價41500,賣權",TWTXO150DQ62,2026/04/15,期貨及選擇權,,OPEICS,
"TXO41500R6　臺指選擇權,2026/06,履約價41500,賣權",TWTXO150DR61,2026/04/15,期貨及選擇權,,OPEICS,
"TXO41500S6　臺指選擇權,2026/07,履約價41500,賣權",TWTXO150DS60,2026/04/16,期貨及選擇權,,OPEICS,
"TXO41550Q6　臺指選擇權,2026/05,履約價41550,賣權",TWTXO155DQ67,2026/05/06,期貨及選擇權,,OPEICS,
"TXO41600Q6　臺指選擇權,2026/05,履約價41600,賣權",TWTXO160DQ60,2026/04/15,期貨及選擇權,,OPEICS,
"TXO41600R6　臺指選擇權,2026/06,履約價41600,賣權",TWTXO160DR69,2026/02/25,期貨及選擇權,,OPEICS,
"TXO41600S6　臺指選擇權,2026/07,履約價41600,賣權",TWTXO160DS68,2026/04/16,期貨及選擇權,,OPEICS,
"TXO41600U6　臺指選擇權,2026/09,履約價41600,賣權",TWTXO160DU64,2026/02/25,期貨及選擇權,,OPEICS,
"TXO41600X6　臺指選擇權,2026/12,履約價41600,賣權",TWTXO160DX61,2026/04/09,期貨及選擇權,,OPEICS,
"TXO41650Q6　臺指選擇權,2026/05,履約價41650,賣權",TWTXO165DQ65,2026/05/06,期貨及選擇權,,OPEICS,
"TXO41700Q6　臺指選擇權,2026/05,履約價41700,賣權",TWTXO170DQ68,2026/04/15,期貨及選擇權,,OPEICS,
"TXO41700R6　臺指選擇權,2026/06,履約價41700,賣權",TWTXO170DR67,2026/04/15,期貨及選擇權,,OPEICS,
"TXO41700S6　臺指選擇權,2026/07,履約價41700,賣權",TWTXO170DS66,2026/04/16,期貨及選擇權,,OPEICS,
"TXO41750Q6　臺指選擇權,2026/05,履約價41750,賣權",TWTXO175DQ63,2026/05/06,期貨及選擇權,,OPEICS,
"TXO41800Q6　臺指選擇權,2026/05,履約價41800,賣權",TWTXO180DQ66,2026/04/15,期貨及選擇權,,OPEICS,
"TXO41800R6　臺指選擇權,2026/06,履約價41800,賣權",TWTXO180DR65,2026/02/25,期貨及選擇權,,OPEICS,
"TXO41800S6　臺指選擇權,2026/07,履約價41800,賣權",TWTXO180DS64,2026/04/16,期貨及選擇權,,OPEICS,
"TXO41800U6　臺指選擇權,2026/09,履約價41800,賣權",TWTXO180DU60,2026/02/25,期貨及選擇權,,OPEICS,
"TXO41800X6　臺指選擇權,2026/12,履約價41800,賣權",TWTXO180DX67,2026/04/09,期貨及選擇權,,OPEICS,
"TXO41850Q6　臺指選擇權,2026/05,履約價41850,賣權",TWTXO185DQ61,2026/05/06,期貨及選擇權,,OPEICS,
"TXO41900Q6　臺指選擇權,2026/05,履約價41900,賣權",TWTXO190DQ64,2026/04/16,期貨及選擇權,,OPEICS,
"TXO41900R6　臺指選擇權,2026/06,履約價41900,賣權",TWTXO190DR63,2026/04/16,期貨及選擇權,,OPEICS,
"TXO41900S6　臺指選擇權,2026/07,履約價41900,賣權",TWTXO190DS62,2026/04/16,期貨及選擇權,,OPEICS,
"TXO41950Q6　臺指選擇權,2026/05,履約價41950,賣權",TWTXO195DQ69,2026/05/06,期貨及選擇權,,OPEICS,
"TXO42000Q6　臺指選擇權,2026/05,履約價42000,賣權",TWTXO200DQ62,2026/04/16,期貨及選擇權,,OPEICS,
"TXO42000R6　臺指選擇權,2026/06,履約價42000,賣權",TWTXO200DR61,2026/02/26,期貨及選擇權,,OPEICS,
"TXO42000S6　臺指選擇權,2026/07,履約價42000,賣權",TWTXO200DS60,2026/04/16,期貨及選擇權,,OPEICS,
"TXO42000U6　臺指選擇權,2026/09,履約價42000,賣權",TWTXO200DU66,2026/02/26,期貨及選擇權,,OPEICS,
"TXO42000X6　臺指選擇權,2026/12,履約價42000,賣權",TWTXO200DX63,2026/04/10,期貨及選擇權,,OPEICS,
"TXO42050Q6　臺指選擇權,2026/05,履約價42050,賣權",TWTXO205DQ67,2026/05/07,期貨及選擇權,,OPEICS,
"TXO42100Q6　臺指選擇權,2026/05,履約價42100,賣權",TWTXO210DQ60,2026/04/16,期貨及選擇權,,OPEICS,
"TXO42100R6　臺指選擇權,2026/06,履約價42100,賣權",TWTXO210DR69,2026/04/16,期貨及選擇權,,OPEICS,
"TXO42100S6　臺指選擇權,2026/07,履約價42100,賣權",TWTXO210DS68,2026/04/16,期貨及選擇權,,OPEICS,
"TXO42150Q6　臺指選擇權,2026/05,履約價42150,賣權",TWTXO215DQ65,2026/05/07,期貨及選擇權,,OPEICS,
"TXO42200Q6　臺指選擇權,2026/05,履約價42200,賣權",TWTXO220DQ68,2026/04/16,期貨及選擇權,,OPEICS,
"TXO42200R6　臺指選擇權,2026/06,履約價42200,賣權",TWTXO220DR67,2026/02/26,期貨及選擇權,,OPEICS,
"TXO42200S6　臺指選擇權,2026/07,履約價42200,賣權",TWTXO220DS66,2026/04/16,期貨及選擇權,,OPEICS,
"TXO42200U6　臺指選擇權,2026/09,履約價42200,賣權",TWTXO220DU62,2026/02/26,期貨及選擇權,,OPEICS,
"TXO42200X6　臺指選擇權,2026/12,履約價42200,賣權",TWTXO220DX69,2026/04/13,期貨及選擇權,,OPEICS,
"TXO42250Q6　臺指選擇權,2026/05,履約價42250,賣權",TWTXO225DQ63,2026/05/07,期貨及選擇權,,OPEICS,
"TXO42300Q6　臺指選擇權,2026/05,履約價42300,賣權",TWTXO230DQ66,2026/04/16,期貨及選擇權,,OPEICS,
"TXO42300R6　臺指選擇權,2026/06,履約價42300,賣權",TWTXO230DR65,2026/04/16,期貨及選擇權,,OPEICS,
"TXO42300S6　臺指選擇權,2026/07,履約價42300,賣權",TWTXO230DS64,2026/04/16,期貨及選擇權,,OPEICS,
"TXO42350Q6　臺指選擇權,2026/05,履約價42350,賣權",TWTXO235DQ61,2026/05/07,期貨及選擇權,,OPEICS,
"TXO42400Q6　臺指選擇權,2026/05,履約價42400,賣權",TWTXO240DQ64,2026/04/17,期貨及選擇權,,OPEICS,
"TXO42400R6　臺指選擇權,2026/06,履約價42400,賣權",TWTXO240DR63,2026/02/26,期貨及選擇權,,OPEICS,
"TXO42400S6　臺指選擇權,2026/07,履約價42400,賣權",TWTXO240DS62,2026/04/17,期貨及選擇權,,OPEICS,
"TXO42400U6　臺指選擇權,2026/09,履約價42400,賣權",TWTXO240DU68,2026/02/26,期貨及選擇權,,OPEICS,
"TXO42400X6　臺指選擇權,2026/12,履約價42400,賣權",TWTXO240DX65,2026/04/13,期貨及選擇權,,OPEICS,
"TXO42450Q6　臺指選擇權,2026/05,履約價42450,賣權",TWTXO245DQ69,2026/05/08,期貨及選擇權,,OPEICS,
"TXO42500Q6　臺指選擇權,2026/05,履約價42500,賣權",TWTXO250DQ61,2026/04/17,期貨及選擇權,,OPEICS,
"TXO42500R6　臺指選擇權,2026/06,履約價42500,賣權",TWTXO250DR60,2026/04/17,期貨及選擇權,,OPEICS,
"TXO42500S6　臺指選擇權,2026/07,履約價42500,賣權",TWTXO250DS69,2026/04/17,期貨及選擇權,,OPEICS,
"TXO42550Q6　臺指選擇權,2026/05,履約價42550,賣權",TWTXO255DQ66,2026/05/08,期貨及選擇權,,OPEICS,
"TXO42600Q6　臺指選擇權,2026/05,履約價42600,賣權",TWTXO260DQ69,2026/04/17,期貨及選擇權,,OPEICS,
"TXO42600R6　臺指選擇權,2026/06,履約價42600,賣權",TWTXO260DR68,2026/02/26,期貨及選擇權,,OPEICS,
"TXO42600S6　臺指選擇權,2026/07,履約價42600,賣權",TWTXO260DS67,2026/04/17,期貨及選擇權,,OPEICS,
"TXO42600U6　臺指選擇權,2026/09,履約價42600,賣權",TWTXO260DU63,2026/02/26,期貨及選擇權,,OPEICS,
"TXO42600X6　臺指選擇權,2026/12,履約價42600,賣權",TWTXO260DX60,2026/04/13,期貨及選擇權,,OPEICS,
"TXO42650Q6　臺指選擇權,2026/05,履約價42650,賣權",TWTXO265DQ64,2026/05/08,期貨及選擇權,,OPEICS,
"TXO42700Q6　臺指選擇權,2026/05,履約價42700,賣權",TWTXO270DQ67,2026/04/17,期貨及選擇權,,OPEICS,
"TXO42700R6　臺指選擇權,2026/06,履約價42700,賣權",TWTXO270DR66,2026/04/17,期貨及選擇權,,OPEICS,
"TXO42700S6　臺指選擇權,2026/07,履約價42700,賣權",TWTXO270DS65,2026/04/17,期貨及選擇權,,OPEICS,
"TXO42750Q6　臺指選擇權,2026/05,履約價42750,賣權",TWTXO275DQ62,2026/05/08,期貨及選擇權,,OPEICS,
"TXO42800Q6　臺指選擇權,2026/05,履約價42800,賣權",TWTXO280DQ65,2026/04/17,期貨及選擇權,,OPEICS,
"TXO42800R6　臺指選擇權,2026/06,履約價42800,賣權",TWTXO280DR64,2026/04/17,期貨及選擇權,,OPEICS,
"TXO42800S6　臺指選擇權,2026/07,履約價42800,賣權",TWTXO280DS63,2026/04/17,期貨及選擇權,,OPEICS,
"TXO42800U6　臺指選擇權,2026/09,履約價42800,賣權",TWTXO280DU69,2026/04/15,期貨及選擇權,,OPEICS,
"TXO42800X6　臺指選擇權,2026/12,履約價42800,賣權",TWTXO280DX66,2026/04/15,期貨及選擇權,,OPEICS,
"TXO42850Q6　臺指選擇權,2026/05,履約價42850,賣權",TWTXO285DQ60,2026/05/08,期貨及選擇權,,OPEICS,
"TXO42900Q6　臺指選擇權,2026/05,履約價42900,賣權",TWTXO290DQ63,2026/04/22,期貨及選擇權,,OPEICS,
"TXO42900R6　臺指選擇權,2026/06,履約價42900,賣權",TWTXO290DR62,2026/04/22,期貨及選擇權,,OPEICS,
"TXO42900S6　臺指選擇權,2026/07,履約價42900,賣權",TWTXO290DS61,2026/04/22,期貨及選擇權,,OPEICS,
"TXO42950Q6　臺指選擇權,2026/05,履約價42950,賣權",TWTXO295DQ68,2026/05/08,期貨及選擇權,,OPEICS,
"TXO43000Q6　臺指選擇權,2026/05,履約價43000,賣權",TWTXO300DQ61,2026/04/22,期貨及選擇權,,OPEICS,
"TXO43000R6　臺指選擇權,2026/06,履約價43000,賣權",TWTXO300DR60,2026/04/22,期貨及選擇權,,OPEICS,
"TXO43000S6　臺指選擇權,2026/07,履約價43000,賣權",TWTXO300DS69,2026/04/22,期貨及選擇權,,OPEICS,
"TXO43000U6　臺指選擇權,2026/09,履約價43000,賣權",TWTXO300DU65,2026/04/15,期貨及選擇權,,OPEICS,
"TXO43000X6　臺指選擇權,2026/12,履約價43000,賣權",TWTXO300DX62,2026/04/15,期貨及選擇權,,OPEICS,
"TXO43050Q6　臺指選擇權,2026/05,履約價43050,賣權",TWTXO305DQ66,2026/05/08,期貨及選擇權,,OPEICS,
"TXO43100Q6　臺指選擇權,2026/05,履約價43100,賣權",TWTXO310DQ69,2026/04/22,期貨及選擇權,,OPEICS,
"TXO43100R6　臺指選擇權,2026/06,履約價43100,賣權",TWTXO310DR68,2026/04/22,期貨及選擇權,,OPEICS,
"TXO43100S6　臺指選擇權,2026/07,履約價43100,賣權",TWTXO310DS67,2026/04/22,期貨及選擇權,,OPEICS,
"TXO43150Q6　臺指選擇權,2026/05,履約價43150,賣權",TWTXO315DQ64,2026/05/08,期貨及選擇權,,OPEICS,
"TXO43200Q6　臺指選擇權,2026/05,履約價43200,賣權",TWTXO320DQ67,2026/04/22,期貨及選擇權,,OPEICS,
"TXO43200R6　臺指選擇權,2026/06,履約價43200,賣權",TWTXO320DR66,2026/04/22,期貨及選擇權,,OPEICS,
"TXO43200S6　臺指選擇權,2026/07,履約價43200,賣權",TWTXO320DS65,2026/04/22,期貨及選擇權,,OPEICS,
"TXO43200U6　臺指選擇權,2026/09,履約價43200,賣權",TWTXO320DU61,2026/04/15,期貨及選擇權,,OPEICS,
"TXO43200X6　臺指選擇權,2026/12,履約價43200,賣權",TWTXO320DX68,2026/04/15,期貨及選擇權,,OPEICS,
"TXO43300Q6　臺指選擇權,2026/05,履約價43300,賣權",TWTXO330DQ65,2026/04/22,期貨及選擇權,,OPEICS,
"TXO43300R6　臺指選擇權,2026/06,履約價43300,賣權",TWTXO330DR64,2026/04/22,期貨及選擇權,,OPEICS,
"TXO43300S6　臺指選擇權,2026/07,履約價43300,賣權",TWTXO330DS63,2026/04/22,期貨及選擇權,,OPEICS,
"TXO43400Q6　臺指選擇權,2026/05,履約價43400,賣權",TWTXO340DQ63,2026/04/23,期貨及選擇權,,OPEICS,
"TXO43400R6　臺指選擇權,2026/06,履約價43400,賣權",TWTXO340DR62,2026/04/23,期貨及選擇權,,OPEICS,
"TXO43400S6　臺指選擇權,2026/07,履約價43400,賣權",TWTXO340DS61,2026/04/23,期貨及選擇權,,OPEICS,
"TXO43400U6　臺指選擇權,2026/09,履約價43400,賣權",TWTXO340DU67,2026/04/15,期貨及選擇權,,OPEICS,
"TXO43400X6　臺指選擇權,2026/12,履約價43400,賣權",TWTXO340DX64,2026/04/15,期貨及選擇權,,OPEICS,
"TXO43500Q6　臺指選擇權,2026/05,履約價43500,賣權",TWTXO350DQ60,2026/04/23,期貨及選擇權,,OPEICS,
"TXO43500R6　臺指選擇權,2026/06,履約價43500,賣權",TWTXO350DR69,2026/04/23,期貨及選擇權,,OPEICS,
"TXO43500S6　臺指選擇權,2026/07,履約價43500,賣權",TWTXO350DS68,2026/04/23,期貨及選擇權,,OPEICS,
"TXO43600Q6　臺指選擇權,2026/05,履約價43600,賣權",TWTXO360DQ68,2026/04/23,期貨及選擇權,,OPEICS,
"TXO43600R6　臺指選擇權,2026/06,履約價43600,賣權",TWTXO360DR67,2026/04/23,期貨及選擇權,,OPEICS,
"TXO43600S6　臺指選擇權,2026/07,履約價43600,賣權",TWTXO360DS66,2026/04/23,期貨及選擇權,,OPEICS,
"TXO43600U6　臺指選擇權,2026/09,履約價43600,賣權",TWTXO360DU62,2026/04/15,期貨及選擇權,,OPEICS,
"TXO43600X6　臺指選擇權,2026/12,履約價43600,賣權",TWTXO360DX69,2026/04/15,期貨及選擇權,,OPEICS,
"TXO43700Q6　臺指選擇權,2026/05,履約價43700,賣權",TWTXO370DQ66,2026/04/27,期貨及選擇權,,OPEICS,
"TXO43700R6　臺指選擇權,2026/06,履約價43700,賣權",TWTXO370DR65,2026/04/27,期貨及選擇權,,OPEICS,
"TXO43700S6　臺指選擇權,2026/07,履約價43700,賣權",TWTXO370DS64,2026/04/27,期貨及選擇權,,OPEICS,
"TXO43800Q6　臺指選擇權,2026/05,履約價43800,賣權",TWTXO380DQ64,2026/04/27,期貨及選擇權,,OPEICS,
"TXO43800R6　臺指選擇權,2026/06,履約價43800,賣權",TWTXO380DR63,2026/04/27,期貨及選擇權,,OPEICS,
"TXO43800S6　臺指選擇權,2026/07,履約價43800,賣權",TWTXO380DS62,2026/04/27,期貨及選擇權,,OPEICS,
"TXO43800U6　臺指選擇權,2026/09,履約價43800,賣權",TWTXO380DU68,2026/04/16,期貨及選擇權,,OPEICS,
"TXO43800X6　臺指選擇權,2026/12,履約價43800,賣權",TWTXO380DX65,2026/04/16,期貨及選擇權,,OPEICS,
"TXO43900Q6　臺指選擇權,2026/05,履約價43900,賣權",TWTXO390DQ62,2026/04/27,期貨及選擇權,,OPEICS,
"TXO43900R6　臺指選擇權,2026/06,履約價43900,賣權",TWTXO390DR61,2026/04/27,期貨及選擇權,,OPEICS,
"TXO43900S6　臺指選擇權,2026/07,履約價43900,賣權",TWTXO390DS60,2026/04/27,期貨及選擇權,,OPEICS,
"TXO44000Q6　臺指選擇權,2026/05,履約價44000,賣權",TWTXO400DQ60,2026/04/27,期貨及選擇權,,OPEICS,
"TXO44000R6　臺指選擇權,2026/06,履約價44000,賣權",TWTXO400DR69,2026/04/27,期貨及選擇權,,OPEICS,
"TXO44000S6　臺指選擇權,2026/07,履約價44000,賣權",TWTXO400DS68,2026/04/27,期貨及選擇權,,OPEICS,
"TXO44000U6　臺指選擇權,2026/09,履約價44000,賣權",TWTXO400DU64,2026/04/16,期貨及選擇權,,OPEICS,
"TXO44000X6　臺指選擇權,2026/12,履約價44000,賣權",TWTXO400DX61,2026/04/16,期貨及選擇權,,OPEICS,
"TXO44100Q6　臺指選擇權,2026/05,履約價44100,賣權",TWTXO410DQ68,2026/04/27,期貨及選擇權,,OPEICS,
"TXO44100R6　臺指選擇權,2026/06,履約價44100,賣權",TWTXO410DR67,2026/04/27,期貨及選擇權,,OPEICS,
"TXO44100S6　臺指選擇權,2026/07,履約價44100,賣權",TWTXO410DS66,2026/04/27,期貨及選擇權,,OPEICS,
"TXO44200Q6　臺指選擇權,2026/05,履約價44200,賣權",TWTXO420DQ66,2026/04/27,期貨及選擇權,,OPEICS,
"TXO44200R6　臺指選擇權,2026/06,履約價44200,賣權",TWTXO420DR65,2026/04/27,期貨及選擇權,,OPEICS,
"TXO44200S6　臺指選擇權,2026/07,履約價44200,賣權",TWTXO420DS64,2026/04/27,期貨及選擇權,,OPEICS,
"TXO44200U6　臺指選擇權,2026/09,履約價44200,賣權",TWTXO420DU60,2026/04/16,期貨及選擇權,,OPEICS,
"TXO44200X6　臺指選擇權,2026/12,履約價44200,賣權",TWTXO420DX67,2026/04/16,期貨及選擇權,,OPEICS,
"TXO44300Q6　臺指選擇權,2026/05,履約價44300,賣權",TWTXO430DQ64,2026/04/27,期貨及選擇權,,OPEICS,
"TXO44300R6　臺指選擇權,2026/06,履約價44300,賣權",TWTXO430DR63,2026/04/27,期貨及選擇權,,OPEICS,
"TXO44300S6　臺指選擇權,2026/07,履約價44300,賣權",TWTXO430DS62,2026/04/27,期貨及選擇權,,OPEICS,
"TXO44400Q6　臺指選擇權,2026/05,履約價44400,賣權",TWTXO440DQ62,2026/04/27,期貨及選擇權,,OPEICS,
"TXO44400R6　臺指選擇權,2026/06,履約價44400,賣權",TWTXO440DR61,2026/04/27,期貨及選擇權,,OPEICS,
"TXO44400S6　臺指選擇權,2026/07,履約價44400,賣權",TWTXO440DS60,2026/04/27,期貨及選擇權,,OPEICS,
"TXO44400U6　臺指選擇權,2026/09,履約價44400,賣權",TWTXO440DU66,2026/04/17,期貨及選擇權,,OPEICS,
"TXO44400X6　臺指選擇權,2026/12,履約價44400,賣權",TWTXO440DX63,2026/04/17,期貨及選擇權,,OPEICS,
"TXO44500Q6　臺指選擇權,2026/05,履約價44500,賣權",TWTXO450DQ69,2026/04/27,期貨及選擇權,,OPEICS,
"TXO44500R6　臺指選擇權,2026/06,履約價44500,賣權",TWTXO450DR68,2026/04/27,期貨及選擇權,,OPEICS,
"TXO44500S6　臺指選擇權,2026/07,履約價44500,賣權",TWTXO450DS67,2026/04/27,期貨及選擇權,,OPEICS,
"TXO44600Q6　臺指選擇權,2026/05,履約價44600,賣權",TWTXO460DQ67,2026/04/27,期貨及選擇權,,OPEICS,
"TXO44600R6　臺指選擇權,2026/06,履約價44600,賣權",TWTXO460DR66,2026/04/27,期貨及選擇權,,OPEICS,
"TXO44600S6　臺指選擇權,2026/07,履約價44600,賣權",TWTXO460DS65,2026/04/27,期貨及選擇權,,OPEICS,
"TXO44600U6　臺指選擇權,2026/09,履約價44600,賣權",TWTXO460DU61,2026/04/17,期貨及選擇權,,OPEICS,
"TXO44600X6　臺指選擇權,2026/12,履約價44600,賣權",TWTXO460DX68,2026/04/17,期貨及選擇權,,OPEICS,
"TXO44700Q6　臺指選擇權,2026/05,履約價44700,賣權",TWTXO470DQ65,2026/04/27,期貨及選擇權,,OPEICS,
"TXO44700R6　臺指選擇權,2026/06,履約價44700,賣權",TWTXO470DR64,2026/04/27,期貨及選擇權,,OPEICS,
"TXO44700S6　臺指選擇權,2026/07,履約價44700,賣權",TWTXO470DS63,2026/04/27,期貨及選擇權,,OPEICS,
"TXO44800Q6　臺指選擇權,2026/05,履約價44800,賣權",TWTXO480DQ63,2026/04/27,期貨及選擇權,,OPEICS,
"TXO44800R6　臺指選擇權,2026/06,履約價44800,賣權",TWTXO480DR62,2026/04/27,期貨及選擇權,,OPEICS,
"TXO44800S6　臺指選擇權,2026/07,履約價44800,賣權",TWTXO480DS61,2026/04/27,期貨及選擇權,,OPEICS,
"TXO44800U6　臺指選擇權,2026/09,履約價44800,賣權",TWTXO480DU67,2026/04/22,期貨及選擇權,,OPEICS,
"TXO44800X6　臺指選擇權,2026/12,履約價44800,賣權",TWTXO480DX64,2026/04/22,期貨及選擇權,,OPEICS,
"TXO44900Q6　臺指選擇權,2026/05,履約價44900,賣權",TWTXO490DQ61,2026/04/28,期貨及選擇權,,OPEICS,
"TXO44900R6　臺指選擇權,2026/06,履約價44900,賣權",TWTXO490DR60,2026/04/28,期貨及選擇權,,OPEICS,
"TXO44900S6　臺指選擇權,2026/07,履約價44900,賣權",TWTXO490DS69,2026/04/28,期貨及選擇權,,OPEICS,
"TXO45000Q6　臺指選擇權,2026/05,履約價45000,賣權",TWTXO500DQ69,2026/04/28,期貨及選擇權,,OPEICS,
"TXO45000R6　臺指選擇權,2026/06,履約價45000,賣權",TWTXO500DR68,2026/04/28,期貨及選擇權,,OPEICS,
"TXO45000S6　臺指選擇權,2026/07,履約價45000,賣權",TWTXO500DS67,2026/04/28,期貨及選擇權,,OPEICS,
"TXO45000U6　臺指選擇權,2026/09,履約價45000,賣權",TWTXO500DU63,2026/04/22,期貨及選擇權,,OPEICS,
"TXO45000X6　臺指選擇權,2026/12,履約價45000,賣權",TWTXO500DX60,2026/04/22,期貨及選擇權,,OPEICS,
"TXO45100Q6　臺指選擇權,2026/05,履約價45100,賣權",TWTXO510DQ67,2026/04/28,期貨及選擇權,,OPEICS,
"TXO45100R6　臺指選擇權,2026/06,履約價45100,賣權",TWTXO510DR66,2026/04/28,期貨及選擇權,,OPEICS,
"TXO45100S6　臺指選擇權,2026/07,履約價45100,賣權",TWTXO510DS65,2026/04/28,期貨及選擇權,,OPEICS,
"TXO45200Q6　臺指選擇權,2026/05,履約價45200,賣權",TWTXO520DQ65,2026/04/28,期貨及選擇權,,OPEICS,
"TXO45200R6　臺指選擇權,2026/06,履約價45200,賣權",TWTXO520DR64,2026/04/28,期貨及選擇權,,OPEICS,
"TXO45200S6　臺指選擇權,2026/07,履約價45200,賣權",TWTXO520DS63,2026/04/28,期貨及選擇權,,OPEICS,
"TXO45200U6　臺指選擇權,2026/09,履約價45200,賣權",TWTXO520DU69,2026/04/22,期貨及選擇權,,OPEICS,
"TXO45200X6　臺指選擇權,2026/12,履約價45200,賣權",TWTXO520DX66,2026/04/22,期貨及選擇權,,OPEICS,
"TXO45300Q6　臺指選擇權,2026/05,履約價45300,賣權",TWTXO530DQ63,2026/04/28,期貨及選擇權,,OPEICS,
"TXO45300R6　臺指選擇權,2026/06,履約價45300,賣權",TWTXO530DR62,2026/04/28,期貨及選擇權,,OPEICS,
"TXO45300S6　臺指選擇權,2026/07,履約價45300,賣權",TWTXO530DS61,2026/04/28,期貨及選擇權,,OPEICS,
"TXO45400Q6　臺指選擇權,2026/05,履約價45400,賣權",TWTXO540DQ61,2026/04/28,期貨及選擇權,,OPEICS,
"TXO45400R6　臺指選擇權,2026/06,履約價45400,賣權",TWTXO540DR60,2026/04/28,期貨及選擇權,,OPEICS,
"TXO45400S6　臺指選擇權,2026/07,履約價45400,賣權",TWTXO540DS69,2026/04/28,期貨及選擇權,,OPEICS,
"TXO45400U6　臺指選擇權,2026/09,履約價45400,賣權",TWTXO540DU65,2026/04/23,期貨及選擇權,,OPEICS,
"TXO45400X6　臺指選擇權,2026/12,履約價45400,賣權",TWTXO540DX62,2026/04/23,期貨及選擇權,,OPEICS,
"TXO45500Q6　臺指選擇權,2026/05,履約價45500,賣權",TWTXO550DQ68,2026/04/28,期貨及選擇權,,OPEICS,
"TXO45500R6　臺指選擇權,2026/06,履約價45500,賣權",TWTXO550DR67,2026/04/28,期貨及選擇權,,OPEICS,
"TXO45500S6　臺指選擇權,2026/07,履約價45500,賣權",TWTXO550DS66,2026/04/28,期貨及選擇權,,OPEICS,
"TXO45600Q6　臺指選擇權,2026/05,履約價45600,賣權",TWTXO560DQ66,2026/04/28,期貨及選擇權,,OPEICS,
"TXO45600R6　臺指選擇權,2026/06,履約價45600,賣權",TWTXO560DR65,2026/04/28,期貨及選擇權,,OPEICS,
"TXO45600S6　臺指選擇權,2026/07,履約價45600,賣權",TWTXO560DS64,2026/04/28,期貨及選擇權,,OPEICS,
"TXO45600U6　臺指選擇權,2026/09,履約價45600,賣權",TWTXO560DU60,2026/04/23,期貨及選擇權,,OPEICS,
"TXO45600X6　臺指選擇權,2026/12,履約價45600,賣權",TWTXO560DX67,2026/04/23,期貨及選擇權,,OPEICS,
"TXO45700Q6　臺指選擇權,2026/05,履約價45700,賣權",TWTXO570DQ64,2026/05/05,期貨及選擇權,,OPEICS,
"TXO45700R6　臺指選擇權,2026/06,履約價45700,賣權",TWTXO570DR63,2026/05/05,期貨及選擇權,,OPEICS,
"TXO45700S6　臺指選擇權,2026/07,履約價45700,賣權",TWTXO570DS62,2026/05/05,期貨及選擇權,,OPEICS,
"TXO45800Q6　臺指選擇權,2026/05,履約價45800,賣權",TWTXO580DQ62,2026/05/05,期貨及選擇權,,OPEICS,
"TXO45800R6　臺指選擇權,2026/06,履約價45800,賣權",TWTXO580DR61,2026/05/05,期貨及選擇權,,OPEICS,
"TXO45800S6　臺指選擇權,2026/07,履約價45800,賣權",TWTXO580DS60,2026/05/05,期貨及選擇權,,OPEICS,
"TXO45800U6　臺指選擇權,2026/09,履約價45800,賣權",TWTXO580DU66,2026/04/27,期貨及選擇權,,OPEICS,
"TXO45800X6　臺指選擇權,2026/12,履約價45800,賣權",TWTXO580DX63,2026/04/27,期貨及選擇權,,OPEICS,
"TXO45900Q6　臺指選擇權,2026/05,履約價45900,賣權",TWTXO590DQ60,2026/05/05,期貨及選擇權,,OPEICS,
"TXO45900R6　臺指選擇權,2026/06,履約價45900,賣權",TWTXO590DR69,2026/05/05,期貨及選擇權,,OPEICS,
"TXO45900S6　臺指選擇權,2026/07,履約價45900,賣權",TWTXO590DS68,2026/05/05,期貨及選擇權,,OPEICS,
"TXO46000Q6　臺指選擇權,2026/05,履約價46000,賣權",TWTXO600DQ68,2026/05/05,期貨及選擇權,,OPEICS,
"TXO46000R6　臺指選擇權,2026/06,履約價46000,賣權",TWTXO600DR67,2026/05/05,期貨及選擇權,,OPEICS,
"TXO46000S6　臺指選擇權,2026/07,履約價46000,賣權",TWTXO600DS66,2026/05/05,期貨及選擇權,,OPEICS,
"TXO46000U6　臺指選擇權,2026/09,履約價46000,賣權",TWTXO600DU62,2026/04/27,期貨及選擇權,,OPEICS,
"TXO46000X6　臺指選擇權,2026/12,履約價46000,賣權",TWTXO600DX69,2026/04/27,期貨及選擇權,,OPEICS,
"TXO46100Q6　臺指選擇權,2026/05,履約價46100,賣權",TWTXO610DQ66,2026/05/05,期貨及選擇權,,OPEICS,
"TXO46100R6　臺指選擇權,2026/06,履約價46100,賣權",TWTXO610DR65,2026/05/05,期貨及選擇權,,OPEICS,
"TXO46100S6　臺指選擇權,2026/07,履約價46100,賣權",TWTXO610DS64,2026/05/05,期貨及選擇權,,OPEICS,
"TXO46200Q6　臺指選擇權,2026/05,履約價46200,賣權",TWTXO620DQ64,2026/05/05,期貨及選擇權,,OPEICS,
"TXO46200R6　臺指選擇權,2026/06,履約價46200,賣權",TWTXO620DR63,2026/05/05,期貨及選擇權,,OPEICS,
"TXO46200S6　臺指選擇權,2026/07,履約價46200,賣權",TWTXO620DS62,2026/05/05,期貨及選擇權,,OPEICS,
"TXO46200U6　臺指選擇權,2026/09,履約價46200,賣權",TWTXO620DU68,2026/04/27,期貨及選擇權,,OPEICS,
"TXO46200X6　臺指選擇權,2026/12,履約價46200,賣權",TWTXO620DX65,2026/04/27,期貨及選擇權,,OPEICS,
"TXO46300Q6　臺指選擇權,2026/05,履約價46300,賣權",TWTXO630DQ62,2026/05/05,期貨及選擇權,,OPEICS,
"TXO46300R6　臺指選擇權,2026/06,履約價46300,賣權",TWTXO630DR61,2026/05/05,期貨及選擇權,,OPEICS,
"TXO46300S6　臺指選擇權,2026/07,履約價46300,賣權",TWTXO630DS60,2026/05/05,期貨及選擇權,,OPEICS,
"TXO46400Q6　臺指選擇權,2026/05,履約價46400,賣權",TWTXO640DQ60,2026/05/05,期貨及選擇權,,OPEICS,
"TXO46400R6　臺指選擇權,2026/06,履約價46400,賣權",TWTXO640DR69,2026/05/05,期貨及選擇權,,OPEICS,
"TXO46400S6　臺指選擇權,2026/07,履約價46400,賣權",TWTXO640DS68,2026/05/05,期貨及選擇權,,OPEICS,
"TXO46400U6　臺指選擇權,2026/09,履約價46400,賣權",TWTXO640DU64,2026/04/27,期貨及選擇權,,OPEICS,
"TXO46400X6　臺指選擇權,2026/12,履約價46400,賣權",TWTXO640DX61,2026/04/27,期貨及選擇權,,OPEICS,
"TXO46500Q6　臺指選擇權,2026/05,履約價46500,賣權",TWTXO650DQ67,2026/05/05,期貨及選擇權,,OPEICS,
"TXO46500R6　臺指選擇權,2026/06,履約價46500,賣權",TWTXO650DR66,2026/05/05,期貨及選擇權,,OPEICS,
"TXO46500S6　臺指選擇權,2026/07,履約價46500,賣權",TWTXO650DS65,2026/05/05,期貨及選擇權,,OPEICS,
"TXO46600Q6　臺指選擇權,2026/05,履約價46600,賣權",TWTXO660DQ65,2026/05/05,期貨及選擇權,,OPEICS,
"TXO46600R6　臺指選擇權,2026/06,履約價46600,賣權",TWTXO660DR64,2026/05/05,期貨及選擇權,,OPEICS,
"TXO46600S6　臺指選擇權,2026/07,履約價46600,賣權",TWTXO660DS63,2026/05/05,期貨及選擇權,,OPEICS,
"TXO46600U6　臺指選擇權,2026/09,履約價46600,賣權",TWTXO660DU69,2026/04/27,期貨及選擇權,,OPEICS,
"TXO46600X6　臺指選擇權,2026/12,履約價46600,賣權",TWTXO660DX66,2026/04/27,期貨及選擇權,,OPEICS,
"TXO46700Q6　臺指選擇權,2026/05,履約價46700,賣權",TWTXO670DQ63,2026/05/05,期貨及選擇權,,OPEICS,
"TXO46700R6　臺指選擇權,2026/06,履約價46700,賣權",TWTXO670DR62,2026/05/05,期貨及選擇權,,OPEICS,
"TXO46700S6　臺指選擇權,2026/07,履約價46700,賣權",TWTXO670DS61,2026/05/05,期貨及選擇權,,OPEICS,
"TXO46800Q6　臺指選擇權,2026/05,履約價46800,賣權",TWTXO680DQ61,2026/05/05,期貨及選擇權,,OPEICS,
"TXO46800R6　臺指選擇權,2026/06,履約價46800,賣權",TWTXO680DR60,2026/05/05,期貨及選擇權,,OPEICS,
"TXO46800S6　臺指選擇權,2026/07,履約價46800,賣權",TWTXO680DS69,2026/05/05,期貨及選擇權,,OPEICS,
"TXO46800U6　臺指選擇權,2026/09,履約價46800,賣權",TWTXO680DU65,2026/04/27,期貨及選擇權,,OPEICS,
"TXO46800X6　臺指選擇權,2026/12,履約價46800,賣權",TWTXO680DX62,2026/04/27,期貨及選擇權,,OPEICS,
"TXO46900Q6　臺指選擇權,2026/05,履約價46900,賣權",TWTXO690DQ69,2026/05/05,期貨及選擇權,,OPEICS,
"TXO46900R6　臺指選擇權,2026/06,履約價46900,賣權",TWTXO690DR68,2026/05/05,期貨及選擇權,,OPEICS,
"TXO46900S6　臺指選擇權,2026/07,履約價46900,賣權",TWTXO690DS67,2026/05/05,期貨及選擇權,,OPEICS,
"TXO47000Q6　臺指選擇權,2026/05,履約價47000,賣權",TWTXO700DQ67,2026/05/07,期貨及選擇權,,OPEICS,
"TXO47000R6　臺指選擇權,2026/06,履約價47000,賣權",TWTXO700DR66,2026/05/07,期貨及選擇權,,OPEICS,
"TXO47000S6　臺指選擇權,2026/07,履約價47000,賣權",TWTXO700DS65,2026/05/07,期貨及選擇權,,OPEICS,
"TXO47000U6　臺指選擇權,2026/09,履約價47000,賣權",TWTXO700DU61,2026/04/28,期貨及選擇權,,OPEICS,
"TXO47000X6　臺指選擇權,2026/12,履約價47000,賣權",TWTXO700DX68,2026/04/28,期貨及選擇權,,OPEICS,
"TXO47100Q6　臺指選擇權,2026/05,履約價47100,賣權",TWTXO710DQ65,2026/05/07,期貨及選擇權,,OPEICS,
"TXO47100R6　臺指選擇權,2026/06,履約價47100,賣權",TWTXO710DR64,2026/05/07,期貨及選擇權,,OPEICS,
"TXO47100S6　臺指選擇權,2026/07,履約價47100,賣權",TWTXO710DS63,2026/05/07,期貨及選擇權,,OPEICS,
"TXO47200Q6　臺指選擇權,2026/05,履約價47200,賣權",TWTXO720DQ63,2026/05/07,期貨及選擇權,,OPEICS,
"TXO47200R6　臺指選擇權,2026/06,履約價47200,賣權",TWTXO720DR62,2026/05/07,期貨及選擇權,,OPEICS,
"TXO47200S6　臺指選擇權,2026/07,履約價47200,賣權",TWTXO720DS61,2026/05/07,期貨及選擇權,,OPEICS,
"TXO47200U6　臺指選擇權,2026/09,履約價47200,賣權",TWTXO720DU67,2026/04/28,期貨及選擇權,,OPEICS,
"TXO47200X6　臺指選擇權,2026/12,履約價47200,賣權",TWTXO720DX64,2026/04/28,期貨及選擇權,,OPEICS,
"TXO47300Q6　臺指選擇權,2026/05,履約價47300,賣權",TWTXO730DQ61,2026/05/07,期貨及選擇權,,OPEICS,
"TXO47300R6　臺指選擇權,2026/06,履約價47300,賣權",TWTXO730DR60,2026/05/07,期貨及選擇權,,OPEICS,
"TXO47300S6　臺指選擇權,2026/07,履約價47300,賣權",TWTXO730DS69,2026/05/07,期貨及選擇權,,OPEICS,
"TXO47400Q6　臺指選擇權,2026/05,履約價47400,賣權",TWTXO740DQ69,2026/05/07,期貨及選擇權,,OPEICS,
"TXO47400R6　臺指選擇權,2026/06,履約價47400,賣權",TWTXO740DR68,2026/05/07,期貨及選擇權,,OPEICS,
"TXO47400S6　臺指選擇權,2026/07,履約價47400,賣權",TWTXO740DS67,2026/05/07,期貨及選擇權,,OPEICS,
"TXO47400U6　臺指選擇權,2026/09,履約價47400,賣權",TWTXO740DU63,2026/04/28,期貨及選擇權,,OPEICS,
"TXO47400X6　臺指選擇權,2026/12,履約價47400,賣權",TWTXO740DX60,2026/04/28,期貨及選擇權,,OPEICS,
"TXO47500Q6　臺指選擇權,2026/05,履約價47500,賣權",TWTXO750DQ66,2026/05/08,期貨及選擇權,,OPEICS,
"TXO47500R6　臺指選擇權,2026/06,履約價47500,賣權",TWTXO750DR65,2026/05/08,期貨及選擇權,,OPEICS,
"TXO47500S6　臺指選擇權,2026/07,履約價47500,賣權",TWTXO750DS64,2026/05/08,期貨及選擇權,,OPEICS,
"TXO47600Q6　臺指選擇權,2026/05,履約價47600,賣權",TWTXO760DQ64,2026/05/08,期貨及選擇權,,OPEICS,
"TXO47600R6　臺指選擇權,2026/06,履約價47600,賣權",TWTXO760DR63,2026/05/08,期貨及選擇權,,OPEICS,
"TXO47600S6　臺指選擇權,2026/07,履約價47600,賣權",TWTXO760DS62,2026/05/08,期貨及選擇權,,OPEICS,
"TXO47600U6　臺指選擇權,2026/09,履約價47600,賣權",TWTXO760DU68,2026/04/28,期貨及選擇權,,OPEICS,
"TXO47600X6　臺指選擇權,2026/12,履約價47600,賣權",TWTXO760DX65,2026/04/28,期貨及選擇權,,OPEICS,
"TXO47700Q6　臺指選擇權,2026/05,履約價47700,賣權",TWTXO770DQ62,2026/05/08,期貨及選擇權,,OPEICS,
"TXO47700R6　臺指選擇權,2026/06,履約價47700,賣權",TWTXO770DR61,2026/05/08,期貨及選擇權,,OPEICS,
"TXO47700S6　臺指選擇權,2026/07,履約價47700,賣權",TWTXO770DS60,2026/05/08,期貨及選擇權,,OPEICS,
"TXO47800Q6　臺指選擇權,2026/05,履約價47800,賣權",TWTXO780DQ60,2026/05/08,期貨及選擇權,,OPEICS,
"TXO47800R6　臺指選擇權,2026/06,履約價47800,賣權",TWTXO780DR69,2026/05/08,期貨及選擇權,,OPEICS,
"TXO47800S6　臺指選擇權,2026/07,履約價47800,賣權",TWTXO780DS68,2026/05/08,期貨及選擇權,,OPEICS,
"TXO47800U6　臺指選擇權,2026/09,履約價47800,賣權",TWTXO780DU64,2026/05/05,期貨及選擇權,,OPEICS,
"TXO47800X6　臺指選擇權,2026/12,履約價47800,賣權",TWTXO780DX61,2026/05/05,期貨及選擇權,,OPEICS,
"TXO47900Q6　臺指選擇權,2026/05,履約價47900,賣權",TWTXO790DQ68,2026/05/08,期貨及選擇權,,OPEICS,
"TXO47900R6　臺指選擇權,2026/06,履約價47900,賣權",TWTXO790DR67,2026/05/08,期貨及選擇權,,OPEICS,
"TXO47900S6　臺指選擇權,2026/07,履約價47900,賣權",TWTXO790DS66,2026/05/08,期貨及選擇權,,OPEICS,
"TXO48000Q6　臺指選擇權,2026/05,履約價48000,賣權",TWTXO800DQ66,2026/05/08,期貨及選擇權,,OPEICS,
"TXO48000R6　臺指選擇權,2026/06,履約價48000,賣權",TWTXO800DR65,2026/05/08,期貨及選擇權,,OPEICS,
"TXO48000S6　臺指選擇權,2026/07,履約價48000,賣權",TWTXO800DS64,2026/05/08,期貨及選擇權,,OPEICS,
"TXO48000U6　臺指選擇權,2026/09,履約價48000,賣權",TWTXO800DU60,2026/05/05,期貨及選擇權,,OPEICS,
"TXO48000X6　臺指選擇權,2026/12,履約價48000,賣權",TWTXO800DX67,2026/05/05,期貨及選擇權,,OPEICS,
"TXO48100Q6　臺指選擇權,2026/05,履約價48100,賣權",TWTXO810DQ64,2026/05/08,期貨及選擇權,,OPEICS,
"TXO48100R6　臺指選擇權,2026/06,履約價48100,賣權",TWTXO810DR63,2026/05/08,期貨及選擇權,,OPEICS,
"TXO48100S6　臺指選擇權,2026/07,履約價48100,賣權",TWTXO810DS62,2026/05/08,期貨及選擇權,,OPEICS,
"TXO48200Q6　臺指選擇權,2026/05,履約價48200,賣權",TWTXO820DQ62,2026/05/08,期貨及選擇權,,OPEICS,
"TXO48200R6　臺指選擇權,2026/06,履約價48200,賣權",TWTXO820DR61,2026/05/08,期貨及選擇權,,OPEICS,
"TXO48200S6　臺指選擇權,2026/07,履約價48200,賣權",TWTXO820DS60,2026/05/08,期貨及選擇權,,OPEICS,
"TXO48200U6　臺指選擇權,2026/09,履約價48200,賣權",TWTXO820DU66,2026/05/05,期貨及選擇權,,OPEICS,
"TXO48200X6　臺指選擇權,2026/12,履約價48200,賣權",TWTXO820DX63,2026/05/05,期貨及選擇權,,OPEICS,
"TXO48300Q6　臺指選擇權,2026/05,履約價48300,賣權",TWTXO830DQ60,2026/05/08,期貨及選擇權,,OPEICS,
"TXO48300R6　臺指選擇權,2026/06,履約價48300,賣權",TWTXO830DR69,2026/05/08,期貨及選擇權,,OPEICS,
"TXO48300S6　臺指選擇權,2026/07,履約價48300,賣權",TWTXO830DS68,2026/05/08,期貨及選擇權,,OPEICS,
"TXO48400U6　臺指選擇權,2026/09,履約價48400,賣權",TWTXO840DU62,2026/05/05,期貨及選擇權,,OPEICS,
"TXO48400X6　臺指選擇權,2026/12,履約價48400,賣權",TWTXO840DX69,2026/05/05,期貨及選擇權,,OPEICS,
"TXO48600U6　臺指選擇權,2026/09,履約價48600,賣權",TWTXO860DU67,2026/05/05,期貨及選擇權,,OPEICS,
"TXO48600X6　臺指選擇權,2026/12,履約價48600,賣權",TWTXO860DX64,2026/05/05,期貨及選擇權,,OPEICS,
"TXO48800U6　臺指選擇權,2026/09,履約價48800,賣權",TWTXO880DU63,2026/05/05,期貨及選擇權,,OPEICS,
"TXO48800X6　臺指選擇權,2026/12,履約價48800,賣權",TWTXO880DX60,2026/05/05,期貨及選擇權,,OPEICS,
"TXO49000U6　臺指選擇權,2026/09,履約價49000,賣權",TWTXO900DU69,2026/05/05,期貨及選擇權,,OPEICS,
"TXO49000X6　臺指選擇權,2026/12,履約價49000,賣權",TWTXO900DX66,2026/05/05,期貨及選擇權,,OPEICS,
"TXO49200U6　臺指選擇權,2026/09,履約價49200,賣權",TWTXO920DU65,2026/05/07,期貨及選擇權,,OPEICS,
"TXO49200X6　臺指選擇權,2026/12,履約價49200,賣權",TWTXO920DX62,2026/05/07,期貨及選擇權,,OPEICS,
"TXO49400U6　臺指選擇權,2026/09,履約價49400,賣權",TWTXO940DU61,2026/05/07,期貨及選擇權,,OPEICS,
"TXO49400X6　臺指選擇權,2026/12,履約價49400,賣權",TWTXO940DX68,2026/05/07,期貨及選擇權,,OPEICS,
"TXO49600U6　臺指選擇權,2026/09,履約價49600,賣權",TWTXO960DU66,2026/05/08,期貨及選擇權,,OPEICS,
"TXO49600X6　臺指選擇權,2026/12,履約價49600,賣權",TWTXO960DX63,2026/05/08,期貨及選擇權,,OPEICS,
"TXO49800U6　臺指選擇權,2026/09,履約價49800,賣權",TWTXO980DU62,2026/05/08,期貨及選擇權,,OPEICS,
"TXO49800X6　臺指選擇權,2026/12,履約價49800,賣權",TWTXO980DX69,2026/05/08,期貨及選擇權,,OPEICS,
"TXO50000U6　臺指選擇權,2026/09,履約價50000,賣權",TWTXO000EU67,2026/05/08,期貨及選擇權,,OPEICS,
"TXO50000X6　臺指選擇權,2026/12,履約價50000,賣權",TWTXO000EX64,2026/05/08,期貨及選擇權,,OPEICS,
"TXO50200U6　臺指選擇權,2026/09,履約價50200,賣權",TWTXO020EU63,2026/05/08,期貨及選擇權,,OPEICS,
"TXO50200X6　臺指選擇權,2026/12,履約價50200,賣權",TWTXO020EX60,2026/05/08,期貨及選擇權,,OPEICS,
"TXO50400U6　臺指選擇權,2026/09,履約價50400,賣權",TWTXO040EU69,2026/05/08,期貨及選擇權,,OPEICS,
"TXO50400X6　臺指選擇權,2026/12,履約價50400,賣權",TWTXO040EX66,2026/05/08,期貨及選擇權,,OPEICS,
"TXX35000Q6　臺指選擇權,2026/05,履約價35000,賣權",TWTXX500CQ61,2026/05/04,期貨及選擇權,,OPEICS,
"TXX35100Q6　臺指選擇權,2026/05,履約價35100,賣權",TWTXX510CQ69,2026/05/04,期貨及選擇權,,OPEICS,
"TXX35200Q6　臺指選擇權,2026/05,履約價35200,賣權",TWTXX520CQ67,2026/05/04,期貨及選擇權,,OPEICS,
"TXX35300Q6　臺指選擇權,2026/05,履約價35300,賣權",TWTXX530CQ65,2026/05/04,期貨及選擇權,,OPEICS,
"TXX35400Q6　臺指選擇權,2026/05,履約價35400,賣權",TWTXX540CQ63,2026/05/04,期貨及選擇權,,OPEICS,
"TXX35500Q6　臺指選擇權,2026/05,履約價35500,賣權",TWTXX550CQ60,2026/05/04,期貨及選擇權,,OPEICS,
"TXX35600Q6　臺指選擇權,2026/05,履約價35600,賣權",TWTXX560CQ68,2026/05/04,期貨及選擇權,,OPEICS,
"TXX35700Q6　臺指選擇權,2026/05,履約價35700,賣權",TWTXX570CQ66,2026/05/04,期貨及選擇權,,OPEICS,
"TXX35800Q6　臺指選擇權,2026/05,履約價35800,賣權",TWTXX580CQ64,2026/05/04,期貨及選擇權,,OPEICS,
"TXX35900Q6　臺指選擇權,2026/05,履約價35900,賣權",TWTXX590CQ62,2026/05/04,期貨及選擇權,,OPEICS,
"TXX36000Q6　臺指選擇權,2026/05,履約價36000,賣權",TWTXX600CQ60,2026/05/04,期貨及選擇權,,OPEICS,
"TXX36100Q6　臺指選擇權,2026/05,履約價36100,賣權",TWTXX610CQ68,2026/05/04,期貨及選擇權,,OPEICS,
"TXX36200Q6　臺指選擇權,2026/05,履約價36200,賣權",TWTXX620CQ66,2026/05/04,期貨及選擇權,,OPEICS,
"TXX36300Q6　臺指選擇權,2026/05,履約價36300,賣權",TWTXX630CQ64,2026/05/04,期貨及選擇權,,OPEICS,
"TXX36400Q6　臺指選擇權,2026/05,履約價36400,賣權",TWTXX640CQ62,2026/05/04,期貨及選擇權,,OPEICS,
"TXX36500Q6　臺指選擇權,2026/05,履約價36500,賣權",TWTXX650CQ69,2026/05/04,期貨及選擇權,,OPEICS,
"TXX36600Q6　臺指選擇權,2026/05,履約價36600,賣權",TWTXX660CQ67,2026/05/04,期貨及選擇權,,OPEICS,
"TXX36700Q6　臺指選擇權,2026/05,履約價36700,賣權",TWTXX670CQ65,2026/05/04,期貨及選擇權,,OPEICS,
"TXX36800Q6　臺指選擇權,2026/05,履約價36800,賣權",TWTXX680CQ63,2026/05/04,期貨及選擇權,,OPEICS,
"TXX36900Q6　臺指選擇權,2026/05,履約價36900,賣權",TWTXX690CQ61,2026/05/04,期貨及選擇權,,OPEICS,
"TXX37000Q6　臺指選擇權,2026/05,履約價37000,賣權",TWTXX700CQ69,2026/05/04,期貨及選擇權,,OPEICS,
"TXX37100Q6　臺指選擇權,2026/05,履約價37100,賣權",TWTXX710CQ67,2026/05/04,期貨及選擇權,,OPEICS,
"TXX37200Q6　臺指選擇權,2026/05,履約價37200,賣權",TWTXX720CQ65,2026/05/04,期貨及選擇權,,OPEICS,
"TXX37300Q6　臺指選擇權,2026/05,履約價37300,賣權",TWTXX730CQ63,2026/05/04,期貨及選擇權,,OPEICS,
"TXX37400Q6　臺指選擇權,2026/05,履約價37400,賣權",TWTXX740CQ61,2026/05/04,期貨及選擇權,,OPEICS,
"TXX37500Q6　臺指選擇權,2026/05,履約價37500,賣權",TWTXX750CQ68,2026/05/04,期貨及選擇權,,OPEICS,
"TXX37600Q6　臺指選擇權,2026/05,履約價37600,賣權",TWTXX760CQ66,2026/05/04,期貨及選擇權,,OPEICS,
"TXX37700Q6　臺指選擇權,2026/05,履約價37700,賣權",TWTXX770CQ64,2026/05/04,期貨及選擇權,,OPEICS,
"TXX37800Q6　臺指選擇權,2026/05,履約價37800,賣權",TWTXX780CQ62,2026/05/04,期貨及選擇權,,OPEICS,
"TXX37850Q6　臺指選擇權,2026/05,履約價37850,賣權",TWTXX785CQ67,2026/05/04,期貨及選擇權,,OPEICS,
"TXX37900Q6　臺指選擇權,2026/05,履約價37900,賣權",TWTXX790CQ60,2026/05/04,期貨及選擇權,,OPEICS,
"TXX37950Q6　臺指選擇權,2026/05,履約價37950,賣權",TWTXX795CQ65,2026/05/04,期貨及選擇權,,OPEICS,
"TXX38000Q6　臺指選擇權,2026/05,履約價38000,賣權",TWTXX800CQ68,2026/05/04,期貨及選擇權,,OPEICS,
"TXX38050Q6　臺指選擇權,2026/05,履約價38050,賣權",TWTXX805CQ63,2026/05/04,期貨及選擇權,,OPEICS,
"TXX38100Q6　臺指選擇權,2026/05,履約價38100,賣權",TWTXX810CQ66,2026/05/04,期貨及選擇權,,OPEICS,
"TXX38150Q6　臺指選擇權,2026/05,履約價38150,賣權",TWTXX815CQ61,2026/05/04,期貨及選擇權,,OPEICS,
"TXX38200Q6　臺指選擇權,2026/05,履約價38200,賣權",TWTXX820CQ64,2026/05/04,期貨及選擇權,,OPEICS,
"TXX38250Q6　臺指選擇權,2026/05,履約價38250,賣權",TWTXX825CQ69,2026/05/04,期貨及選擇權,,OPEICS,
"TXX38300Q6　臺指選擇權,2026/05,履約價38300,賣權",TWTXX830CQ62,2026/05/04,期貨及選擇權,,OPEICS,
"TXX38350Q6　臺指選擇權,2026/05,履約價38350,賣權",TWTXX835CQ67,2026/05/04,期貨及選擇權,,OPEICS,
"TXX38400Q6　臺指選擇權,2026/05,履約價38400,賣權",TWTXX840CQ60,2026/05/04,期貨及選擇權,,OPEICS,
"TXX38450Q6　臺指選擇權,2026/05,履約價38450,賣權",TWTXX845CQ65,2026/05/04,期貨及選擇權,,OPEICS,
"TXX38500Q6　臺指選擇權,2026/05,履約價38500,賣權",TWTXX850CQ67,2026/05/04,期貨及選擇權,,OPEICS,
"TXX38550Q6　臺指選擇權,2026/05,履約價38550,賣權",TWTXX855CQ62,2026/05/04,期貨及選擇權,,OPEICS,
"TXX38600Q6　臺指選擇權,2026/05,履約價38600,賣權",TWTXX860CQ65,2026/05/04,期貨及選擇權,,OPEICS,
"TXX38650Q6　臺指選擇權,2026/05,履約價38650,賣權",TWTXX865CQ60,2026/05/04,期貨及選擇權,,OPEICS,
"TXX38700Q6　臺指選擇權,2026/05,履約價38700,賣權",TWTXX870CQ63,2026/05/04,期貨及選擇權,,OPEICS,
"TXX38750Q6　臺指選擇權,2026/05,履約價38750,賣權",TWTXX875CQ68,2026/05/04,期貨及選擇權,,OPEICS,
"TXX38800Q6　臺指選擇權,2026/05,履約價38800,賣權",TWTXX880CQ61,2026/05/04,期貨及選擇權,,OPEICS,
"TXX38850Q6　臺指選擇權,2026/05,履約價38850,賣權",TWTXX885CQ66,2026/05/04,期貨及選擇權,,OPEICS,
"TXX38900Q6　臺指選擇權,2026/05,履約價38900,賣權",TWTXX890CQ69,2026/05/04,期貨及選擇權,,OPEICS,
"TXX38950Q6　臺指選擇權,2026/05,履約價38950,賣權",TWTXX895CQ64,2026/05/04,期貨及選擇權,,OPEICS,
"TXX39000Q6　臺指選擇權,2026/05,履約價39000,賣權",TWTXX900CQ67,2026/05/04,期貨及選擇權,,OPEICS,
"TXX39050Q6　臺指選擇權,2026/05,履約價39050,賣權",TWTXX905CQ62,2026/05/04,期貨及選擇權,,OPEICS,
"TXX39100Q6　臺指選擇權,2026/05,履約價39100,賣權",TWTXX910CQ65,2026/05/04,期貨及選擇權,,OPEICS,
"TXX39150Q6　臺指選擇權,2026/05,履約價39150,賣權",TWTXX915CQ60,2026/05/04,期貨及選擇權,,OPEICS,
"TXX39200Q6　臺指選擇權,2026/05,履約價39200,賣權",TWTXX920CQ63,2026/05/04,期貨及選擇權,,OPEICS,
"TXX39250Q6　臺指選擇權,2026/05,履約價39250,賣權",TWTXX925CQ68,2026/05/04,期貨及選擇權,,OPEICS,
"TXX39300Q6　臺指選擇權,2026/05,履約價39300,賣權",TWTXX930CQ61,2026/05/04,期貨及選擇權,,OPEICS,
"TXX39350Q6　臺指選擇權,2026/05,履約價39350,賣權",TWTXX935CQ66,2026/05/04,期貨及選擇權,,OPEICS,
"TXX39400Q6　臺指選擇權,2026/05,履約價39400,賣權",TWTXX940CQ69,2026/05/04,期貨及選擇權,,OPEICS,
"TXX39450Q6　臺指選擇權,2026/05,履約價39450,賣權",TWTXX945CQ64,2026/05/04,期貨及選擇權,,OPEICS,
"TXX39500Q6　臺指選擇權,2026/05,履約價39500,賣權",TWTXX950CQ66,2026/05/04,期貨及選擇權,,OPEICS,
"TXX39550Q6　臺指選擇權,2026/05,履約價39550,賣權",TWTXX955CQ61,2026/05/04,期貨及選擇權,,OPEICS,
"TXX39600Q6　臺指選擇權,2026/05,履約價39600,賣權",TWTXX960CQ64,2026/05/04,期貨及選擇權,,OPEICS,
"TXX39650Q6　臺指選擇權,2026/05,履約價39650,賣權",TWTXX965CQ69,2026/05/04,期貨及選擇權,,OPEICS,
"TXX39700Q6　臺指選擇權,2026/05,履約價39700,賣權",TWTXX970CQ62,2026/05/04,期貨及選擇權,,OPEICS,
"TXX39750Q6　臺指選擇權,2026/05,履約價39750,賣權",TWTXX975CQ67,2026/05/04,期貨及選擇權,,OPEICS,
"TXX39800Q6　臺指選擇權,2026/05,履約價39800,賣權",TWTXX980CQ60,2026/05/04,期貨及選擇權,,OPEICS,
"TXX39850Q6　臺指選擇權,2026/05,履約價39850,賣權",TWTXX985CQ65,2026/05/04,期貨及選擇權,,OPEICS,
"TXX39900Q6　臺指選擇權,2026/05,履約價39900,賣權",TWTXX990CQ68,2026/05/04,期貨及選擇權,,OPEICS,
"TXX39950Q6　臺指選擇權,2026/05,履約價39950,賣權",TWTXX995CQ63,2026/05/04,期貨及選擇權,,OPEICS,
"TXX40000Q6　臺指選擇權,2026/05,履約價40000,賣權",TWTXX000DQ65,2026/05/04,期貨及選擇權,,OPEICS,
"TXX40050Q6　臺指選擇權,2026/05,履約價40050,賣權",TWTXX005DQ60,2026/05/04,期貨及選擇權,,OPEICS,
"TXX40100Q6　臺指選擇權,2026/05,履約價40100,賣權",TWTXX010DQ63,2026/05/04,期貨及選擇權,,OPEICS,
"TXX40150Q6　臺指選擇權,2026/05,履約價40150,賣權",TWTXX015DQ68,2026/05/05,期貨及選擇權,,OPEICS,
"TXX40200Q6　臺指選擇權,2026/05,履約價40200,賣權",TWTXX020DQ61,2026/05/04,期貨及選擇權,,OPEICS,
"TXX40250Q6　臺指選擇權,2026/05,履約價40250,賣權",TWTXX025DQ66,2026/05/05,期貨及選擇權,,OPEICS,
"TXX40300Q6　臺指選擇權,2026/05,履約價40300,賣權",TWTXX030DQ69,2026/05/04,期貨及選擇權,,OPEICS,
"TXX40350Q6　臺指選擇權,2026/05,履約價40350,賣權",TWTXX035DQ64,2026/05/05,期貨及選擇權,,OPEICS,
"TXX40400Q6　臺指選擇權,2026/05,履約價40400,賣權",TWTXX040DQ67,2026/05/04,期貨及選擇權,,OPEICS,
"TXX40450Q6　臺指選擇權,2026/05,履約價40450,賣權",TWTXX045DQ62,2026/05/05,期貨及選擇權,,OPEICS,
"TXX40500Q6　臺指選擇權,2026/05,履約價40500,賣權",TWTXX050DQ64,2026/05/04,期貨及選擇權,,OPEICS,
"TXX40550Q6　臺指選擇權,2026/05,履約價40550,賣權",TWTXX055DQ69,2026/05/05,期貨及選擇權,,OPEICS,
"TXX40600Q6　臺指選擇權,2026/05,履約價40600,賣權",TWTXX060DQ62,2026/05/04,期貨及選擇權,,OPEICS,
"TXX40650Q6　臺指選擇權,2026/05,履約價40650,賣權",TWTXX065DQ67,2026/05/05,期貨及選擇權,,OPEICS,
"TXX40700Q6　臺指選擇權,2026/05,履約價40700,賣權",TWTXX070DQ60,2026/05/04,期貨及選擇權,,OPEICS,
"TXX40750Q6　臺指選擇權,2026/05,履約價40750,賣權",TWTXX075DQ65,2026/05/05,期貨及選擇權,,OPEICS,
"TXX40800Q6　臺指選擇權,2026/05,履約價40800,賣權",TWTXX080DQ68,2026/05/04,期貨及選擇權,,OPEICS,
"TXX40850Q6　臺指選擇權,2026/05,履約價40850,賣權",TWTXX085DQ63,2026/05/05,期貨及選擇權,,OPEICS,
"TXX40900Q6　臺指選擇權,2026/05,履約價40900,賣權",TWTXX090DQ66,2026/05/04,期貨及選擇權,,OPEICS,
"TXX40950Q6　臺指選擇權,2026/05,履約價40950,賣權",TWTXX095DQ61,2026/05/05,期貨及選擇權,,OPEICS,
"TXX41000Q6　臺指選擇權,2026/05,履約價41000,賣權",TWTXX100DQ64,2026/05/04,期貨及選擇權,,OPEICS,
"TXX41050Q6　臺指選擇權,2026/05,履約價41050,賣權",TWTXX105DQ69,2026/05/05,期貨及選擇權,,OPEICS,
"TXX41100Q6　臺指選擇權,2026/05,履約價41100,賣權",TWTXX110DQ62,2026/05/04,期貨及選擇權,,OPEICS,
"TXX41150Q6　臺指選擇權,2026/05,履約價41150,賣權",TWTXX115DQ67,2026/05/05,期貨及選擇權,,OPEICS,
"TXX41200Q6　臺指選擇權,2026/05,履約價41200,賣權",TWTXX120DQ60,2026/05/04,期貨及選擇權,,OPEICS,
"TXX41250Q6　臺指選擇權,2026/05,履約價41250,賣權",TWTXX125DQ65,2026/05/05,期貨及選擇權,,OPEICS,
"TXX41300Q6　臺指選擇權,2026/05,履約價41300,賣權",TWTXX130DQ68,2026/05/04,期貨及選擇權,,OPEICS,
"TXX41350Q6　臺指選擇權,2026/05,履約價41350,賣權",TWTXX135DQ63,2026/05/05,期貨及選擇權,,OPEICS,
"TXX41400Q6　臺指選擇權,2026/05,履約價41400,賣權",TWTXX140DQ66,2026/05/04,期貨及選擇權,,OPEICS,
"TXX41450Q6　臺指選擇權,2026/05,履約價41450,賣權",TWTXX145DQ61,2026/05/05,期貨及選擇權,,OPEICS,
"TXX41500Q6　臺指選擇權,2026/05,履約價41500,賣權",TWTXX150DQ63,2026/05/04,期貨及選擇權,,OPEICS,
"TXX41550Q6　臺指選擇權,2026/05,履約價41550,賣權",TWTXX155DQ68,2026/05/05,期貨及選擇權,,OPEICS,
"TXX41600Q6　臺指選擇權,2026/05,履約價41600,賣權",TWTXX160DQ61,2026/05/04,期貨及選擇權,,OPEICS,
"TXX41650Q6　臺指選擇權,2026/05,履約價41650,賣權",TWTXX165DQ66,2026/05/05,期貨及選擇權,,OPEICS,
"TXX41700Q6　臺指選擇權,2026/05,履約價41700,賣權",TWTXX170DQ69,2026/05/04,期貨及選擇權,,OPEICS,
"TXX41750Q6　臺指選擇權,2026/05,履約價41750,賣權",TWTXX175DQ64,2026/05/05,期貨及選擇權,,OPEICS,
"TXX41800Q6　臺指選擇權,2026/05,履約價41800,賣權",TWTXX180DQ67,2026/05/04,期貨及選擇權,,OPEICS,
"TXX41850Q6　臺指選擇權,2026/05,履約價41850,賣權",TWTXX185DQ62,2026/05/05,期貨及選擇權,,OPEICS,
"TXX41900Q6　臺指選擇權,2026/05,履約價41900,賣權",TWTXX190DQ65,2026/05/04,期貨及選擇權,,OPEICS,
"TXX41950Q6　臺指選擇權,2026/05,履約價41950,賣權",TWTXX195DQ60,2026/05/06,期貨及選擇權,,OPEICS,
"TXX42000Q6　臺指選擇權,2026/05,履約價42000,賣權",TWTXX200DQ63,2026/05/04,期貨及選擇權,,OPEICS,
"TXX42050Q6　臺指選擇權,2026/05,履約價42050,賣權",TWTXX205DQ68,2026/05/07,期貨及選擇權,,OPEICS,
"TXX42100Q6　臺指選擇權,2026/05,履約價42100,賣權",TWTXX210DQ61,2026/05/04,期貨及選擇權,,OPEICS,
"TXX42150Q6　臺指選擇權,2026/05,履約價42150,賣權",TWTXX215DQ66,2026/05/07,期貨及選擇權,,OPEICS,
"TXX42200Q6　臺指選擇權,2026/05,履約價42200,賣權",TWTXX220DQ69,2026/05/04,期貨及選擇權,,OPEICS,
"TXX42250Q6　臺指選擇權,2026/05,履約價42250,賣權",TWTXX225DQ64,2026/05/07,期貨及選擇權,,OPEICS,
"TXX42300Q6　臺指選擇權,2026/05,履約價42300,賣權",TWTXX230DQ67,2026/05/04,期貨及選擇權,,OPEICS,
"TXX42350Q6　臺指選擇權,2026/05,履約價42350,賣權",TWTXX235DQ62,2026/05/07,期貨及選擇權,,OPEICS,
"TXX42400Q6　臺指選擇權,2026/05,履約價42400,賣權",TWTXX240DQ65,2026/05/04,期貨及選擇權,,OPEICS,
"TXX42450Q6　臺指選擇權,2026/05,履約價42450,賣權",TWTXX245DQ60,2026/05/08,期貨及選擇權,,OPEICS,
"TXX42500Q6　臺指選擇權,2026/05,履約價42500,賣權",TWTXX250DQ62,2026/05/04,期貨及選擇權,,OPEICS,
"TXX42550Q6　臺指選擇權,2026/05,履約價42550,賣權",TWTXX255DQ67,2026/05/08,期貨及選擇權,,OPEICS,
"TXX42600Q6　臺指選擇權,2026/05,履約價42600,賣權",TWTXX260DQ60,2026/05/04,期貨及選擇權,,OPEICS,
"TXX42650Q6　臺指選擇權,2026/05,履約價42650,賣權",TWTXX265DQ65,2026/05/08,期貨及選擇權,,OPEICS,
"TXX42700Q6　臺指選擇權,2026/05,履約價42700,賣權",TWTXX270DQ68,2026/05/04,期貨及選擇權,,OPEICS,
"TXX42750Q6　臺指選擇權,2026/05,履約價42750,賣權",TWTXX275DQ63,2026/05/08,期貨及選擇權,,OPEICS,
"TXX42800Q6　臺指選擇權,2026/05,履約價42800,賣權",TWTXX280DQ66,2026/05/04,期貨及選擇權,,OPEICS,
"TXX42850Q6　臺指選擇權,2026/05,履約價42850,賣權",TWTXX285DQ61,2026/05/08,期貨及選擇權,,OPEICS,
"TXX42900Q6　臺指選擇權,2026/05,履約價42900,賣權",TWTXX290DQ64,2026/05/04,期貨及選擇權,,OPEICS,
"TXX42950Q6　臺指選擇權,2026/05,履約價42950,賣權",TWTXX295DQ69,2026/05/08,期貨及選擇權,,OPEICS,
"TXX43000Q6　臺指選擇權,2026/05,履約價43000,賣權",TWTXX300DQ62,2026/05/05,期貨及選擇權,,OPEICS,
"TXX43050Q6　臺指選擇權,2026/05,履約價43050,賣權",TWTXX305DQ67,2026/05/08,期貨及選擇權,,OPEICS,
"TXX43100Q6　臺指選擇權,2026/05,履約價43100,賣權",TWTXX310DQ60,2026/05/05,期貨及選擇權,,OPEICS,
"TXX43150Q6　臺指選擇權,2026/05,履約價43150,賣權",TWTXX315DQ65,2026/05/08,期貨及選擇權,,OPEICS,
"TXX43200Q6　臺指選擇權,2026/05,履約價43200,賣權",TWTXX320DQ68,2026/05/05,期貨及選擇權,,OPEICS,
"TXX43300Q6　臺指選擇權,2026/05,履約價43300,賣權",TWTXX330DQ66,2026/05/05,期貨及選擇權,,OPEICS,
"TXX43400Q6　臺指選擇權,2026/05,履約價43400,賣權",TWTXX340DQ64,2026/05/05,期貨及選擇權,,OPEICS,
"TXX43500Q6　臺指選擇權,2026/05,履約價43500,賣權",TWTXX350DQ61,2026/05/05,期貨及選擇權,,OPEICS,
"TXX43600Q6　臺指選擇權,2026/05,履約價43600,賣權",TWTXX360DQ69,2026/05/05,期貨及選擇權,,OPEICS,
"TXX43700Q6　臺指選擇權,2026/05,履約價43700,賣權",TWTXX370DQ67,2026/05/05,期貨及選擇權,,OPEICS,
"TXX43800Q6　臺指選擇權,2026/05,履約價43800,賣權",TWTXX380DQ65,2026/05/05,期貨及選擇權,,OPEICS,
"TXX43900Q6　臺指選擇權,2026/05,履約價43900,賣權",TWTXX390DQ63,2026/05/05,期貨及選擇權,,OPEICS,
"TXX44000Q6　臺指選擇權,2026/05,履約價44000,賣權",TWTXX400DQ61,2026/05/05,期貨及選擇權,,OPEICS,
"TXX44100Q6　臺指選擇權,2026/05,履約價44100,賣權",TWTXX410DQ69,2026/05/05,期貨及選擇權,,OPEICS,
"TXX44200Q6　臺指選擇權,2026/05,履約價44200,賣權",TWTXX420DQ67,2026/05/05,期貨及選擇權,,OPEICS,
"TXX44300Q6　臺指選擇權,2026/05,履約價44300,賣權",TWTXX430DQ65,2026/05/05,期貨及選擇權,,OPEICS,
"TXX44400Q6　臺指選擇權,2026/05,履約價44400,賣權",TWTXX440DQ63,2026/05/05,期貨及選擇權,,OPEICS,
"TXX44500Q6　臺指選擇權,2026/05,履約價44500,賣權",TWTXX450DQ60,2026/05/05,期貨及選擇權,,OPEICS,
"TXX44600Q6　臺指選擇權,2026/05,履約價44600,賣權",TWTXX460DQ68,2026/05/05,期貨及選擇權,,OPEICS,
"TXX44700Q6　臺指選擇權,2026/05,履約價44700,賣權",TWTXX470DQ66,2026/05/05,期貨及選擇權,,OPEICS,
"TXX44800Q6　臺指選擇權,2026/05,履約價44800,賣權",TWTXX480DQ64,2026/05/05,期貨及選擇權,,OPEICS,
"TXX44900Q6　臺指選擇權,2026/05,履約價44900,賣權",TWTXX490DQ62,2026/05/06,期貨及選擇權,,OPEICS,
"TXX45000Q6　臺指選擇權,2026/05,履約價45000,賣權",TWTXX500DQ60,2026/05/07,期貨及選擇權,,OPEICS,
"TXX45100Q6　臺指選擇權,2026/05,履約價45100,賣權",TWTXX510DQ68,2026/05/07,期貨及選擇權,,OPEICS,
"TXX45200Q6　臺指選擇權,2026/05,履約價45200,賣權",TWTXX520DQ66,2026/05/07,期貨及選擇權,,OPEICS,
"TXX45300Q6　臺指選擇權,2026/05,履約價45300,賣權",TWTXX530DQ64,2026/05/07,期貨及選擇權,,OPEICS,
"TXX45400Q6　臺指選擇權,2026/05,履約價45400,賣權",TWTXX540DQ62,2026/05/08,期貨及選擇權,,OPEICS,
"TXX45500Q6　臺指選擇權,2026/05,履約價45500,賣權",TWTXX550DQ69,2026/05/08,期貨及選擇權,,OPEICS,
"TXX45600Q6　臺指選擇權,2026/05,履約價45600,賣權",TWTXX560DQ67,2026/05/08,期貨及選擇權,,OPEICS,
"TXX45700Q6　臺指選擇權,2026/05,履約價45700,賣權",TWTXX570DQ65,2026/05/08,期貨及選擇權,,OPEICS,
"TXX45800Q6　臺指選擇權,2026/05,履約價45800,賣權",TWTXX580DQ63,2026/05/08,期貨及選擇權,,OPEICS,
"TXX45900Q6　臺指選擇權,2026/05,履約價45900,賣權",TWTXX590DQ61,2026/05/08,期貨及選擇權,,OPEICS,
"TXX46000Q6　臺指選擇權,2026/05,履約價46000,賣權",TWTXX600DQ69,2026/05/08,期貨及選擇權,,OPEICS,
"TXX46100Q6　臺指選擇權,2026/05,履約價46100,賣權",TWTXX610DQ67,2026/05/08,期貨及選擇權,,OPEICS,
"TXX46200Q6　臺指選擇權,2026/05,履約價46200,賣權",TWTXX620DQ65,2026/05/08,期貨及選擇權,,OPEICS,
"TXY37700Q6　臺指選擇權,2026/05,履約價37700,賣權",TWTXY770CQ62,2026/05/08,期貨及選擇權,,OPEICS,
"TXY37800Q6　臺指選擇權,2026/05,履約價37800,賣權",TWTXY780CQ60,2026/05/08,期貨及選擇權,,OPEICS,
"TXY37900Q6　臺指選擇權,2026/05,履約價37900,賣權",TWTXY790CQ68,2026/05/08,期貨及選擇權,,OPEICS,
"TXY38000Q6　臺指選擇權,2026/05,履約價38000,賣權",TWTXY800CQ66,2026/05/08,期貨及選擇權,,OPEICS,
"TXY38100Q6　臺指選擇權,2026/05,履約價38100,賣權",TWTXY810CQ64,2026/05/08,期貨及選擇權,,OPEICS,
"TXY38200Q6　臺指選擇權,2026/05,履約價38200,賣權",TWTXY820CQ62,2026/05/08,期貨及選擇權,,OPEICS,
"TXY38300Q6　臺指選擇權,2026/05,履約價38300,賣權",TWTXY830CQ60,2026/05/08,期貨及選擇權,,OPEICS,
"TXY38400Q6　臺指選擇權,2026/05,履約價38400,賣權",TWTXY840CQ68,2026/05/08,期貨及選擇權,,OPEICS,
"TXY38500Q6　臺指選擇權,2026/05,履約價38500,賣權",TWTXY850CQ65,2026/05/08,期貨及選擇權,,OPEICS,
"TXY38600Q6　臺指選擇權,2026/05,履約價38600,賣權",TWTXY860CQ63,2026/05/08,期貨及選擇權,,OPEICS,
"TXY38700Q6　臺指選擇權,2026/05,履約價38700,賣權",TWTXY870CQ61,2026/05/08,期貨及選擇權,,OPEICS,
"TXY38800Q6　臺指選擇權,2026/05,履約價38800,賣權",TWTXY880CQ69,2026/05/08,期貨及選擇權,,OPEICS,
"TXY38900Q6　臺指選擇權,2026/05,履約價38900,賣權",TWTXY890CQ67,2026/05/08,期貨及選擇權,,OPEICS,
"TXY39000Q6　臺指選擇權,2026/05,履約價39000,賣權",TWTXY900CQ65,2026/05/08,期貨及選擇權,,OPEICS,
"TXY39100Q6　臺指選擇權,2026/05,履約價39100,賣權",TWTXY910CQ63,2026/05/08,期貨及選擇權,,OPEICS,
"TXY39200Q6　臺指選擇權,2026/05,履約價39200,賣權",TWTXY920CQ61,2026/05/08,期貨及選擇權,,OPEICS,
"TXY39300Q6　臺指選擇權,2026/05,履約價39300,賣權",TWTXY930CQ69,2026/05/08,期貨及選擇權,,OPEICS,
"TXY39400Q6　臺指選擇權,2026/05,履約價39400,賣權",TWTXY940CQ67,2026/05/08,期貨及選擇權,,OPEICS,
"TXY39500Q6　臺指選擇權,2026/05,履約價39500,賣權",TWTXY950CQ64,2026/05/08,期貨及選擇權,,OPEICS,
"TXY39600Q6　臺指選擇權,2026/05,履約價39600,賣權",TWTXY960CQ62,2026/05/08,期貨及選擇權,,OPEICS,
"TXY39700Q6　臺指選擇權,2026/05,履約價39700,賣權",TWTXY970CQ60,2026/05/08,期貨及選擇權,,OPEICS,
"TXY39800Q6　臺指選擇權,2026/05,履約價39800,賣權",TWTXY980CQ68,2026/05/08,期貨及選擇權,,OPEICS,
"TXY39900Q6　臺指選擇權,2026/05,履約價39900,賣權",TWTXY990CQ66,2026/05/08,期貨及選擇權,,OPEICS,
"TXY40000Q6　臺指選擇權,2026/05,履約價40000,賣權",TWTXY000DQ63,2026/05/08,期貨及選擇權,,OPEICS,
"TXY40100Q6　臺指選擇權,2026/05,履約價40100,賣權",TWTXY010DQ61,2026/05/08,期貨及選擇權,,OPEICS,
"TXY40200Q6　臺指選擇權,2026/05,履約價40200,賣權",TWTXY020DQ69,2026/05/08,期貨及選擇權,,OPEICS,
"TXY40300Q6　臺指選擇權,2026/05,履約價40300,賣權",TWTXY030DQ67,2026/05/08,期貨及選擇權,,OPEICS,
"TXY40400Q6　臺指選擇權,2026/05,履約價40400,賣權",TWTXY040DQ65,2026/05/08,期貨及選擇權,,OPEICS,
"TXY40500Q6　臺指選擇權,2026/05,履約價40500,賣權",TWTXY050DQ62,2026/05/08,期貨及選擇權,,OPEICS,
"TXY40600Q6　臺指選擇權,2026/05,履約價40600,賣權",TWTXY060DQ60,2026/05/08,期貨及選擇權,,OPEICS,
"TXY40700Q6　臺指選擇權,2026/05,履約價40700,賣權",TWTXY070DQ68,2026/05/08,期貨及選擇權,,OPEICS,
"TXY40750Q6　臺指選擇權,2026/05,履約價40750,賣權",TWTXY075DQ63,2026/05/08,期貨及選擇權,,OPEICS,
"TXY40800Q6　臺指選擇權,2026/05,履約價40800,賣權",TWTXY080DQ66,2026/05/08,期貨及選擇權,,OPEICS,
"TXY40850Q6　臺指選擇權,2026/05,履約價40850,賣權",TWTXY085DQ61,2026/05/08,期貨及選擇權,,OPEICS,
"TXY40900Q6　臺指選擇權,2026/05,履約價40900,賣權",TWTXY090DQ64,2026/05/08,期貨及選擇權,,OPEICS,
"TXY40950Q6　臺指選擇權,2026/05,履約價40950,賣權",TWTXY095DQ69,2026/05/08,期貨及選擇權,,OPEICS,
"TXY41000Q6　臺指選擇權,2026/05,履約價41000,賣權",TWTXY100DQ62,2026/05/08,期貨及選擇權,,OPEICS,
"TXY41050Q6　臺指選擇權,2026/05,履約價41050,賣權",TWTXY105DQ67,2026/05/08,期貨及選擇權,,OPEICS,
"TXY41100Q6　臺指選擇權,2026/05,履約價41100,賣權",TWTXY110DQ60,2026/05/08,期貨及選擇權,,OPEICS,
"TXY41150Q6　臺指選擇權,2026/05,履約價41150,賣權",TWTXY115DQ65,2026/05/08,期貨及選擇權,,OPEICS,
"TXY41200Q6　臺指選擇權,2026/05,履約價41200,賣權",TWTXY120DQ68,2026/05/08,期貨及選擇權,,OPEICS,
"TXY41250Q6　臺指選擇權,2026/05,履約價41250,賣權",TWTXY125DQ63,2026/05/08,期貨及選擇權,,OPEICS,
"TXY41300Q6　臺指選擇權,2026/05,履約價41300,賣權",TWTXY130DQ66,2026/05/08,期貨及選擇權,,OPEICS,
"TXY41350Q6　臺指選擇權,2026/05,履約價41350,賣權",TWTXY135DQ61,2026/05/08,期貨及選擇權,,OPEICS,
"TXY41400Q6　臺指選擇權,2026/05,履約價41400,賣權",TWTXY140DQ64,2026/05/08,期貨及選擇權,,OPEICS,
"TXY41450Q6　臺指選擇權,2026/05,履約價41450,賣權",TWTXY145DQ69,2026/05/08,期貨及選擇權,,OPEICS,
"TXY41500Q6　臺指選擇權,2026/05,履約價41500,賣權",TWTXY150DQ61,2026/05/08,期貨及選擇權,,OPEICS,
"TXY41550Q6　臺指選擇權,2026/05,履約價41550,賣權",TWTXY155DQ66,2026/05/08,期貨及選擇權,,OPEICS,
"TXY41600Q6　臺指選擇權,2026/05,履約價41600,賣權",TWTXY160DQ69,2026/05/08,期貨及選擇權,,OPEICS,
"TXY41650Q6　臺指選擇權,2026/05,履約價41650,賣權",TWTXY165DQ64,2026/05/08,期貨及選擇權,,OPEICS,
"TXY41700Q6　臺指選擇權,2026/05,履約價41700,賣權",TWTXY170DQ67,2026/05/08,期貨及選擇權,,OPEICS,
"TXY41750Q6　臺指選擇權,2026/05,履約價41750,賣權",TWTXY175DQ62,2026/05/08,期貨及選擇權,,OPEICS,
"TXY41800Q6　臺指選擇權,2026/05,履約價41800,賣權",TWTXY180DQ65,2026/05/08,期貨及選擇權,,OPEICS,
"TXY41850Q6　臺指選擇權,2026/05,履約價41850,賣權",TWTXY185DQ60,2026/05/08,期貨及選擇權,,OPEICS,
"TXY41900Q6　臺指選擇權,2026/05,履約價41900,賣權",TWTXY190DQ63,2026/05/08,期貨及選擇權,,OPEICS,
"TXY41950Q6　臺指選擇權,2026/05,履約價41950,賣權",TWTXY195DQ68,2026/05/08,期貨及選擇權,,OPEICS,
"TXY42000Q6　臺指選擇權,2026/05,履約價42000,賣權",TWTXY200DQ61,2026/05/08,期貨及選擇權,,OPEICS,
"TXY42050Q6　臺指選擇權,2026/05,履約價42050,賣權",TWTXY205DQ66,2026/05/08,期貨及選擇權,,OPEICS,
"TXY42100Q6　臺指選擇權,2026/05,履約價42100,賣權",TWTXY210DQ69,2026/05/08,期貨及選擇權,,OPEICS,
"TXY42150Q6　臺指選擇權,2026/05,履約價42150,賣權",TWTXY215DQ64,2026/05/08,期貨及選擇權,,OPEICS,
"TXY42200Q6　臺指選擇權,2026/05,履約價42200,賣權",TWTXY220DQ67,2026/05/08,期貨及選擇權,,OPEICS,
"TXY42250Q6　臺指選擇權,2026/05,履約價42250,賣權",TWTXY225DQ62,2026/05/08,期貨及選擇權,,OPEICS,
"TXY42300Q6　臺指選擇權,2026/05,履約價42300,賣權",TWTXY230DQ65,2026/05/08,期貨及選擇權,,OPEICS,
"TXY42350Q6　臺指選擇權,2026/05,履約價42350,賣權",TWTXY235DQ60,2026/05/08,期貨及選擇權,,OPEICS,
"TXY42400Q6　臺指選擇權,2026/05,履約價42400,賣權",TWTXY240DQ63,2026/05/08,期貨及選擇權,,OPEICS,
"TXY42450Q6　臺指選擇權,2026/05,履約價42450,賣權",TWTXY245DQ68,2026/05/08,期貨及選擇權,,OPEICS,
"TXY42500Q6　臺指選擇權,2026/05,履約價42500,賣權",TWTXY250DQ60,2026/05/08,期貨及選擇權,,OPEICS,
"TXY42550Q6　臺指選擇權,2026/05,履約價42550,賣權",TWTXY255DQ65,2026/05/08,期貨及選擇權,,OPEICS,
"TXY42600Q6　臺指選擇權,2026/05,履約價42600,賣權",TWTXY260DQ68,2026/05/08,期貨及選擇權,,OPEICS,
"TXY42650Q6　臺指選擇權,2026/05,履約價42650,賣權",TWTXY265DQ63,2026/05/08,期貨及選擇權,,OPEICS,
"TXY42700Q6　臺指選擇權,2026/05,履約價42700,賣權",TWTXY270DQ66,2026/05/08,期貨及選擇權,,OPEICS,
"TXY42750Q6　臺指選擇權,2026/05,履約價42750,賣權",TWTXY275DQ61,2026/05/08,期貨及選擇權,,OPEICS,
"TXY42800Q6　臺指選擇權,2026/05,履約價42800,賣權",TWTXY280DQ64,2026/05/08,期貨及選擇權,,OPEICS,
"TXY42850Q6　臺指選擇權,2026/05,履約價42850,賣權",TWTXY285DQ69,2026/05/08,期貨及選擇權,,OPEICS,
"TXY42900Q6　臺指選擇權,2026/05,履約價42900,賣權",TWTXY290DQ62,2026/05/08,期貨及選擇權,,OPEICS,
"TXY42950Q6　臺指選擇權,2026/05,履約價42950,賣權",TWTXY295DQ67,2026/05/08,期貨及選擇權,,OPEICS,
"TXY43000Q6　臺指選擇權,2026/05,履約價43000,賣權",TWTXY300DQ60,2026/05/08,期貨及選擇權,,OPEICS,
"TXY43050Q6　臺指選擇權,2026/05,履約價43050,賣權",TWTXY305DQ65,2026/05/08,期貨及選擇權,,OPEICS,
"TXY43100Q6　臺指選擇權,2026/05,履約價43100,賣權",TWTXY310DQ68,2026/05/08,期貨及選擇權,,OPEICS,
"TXY43150Q6　臺指選擇權,2026/05,履約價43150,賣權",TWTXY315DQ63,2026/05/08,期貨及選擇權,,OPEICS,
"TXY43200Q6　臺指選擇權,2026/05,履約價43200,賣權",TWTXY320DQ66,2026/05/08,期貨及選擇權,,OPEICS,
"TXY43300Q6　臺指選擇權,2026/05,履約價43300,賣權",TWTXY330DQ64,2026/05/08,期貨及選擇權,,OPEICS,
"TXY43400Q6　臺指選擇權,2026/05,履約價43400,賣權",TWTXY340DQ62,2026/05/08,期貨及選擇權,,OPEICS,
"TXY43500Q6　臺指選擇權,2026/05,履約價43500,賣權",TWTXY350DQ69,2026/05/08,期貨及選擇權,,OPEICS,
"TXY43600Q6　臺指選擇權,2026/05,履約價43600,賣權",TWTXY360DQ67,2026/05/08,期貨及選擇權,,OPEICS,
"TXY43700Q6　臺指選擇權,2026/05,履約價43700,賣權",TWTXY370DQ65,2026/05/08,期貨及選擇權,,OPEICS,
"TXY43800Q6　臺指選擇權,2026/05,履約價43800,賣權",TWTXY380DQ63,2026/05/08,期貨及選擇權,,OPEICS,
"TXY43900Q6　臺指選擇權,2026/05,履約價43900,賣權",TWTXY390DQ61,2026/05/08,期貨及選擇權,,OPEICS,
"TXY44000Q6　臺指選擇權,2026/05,履約價44000,賣權",TWTXY400DQ69,2026/05/08,期貨及選擇權,,OPEICS,
"TXY44100Q6　臺指選擇權,2026/05,履約價44100,賣權",TWTXY410DQ67,2026/05/08,期貨及選擇權,,OPEICS,
"TXY44200Q6　臺指選擇權,2026/05,履約價44200,賣權",TWTXY420DQ65,2026/05/08,期貨及選擇權,,OPEICS,
"TXY44300Q6　臺指選擇權,2026/05,履約價44300,賣權",TWTXY430DQ63,2026/05/08,期貨及選擇權,,OPEICS,
"TXY44400Q6　臺指選擇權,2026/05,履約價44400,賣權",TWTXY440DQ61,2026/05/08,期貨及選擇權,,OPEICS,
"TXY44500Q6　臺指選擇權,2026/05,履約價44500,賣權",TWTXY450DQ68,2026/05/08,期貨及選擇權,,OPEICS,
"TXY44600Q6　臺指選擇權,2026/05,履約價44600,賣權",TWTXY460DQ66,2026/05/08,期貨及選擇權,,OPEICS,
"TXY44700Q6　臺指選擇權,2026/05,履約價44700,賣權",TWTXY470DQ64,2026/05/08,期貨及選擇權,,OPEICS,
"TXY44800Q6　臺指選擇權,2026/05,履約價44800,賣權",TWTXY480DQ62,2026/05/08,期貨及選擇權,,OPEICS,
"TXY44900Q6　臺指選擇權,2026/05,履約價44900,賣權",TWTXY490DQ60,2026/05/08,期貨及選擇權,,OPEICS,
"TXY45000Q6　臺指選擇權,2026/05,履約價45000,賣權",TWTXY500DQ68,2026/05/08,期貨及選擇權,,OPEICS,
"TXY45100Q6　臺指選擇權,2026/05,履約價45100,賣權",TWTXY510DQ66,2026/05/08,期貨及選擇權,,OPEICS,
"TXY45200Q6　臺指選擇權,2026/05,履約價45200,賣權",TWTXY520DQ64,2026/05/08,期貨及選擇權,,OPEICS,
"TXY45300Q6　臺指選擇權,2026/05,履約價45300,賣權",TWTXY530DQ62,2026/05/08,期貨及選擇權,,OPEICS,
"TXY45400Q6　臺指選擇權,2026/05,履約價45400,賣權",TWTXY540DQ60,2026/05/08,期貨及選擇權,,OPEICS,
"TXY45500Q6　臺指選擇權,2026/05,履約價45500,賣權",TWTXY550DQ67,2026/05/08,期貨及選擇權,,OPEICS,
"TXY45600Q6　臺指選擇權,2026/05,履約價45600,賣權",TWTXY560DQ65,2026/05/08,期貨及選擇權,,OPEICS,
"TXY45700Q6　臺指選擇權,2026/05,履約價45700,賣權",TWTXY570DQ63,2026/05/08,期貨及選擇權,,OPEICS,
"TXY45800Q6　臺指選擇權,2026/05,履約價45800,賣權",TWTXY580DQ61,2026/05/08,期貨及選擇權,,OPEICS,
"TXY45900Q6　臺指選擇權,2026/05,履約價45900,賣權",TWTXY590DQ69,2026/05/08,期貨及選擇權,,OPEICS,
"TXY46000Q6　臺指選擇權,2026/05,履約價46000,賣權",TWTXY600DQ67,2026/05/08,期貨及選擇權,,OPEICS,
"TXY46100Q6　臺指選擇權,2026/05,履約價46100,賣權",TWTXY610DQ65,2026/05/08,期貨及選擇權,,OPEICS,
"TXY46200Q6　臺指選擇權,2026/05,履約價46200,賣權",TWTXY620DQ63,2026/05/08,期貨及選擇權,,OPEICS,
黃金選擇權買權
"TGO16100F6　黃金選擇權,2026/06,履約價16100,買權",TWTGO610AF67,2026/03/24,期貨及選擇權,,OCETES,
"TGO16100H6　黃金選擇權,2026/08,履約價16100,買權",TWTGO610AH65,2026/03/24,期貨及選擇權,,OCETES,
"TGO16200F6　黃金選擇權,2026/06,履約價16200,買權",TWTGO620AF65,2026/01/02,期貨及選擇權,,OCETES,
"TGO16200H6　黃金選擇權,2026/08,履約價16200,買權",TWTGO620AH63,2026/03/24,期貨及選擇權,,OCETES,
"TGO16300F6　黃金選擇權,2026/06,履約價16300,買權",TWTGO630AF63,2025/12/31,期貨及選擇權,,OCETES,
"TGO16300H6　黃金選擇權,2026/08,履約價16300,買權",TWTGO630AH61,2026/03/24,期貨及選擇權,,OCETES,
"TGO16400F6　黃金選擇權,2026/06,履約價16400,買權",TWTGO640AF61,2025/12/31,期貨及選擇權,,OCETES,
"TGO16400H6　黃金選擇權,2026/08,履約價16400,買權",TWTGO640AH69,2026/03/24,期貨及選擇權,,OCETES,
"TGO16500F6　黃金選擇權,2026/06,履約價16500,買權",TWTGO650AF68,2025/12/30,期貨及選擇權,,OCETES,
"TGO16500H6　黃金選擇權,2026/08,履約價16500,買權",TWTGO650AH66,2026/03/24,期貨及選擇權,,OCETES,
"TGO16600F6　黃金選擇權,2026/06,履約價16600,買權",TWTGO660AF66,2025/12/30,期貨及選擇權,,OCETES,
"TGO16600H6　黃金選擇權,2026/08,履約價16600,買權",TWTGO660AH64,2026/03/24,期貨及選擇權,,OCETES,
"TGO16700F6　黃金選擇權,2026/06,履約價16700,買權",TWTGO670AF64,2025/12/30,期貨及選擇權,,OCETES,
"TGO16700H6　黃金選擇權,2026/08,履約價16700,買權",TWTGO670AH62,2026/03/24,期貨及選擇權,,OCETES,
"TGO16800F6　黃金選擇權,2026/06,履約價16800,買權",TWTGO680AF62,2025/12/30,期貨及選擇權,,OCETES,
"TGO16800H6　黃金選擇權,2026/08,履約價16800,買權",TWTGO680AH60,2026/03/24,期貨及選擇權,,OCETES,
"TGO16900F6　黃金選擇權,2026/06,履約價16900,買權",TWTGO690AF60,2025/12/30,期貨及選擇權,,OCETES,
"TGO16900H6　黃金選擇權,2026/08,履約價16900,買權",TWTGO690AH68,2026/03/24,期貨及選擇權,,OCETES,
"TGO17000F6　黃金選擇權,2026/06,履約價17000,買權",TWTGO700AF68,2025/12/30,期貨及選擇權,,OCETES,
"TGO17000H6　黃金選擇權,2026/08,履約價17000,買權",TWTGO700AH66,2026/03/24,期貨及選擇權,,OCETES,
"TGO17100F6　黃金選擇權,2026/06,履約價17100,買權",TWTGO710AF66,2025/12/30,期貨及選擇權,,OCETES,
"TGO17100H6　黃金選擇權,2026/08,履約價17100,買權",TWTGO710AH64,2026/03/24,期貨及選擇權,,OCETES,
"TGO17100J6　黃金選擇權,2026/10,履約價17100,買權",TWTGO710AJ62,2026/04/29,期貨及選擇權,,OCETES,
"TGO17200F6　黃金選擇權,2026/06,履約價17200,買權",TWTGO720AF64,2025/12/30,期貨及選擇權,,OCETES,
"TGO17200H6　黃金選擇權,2026/08,履約價17200,買權",TWTGO720AH62,2026/03/24,期貨及選擇權,,OCETES,
"TGO17200J6　黃金選擇權,2026/10,履約價17200,買權",TWTGO720AJ60,2026/04/29,期貨及選擇權,,OCETES,
"TGO17300F6　黃金選擇權,2026/06,履約價17300,買權",TWTGO730AF62,2025/12/30,期貨及選擇權,,OCETES,
"TGO17300H6　黃金選擇權,2026/08,履約價17300,買權",TWTGO730AH60,2026/03/24,期貨及選擇權,,OCETES,
"TGO17300J6　黃金選擇權,2026/10,履約價17300,買權",TWTGO730AJ68,2026/04/29,期貨及選擇權,,OCETES,
"TGO17350F6　黃金選擇權,2026/06,履約價17350,買權",TWTGO735AF67,2026/05/06,期貨及選擇權,,OCETES,
"TGO17400F6　黃金選擇權,2026/06,履約價17400,買權",TWTGO740AF60,2025/12/30,期貨及選擇權,,OCETES,
"TGO17400H6　黃金選擇權,2026/08,履約價17400,買權",TWTGO740AH68,2026/03/24,期貨及選擇權,,OCETES,
"TGO17400J6　黃金選擇權,2026/10,履約價17400,買權",TWTGO740AJ66,2026/04/29,期貨及選擇權,,OCETES,
"TGO17450F6　黃金選擇權,2026/06,履約價17450,買權",TWTGO745AF65,2026/04/29,期貨及選擇權,,OCETES,
"TGO17500F6　黃金選擇權,2026/06,履約價17500,買權",TWTGO750AF67,2025/12/30,期貨及選擇權,,OCETES,
"TGO17500H6　黃金選擇權,2026/08,履約價17500,買權",TWTGO750AH65,2026/03/24,期貨及選擇權,,OCETES,
"TGO17500J6　黃金選擇權,2026/10,履約價17500,買權",TWTGO750AJ63,2026/04/29,期貨及選擇權,,OCETES,
"TGO17550F6　黃金選擇權,2026/06,履約價17550,買權",TWTGO755AF62,2026/04/29,期貨及選擇權,,OCETES,
"TGO17600F6　黃金選擇權,2026/06,履約價17600,買權",TWTGO760AF65,2026/01/07,期貨及選擇權,,OCETES,
"TGO17600H6　黃金選擇權,2026/08,履約價17600,買權",TWTGO760AH63,2026/03/24,期貨及選擇權,,OCETES,
"TGO17600J6　黃金選擇權,2026/10,履約價17600,買權",TWTGO760AJ61,2026/04/29,期貨及選擇權,,OCETES,
"TGO17650F6　黃金選擇權,2026/06,履約價17650,買權",TWTGO765AF60,2026/04/29,期貨及選擇權,,OCETES,
"TGO17700F6　黃金選擇權,2026/06,履約價17700,買權",TWTGO770AF63,2026/01/12,期貨及選擇權,,OCETES,
"TGO17700H6　黃金選擇權,2026/08,履約價17700,買權",TWTGO770AH61,2026/03/24,期貨及選擇權,,OCETES,
"TGO17700J6　黃金選擇權,2026/10,履約價17700,買權",TWTGO770AJ69,2026/04/29,期貨及選擇權,,OCETES,
"TGO17750F6　黃金選擇權,2026/06,履約價17750,買權",TWTGO775AF68,2026/04/29,期貨及選擇權,,OCETES,
"TGO17800F6　黃金選擇權,2026/06,履約價17800,買權",TWTGO780AF61,2026/01/13,期貨及選擇權,,OCETES,
"TGO17800H6　黃金選擇權,2026/08,履約價17800,買權",TWTGO780AH69,2026/03/23,期貨及選擇權,,OCETES,
"TGO17800J6　黃金選擇權,2026/10,履約價17800,買權",TWTGO780AJ67,2026/04/29,期貨及選擇權,,OCETES,
"TGO17850F6　黃金選擇權,2026/06,履約價17850,買權",TWTGO785AF66,2026/04/29,期貨及選擇權,,OCETES,
"TGO17900F6　黃金選擇權,2026/06,履約價17900,買權",TWTGO790AF69,2026/01/13,期貨及選擇權,,OCETES,
"TGO17900H6　黃金選擇權,2026/08,履約價17900,買權",TWTGO790AH67,2026/03/23,期貨及選擇權,,OCETES,
"TGO17900J6　黃金選擇權,2026/10,履約價17900,買權",TWTGO790AJ65,2026/04/29,期貨及選擇權,,OCETES,
"TGO17950F6　黃金選擇權,2026/06,履約價17950,買權",TWTGO795AF64,2026/05/04,期貨及選擇權,,OCETES,
"TGO18000F6　黃金選擇權,2026/06,履約價18000,買權",TWTGO800AF67,2026/01/13,期貨及選擇權,,OCETES,
"TGO18000H6　黃金選擇權,2026/08,履約價18000,買權",TWTGO800AH65,2026/03/20,期貨及選擇權,,OCETES,
"TGO18000J6　黃金選擇權,2026/10,履約價18000,買權",TWTGO800AJ63,2026/04/29,期貨及選擇權,,OCETES,
"TGO18050F6　黃金選擇權,2026/06,履約價18050,買權",TWTGO805AF62,2026/05/04,期貨及選擇權,,OCETES,
"TGO18100F6　黃金選擇權,2026/06,履約價18100,買權",TWTGO810AF65,2026/01/13,期貨及選擇權,,OCETES,
"TGO18100H6　黃金選擇權,2026/08,履約價18100,買權",TWTGO810AH63,2026/03/20,期貨及選擇權,,OCETES,
"TGO18100J6　黃金選擇權,2026/10,履約價18100,買權",TWTGO810AJ61,2026/04/29,期貨及選擇權,,OCETES,
"TGO18150F6　黃金選擇權,2026/06,履約價18150,買權",TWTGO815AF60,2026/05/07,期貨及選擇權,,OCETES,
"TGO18200F6　黃金選擇權,2026/06,履約價18200,買權",TWTGO820AF63,2026/01/13,期貨及選擇權,,OCETES,
"TGO18200H6　黃金選擇權,2026/08,履約價18200,買權",TWTGO820AH61,2026/03/20,期貨及選擇權,,OCETES,
"TGO18200J6　黃金選擇權,2026/10,履約價18200,買權",TWTGO820AJ69,2026/05/04,期貨及選擇權,,OCETES,
"TGO18250F6　黃金選擇權,2026/06,履約價18250,買權",TWTGO825AF68,2026/05/08,期貨及選擇權,,OCETES,
"TGO18300F6　黃金選擇權,2026/06,履約價18300,買權",TWTGO830AF61,2026/01/15,期貨及選擇權,,OCETES,
"TGO18300H6　黃金選擇權,2026/08,履約價18300,買權",TWTGO830AH69,2026/03/20,期貨及選擇權,,OCETES,
"TGO18300J6　黃金選擇權,2026/10,履約價18300,買權",TWTGO830AJ67,2026/05/04,期貨及選擇權,,OCETES,
"TGO18350F6　黃金選擇權,2026/06,履約價18350,買權",TWTGO835AF66,2026/05/08,期貨及選擇權,,OCETES,
"TGO18400F6　黃金選擇權,2026/06,履約價18400,買權",TWTGO840AF69,2026/01/20,期貨及選擇權,,OCETES,
"TGO18400H6　黃金選擇權,2026/08,履約價18400,買權",TWTGO840AH67,2026/03/20,期貨及選擇權,,OCETES,
"TGO18400J6　黃金選擇權,2026/10,履約價18400,買權",TWTGO840AJ65,2026/05/07,期貨及選擇權,,OCETES,
"TGO18500F6　黃金選擇權,2026/06,履約價18500,買權",TWTGO850AF66,2026/01/21,期貨及選擇權,,OCETES,
"TGO18500H6　黃金選擇權,2026/08,履約價18500,買權",TWTGO850AH64,2026/03/20,期貨及選擇權,,OCETES,
"TGO18500J6　黃金選擇權,2026/10,履約價18500,買權",TWTGO850AJ62,2026/05/08,期貨及選擇權,,OCETES,
"TGO18600F6　黃金選擇權,2026/06,履約價18600,買權",TWTGO860AF64,2026/01/21,期貨及選擇權,,OCETES,
"TGO18600H6　黃金選擇權,2026/08,履約價18600,買權",TWTGO860AH62,2026/03/20,期貨及選擇權,,OCETES,
"TGO18600J6　黃金選擇權,2026/10,履約價18600,買權",TWTGO860AJ60,2026/05/08,期貨及選擇權,,OCETES,
"TGO18700F6　黃金選擇權,2026/06,履約價18700,買權",TWTGO870AF62,2026/01/22,期貨及選擇權,,OCETES,
"TGO18700H6　黃金選擇權,2026/08,履約價18700,買權",TWTGO870AH60,2026/03/20,期貨及選擇權,,OCETES,
"TGO18800F6　黃金選擇權,2026/06,履約價18800,買權",TWTGO880AF60,2026/01/22,期貨及選擇權,,OCETES,
"TGO18800H6　黃金選擇權,2026/08,履約價18800,買權",TWTGO880AH68,2026/03/20,期貨及選擇權,,OCETES,
"TGO18900F6　黃金選擇權,2026/06,履約價18900,買權",TWTGO890AF68,2026/01/22,期貨及選擇權,,OCETES,
"TGO18900H6　黃金選擇權,2026/08,履約價18900,買權",TWTGO890AH66,2026/03/19,期貨及選擇權,,OCETES,
"TGO19000F6　黃金選擇權,2026/06,履約價19000,買權",TWTGO900AF66,2026/01/22,期貨及選擇權,,OCETES,
"TGO19000H6　黃金選擇權,2026/08,履約價19000,買權",TWTGO900AH64,2026/03/17,期貨及選擇權,,OCETES,
"TGO19100F6　黃金選擇權,2026/06,履約價19100,買權",TWTGO910AF64,2026/01/22,期貨及選擇權,,OCETES,
"TGO19100H6　黃金選擇權,2026/08,履約價19100,買權",TWTGO910AH62,2026/03/17,期貨及選擇權,,OCETES,
"TGO19200F6　黃金選擇權,2026/06,履約價19200,買權",TWTGO920AF62,2026/01/22,期貨及選擇權,,OCETES,
"TGO19200H6　黃金選擇權,2026/08,履約價19200,買權",TWTGO920AH60,2026/02/25,期貨及選擇權,,OCETES,
"TGO19300F6　黃金選擇權,2026/06,履約價19300,買權",TWTGO930AF60,2026/01/26,期貨及選擇權,,OCETES,
"TGO19300H6　黃金選擇權,2026/08,履約價19300,買權",TWTGO930AH68,2026/02/25,期貨及選擇權,,OCETES,
"TGO19400F6　黃金選擇權,2026/06,履約價19400,買權",TWTGO940AF68,2026/01/26,期貨及選擇權,,OCETES,
"TGO19400H6　黃金選擇權,2026/08,履約價19400,買權",TWTGO940AH66,2026/02/25,期貨及選擇權,,OCETES,
"TGO19500F6　黃金選擇權,2026/06,履約價19500,買權",TWTGO950AF65,2026/01/27,期貨及選擇權,,OCETES,
"TGO19500H6　黃金選擇權,2026/08,履約價19500,買權",TWTGO950AH63,2026/02/25,期貨及選擇權,,OCETES,
"TGO19600F6　黃金選擇權,2026/06,履約價19600,買權",TWTGO960AF63,2026/01/27,期貨及選擇權,,OCETES,
"TGO19600H6　黃金選擇權,2026/08,履約價19600,買權",TWTGO960AH61,2026/02/25,期貨及選擇權,,OCETES,
"TGO19700F6　黃金選擇權,2026/06,履約價19700,買權",TWTGO970AF61,2026/01/27,期貨及選擇權,,OCETES,
"TGO19700H6　黃金選擇權,2026/08,履約價19700,買權",TWTGO970AH69,2026/02/25,期貨及選擇權,,OCETES,
"TGO19800F6　黃金選擇權,2026/06,履約價19800,買權",TWTGO980AF69,2026/01/27,期貨及選擇權,,OCETES,
"TGO19800H6　黃金選擇權,2026/08,履約價19800,買權",TWTGO980AH67,2026/02/25,期貨及選擇權,,OCETES,
"TGO19900F6　黃金選擇權,2026/06,履約價19900,買權",TWTGO990AF67,2026/01/27,期貨及選擇權,,OCETES,
"TGO19900H6　黃金選擇權,2026/08,履約價19900,買權",TWTGO990AH65,2026/02/25,期貨及選擇權,,OCETES,
"TGO20000F6　黃金選擇權,2026/06,履約價20000,買權",TWTGO000BF64,2026/01/27,期貨及選擇權,,OCETES,
"TGO20000H6　黃金選擇權,2026/08,履約價20000,買權",TWTGO000BH62,2026/02/25,期貨及選擇權,,OCETES,
"TGO20100F6　黃金選擇權,2026/06,履約價20100,買權",TWTGO010BF62,2026/01/29,期貨及選擇權,,OCETES,
"TGO20100H6　黃金選擇權,2026/08,履約價20100,買權",TWTGO010BH60,2026/02/25,期貨及選擇權,,OCETES,
"TGO20200F6　黃金選擇權,2026/06,履約價20200,買權",TWTGO020BF60,2026/01/29,期貨及選擇權,,OCETES,
"TGO20200H6　黃金選擇權,2026/08,履約價20200,買權",TWTGO020BH68,2026/02/25,期貨及選擇權,,OCETES,
"TGO20300F6　黃金選擇權,2026/06,履約價20300,買權",TWTGO030BF68,2026/01/29,期貨及選擇權,,OCETES,
"TGO20300H6　黃金選擇權,2026/08,履約價20300,買權",TWTGO030BH66,2026/03/03,期貨及選擇權,,OCETES,
"TGO20400F6　黃金選擇權,2026/06,履約價20400,買權",TWTGO040BF66,2026/01/29,期貨及選擇權,,OCETES,
"TGO20400H6　黃金選擇權,2026/08,履約價20400,買權",TWTGO040BH64,2026/03/03,期貨及選擇權,,OCETES,
"TGO20500F6　黃金選擇權,2026/06,履約價20500,買權",TWTGO050BF63,2026/01/29,期貨及選擇權,,OCETES,
"TGO20500H6　黃金選擇權,2026/08,履約價20500,買權",TWTGO050BH61,2026/03/03,期貨及選擇權,,OCETES,
"TGO20600F6　黃金選擇權,2026/06,履約價20600,買權",TWTGO060BF61,2026/01/30,期貨及選擇權,,OCETES,
"TGO20600H6　黃金選擇權,2026/08,履約價20600,買權",TWTGO060BH69,2026/03/03,期貨及選擇權,,OCETES,
"TGO20700F6　黃金選擇權,2026/06,履約價20700,買權",TWTGO070BF69,2026/01/30,期貨及選擇權,,OCETES,
"TGO20700H6　黃金選擇權,2026/08,履約價20700,買權",TWTGO070BH67,2026/03/03,期貨及選擇權,,OCETES,
"TGO20800F6　黃金選擇權,2026/06,履約價20800,買權",TWTGO080BF67,2026/01/30,期貨及選擇權,,OCETES,
"TGO20800H6　黃金選擇權,2026/08,履約價20800,買權",TWTGO080BH65,2026/03/03,期貨及選擇權,,OCETES,
"TGO20900F6　黃金選擇權,2026/06,履約價20900,買權",TWTGO090BF65,2026/01/30,期貨及選擇權,,OCETES,
"TGO20900H6　黃金選擇權,2026/08,履約價20900,買權",TWTGO090BH63,2026/03/03,期貨及選擇權,,OCETES,
"TGO21000F6　黃金選擇權,2026/06,履約價21000,買權",TWTGO100BF63,2026/01/30,期貨及選擇權,,OCETES,
"TGO21000H6　黃金選擇權,2026/08,履約價21000,買權",TWTGO100BH61,2026/03/03,期貨及選擇權,,OCETES,
"TGO21100F6　黃金選擇權,2026/06,履約價21100,買權",TWTGO110BF61,2026/01/30,期貨及選擇權,,OCETES,
"TGO21100H6　黃金選擇權,2026/08,履約價21100,買權",TWTGO110BH69,2026/03/03,期貨及選擇權,,OCETES,
"TGO21200F6　黃金選擇權,2026/06,履約價21200,買權",TWTGO120BF69,2026/01/30,期貨及選擇權,,OCETES,
"TGO21200H6　黃金選擇權,2026/08,履約價21200,買權",TWTGO120BH67,2026/03/03,期貨及選擇權,,OCETES,
"TGO21300F6　黃金選擇權,2026/06,履約價21300,買權",TWTGO130BF67,2026/01/30,期貨及選擇權,,OCETES,
"TGO21300H6　黃金選擇權,2026/08,履約價21300,買權",TWTGO130BH65,2026/03/03,期貨及選擇權,,OCETES,
"TGO21400F6　黃金選擇權,2026/06,履約價21400,買權",TWTGO140BF65,2026/01/30,期貨及選擇權,,OCETES,
"TGO21500F6　黃金選擇權,2026/06,履約價21500,買權",TWTGO150BF62,2026/01/30,期貨及選擇權,,OCETES,
黃金選擇權賣權
"TGO16100R6　黃金選擇權,2026/06,履約價16100,賣權",TWTGO610AR63,2026/03/24,期貨及選擇權,,OPETES,
"TGO16100T6　黃金選擇權,2026/08,履約價16100,賣權",TWTGO610AT61,2026/03/24,期貨及選擇權,,OPETES,
"TGO16200R6　黃金選擇權,2026/06,履約價16200,賣權",TWTGO620AR61,2026/01/02,期貨及選擇權,,OPETES,
"TGO16200T6　黃金選擇權,2026/08,履約價16200,賣權",TWTGO620AT69,2026/03/24,期貨及選擇權,,OPETES,
"TGO16300R6　黃金選擇權,2026/06,履約價16300,賣權",TWTGO630AR69,2025/12/31,期貨及選擇權,,OPETES,
"TGO16300T6　黃金選擇權,2026/08,履約價16300,賣權",TWTGO630AT67,2026/03/24,期貨及選擇權,,OPETES,
"TGO16400R6　黃金選擇權,2026/06,履約價16400,賣權",TWTGO640AR67,2025/12/31,期貨及選擇權,,OPETES,
"TGO16400T6　黃金選擇權,2026/08,履約價16400,賣權",TWTGO640AT65,2026/03/24,期貨及選擇權,,OPETES,
"TGO16500R6　黃金選擇權,2026/06,履約價16500,賣權",TWTGO650AR64,2025/12/30,期貨及選擇權,,OPETES,
"TGO16500T6　黃金選擇權,2026/08,履約價16500,賣權",TWTGO650AT62,2026/03/24,期貨及選擇權,,OPETES,
"TGO16600R6　黃金選擇權,2026/06,履約價16600,賣權",TWTGO660AR62,2025/12/30,期貨及選擇權,,OPETES,
"TGO16600T6　黃金選擇權,2026/08,履約價16600,賣權",TWTGO660AT60,2026/03/24,期貨及選擇權,,OPETES,
"TGO16700R6　黃金選擇權,2026/06,履約價16700,賣權",TWTGO670AR60,2025/12/30,期貨及選擇權,,OPETES,
"TGO16700T6　黃金選擇權,2026/08,履約價16700,賣權",TWTGO670AT68,2026/03/24,期貨及選擇權,,OPETES,
"TGO16800R6　黃金選擇權,2026/06,履約價16800,賣權",TWTGO680AR68,2025/12/30,期貨及選擇權,,OPETES,
"TGO16800T6　黃金選擇權,2026/08,履約價16800,賣權",TWTGO680AT66,2026/03/24,期貨及選擇權,,OPETES,
"TGO16900R6　黃金選擇權,2026/06,履約價16900,賣權",TWTGO690AR66,2025/12/30,期貨及選擇權,,OPETES,
"TGO16900T6　黃金選擇權,2026/08,履約價16900,賣權",TWTGO690AT64,2026/03/24,期貨及選擇權,,OPETES,
"TGO17000R6　黃金選擇權,2026/06,履約價17000,賣權",TWTGO700AR64,2025/12/30,期貨及選擇權,,OPETES,
"TGO17000T6　黃金選擇權,2026/08,履約價17000,賣權",TWTGO700AT62,2026/03/24,期貨及選擇權,,OPETES,
"TGO17100R6　黃金選擇權,2026/06,履約價17100,賣權",TWTGO710AR62,2025/12/30,期貨及選擇權,,OPETES,
"TGO17100T6　黃金選擇權,2026/08,履約價17100,賣權",TWTGO710AT60,2026/03/24,期貨及選擇權,,OPETES,
"TGO17100V6　黃金選擇權,2026/10,履約價17100,賣權",TWTGO710AV66,2026/04/29,期貨及選擇權,,OPETES,
"TGO17200R6　黃金選擇權,2026/06,履約價17200,賣權",TWTGO720AR60,2025/12/30,期貨及選擇權,,OPETES,
"TGO17200T6　黃金選擇權,2026/08,履約價17200,賣權",TWTGO720AT68,2026/03/24,期貨及選擇權,,OPETES,
"TGO17200V6　黃金選擇權,2026/10,履約價17200,賣權",TWTGO720AV64,2026/04/29,期貨及選擇權,,OPETES,
"TGO17300R6　黃金選擇權,2026/06,履約價17300,賣權",TWTGO730AR68,2025/12/30,期貨及選擇權,,OPETES,
"TGO17300T6　黃金選擇權,2026/08,履約價17300,賣權",TWTGO730AT66,2026/03/24,期貨及選擇權,,OPETES,
"TGO17300V6　黃金選擇權,2026/10,履約價17300,賣權",TWTGO730AV62,2026/04/29,期貨及選擇權,,OPETES,
"TGO17350R6　黃金選擇權,2026/06,履約價17350,賣權",TWTGO735AR63,2026/05/06,期貨及選擇權,,OPETES,
"TGO17400R6　黃金選擇權,2026/06,履約價17400,賣權",TWTGO740AR66,2025/12/30,期貨及選擇權,,OPETES,
"TGO17400T6　黃金選擇權,2026/08,履約價17400,賣權",TWTGO740AT64,2026/03/24,期貨及選擇權,,OPETES,
"TGO17400V6　黃金選擇權,2026/10,履約價17400,賣權",TWTGO740AV60,2026/04/29,期貨及選擇權,,OPETES,
"TGO17450R6　黃金選擇權,2026/06,履約價17450,賣權",TWTGO745AR61,2026/04/29,期貨及選擇權,,OPETES,
"TGO17500R6　黃金選擇權,2026/06,履約價17500,賣權",TWTGO750AR63,2025/12/30,期貨及選擇權,,OPETES,
"TGO17500T6　黃金選擇權,2026/08,履約價17500,賣權",TWTGO750AT61,2026/03/24,期貨及選擇權,,OPETES,
"TGO17500V6　黃金選擇權,2026/10,履約價17500,賣權",TWTGO750AV67,2026/04/29,期貨及選擇權,,OPETES,
"TGO17550R6　黃金選擇權,2026/06,履約價17550,賣權",TWTGO755AR68,2026/04/29,期貨及選擇權,,OPETES,
"TGO17600R6　黃金選擇權,2026/06,履約價17600,賣權",TWTGO760AR61,2026/01/07,期貨及選擇權,,OPETES,
"TGO17600T6　黃金選擇權,2026/08,履約價17600,賣權",TWTGO760AT69,2026/03/24,期貨及選擇權,,OPETES,
"TGO17600V6　黃金選擇權,2026/10,履約價17600,賣權",TWTGO760AV65,2026/04/29,期貨及選擇權,,OPETES,
"TGO17650R6　黃金選擇權,2026/06,履約價17650,賣權",TWTGO765AR66,2026/04/29,期貨及選擇權,,OPETES,
"TGO17700R6　黃金選擇權,2026/06,履約價17700,賣權",TWTGO770AR69,2026/01/12,期貨及選擇權,,OPETES,
"TGO17700T6　黃金選擇權,2026/08,履約價17700,賣權",TWTGO770AT67,2026/03/24,期貨及選擇權,,OPETES,
"TGO17700V6　黃金選擇權,2026/10,履約價17700,賣權",TWTGO770AV63,2026/04/29,期貨及選擇權,,OPETES,
"TGO17750R6　黃金選擇權,2026/06,履約價17750,賣權",TWTGO775AR64,2026/04/29,期貨及選擇權,,OPETES,
"TGO17800R6　黃金選擇權,2026/06,履約價17800,賣權",TWTGO780AR67,2026/01/13,期貨及選擇權,,OPETES,
"TGO17800T6　黃金選擇權,2026/08,履約價17800,賣權",TWTGO780AT65,2026/03/23,期貨及選擇權,,OPETES,
"TGO17800V6　黃金選擇權,2026/10,履約價17800,賣權",TWTGO780AV61,2026/04/29,期貨及選擇權,,OPETES,
"TGO17850R6　黃金選擇權,2026/06,履約價17850,賣權",TWTGO785AR62,2026/04/29,期貨及選擇權,,OPETES,
"TGO17900R6　黃金選擇權,2026/06,履約價17900,賣權",TWTGO790AR65,2026/01/13,期貨及選擇權,,OPETES,
"TGO17900T6　黃金選擇權,2026/08,履約價17900,賣權",TWTGO790AT63,2026/03/23,期貨及選擇權,,OPETES,
"TGO17900V6　黃金選擇權,2026/10,履約價17900,賣權",TWTGO790AV69,2026/04/29,期貨及選擇權,,OPETES,
"TGO17950R6　黃金選擇權,2026/06,履約價17950,賣權",TWTGO795AR60,2026/05/04,期貨及選擇權,,OPETES,
"TGO18000R6　黃金選擇權,2026/06,履約價18000,賣權",TWTGO800AR63,2026/01/13,期貨及選擇權,,OPETES,
"TGO18000T6　黃金選擇權,2026/08,履約價18000,賣權",TWTGO800AT61,2026/03/20,期貨及選擇權,,OPETES,
"TGO18000V6　黃金選擇權,2026/10,履約價18000,賣權",TWTGO800AV67,2026/04/29,期貨及選擇權,,OPETES,
"TGO18050R6　黃金選擇權,2026/06,履約價18050,賣權",TWTGO805AR68,2026/05/04,期貨及選擇權,,OPETES,
"TGO18100R6　黃金選擇權,2026/06,履約價18100,賣權",TWTGO810AR61,2026/01/13,期貨及選擇權,,OPETES,
"TGO18100T6　黃金選擇權,2026/08,履約價18100,賣權",TWTGO810AT69,2026/03/20,期貨及選擇權,,OPETES,
"TGO18100V6　黃金選擇權,2026/10,履約價18100,賣權",TWTGO810AV65,2026/04/29,期貨及選擇權,,OPETES,
"TGO18150R6　黃金選擇權,2026/06,履約價18150,賣權",TWTGO815AR66,2026/05/07,期貨及選擇權,,OPETES,
"TGO18200R6　黃金選擇權,2026/06,履約價18200,賣權",TWTGO820AR69,2026/01/13,期貨及選擇權,,OPETES,
"TGO18200T6　黃金選擇權,2026/08,履約價18200,賣權",TWTGO820AT67,2026/03/20,期貨及選擇權,,OPETES,
"TGO18200V6　黃金選擇權,2026/10,履約價18200,賣權",TWTGO820AV63,2026/05/04,期貨及選擇權,,OPETES,
"TGO18250R6　黃金選擇權,2026/06,履約價18250,賣權",TWTGO825AR64,2026/05/08,期貨及選擇權,,OPETES,
"TGO18300R6　黃金選擇權,2026/06,履約價18300,賣權",TWTGO830AR67,2026/01/15,期貨及選擇權,,OPETES,
"TGO18300T6　黃金選擇權,2026/08,履約價18300,賣權",TWTGO830AT65,2026/03/20,期貨及選擇權,,OPETES,
"TGO18300V6　黃金選擇權,2026/10,履約價18300,賣權",TWTGO830AV61,2026/05/04,期貨及選擇權,,OPETES,
"TGO18350R6　黃金選擇權,2026/06,履約價18350,賣權",TWTGO835AR62,2026/05/08,期貨及選擇權,,OPETES,
"TGO18400R6　黃金選擇權,2026/06,履約價18400,賣權",TWTGO840AR65,2026/01/20,期貨及選擇權,,OPETES,
"TGO18400T6　黃金選擇權,2026/08,履約價18400,賣權",TWTGO840AT63,2026/03/20,期貨及選擇權,,OPETES,
"TGO18400V6　黃金選擇權,2026/10,履約價18400,賣權",TWTGO840AV69,2026/05/07,期貨及選擇權,,OPETES,
"TGO18500R6　黃金選擇權,2026/06,履約價18500,賣權",TWTGO850AR62,2026/01/21,期貨及選擇權,,OPETES,
"TGO18500T6　黃金選擇權,2026/08,履約價18500,賣權",TWTGO850AT60,2026/03/20,期貨及選擇權,,OPETES,
"TGO18500V6　黃金選擇權,2026/10,履約價18500,賣權",TWTGO850AV66,2026/05/08,期貨及選擇權,,OPETES,
"TGO18600R6　黃金選擇權,2026/06,履約價18600,賣權",TWTGO860AR60,2026/01/21,期貨及選擇權,,OPETES,
"TGO18600T6　黃金選擇權,2026/08,履約價18600,賣權",TWTGO860AT68,2026/03/20,期貨及選擇權,,OPETES,
"TGO18600V6　黃金選擇權,2026/10,履約價18600,賣權",TWTGO860AV64,2026/05/08,期貨及選擇權,,OPETES,
"TGO18700R6　黃金選擇權,2026/06,履約價18700,賣權",TWTGO870AR68,2026/01/22,期貨及選擇權,,OPETES,
"TGO18700T6　黃金選擇權,2026/08,履約價18700,賣權",TWTGO870AT66,2026/03/20,期貨及選擇權,,OPETES,
"TGO18800R6　黃金選擇權,2026/06,履約價18800,賣權",TWTGO880AR66,2026/01/22,期貨及選擇權,,OPETES,
"TGO18800T6　黃金選擇權,2026/08,履約價18800,賣權",TWTGO880AT64,2026/03/20,期貨及選擇權,,OPETES,
"TGO18900R6　黃金選擇權,2026/06,履約價18900,賣權",TWTGO890AR64,2026/01/22,期貨及選擇權,,OPETES,
"TGO18900T6　黃金選擇權,2026/08,履約價18900,賣權",TWTGO890AT62,2026/03/19,期貨及選擇權,,OPETES,
"TGO19000R6　黃金選擇權,2026/06,履約價19000,賣權",TWTGO900AR62,2026/01/22,期貨及選擇權,,OPETES,
"TGO19000T6　黃金選擇權,2026/08,履約價19000,賣權",TWTGO900AT60,2026/03/17,期貨及選擇權,,OPETES,
"TGO19100R6　黃金選擇權,2026/06,履約價19100,賣權",TWTGO910AR60,2026/01/22,期貨及選擇權,,OPETES,
"TGO19100T6　黃金選擇權,2026/08,履約價19100,賣權",TWTGO910AT68,2026/03/17,期貨及選擇權,,OPETES,
"TGO19200R6　黃金選擇權,2026/06,履約價19200,賣權",TWTGO920AR68,2026/01/22,期貨及選擇權,,OPETES,
"TGO19200T6　黃金選擇權,2026/08,履約價19200,賣權",TWTGO920AT66,2026/02/25,期貨及選擇權,,OPETES,
"TGO19300R6　黃金選擇權,2026/06,履約價19300,賣權",TWTGO930AR66,2026/01/26,期貨及選擇權,,OPETES,
"TGO19300T6　黃金選擇權,2026/08,履約價19300,賣權",TWTGO930AT64,2026/02/25,期貨及選擇權,,OPETES,
"TGO19400R6　黃金選擇權,2026/06,履約價19400,賣權",TWTGO940AR64,2026/01/26,期貨及選擇權,,OPETES,
"TGO19400T6　黃金選擇權,2026/08,履約價19400,賣權",TWTGO940AT62,2026/02/25,期貨及選擇權,,OPETES,
"TGO19500R6　黃金選擇權,2026/06,履約價19500,賣權",TWTGO950AR61,2026/01/27,期貨及選擇權,,OPETES,
"TGO19500T6　黃金選擇權,2026/08,履約價19500,賣權",TWTGO950AT69,2026/02/25,期貨及選擇權,,OPETES,
"TGO19600R6　黃金選擇權,2026/06,履約價19600,賣權",TWTGO960AR69,2026/01/27,期貨及選擇權,,OPETES,
"TGO19600T6　黃金選擇權,2026/08,履約價19600,賣權",TWTGO960AT67,2026/02/25,期貨及選擇權,,OPETES,
"TGO19700R6　黃金選擇權,2026/06,履約價19700,賣權",TWTGO970AR67,2026/01/27,期貨及選擇權,,OPETES,
"TGO19700T6　黃金選擇權,2026/08,履約價19700,賣權",TWTGO970AT65,2026/02/25,期貨及選擇權,,OPETES,
"TGO19800R6　黃金選擇權,2026/06,履約價19800,賣權",TWTGO980AR65,2026/01/27,期貨及選擇權,,OPETES,
"TGO19800T6　黃金選擇權,2026/08,履約價19800,賣權",TWTGO980AT63,2026/02/25,期貨及選擇權,,OPETES,
"TGO19900R6　黃金選擇權,2026/06,履約價19900,賣權",TWTGO990AR63,2026/01/27,期貨及選擇權,,OPETES,
"TGO19900T6　黃金選擇權,2026/08,履約價19900,賣權",TWTGO990AT61,2026/02/25,期貨及選擇權,,OPETES,
"TGO20000R6　黃金選擇權,2026/06,履約價20000,賣權",TWTGO000BR60,2026/01/27,期貨及選擇權,,OPETES,
"TGO20000T6　黃金選擇權,2026/08,履約價20000,賣權",TWTGO000BT68,2026/02/25,期貨及選擇權,,OPETES,
"TGO20100R6　黃金選擇權,2026/06,履約價20100,賣權",TWTGO010BR68,2026/01/29,期貨及選擇權,,OPETES,
"TGO20100T6　黃金選擇權,2026/08,履約價20100,賣權",TWTGO010BT66,2026/02/25,期貨及選擇權,,OPETES,
"TGO20200R6　黃金選擇權,2026/06,履約價20200,賣權",TWTGO020BR66,2026/01/29,期貨及選擇權,,OPETES,
"TGO20200T6　黃金選擇權,2026/08,履約價20200,賣權",TWTGO020BT64,2026/02/25,期貨及選擇權,,OPETES,
"TGO20300R6　黃金選擇權,2026/06,履約價20300,賣權",TWTGO030BR64,2026/01/29,期貨及選擇權,,OPETES,
"TGO20300T6　黃金選擇權,2026/08,履約價20300,賣權",TWTGO030BT62,2026/03/03,期貨及選擇權,,OPETES,
"TGO20400R6　黃金選擇權,2026/06,履約價20400,賣權",TWTGO040BR62,2026/01/29,期貨及選擇權,,OPETES,
"TGO20400T6　黃金選擇權,2026/08,履約價20400,賣權",TWTGO040BT60,2026/03/03,期貨及選擇權,,OPETES,
"TGO20500R6　黃金選擇權,2026/06,履約價20500,賣權",TWTGO050BR69,2026/01/29,期貨及選擇權,,OPETES,
"TGO20500T6　黃金選擇權,2026/08,履約價20500,賣權",TWTGO050BT67,2026/03/03,期貨及選擇權,,OPETES,
"TGO20600R6　黃金選擇權,2026/06,履約價20600,賣權",TWTGO060BR67,2026/01/30,期貨及選擇權,,OPETES,
"TGO20600T6　黃金選擇權,2026/08,履約價20600,賣權",TWTGO060BT65,2026/03/03,期貨及選擇權,,OPETES,
"TGO20700R6　黃金選擇權,2026/06,履約價20700,賣權",TWTGO070BR65,2026/01/30,期貨及選擇權,,OPETES,
"TGO20700T6　黃金選擇權,2026/08,履約價20700,賣權",TWTGO070BT63,2026/03/03,期貨及選擇權,,OPETES,
"TGO20800R6　黃金選擇權,2026/06,履約價20800,賣權",TWTGO080BR63,2026/01/30,期貨及選擇權,,OPETES,
"TGO20800T6　黃金選擇權,2026/08,履約價20800,賣權",TWTGO080BT61,2026/03/03,期貨及選擇權,,OPETES,
"TGO20900R6　黃金選擇權,2026/06,履約價20900,賣權",TWTGO090BR61,2026/01/30,期貨及選擇權,,OPETES,
"TGO20900T6　黃金選擇權,2026/08,履約價20900,賣權",TWTGO090BT69,2026/03/03,期貨及選擇權,,OPETES,
"TGO21000R6　黃金選擇權,2026/06,履約價21000,賣權",TWTGO100BR69,2026/01/30,期貨及選擇權,,OPETES,
"TGO21000T6　黃金選擇權,2026/08,履約價21000,賣權",TWTGO100BT67,2026/03/03,期貨及選擇權,,OPETES,
"TGO21100R6　黃金選擇權,2026/06,履約價21100,賣權",TWTGO110BR67,2026/01/30,期貨及選擇權,,OPETES,
"TGO21100T6　黃金選擇權,2026/08,履約價21100,賣權",TWTGO110BT65,2026/03/03,期貨及選擇權,,OPETES,
"TGO21200R6　黃金選擇權,2026/06,履約價21200,賣權",TWTGO120BR65,2026/01/30,期貨及選擇權,,OPETES,
"TGO21200T6　黃金選擇權,2026/08,履約價21200,賣權",TWTGO120BT63,2026/03/03,期貨及選擇權,,OPETES,
"TGO21300R6　黃金選擇權,2026/06,履約價21300,賣權",TWTGO130BR63,2026/01/30,期貨及選擇權,,OPETES,
"TGO21300T6　黃金選擇權,2026/08,履約價21300,賣權",TWTGO130BT61,2026/03/03,期貨及選擇權,,OPETES,
"TGO21400R6　黃金選擇權,2026/06,履約價21400,賣權",TWTGO140BR61,2026/01/30,期貨及選擇權,,OPETES,
"TGO21500R6　黃金選擇權,2026/06,履約價21500,賣權",TWTGO150BR68,2026/01/30,期貨及選擇權,,OPETES,
ETF選擇權買權
"NYO00600E6　元大台灣50ETF選擇權,2026/05,履約價60.0,買權",TWNYO0600E69,2026/04/01,期貨及選擇權,,OCEICS,
"NYO00600F6　元大台灣50ETF選擇權,2026/06,履約價60.0,買權",TWNYO0600F68,2026/01/22,期貨及選擇權,,OCEICS,
"NYO00625E6　元大台灣50ETF選擇權,2026/05,履約價62.5,買權",TWNYO0625E60,2026/03/20,期貨及選擇權,,OCEICS,
"NYO00650E6　元大台灣50ETF選擇權,2026/05,履約價65.0,買權",TWNYO0650E68,2026/03/19,期貨及選擇權,,OCEICS,
"NYO00650F6　元大台灣50ETF選擇權,2026/06,履約價65.0,買權",TWNYO0650F67,2026/01/22,期貨及選擇權,,OCEICS,
"NYO00675E6　元大台灣50ETF選擇權,2026/05,履約價67.5,買權",TWNYO0675E69,2026/03/19,期貨及選擇權,,OCEICS,
"NYO00700E6　元大台灣50ETF選擇權,2026/05,履約價70.0,買權",TWNYO0700E68,2026/03/19,期貨及選擇權,,OCEICS,
"NYO00700F6　元大台灣50ETF選擇權,2026/06,履約價70.0,買權",TWNYO0700F67,2026/01/22,期貨及選擇權,,OCEICS,
"NYO00700I6　元大台灣50ETF選擇權,2026/09,履約價70.0,買權",TWNYO0700I64,2026/04/16,期貨及選擇權,,OCEICS,
"NYO00725E6　元大台灣50ETF選擇權,2026/05,履約價72.5,買權",TWNYO0725E69,2026/03/19,期貨及選擇權,,OCEICS,
"NYO00725F6　元大台灣50ETF選擇權,2026/06,履約價72.5,買權",TWNYO0725F68,2026/04/16,期貨及選擇權,,OCEICS,
"NYO00750E6　元大台灣50ETF選擇權,2026/05,履約價75.0,買權",TWNYO0750E67,2026/03/19,期貨及選擇權,,OCEICS,
"NYO00750F6　元大台灣50ETF選擇權,2026/06,履約價75.0,買權",TWNYO0750F66,2026/01/22,期貨及選擇權,,OCEICS,
"NYO00750I6　元大台灣50ETF選擇權,2026/09,履約價75.0,買權",TWNYO0750I63,2026/04/16,期貨及選擇權,,OCEICS,
"NYO00775E6　元大台灣50ETF選擇權,2026/05,履約價77.5,買權",TWNYO0775E68,2026/03/19,期貨及選擇權,,OCEICS,
"NYO00775F6　元大台灣50ETF選擇權,2026/06,履約價77.5,買權",TWNYO0775F67,2026/04/16,期貨及選擇權,,OCEICS,
"NYO00800E6　元大台灣50ETF選擇權,2026/05,履約價80.0,買權",TWNYO0800E67,2026/03/19,期貨及選擇權,,OCEICS,
"NYO00800F6　元大台灣50ETF選擇權,2026/06,履約價80.0,買權",TWNYO0800F66,2026/01/22,期貨及選擇權,,OCEICS,
"NYO00800I6　元大台灣50ETF選擇權,2026/09,履約價80.0,買權",TWNYO0800I63,2026/04/16,期貨及選擇權,,OCEICS,
"NYO00825E6　元大台灣50ETF選擇權,2026/05,履約價82.5,買權",TWNYO0825E68,2026/03/19,期貨及選擇權,,OCEICS,
"NYO00825F6　元大台灣50ETF選擇權,2026/06,履約價82.5,買權",TWNYO0825F67,2026/04/16,期貨及選擇權,,OCEICS,
"NYO00850E6　元大台灣50ETF選擇權,2026/05,履約價85.0,買權",TWNYO0850E66,2026/03/19,期貨及選擇權,,OCEICS,
"NYO00850F6　元大台灣50ETF選擇權,2026/06,履約價85.0,買權",TWNYO0850F65,2026/01/22,期貨及選擇權,,OCEICS,
"NYO00850I6　元大台灣50ETF選擇權,2026/09,履約價85.0,買權",TWNYO0850I62,2026/04/16,期貨及選擇權,,OCEICS,
"NYO00875E6　元大台灣50ETF選擇權,2026/05,履約價87.5,買權",TWNYO0875E67,2026/03/19,期貨及選擇權,,OCEICS,
"NYO00875F6　元大台灣50ETF選擇權,2026/06,履約價87.5,買權",TWNYO0875F66,2026/04/16,期貨及選擇權,,OCEICS,
"NYO00900E6　元大台灣50ETF選擇權,2026/05,履約價90.0,買權",TWNYO0900E66,2026/03/19,期貨及選擇權,,OCEICS,
"NYO00900F6　元大台灣50ETF選擇權,2026/06,履約價90.0,買權",TWNYO0900F65,2026/01/29,期貨及選擇權,,OCEICS,
"NYO00900I6　元大台灣50ETF選擇權,2026/09,履約價90.0,買權",TWNYO0900I62,2026/04/16,期貨及選擇權,,OCEICS,
"NYO00925E6　元大台灣50ETF選擇權,2026/05,履約價92.5,買權",TWNYO0925E67,2026/04/09,期貨及選擇權,,OCEICS,
"NYO00925F6　元大台灣50ETF選擇權,2026/06,履約價92.5,買權",TWNYO0925F66,2026/04/16,期貨及選擇權,,OCEICS,
"NYO00950E6　元大台灣50ETF選擇權,2026/05,履約價95.0,買權",TWNYO0950E65,2026/04/13,期貨及選擇權,,OCEICS,
"NYO00950F6　元大台灣50ETF選擇權,2026/06,履約價95.0,買權",TWNYO0950F64,2026/02/25,期貨及選擇權,,OCEICS,
"NYO00950I6　元大台灣50ETF選擇權,2026/09,履約價95.0,買權",TWNYO0950I61,2026/04/16,期貨及選擇權,,OCEICS,
"NYO00975E6　元大台灣50ETF選擇權,2026/05,履約價97.5,買權",TWNYO0975E66,2026/04/15,期貨及選擇權,,OCEICS,
"NYO00975F6　元大台灣50ETF選擇權,2026/06,履約價97.5,買權",TWNYO0975F65,2026/04/16,期貨及選擇權,,OCEICS,
"NYO01000E6　元大台灣50ETF選擇權,2026/05,履約價100.0,買權",TWNYO1000E63,2026/04/17,期貨及選擇權,,OCEICS,
"NYO01000F6　元大台灣50ETF選擇權,2026/06,履約價100.0,買權",TWNYO1000F62,2026/04/15,期貨及選擇權,,OCEICS,
"NYO01000I6　元大台灣50ETF選擇權,2026/09,履約價100.0,買權",TWNYO1000I69,2026/04/16,期貨及選擇權,,OCEICS,
"NYO01050E6　元大台灣50ETF選擇權,2026/05,履約價105.0,買權",TWNYO1050E62,2026/04/27,期貨及選擇權,,OCEICS,
"NYO01050F6　元大台灣50ETF選擇權,2026/06,履約價105.0,買權",TWNYO1050F61,2026/04/27,期貨及選擇權,,OCEICS,
"NYO01100E6　元大台灣50ETF選擇權,2026/05,履約價110.0,買權",TWNYO1100E62,2026/04/28,期貨及選擇權,,OCEICS,
"NYO01100F6　元大台灣50ETF選擇權,2026/06,履約價110.0,買權",TWNYO1100F61,2026/04/28,期貨及選擇權,,OCEICS,
"NYO01100I6　元大台灣50ETF選擇權,2026/09,履約價110.0,買權",TWNYO1100I68,2026/04/27,期貨及選擇權,,OCEICS,
"NYO01150E6　元大台灣50ETF選擇權,2026/05,履約價115.0,買權",TWNYO1150E61,2026/05/07,期貨及選擇權,,OCEICS,
"NYO01150F6　元大台灣50ETF選擇權,2026/06,履約價115.0,買權",TWNYO1150F60,2026/05/07,期貨及選擇權,,OCEICS,
"NYO01200I6　元大台灣50ETF選擇權,2026/09,履約價120.0,買權",TWNYO1200I67,2026/05/07,期貨及選擇權,,OCEICS,
"OAO00320E6　FB上証ETF選擇權,2026/05,履約價32.0,買權",TWOAO0320E65,2026/03/24,期貨及選擇權,,OCEICS,
"OAO00320F6　FB上証ETF選擇權,2026/06,履約價32.0,買權",TWOAO0320F64,2026/03/20,期貨及選擇權,,OCEICS,
"OAO00330E6　FB上証ETF選擇權,2026/05,履約價33.0,買權",TWOAO0330E63,2026/03/20,期貨及選擇權,,OCEICS,
"OAO00340E6　FB上証ETF選擇權,2026/05,履約價34.0,買權",TWOAO0340E61,2026/03/19,期貨及選擇權,,OCEICS,
"OAO00340F6　FB上証ETF選擇權,2026/06,履約價34.0,買權",TWOAO0340F60,2026/01/22,期貨及選擇權,,OCEICS,
"OAO00340I6　FB上証ETF選擇權,2026/09,履約價34.0,買權",TWOAO0340I67,2026/04/16,期貨及選擇權,,OCEICS,
"OAO00350E6　FB上証ETF選擇權,2026/05,履約價35.0,買權",TWOAO0350E68,2026/03/19,期貨及選擇權,,OCEICS,
"OAO00350F6　FB上証ETF選擇權,2026/06,履約價35.0,買權",TWOAO0350F67,2026/04/16,期貨及選擇權,,OCEICS,
"OAO00360E6　FB上証ETF選擇權,2026/05,履約價36.0,買權",TWOAO0360E66,2026/03/19,期貨及選擇權,,OCEICS,
"OAO00360F6　FB上証ETF選擇權,2026/06,履約價36.0,買權",TWOAO0360F65,2026/01/22,期貨及選擇權,,OCEICS,
"OAO00360I6　FB上証ETF選擇權,2026/09,履約價36.0,買權",TWOAO0360I62,2026/04/16,期貨及選擇權,,OCEICS,
"OAO00370E6　FB上証ETF選擇權,2026/05,履約價37.0,買權",TWOAO0370E64,2026/03/19,期貨及選擇權,,OCEICS,
"OAO00370F6　FB上証ETF選擇權,2026/06,履約價37.0,買權",TWOAO0370F63,2026/04/16,期貨及選擇權,,OCEICS,
"OAO00380E6　FB上証ETF選擇權,2026/05,履約價38.0,買權",TWOAO0380E62,2026/03/19,期貨及選擇權,,OCEICS,
"OAO00380F6　FB上証ETF選擇權,2026/06,履約價38.0,買權",TWOAO0380F61,2026/01/22,期貨及選擇權,,OCEICS,
"OAO00380I6　FB上証ETF選擇權,2026/09,履約價38.0,買權",TWOAO0380I68,2026/04/16,期貨及選擇權,,OCEICS,
"OAO00390E6　FB上証ETF選擇權,2026/05,履約價39.0,買權",TWOAO0390E60,2026/03/19,期貨及選擇權,,OCEICS,
"OAO00390F6　FB上証ETF選擇權,2026/06,履約價39.0,買權",TWOAO0390F69,2026/04/16,期貨及選擇權,,OCEICS,
"OAO00400E6　FB上証ETF選擇權,2026/05,履約價40.0,買權",TWOAO0400E68,2026/03/19,期貨及選擇權,,OCEICS,
"OAO00400F6　FB上証ETF選擇權,2026/06,履約價40.0,買權",TWOAO0400F67,2026/01/22,期貨及選擇權,,OCEICS,
"OAO00400I6　FB上証ETF選擇權,2026/09,履約價40.0,買權",TWOAO0400I64,2026/04/16,期貨及選擇權,,OCEICS,
"OAO00410E6　FB上証ETF選擇權,2026/05,履約價41.0,買權",TWOAO0410E66,2026/03/19,期貨及選擇權,,OCEICS,
"OAO00410F6　FB上証ETF選擇權,2026/06,履約價41.0,買權",TWOAO0410F65,2026/04/16,期貨及選擇權,,OCEICS,
"OAO00420E6　FB上証ETF選擇權,2026/05,履約價42.0,買權",TWOAO0420E64,2026/03/19,期貨及選擇權,,OCEICS,
"OAO00420F6　FB上証ETF選擇權,2026/06,履約價42.0,買權",TWOAO0420F63,2026/01/22,期貨及選擇權,,OCEICS,
"OAO00420I6　FB上証ETF選擇權,2026/09,履約價42.0,買權",TWOAO0420I60,2026/04/16,期貨及選擇權,,OCEICS,
"OAO00430E6　FB上証ETF選擇權,2026/05,履約價43.0,買權",TWOAO0430E62,2026/03/19,期貨及選擇權,,OCEICS,
"OAO00430F6　FB上証ETF選擇權,2026/06,履約價43.0,買權",TWOAO0430F61,2026/04/16,期貨及選擇權,,OCEICS,
"OAO00440E6　FB上証ETF選擇權,2026/05,履約價44.0,買權",TWOAO0440E60,2026/03/19,期貨及選擇權,,OCEICS,
"OAO00440F6　FB上証ETF選擇權,2026/06,履約價44.0,買權",TWOAO0440F69,2026/01/22,期貨及選擇權,,OCEICS,
"OAO00440I6　FB上証ETF選擇權,2026/09,履約價44.0,買權",TWOAO0440I66,2026/04/16,期貨及選擇權,,OCEICS,
"OAO00450E6　FB上証ETF選擇權,2026/05,履約價45.0,買權",TWOAO0450E67,2026/03/19,期貨及選擇權,,OCEICS,
"OAO00450F6　FB上証ETF選擇權,2026/06,履約價45.0,買權",TWOAO0450F66,2026/04/16,期貨及選擇權,,OCEICS,
"OAO00460E6　FB上証ETF選擇權,2026/05,履約價46.0,買權",TWOAO0460E65,2026/03/19,期貨及選擇權,,OCEICS,
"OAO00460F6　FB上証ETF選擇權,2026/06,履約價46.0,買權",TWOAO0460F64,2026/01/22,期貨及選擇權,,OCEICS,
"OAO00460I6　FB上証ETF選擇權,2026/09,履約價46.0,買權",TWOAO0460I61,2026/04/16,期貨及選擇權,,OCEICS,
"OAO00470E6　FB上証ETF選擇權,2026/05,履約價47.0,買權",TWOAO0470E63,2026/03/19,期貨及選擇權,,OCEICS,
"OAO00470F6　FB上証ETF選擇權,2026/06,履約價47.0,買權",TWOAO0470F62,2026/04/16,期貨及選擇權,,OCEICS,
"OAO00480E6　FB上証ETF選擇權,2026/05,履約價48.0,買權",TWOAO0480E61,2026/05/05,期貨及選擇權,,OCEICS,
"OAO00480F6　FB上証ETF選擇權,2026/06,履約價48.0,買權",TWOAO0480F60,2026/01/22,期貨及選擇權,,OCEICS,
"OAO00480I6　FB上証ETF選擇權,2026/09,履約價48.0,買權",TWOAO0480I67,2026/04/16,期貨及選擇權,,OCEICS,
"OAO00500F6　FB上証ETF選擇權,2026/06,履約價50.0,買權",TWOAO0500F66,2026/03/03,期貨及選擇權,,OCEICS,
"OBO00300E6　元上證ETF選擇權,2026/05,履約價30.0,買權",TWOBO0300E68,2026/03/24,期貨及選擇權,,OCEICS,
"OBO00300F6　元上證ETF選擇權,2026/06,履約價30.0,買權",TWOBO0300F67,2026/01/23,期貨及選擇權,,OCEICS,
"OBO00300I6　元上證ETF選擇權,2026/09,履約價30.0,買權",TWOBO0300I64,2026/04/16,期貨及選擇權,,OCEICS,
"OBO00310E6　元上證ETF選擇權,2026/05,履約價31.0,買權",TWOBO0310E66,2026/03/19,期貨及選擇權,,OCEICS,
"OBO00310F6　元上證ETF選擇權,2026/06,履約價31.0,買權",TWOBO0310F65,2026/04/16,期貨及選擇權,,OCEICS,
"OBO00320E6　元上證ETF選擇權,2026/05,履約價32.0,買權",TWOBO0320E64,2026/03/19,期貨及選擇權,,OCEICS,
"OBO00320F6　元上證ETF選擇權,2026/06,履約價32.0,買權",TWOBO0320F63,2026/01/22,期貨及選擇權,,OCEICS,
"OBO00320I6　元上證ETF選擇權,2026/09,履約價32.0,買權",TWOBO0320I60,2026/04/16,期貨及選擇權,,OCEICS,
"OBO00330E6　元上證ETF選擇權,2026/05,履約價33.0,買權",TWOBO0330E62,2026/03/19,期貨及選擇權,,OCEICS,
"OBO00330F6　元上證ETF選擇權,2026/06,履約價33.0,買權",TWOBO0330F61,2026/04/16,期貨及選擇權,,OCEICS,
"OBO00340E6　元上證ETF選擇權,2026/05,履約價34.0,買權",TWOBO0340E60,2026/03/19,期貨及選擇權,,OCEICS,
"OBO00340F6　元上證ETF選擇權,2026/06,履約價34.0,買權",TWOBO0340F69,2026/01/22,期貨及選擇權,,OCEICS,
"OBO00340I6　元上證ETF選擇權,2026/09,履約價34.0,買權",TWOBO0340I66,2026/04/16,期貨及選擇權,,OCEICS,
"OBO00350E6　元上證ETF選擇權,2026/05,履約價35.0,買權",TWOBO0350E67,2026/03/19,期貨及選擇權,,OCEICS,
"OBO00350F6　元上證ETF選擇權,2026/06,履約價35.0,買權",TWOBO0350F66,2026/04/16,期貨及選擇權,,OCEICS,
"OBO00360E6　元上證ETF選擇權,2026/05,履約價36.0,買權",TWOBO0360E65,2026/03/19,期貨及選擇權,,OCEICS,
"OBO00360F6　元上證ETF選擇權,2026/06,履約價36.0,買權",TWOBO0360F64,2026/01/22,期貨及選擇權,,OCEICS,
"OBO00360I6　元上證ETF選擇權,2026/09,履約價36.0,買權",TWOBO0360I61,2026/04/16,期貨及選擇權,,OCEICS,
"OBO00370E6　元上證ETF選擇權,2026/05,履約價37.0,買權",TWOBO0370E63,2026/03/19,期貨及選擇權,,OCEICS,
"OBO00370F6　元上證ETF選擇權,2026/06,履約價37.0,買權",TWOBO0370F62,2026/04/16,期貨及選擇權,,OCEICS,
"OBO00380E6　元上證ETF選擇權,2026/05,履約價38.0,買權",TWOBO0380E61,2026/03/19,期貨及選擇權,,OCEICS,
"OBO00380F6　元上證ETF選擇權,2026/06,履約價38.0,買權",TWOBO0380F60,2026/01/22,期貨及選擇權,,OCEICS,
"OBO00380I6　元上證ETF選擇權,2026/09,履約價38.0,買權",TWOBO0380I67,2026/04/16,期貨及選擇權,,OCEICS,
"OBO00390E6　元上證ETF選擇權,2026/05,履約價39.0,買權",TWOBO0390E69,2026/03/19,期貨及選擇權,,OCEICS,
"OBO00390F6　元上證ETF選擇權,2026/06,履約價39.0,買權",TWOBO0390F68,2026/04/16,期貨及選擇權,,OCEICS,
"OBO00400E6　元上證ETF選擇權,2026/05,履約價40.0,買權",TWOBO0400E67,2026/03/19,期貨及選擇權,,OCEICS,
"OBO00400F6　元上證ETF選擇權,2026/06,履約價40.0,買權",TWOBO0400F66,2026/01/22,期貨及選擇權,,OCEICS,
"OBO00400I6　元上證ETF選擇權,2026/09,履約價40.0,買權",TWOBO0400I63,2026/04/16,期貨及選擇權,,OCEICS,
"OBO00410E6　元上證ETF選擇權,2026/05,履約價41.0,買權",TWOBO0410E65,2026/03/19,期貨及選擇權,,OCEICS,
"OBO00410F6　元上證ETF選擇權,2026/06,履約價41.0,買權",TWOBO0410F64,2026/04/16,期貨及選擇權,,OCEICS,
"OBO00420E6　元上證ETF選擇權,2026/05,履約價42.0,買權",TWOBO0420E63,2026/03/19,期貨及選擇權,,OCEICS,
"OBO00420F6　元上證ETF選擇權,2026/06,履約價42.0,買權",TWOBO0420F62,2026/01/22,期貨及選擇權,,OCEICS,
"OBO00420I6　元上證ETF選擇權,2026/09,履約價42.0,買權",TWOBO0420I69,2026/04/16,期貨及選擇權,,OCEICS,
"OBO00430E6　元上證ETF選擇權,2026/05,履約價43.0,買權",TWOBO0430E61,2026/03/19,期貨及選擇權,,OCEICS,
"OBO00430F6　元上證ETF選擇權,2026/06,履約價43.0,買權",TWOBO0430F60,2026/04/16,期貨及選擇權,,OCEICS,
"OBO00440E6　元上證ETF選擇權,2026/05,履約價44.0,買權",TWOBO0440E69,2026/05/05,期貨及選擇權,,OCEICS,
"OBO00440F6　元上證ETF選擇權,2026/06,履約價44.0,買權",TWOBO0440F68,2026/01/22,期貨及選擇權,,OCEICS,
"OBO00440I6　元上證ETF選擇權,2026/09,履約價44.0,買權",TWOBO0440I65,2026/04/16,期貨及選擇權,,OCEICS,
"OBO00460F6　元上證ETF選擇權,2026/06,履約價46.0,買權",TWOBO0460F63,2026/02/10,期貨及選擇權,,OCEICS,
"OJO00210F6　CFA50ETF選擇權,2026/06,履約價21.0,買權",TWOJO0210F68,2026/03/05,期貨及選擇權,,OCEICS,
"OJO00220E6　CFA50ETF選擇權,2026/05,履約價22.0,買權",TWOJO0220E67,2026/03/24,期貨及選擇權,,OCEICS,
"OJO00220F6　CFA50ETF選擇權,2026/06,履約價22.0,買權",TWOJO0220F66,2026/01/22,期貨及選擇權,,OCEICS,
"OJO00225E6　CFA50ETF選擇權,2026/05,履約價22.5,買權",TWOJO0225E62,2026/03/19,期貨及選擇權,,OCEICS,
"OJO00230E6　CFA50ETF選擇權,2026/05,履約價23.0,買權",TWOJO0230E65,2026/03/19,期貨及選擇權,,OCEICS,
"OJO00230F6　CFA50ETF選擇權,2026/06,履約價23.0,買權",TWOJO0230F64,2026/01/22,期貨及選擇權,,OCEICS,
"OJO00230I6　CFA50ETF選擇權,2026/09,履約價23.0,買權",TWOJO0230I61,2026/04/16,期貨及選擇權,,OCEICS,
"OJO00235E6　CFA50ETF選擇權,2026/05,履約價23.5,買權",TWOJO0235E60,2026/03/19,期貨及選擇權,,OCEICS,
"OJO00235F6　CFA50ETF選擇權,2026/06,履約價23.5,買權",TWOJO0235F69,2026/04/16,期貨及選擇權,,OCEICS,
"OJO00240E6　CFA50ETF選擇權,2026/05,履約價24.0,買權",TWOJO0240E63,2026/03/19,期貨及選擇權,,OCEICS,
"OJO00240F6　CFA50ETF選擇權,2026/06,履約價24.0,買權",TWOJO0240F62,2026/01/22,期貨及選擇權,,OCEICS,
"OJO00240I6　CFA50ETF選擇權,2026/09,履約價24.0,買權",TWOJO0240I69,2026/04/16,期貨及選擇權,,OCEICS,
"OJO00245E6　CFA50ETF選擇權,2026/05,履約價24.5,買權",TWOJO0245E68,2026/03/19,期貨及選擇權,,OCEICS,
"OJO00245F6　CFA50ETF選擇權,2026/06,履約價24.5,買權",TWOJO0245F67,2026/04/16,期貨及選擇權,,OCEICS,
"OJO00250E6　CFA50ETF選擇權,2026/05,履約價25.0,買權",TWOJO0250E60,2026/03/19,期貨及選擇權,,OCEICS,
"OJO00250F6　CFA50ETF選擇權,2026/06,履約價25.0,買權",TWOJO0250F69,2026/01/22,期貨及選擇權,,OCEICS,
"OJO00250I6　CFA50ETF選擇權,2026/09,履約價25.0,買權",TWOJO0250I66,2026/04/16,期貨及選擇權,,OCEICS,
"OJO00255E6　CFA50ETF選擇權,2026/05,履約價25.5,買權",TWOJO0255E65,2026/03/19,期貨及選擇權,,OCEICS,
"OJO00255F6　CFA50ETF選擇權,2026/06,履約價25.5,買權",TWOJO0255F64,2026/04/16,期貨及選擇權,,OCEICS,
"OJO00260E6　CFA50ETF選擇權,2026/05,履約價26.0,買權",TWOJO0260E68,2026/03/19,期貨及選擇權,,OCEICS,
"OJO00260F6　CFA50ETF選擇權,2026/06,履約價26.0,買權",TWOJO0260F67,2026/01/22,期貨及選擇權,,OCEICS,
"OJO00260I6　CFA50ETF選擇權,2026/09,履約價26.0,買權",TWOJO0260I64,2026/04/16,期貨及選擇權,,OCEICS,
"OJO00270E6　CFA50ETF選擇權,2026/05,履約價27.0,買權",TWOJO0270E66,2026/03/19,期貨及選擇權,,OCEICS,
"OJO00270F6　CFA50ETF選擇權,2026/06,履約價27.0,買權",TWOJO0270F65,2026/04/16,期貨及選擇權,,OCEICS,
"OJO00280E6　CFA50ETF選擇權,2026/05,履約價28.0,買權",TWOJO0280E64,2026/03/19,期貨及選擇權,,OCEICS,
"OJO00280F6　CFA50ETF選擇權,2026/06,履約價28.0,買權",TWOJO0280F63,2026/01/22,期貨及選擇權,,OCEICS,
"OJO00280I6　CFA50ETF選擇權,2026/09,履約價28.0,買權",TWOJO0280I60,2026/04/16,期貨及選擇權,,OCEICS,
"OJO00290E6　CFA50ETF選擇權,2026/05,履約價29.0,買權",TWOJO0290E62,2026/03/19,期貨及選擇權,,OCEICS,
"OJO00290F6　CFA50ETF選擇權,2026/06,履約價29.0,買權",TWOJO0290F61,2026/04/16,期貨及選擇權,,OCEICS,
"OJO00300E6　CFA50ETF選擇權,2026/05,履約價30.0,買權",TWOJO0300E60,2026/03/19,期貨及選擇權,,OCEICS,
"OJO00300F6　CFA50ETF選擇權,2026/06,履約價30.0,買權",TWOJO0300F69,2026/01/22,期貨及選擇權,,OCEICS,
"OJO00300I6　CFA50ETF選擇權,2026/09,履約價30.0,買權",TWOJO0300I66,2026/04/16,期貨及選擇權,,OCEICS,
"OJO00310E6　CFA50ETF選擇權,2026/05,履約價31.0,買權",TWOJO0310E68,2026/03/19,期貨及選擇權,,OCEICS,
"OJO00310F6　CFA50ETF選擇權,2026/06,履約價31.0,買權",TWOJO0310F67,2026/04/16,期貨及選擇權,,OCEICS,
"OJO00320E6　CFA50ETF選擇權,2026/05,履約價32.0,買權",TWOJO0320E66,2026/03/19,期貨及選擇權,,OCEICS,
"OJO00320F6　CFA50ETF選擇權,2026/06,履約價32.0,買權",TWOJO0320F65,2026/01/22,期貨及選擇權,,OCEICS,
"OJO00320I6　CFA50ETF選擇權,2026/09,履約價32.0,買權",TWOJO0320I62,2026/04/16,期貨及選擇權,,OCEICS,
"OJO00330E6　CFA50ETF選擇權,2026/05,履約價33.0,買權",TWOJO0330E64,2026/04/16,期貨及選擇權,,OCEICS,
"OJO00330F6　CFA50ETF選擇權,2026/06,履約價33.0,買權",TWOJO0330F63,2026/04/16,期貨及選擇權,,OCEICS,
"OJO00340E6　CFA50ETF選擇權,2026/05,履約價34.0,買權",TWOJO0340E62,2026/05/07,期貨及選擇權,,OCEICS,
"OJO00340F6　CFA50ETF選擇權,2026/06,履約價34.0,買權",TWOJO0340F61,2026/05/07,期貨及選擇權,,OCEICS,
"OJO00340I6　CFA50ETF選擇權,2026/09,履約價34.0,買權",TWOJO0340I68,2026/04/16,期貨及選擇權,,OCEICS,
"OKO00120F6　深100ETF選擇權,2026/06,履約價12.0,買權",TWOKO0120F64,2026/01/29,期貨及選擇權,,OCEICS,
"OKO00125E6　深100ETF選擇權,2026/05,履約價12.5,買權",TWOKO0125E60,2026/03/25,期貨及選擇權,,OCEICS,
"OKO00130E6　深100ETF選擇權,2026/05,履約價13.0,買權",TWOKO0130E63,2026/03/19,期貨及選擇權,,OCEICS,
"OKO00130F6　深100ETF選擇權,2026/06,履約價13.0,買權",TWOKO0130F62,2026/01/22,期貨及選擇權,,OCEICS,
"OKO00135E6　深100ETF選擇權,2026/05,履約價13.5,買權",TWOKO0135E68,2026/03/19,期貨及選擇權,,OCEICS,
"OKO00140E6　深100ETF選擇權,2026/05,履約價14.0,買權",TWOKO0140E61,2026/03/19,期貨及選擇權,,OCEICS,
"OKO00140F6　深100ETF選擇權,2026/06,履約價14.0,買權",TWOKO0140F60,2026/01/22,期貨及選擇權,,OCEICS,
"OKO00140I6　深100ETF選擇權,2026/09,履約價14.0,買權",TWOKO0140I67,2026/04/16,期貨及選擇權,,OCEICS,
"OKO00145E6　深100ETF選擇權,2026/05,履約價14.5,買權",TWOKO0145E66,2026/03/19,期貨及選擇權,,OCEICS,
"OKO00145F6　深100ETF選擇權,2026/06,履約價14.5,買權",TWOKO0145F65,2026/04/16,期貨及選擇權,,OCEICS,
"OKO00150E6　深100ETF選擇權,2026/05,履約價15.0,買權",TWOKO0150E68,2026/03/19,期貨及選擇權,,OCEICS,
"OKO00150F6　深100ETF選擇權,2026/06,履約價15.0,買權",TWOKO0150F67,2026/01/22,期貨及選擇權,,OCEICS,
"OKO00150I6　深100ETF選擇權,2026/09,履約價15.0,買權",TWOKO0150I64,2026/04/16,期貨及選擇權,,OCEICS,
"OKO00155E6　深100ETF選擇權,2026/05,履約價15.5,買權",TWOKO0155E63,2026/03/19,期貨及選擇權,,OCEICS,
"OKO00155F6　深100ETF選擇權,2026/06,履約價15.5,買權",TWOKO0155F62,2026/04/16,期貨及選擇權,,OCEICS,
"OKO00160E6　深100ETF選擇權,2026/05,履約價16.0,買權",TWOKO0160E66,2026/03/19,期貨及選擇權,,OCEICS,
"OKO00160F6　深100ETF選擇權,2026/06,履約價16.0,買權",TWOKO0160F65,2026/01/22,期貨及選擇權,,OCEICS,
"OKO00160I6　深100ETF選擇權,2026/09,履約價16.0,買權",TWOKO0160I62,2026/04/16,期貨及選擇權,,OCEICS,
"OKO00165E6　深100ETF選擇權,2026/05,履約價16.5,買權",TWOKO0165E61,2026/03/19,期貨及選擇權,,OCEICS,
"OKO00165F6　深100ETF選擇權,2026/06,履約價16.5,買權",TWOKO0165F60,2026/04/16,期貨及選擇權,,OCEICS,
"OKO00170E6　深100ETF選擇權,2026/05,履約價17.0,買權",TWOKO0170E64,2026/03/19,期貨及選擇權,,OCEICS,
"OKO00170F6　深100ETF選擇權,2026/06,履約價17.0,買權",TWOKO0170F63,2026/01/22,期貨及選擇權,,OCEICS,
"OKO00170I6　深100ETF選擇權,2026/09,履約價17.0,買權",TWOKO0170I60,2026/04/16,期貨及選擇權,,OCEICS,
"OKO00175E6　深100ETF選擇權,2026/05,履約價17.5,買權",TWOKO0175E69,2026/03/19,期貨及選擇權,,OCEICS,
"OKO00175F6　深100ETF選擇權,2026/06,履約價17.5,買權",TWOKO0175F68,2026/04/16,期貨及選擇權,,OCEICS,
"OKO00180E6　深100ETF選擇權,2026/05,履約價18.0,買權",TWOKO0180E62,2026/03/19,期貨及選擇權,,OCEICS,
"OKO00180F6　深100ETF選擇權,2026/06,履約價18.0,買權",TWOKO0180F61,2026/01/22,期貨及選擇權,,OCEICS,
"OKO00180I6　深100ETF選擇權,2026/09,履約價18.0,買權",TWOKO0180I68,2026/04/16,期貨及選擇權,,OCEICS,
"OKO00185E6　深100ETF選擇權,2026/05,履約價18.5,買權",TWOKO0185E67,2026/03/19,期貨及選擇權,,OCEICS,
"OKO00185F6　深100ETF選擇權,2026/06,履約價18.5,買權",TWOKO0185F66,2026/04/16,期貨及選擇權,,OCEICS,
"OKO00190E6　深100ETF選擇權,2026/05,履約價19.0,買權",TWOKO0190E60,2026/04/13,期貨及選擇權,,OCEICS,
"OKO00190F6　深100ETF選擇權,2026/06,履約價19.0,買權",TWOKO0190F69,2026/02/26,期貨及選擇權,,OCEICS,
"OKO00190I6　深100ETF選擇權,2026/09,履約價19.0,買權",TWOKO0190I66,2026/04/16,期貨及選擇權,,OCEICS,
"OKO00195E6　深100ETF選擇權,2026/05,履約價19.5,買權",TWOKO0195E65,2026/04/16,期貨及選擇權,,OCEICS,
"OKO00195F6　深100ETF選擇權,2026/06,履約價19.5,買權",TWOKO0195F64,2026/04/16,期貨及選擇權,,OCEICS,
"OKO00200E6　深100ETF選擇權,2026/05,履約價20.0,買權",TWOKO0200E68,2026/04/22,期貨及選擇權,,OCEICS,
"OKO00200F6　深100ETF選擇權,2026/06,履約價20.0,買權",TWOKO0200F67,2026/04/22,期貨及選擇權,,OCEICS,
"OKO00200I6　深100ETF選擇權,2026/09,履約價20.0,買權",TWOKO0200I64,2026/04/16,期貨及選擇權,,OCEICS,
"OKO00205E6　深100ETF選擇權,2026/05,履約價20.5,買權",TWOKO0205E63,2026/05/07,期貨及選擇權,,OCEICS,
"OKO00205F6　深100ETF選擇權,2026/06,履約價20.5,買權",TWOKO0205F62,2026/05/07,期貨及選擇權,,OCEICS,
"OKO00210I6　深100ETF選擇權,2026/09,履約價21.0,買權",TWOKO0210I62,2026/05/07,期貨及選擇權,,OCEICS,
"OOO00140F6　群益深証中小ETF選擇權,2026/06,履約價14.0,買權",TWOOO0140F66,2026/02/03,期貨及選擇權,,OCEICS,
"OOO00145E6　群益深証中小ETF選擇權,2026/05,履約價14.5,買權",TWOOO0145E62,2026/03/24,期貨及選擇權,,OCEICS,
"OOO00150E6　群益深証中小ETF選擇權,2026/05,履約價15.0,買權",TWOOO0150E64,2026/03/20,期貨及選擇權,,OCEICS,
"OOO00150F6　群益深証中小ETF選擇權,2026/06,履約價15.0,買權",TWOOO0150F63,2026/01/22,期貨及選擇權,,OCEICS,
"OOO00155E6　群益深証中小ETF選擇權,2026/05,履約價15.5,買權",TWOOO0155E69,2026/03/19,期貨及選擇權,,OCEICS,
"OOO00160E6　群益深証中小ETF選擇權,2026/05,履約價16.0,買權",TWOOO0160E62,2026/03/19,期貨及選擇權,,OCEICS,
"OOO00160F6　群益深証中小ETF選擇權,2026/06,履約價16.0,買權",TWOOO0160F61,2026/01/22,期貨及選擇權,,OCEICS,
"OOO00160I6　群益深証中小ETF選擇權,2026/09,履約價16.0,買權",TWOOO0160I68,2026/04/16,期貨及選擇權,,OCEICS,
"OOO00165E6　群益深証中小ETF選擇權,2026/05,履約價16.5,買權",TWOOO0165E67,2026/03/19,期貨及選擇權,,OCEICS,
"OOO00165F6　群益深証中小ETF選擇權,2026/06,履約價16.5,買權",TWOOO0165F66,2026/04/16,期貨及選擇權,,OCEICS,
"OOO00170E6　群益深証中小ETF選擇權,2026/05,履約價17.0,買權",TWOOO0170E60,2026/03/19,期貨及選擇權,,OCEICS,
"OOO00170F6　群益深証中小ETF選擇權,2026/06,履約價17.0,買權",TWOOO0170F69,2026/01/22,期貨及選擇權,,OCEICS,
"OOO00170I6　群益深証中小ETF選擇權,2026/09,履約價17.0,買權",TWOOO0170I66,2026/04/16,期貨及選擇權,,OCEICS,
"OOO00175E6　群益深証中小ETF選擇權,2026/05,履約價17.5,買權",TWOOO0175E65,2026/03/19,期貨及選擇權,,OCEICS,
"OOO00175F6　群益深証中小ETF選擇權,2026/06,履約價17.5,買權",TWOOO0175F64,2026/04/16,期貨及選擇權,,OCEICS,
"OOO00180E6　群益深証中小ETF選擇權,2026/05,履約價18.0,買權",TWOOO0180E68,2026/03/19,期貨及選擇權,,OCEICS,
"OOO00180F6　群益深証中小ETF選擇權,2026/06,履約價18.0,買權",TWOOO0180F67,2026/01/22,期貨及選擇權,,OCEICS,
"OOO00180I6　群益深証中小ETF選擇權,2026/09,履約價18.0,買權",TWOOO0180I64,2026/04/16,期貨及選擇權,,OCEICS,
"OOO00185E6　群益深証中小ETF選擇權,2026/05,履約價18.5,買權",TWOOO0185E63,2026/03/19,期貨及選擇權,,OCEICS,
"OOO00185F6　群益深証中小ETF選擇權,2026/06,履約價18.5,買權",TWOOO0185F62,2026/04/16,期貨及選擇權,,OCEICS,
"OOO00190E6　群益深証中小ETF選擇權,2026/05,履約價19.0,買權",TWOOO0190E66,2026/03/19,期貨及選擇權,,OCEICS,
"OOO00190F6　群益深証中小ETF選擇權,2026/06,履約價19.0,買權",TWOOO0190F65,2026/01/22,期貨及選擇權,,OCEICS,
"OOO00190I6　群益深証中小ETF選擇權,2026/09,履約價19.0,買權",TWOOO0190I62,2026/04/16,期貨及選擇權,,OCEICS,
"OOO00195E6　群益深証中小ETF選擇權,2026/05,履約價19.5,買權",TWOOO0195E61,2026/03/19,期貨及選擇權,,OCEICS,
"OOO00195F6　群益深証中小ETF選擇權,2026/06,履約價19.5,買權",TWOOO0195F60,2026/04/16,期貨及選擇權,,OCEICS,
"OOO00200E6　群益深証中小ETF選擇權,2026/05,履約價20.0,買權",TWOOO0200E64,2026/03/19,期貨及選擇權,,OCEICS,
"OOO00200F6　群益深証中小ETF選擇權,2026/06,履約價20.0,買權",TWOOO0200F63,2026/01/22,期貨及選擇權,,OCEICS,
"OOO00200I6　群益深証中小ETF選擇權,2026/09,履約價20.0,買權",TWOOO0200I60,2026/04/16,期貨及選擇權,,OCEICS,
"OOO00205E6　群益深証中小ETF選擇權,2026/05,履約價20.5,買權",TWOOO0205E69,2026/03/19,期貨及選擇權,,OCEICS,
"OOO00205F6　群益深証中小ETF選擇權,2026/06,履約價20.5,買權",TWOOO0205F68,2026/04/16,期貨及選擇權,,OCEICS,
"OOO00210E6　群益深証中小ETF選擇權,2026/05,履約價21.0,買權",TWOOO0210E62,2026/03/19,期貨及選擇權,,OCEICS,
"OOO00210F6　群益深証中小ETF選擇權,2026/06,履約價21.0,買權",TWOOO0210F61,2026/01/22,期貨及選擇權,,OCEICS,
"OOO00210I6　群益深証中小ETF選擇權,2026/09,履約價21.0,買權",TWOOO0210I68,2026/04/16,期貨及選擇權,,OCEICS,
"OOO00215E6　群益深証中小ETF選擇權,2026/05,履約價21.5,買權",TWOOO0215E67,2026/03/19,期貨及選擇權,,OCEICS,
"OOO00215F6　群益深証中小ETF選擇權,2026/06,履約價21.5,買權",TWOOO0215F66,2026/04/16,期貨及選擇權,,OCEICS,
"OOO00220E6　群益深証中小ETF選擇權,2026/05,履約價22.0,買權",TWOOO0220E60,2026/04/15,期貨及選擇權,,OCEICS,
"OOO00220F6　群益深証中小ETF選擇權,2026/06,履約價22.0,買權",TWOOO0220F69,2026/01/22,期貨及選擇權,,OCEICS,
"OOO00220I6　群益深証中小ETF選擇權,2026/09,履約價22.0,買權",TWOOO0220I66,2026/04/16,期貨及選擇權,,OCEICS,
"OOO00225E6　群益深証中小ETF選擇權,2026/05,履約價22.5,買權",TWOOO0225E65,2026/04/22,期貨及選擇權,,OCEICS,
"OOO00225F6　群益深証中小ETF選擇權,2026/06,履約價22.5,買權",TWOOO0225F64,2026/04/22,期貨及選擇權,,OCEICS,
"OOO00230E6　群益深証中小ETF選擇權,2026/05,履約價23.0,買權",TWOOO0230E68,2026/05/04,期貨及選擇權,,OCEICS,
"OOO00230F6　群益深証中小ETF選擇權,2026/06,履約價23.0,買權",TWOOO0230F67,2026/05/04,期貨及選擇權,,OCEICS,
"OOO00230I6　群益深証中小ETF選擇權,2026/09,履約價23.0,買權",TWOOO0230I64,2026/04/22,期貨及選擇權,,OCEICS,
"OOO00235E6　群益深証中小ETF選擇權,2026/05,履約價23.5,買權",TWOOO0235E63,2026/05/07,期貨及選擇權,,OCEICS,
"OOO00235F6　群益深証中小ETF選擇權,2026/06,履約價23.5,買權",TWOOO0235F62,2026/05/07,期貨及選擇權,,OCEICS,
"OOO00240I6　群益深証中小ETF選擇權,2026/09,履約價24.0,買權",TWOOO0240I62,2026/05/07,期貨及選擇權,,OCEICS,
ETF選擇權賣權
"NYO00600Q6　元大台灣50ETF選擇權,2026/05,履約價60.0,賣權",TWNYO0600Q65,2026/04/01,期貨及選擇權,,OPEICS,
"NYO00600R6　元大台灣50ETF選擇權,2026/06,履約價60.0,賣權",TWNYO0600R64,2026/01/22,期貨及選擇權,,OPEICS,
"NYO00625Q6　元大台灣50ETF選擇權,2026/05,履約價62.5,賣權",TWNYO0625Q66,2026/03/20,期貨及選擇權,,OPEICS,
"NYO00650Q6　元大台灣50ETF選擇權,2026/05,履約價65.0,賣權",TWNYO0650Q64,2026/03/19,期貨及選擇權,,OPEICS,
"NYO00650R6　元大台灣50ETF選擇權,2026/06,履約價65.0,賣權",TWNYO0650R63,2026/01/22,期貨及選擇權,,OPEICS,
"NYO00675Q6　元大台灣50ETF選擇權,2026/05,履約價67.5,賣權",TWNYO0675Q65,2026/03/19,期貨及選擇權,,OPEICS,
"NYO00700Q6　元大台灣50ETF選擇權,2026/05,履約價70.0,賣權",TWNYO0700Q64,2026/03/19,期貨及選擇權,,OPEICS,
"NYO00700R6　元大台灣50ETF選擇權,2026/06,履約價70.0,賣權",TWNYO0700R63,2026/01/22,期貨及選擇權,,OPEICS,
"NYO00700U6　元大台灣50ETF選擇權,2026/09,履約價70.0,賣權",TWNYO0700U68,2026/04/16,期貨及選擇權,,OPEICS,
"NYO00725Q6　元大台灣50ETF選擇權,2026/05,履約價72.5,賣權",TWNYO0725Q65,2026/03/19,期貨及選擇權,,OPEICS,
"NYO00725R6　元大台灣50ETF選擇權,2026/06,履約價72.5,賣權",TWNYO0725R64,2026/04/16,期貨及選擇權,,OPEICS,
"NYO00750Q6　元大台灣50ETF選擇權,2026/05,履約價75.0,賣權",TWNYO0750Q63,2026/03/19,期貨及選擇權,,OPEICS,
"NYO00750R6　元大台灣50ETF選擇權,2026/06,履約價75.0,賣權",TWNYO0750R62,2026/01/22,期貨及選擇權,,OPEICS,
"NYO00750U6　元大台灣50ETF選擇權,2026/09,履約價75.0,賣權",TWNYO0750U67,2026/04/16,期貨及選擇權,,OPEICS,
"NYO00775Q6　元大台灣50ETF選擇權,2026/05,履約價77.5,賣權",TWNYO0775Q64,2026/03/19,期貨及選擇權,,OPEICS,
"NYO00775R6　元大台灣50ETF選擇權,2026/06,履約價77.5,賣權",TWNYO0775R63,2026/04/16,期貨及選擇權,,OPEICS,
"NYO00800Q6　元大台灣50ETF選擇權,2026/05,履約價80.0,賣權",TWNYO0800Q63,2026/03/19,期貨及選擇權,,OPEICS,
"NYO00800R6　元大台灣50ETF選擇權,2026/06,履約價80.0,賣權",TWNYO0800R62,2026/01/22,期貨及選擇權,,OPEICS,
"NYO00800U6　元大台灣50ETF選擇權,2026/09,履約價80.0,賣權",TWNYO0800U67,2026/04/16,期貨及選擇權,,OPEICS,
"NYO00825Q6　元大台灣50ETF選擇權,2026/05,履約價82.5,賣權",TWNYO0825Q64,2026/03/19,期貨及選擇權,,OPEICS,
"NYO00825R6　元大台灣50ETF選擇權,2026/06,履約價82.5,賣權",TWNYO0825R63,2026/04/16,期貨及選擇權,,OPEICS,
"NYO00850Q6　元大台灣50ETF選擇權,2026/05,履約價85.0,賣權",TWNYO0850Q62,2026/03/19,期貨及選擇權,,OPEICS,
"NYO00850R6　元大台灣50ETF選擇權,2026/06,履約價85.0,賣權",TWNYO0850R61,2026/01/22,期貨及選擇權,,OPEICS,
"NYO00850U6　元大台灣50ETF選擇權,2026/09,履約價85.0,賣權",TWNYO0850U66,2026/04/16,期貨及選擇權,,OPEICS,
"NYO00875Q6　元大台灣50ETF選擇權,2026/05,履約價87.5,賣權",TWNYO0875Q63,2026/03/19,期貨及選擇權,,OPEICS,
"NYO00875R6　元大台灣50ETF選擇權,2026/06,履約價87.5,賣權",TWNYO0875R62,2026/04/16,期貨及選擇權,,OPEICS,
"NYO00900Q6　元大台灣50ETF選擇權,2026/05,履約價90.0,賣權",TWNYO0900Q62,2026/03/19,期貨及選擇權,,OPEICS,
"NYO00900R6　元大台灣50ETF選擇權,2026/06,履約價90.0,賣權",TWNYO0900R61,2026/01/29,期貨及選擇權,,OPEICS,
"NYO00900U6　元大台灣50ETF選擇權,2026/09,履約價90.0,賣權",TWNYO0900U66,2026/04/16,期貨及選擇權,,OPEICS,
"NYO00925Q6　元大台灣50ETF選擇權,2026/05,履約價92.5,賣權",TWNYO0925Q63,2026/04/09,期貨及選擇權,,OPEICS,
"NYO00925R6　元大台灣50ETF選擇權,2026/06,履約價92.5,賣權",TWNYO0925R62,2026/04/16,期貨及選擇權,,OPEICS,
"NYO00950Q6　元大台灣50ETF選擇權,2026/05,履約價95.0,賣權",TWNYO0950Q61,2026/04/13,期貨及選擇權,,OPEICS,
"NYO00950R6　元大台灣50ETF選擇權,2026/06,履約價95.0,賣權",TWNYO0950R60,2026/02/25,期貨及選擇權,,OPEICS,
"NYO00950U6　元大台灣50ETF選擇權,2026/09,履約價95.0,賣權",TWNYO0950U65,2026/04/16,期貨及選擇權,,OPEICS,
"NYO00975Q6　元大台灣50ETF選擇權,2026/05,履約價97.5,賣權",TWNYO0975Q62,2026/04/15,期貨及選擇權,,OPEICS,
"NYO00975R6　元大台灣50ETF選擇權,2026/06,履約價97.5,賣權",TWNYO0975R61,2026/04/16,期貨及選擇權,,OPEICS,
"NYO01000Q6　元大台灣50ETF選擇權,2026/05,履約價100.0,賣權",TWNYO1000Q69,2026/04/17,期貨及選擇權,,OPEICS,
"NYO01000R6　元大台灣50ETF選擇權,2026/06,履約價100.0,賣權",TWNYO1000R68,2026/04/15,期貨及選擇權,,OPEICS,
"NYO01000U6　元大台灣50ETF選擇權,2026/09,履約價100.0,賣權",TWNYO1000U63,2026/04/16,期貨及選擇權,,OPEICS,
"NYO01050Q6　元大台灣50ETF選擇權,2026/05,履約價105.0,賣權",TWNYO1050Q68,2026/04/27,期貨及選擇權,,OPEICS,
"NYO01050R6　元大台灣50ETF選擇權,2026/06,履約價105.0,賣權",TWNYO1050R67,2026/04/27,期貨及選擇權,,OPEICS,
"NYO01100Q6　元大台灣50ETF選擇權,2026/05,履約價110.0,賣權",TWNYO1100Q68,2026/04/28,期貨及選擇權,,OPEICS,
"NYO01100R6　元大台灣50ETF選擇權,2026/06,履約價110.0,賣權",TWNYO1100R67,2026/04/28,期貨及選擇權,,OPEICS,
"NYO01100U6　元大台灣50ETF選擇權,2026/09,履約價110.0,賣權",TWNYO1100U62,2026/04/27,期貨及選擇權,,OPEICS,
"NYO01150Q6　元大台灣50ETF選擇權,2026/05,履約價115.0,賣權",TWNYO1150Q67,2026/05/07,期貨及選擇權,,OPEICS,
"NYO01150R6　元大台灣50ETF選擇權,2026/06,履約價115.0,賣權",TWNYO1150R66,2026/05/07,期貨及選擇權,,OPEICS,
"NYO01200U6　元大台灣50ETF選擇權,2026/09,履約價120.0,賣權",TWNYO1200U61,2026/05/07,期貨及選擇權,,OPEICS,
"OAO00320Q6　FB上証ETF選擇權,2026/05,履約價32.0,賣權",TWOAO0320Q61,2026/03/24,期貨及選擇權,,OPEICS,
"OAO00320R6　FB上証ETF選擇權,2026/06,履約價32.0,賣權",TWOAO0320R60,2026/03/20,期貨及選擇權,,OPEICS,
"OAO00330Q6　FB上証ETF選擇權,2026/05,履約價33.0,賣權",TWOAO0330Q69,2026/03/20,期貨及選擇權,,OPEICS,
"OAO00340Q6　FB上証ETF選擇權,2026/05,履約價34.0,賣權",TWOAO0340Q67,2026/03/19,期貨及選擇權,,OPEICS,
"OAO00340R6　FB上証ETF選擇權,2026/06,履約價34.0,賣權",TWOAO0340R66,2026/01/22,期貨及選擇權,,OPEICS,
"OAO00340U6　FB上証ETF選擇權,2026/09,履約價34.0,賣權",TWOAO0340U61,2026/04/16,期貨及選擇權,,OPEICS,
"OAO00350Q6　FB上証ETF選擇權,2026/05,履約價35.0,賣權",TWOAO0350Q64,2026/03/19,期貨及選擇權,,OPEICS,
"OAO00350R6　FB上証ETF選擇權,2026/06,履約價35.0,賣權",TWOAO0350R63,2026/04/16,期貨及選擇權,,OPEICS,
"OAO00360Q6　FB上証ETF選擇權,2026/05,履約價36.0,賣權",TWOAO0360Q62,2026/03/19,期貨及選擇權,,OPEICS,
"OAO00360R6　FB上証ETF選擇權,2026/06,履約價36.0,賣權",TWOAO0360R61,2026/01/22,期貨及選擇權,,OPEICS,
"OAO00360U6　FB上証ETF選擇權,2026/09,履約價36.0,賣權",TWOAO0360U66,2026/04/16,期貨及選擇權,,OPEICS,
"OAO00370Q6　FB上証ETF選擇權,2026/05,履約價37.0,賣權",TWOAO0370Q60,2026/03/19,期貨及選擇權,,OPEICS,
"OAO00370R6　FB上証ETF選擇權,2026/06,履約價37.0,賣權",TWOAO0370R69,2026/04/16,期貨及選擇權,,OPEICS,
"OAO00380Q6　FB上証ETF選擇權,2026/05,履約價38.0,賣權",TWOAO0380Q68,2026/03/19,期貨及選擇權,,OPEICS,
"OAO00380R6　FB上証ETF選擇權,2026/06,履約價38.0,賣權",TWOAO0380R67,2026/01/22,期貨及選擇權,,OPEICS,
"OAO00380U6　FB上証ETF選擇權,2026/09,履約價38.0,賣權",TWOAO0380U62,2026/04/16,期貨及選擇權,,OPEICS,
"OAO00390Q6　FB上証ETF選擇權,2026/05,履約價39.0,賣權",TWOAO0390Q66,2026/03/19,期貨及選擇權,,OPEICS,
"OAO00390R6　FB上証ETF選擇權,2026/06,履約價39.0,賣權",TWOAO0390R65,2026/04/16,期貨及選擇權,,OPEICS,
"OAO00400Q6　FB上証ETF選擇權,2026/05,履約價40.0,賣權",TWOAO0400Q64,2026/03/19,期貨及選擇權,,OPEICS,
"OAO00400R6　FB上証ETF選擇權,2026/06,履約價40.0,賣權",TWOAO0400R63,2026/01/22,期貨及選擇權,,OPEICS,
"OAO00400U6　FB上証ETF選擇權,2026/09,履約價40.0,賣權",TWOAO0400U68,2026/04/16,期貨及選擇權,,OPEICS,
"OAO00410Q6　FB上証ETF選擇權,2026/05,履約價41.0,賣權",TWOAO0410Q62,2026/03/19,期貨及選擇權,,OPEICS,
"OAO00410R6　FB上証ETF選擇權,2026/06,履約價41.0,賣權",TWOAO0410R61,2026/04/16,期貨及選擇權,,OPEICS,
"OAO00420Q6　FB上証ETF選擇權,2026/05,履約價42.0,賣權",TWOAO0420Q60,2026/03/19,期貨及選擇權,,OPEICS,
"OAO00420R6　FB上証ETF選擇權,2026/06,履約價42.0,賣權",TWOAO0420R69,2026/01/22,期貨及選擇權,,OPEICS,
"OAO00420U6　FB上証ETF選擇權,2026/09,履約價42.0,賣權",TWOAO0420U64,2026/04/16,期貨及選擇權,,OPEICS,
"OAO00430Q6　FB上証ETF選擇權,2026/05,履約價43.0,賣權",TWOAO0430Q68,2026/03/19,期貨及選擇權,,OPEICS,
"OAO00430R6　FB上証ETF選擇權,2026/06,履約價43.0,賣權",TWOAO0430R67,2026/04/16,期貨及選擇權,,OPEICS,
"OAO00440Q6　FB上証ETF選擇權,2026/05,履約價44.0,賣權",TWOAO0440Q66,2026/03/19,期貨及選擇權,,OPEICS,
"OAO00440R6　FB上証ETF選擇權,2026/06,履約價44.0,賣權",TWOAO0440R65,2026/01/22,期貨及選擇權,,OPEICS,
"OAO00440U6　FB上証ETF選擇權,2026/09,履約價44.0,賣權",TWOAO0440U60,2026/04/16,期貨及選擇權,,OPEICS,
"OAO00450Q6　FB上証ETF選擇權,2026/05,履約價45.0,賣權",TWOAO0450Q63,2026/03/19,期貨及選擇權,,OPEICS,
"OAO00450R6　FB上証ETF選擇權,2026/06,履約價45.0,賣權",TWOAO0450R62,2026/04/16,期貨及選擇權,,OPEICS,
"OAO00460Q6　FB上証ETF選擇權,2026/05,履約價46.0,賣權",TWOAO0460Q61,2026/03/19,期貨及選擇權,,OPEICS,
"OAO00460R6　FB上証ETF選擇權,2026/06,履約價46.0,賣權",TWOAO0460R60,2026/01/22,期貨及選擇權,,OPEICS,
"OAO00460U6　FB上証ETF選擇權,2026/09,履約價46.0,賣權",TWOAO0460U65,2026/04/16,期貨及選擇權,,OPEICS,
"OAO00470Q6　FB上証ETF選擇權,2026/05,履約價47.0,賣權",TWOAO0470Q69,2026/03/19,期貨及選擇權,,OPEICS,
"OAO00470R6　FB上証ETF選擇權,2026/06,履約價47.0,賣權",TWOAO0470R68,2026/04/16,期貨及選擇權,,OPEICS,
"OAO00480Q6　FB上証ETF選擇權,2026/05,履約價48.0,賣權",TWOAO0480Q67,2026/05/05,期貨及選擇權,,OPEICS,
"OAO00480R6　FB上証ETF選擇權,2026/06,履約價48.0,賣權",TWOAO0480R66,2026/01/22,期貨及選擇權,,OPEICS,
"OAO00480U6　FB上証ETF選擇權,2026/09,履約價48.0,賣權",TWOAO0480U61,2026/04/16,期貨及選擇權,,OPEICS,
"OAO00500R6　FB上証ETF選擇權,2026/06,履約價50.0,賣權",TWOAO0500R62,2026/03/03,期貨及選擇權,,OPEICS,
"OBO00300Q6　元上證ETF選擇權,2026/05,履約價30.0,賣權",TWOBO0300Q64,2026/03/24,期貨及選擇權,,OPEICS,
"OBO00300R6　元上證ETF選擇權,2026/06,履約價30.0,賣權",TWOBO0300R63,2026/01/23,期貨及選擇權,,OPEICS,
"OBO00300U6　元上證ETF選擇權,2026/09,履約價30.0,賣權",TWOBO0300U68,2026/04/16,期貨及選擇權,,OPEICS,
"OBO00310Q6　元上證ETF選擇權,2026/05,履約價31.0,賣權",TWOBO0310Q62,2026/03/19,期貨及選擇權,,OPEICS,
"OBO00310R6　元上證ETF選擇權,2026/06,履約價31.0,賣權",TWOBO0310R61,2026/04/16,期貨及選擇權,,OPEICS,
"OBO00320Q6　元上證ETF選擇權,2026/05,履約價32.0,賣權",TWOBO0320Q60,2026/03/19,期貨及選擇權,,OPEICS,
"OBO00320R6　元上證ETF選擇權,2026/06,履約價32.0,賣權",TWOBO0320R69,2026/01/22,期貨及選擇權,,OPEICS,
"OBO00320U6　元上證ETF選擇權,2026/09,履約價32.0,賣權",TWOBO0320U64,2026/04/16,期貨及選擇權,,OPEICS,
"OBO00330Q6　元上證ETF選擇權,2026/05,履約價33.0,賣權",TWOBO0330Q68,2026/03/19,期貨及選擇權,,OPEICS,
"OBO00330R6　元上證ETF選擇權,2026/06,履約價33.0,賣權",TWOBO0330R67,2026/04/16,期貨及選擇權,,OPEICS,
"OBO00340Q6　元上證ETF選擇權,2026/05,履約價34.0,賣權",TWOBO0340Q66,2026/03/19,期貨及選擇權,,OPEICS,
"OBO00340R6　元上證ETF選擇權,2026/06,履約價34.0,賣權",TWOBO0340R65,2026/01/22,期貨及選擇權,,OPEICS,
"OBO00340U6　元上證ETF選擇權,2026/09,履約價34.0,賣權",TWOBO0340U60,2026/04/16,期貨及選擇權,,OPEICS,
"OBO00350Q6　元上證ETF選擇權,2026/05,履約價35.0,賣權",TWOBO0350Q63,2026/03/19,期貨及選擇權,,OPEICS,
"OBO00350R6　元上證ETF選擇權,2026/06,履約價35.0,賣權",TWOBO0350R62,2026/04/16,期貨及選擇權,,OPEICS,
"OBO00360Q6　元上證ETF選擇權,2026/05,履約價36.0,賣權",TWOBO0360Q61,2026/03/19,期貨及選擇權,,OPEICS,
"OBO00360R6　元上證ETF選擇權,2026/06,履約價36.0,賣權",TWOBO0360R60,2026/01/22,期貨及選擇權,,OPEICS,
"OBO00360U6　元上證ETF選擇權,2026/09,履約價36.0,賣權",TWOBO0360U65,2026/04/16,期貨及選擇權,,OPEICS,
"OBO00370Q6　元上證ETF選擇權,2026/05,履約價37.0,賣權",TWOBO0370Q69,2026/03/19,期貨及選擇權,,OPEICS,
"OBO00370R6　元上證ETF選擇權,2026/06,履約價37.0,賣權",TWOBO0370R68,2026/04/16,期貨及選擇權,,OPEICS,
"OBO00380Q6　元上證ETF選擇權,2026/05,履約價38.0,賣權",TWOBO0380Q67,2026/03/19,期貨及選擇權,,OPEICS,
"OBO00380R6　元上證ETF選擇權,2026/06,履約價38.0,賣權",TWOBO0380R66,2026/01/22,期貨及選擇權,,OPEICS,
"OBO00380U6　元上證ETF選擇權,2026/09,履約價38.0,賣權",TWOBO0380U61,2026/04/16,期貨及選擇權,,OPEICS,
"OBO00390Q6　元上證ETF選擇權,2026/05,履約價39.0,賣權",TWOBO0390Q65,2026/03/19,期貨及選擇權,,OPEICS,
"OBO00390R6　元上證ETF選擇權,2026/06,履約價39.0,賣權",TWOBO0390R64,2026/04/16,期貨及選擇權,,OPEICS,
"OBO00400Q6　元上證ETF選擇權,2026/05,履約價40.0,賣權",TWOBO0400Q63,2026/03/19,期貨及選擇權,,OPEICS,
"OBO00400R6　元上證ETF選擇權,2026/06,履約價40.0,賣權",TWOBO0400R62,2026/01/22,期貨及選擇權,,OPEICS,
"OBO00400U6　元上證ETF選擇權,2026/09,履約價40.0,賣權",TWOBO0400U67,2026/04/16,期貨及選擇權,,OPEICS,
"OBO00410Q6　元上證ETF選擇權,2026/05,履約價41.0,賣權",TWOBO0410Q61,2026/03/19,期貨及選擇權,,OPEICS,
"OBO00410R6　元上證ETF選擇權,2026/06,履約價41.0,賣權",TWOBO0410R60,2026/04/16,期貨及選擇權,,OPEICS,
"OBO00420Q6　元上證ETF選擇權,2026/05,履約價42.0,賣權",TWOBO0420Q69,2026/03/19,期貨及選擇權,,OPEICS,
"OBO00420R6　元上證ETF選擇權,2026/06,履約價42.0,賣權",TWOBO0420R68,2026/01/22,期貨及選擇權,,OPEICS,
"OBO00420U6　元上證ETF選擇權,2026/09,履約價42.0,賣權",TWOBO0420U63,2026/04/16,期貨及選擇權,,OPEICS,
"OBO00430Q6　元上證ETF選擇權,2026/05,履約價43.0,賣權",TWOBO0430Q67,2026/03/19,期貨及選擇權,,OPEICS,
"OBO00430R6　元上證ETF選擇權,2026/06,履約價43.0,賣權",TWOBO0430R66,2026/04/16,期貨及選擇權,,OPEICS,
"OBO00440Q6　元上證ETF選擇權,2026/05,履約價44.0,賣權",TWOBO0440Q65,2026/05/05,期貨及選擇權,,OPEICS,
"OBO00440R6　元上證ETF選擇權,2026/06,履約價44.0,賣權",TWOBO0440R64,2026/01/22,期貨及選擇權,,OPEICS,
"OBO00440U6　元上證ETF選擇權,2026/09,履約價44.0,賣權",TWOBO0440U69,2026/04/16,期貨及選擇權,,OPEICS,
"OBO00460R6　元上證ETF選擇權,2026/06,履約價46.0,賣權",TWOBO0460R69,2026/02/10,期貨及選擇權,,OPEICS,
"OJO00210R6　CFA50ETF選擇權,2026/06,履約價21.0,賣權",TWOJO0210R64,2026/03/05,期貨及選擇權,,OPEICS,
"OJO00220Q6　CFA50ETF選擇權,2026/05,履約價22.0,賣權",TWOJO0220Q63,2026/03/24,期貨及選擇權,,OPEICS,
"OJO00220R6　CFA50ETF選擇權,2026/06,履約價22.0,賣權",TWOJO0220R62,2026/01/22,期貨及選擇權,,OPEICS,
"OJO00225Q6　CFA50ETF選擇權,2026/05,履約價22.5,賣權",TWOJO0225Q68,2026/03/19,期貨及選擇權,,OPEICS,
"OJO00230Q6　CFA50ETF選擇權,2026/05,履約價23.0,賣權",TWOJO0230Q61,2026/03/19,期貨及選擇權,,OPEICS,
"OJO00230R6　CFA50ETF選擇權,2026/06,履約價23.0,賣權",TWOJO0230R60,2026/01/22,期貨及選擇權,,OPEICS,
"OJO00230U6　CFA50ETF選擇權,2026/09,履約價23.0,賣權",TWOJO0230U65,2026/04/16,期貨及選擇權,,OPEICS,
"OJO00235Q6　CFA50ETF選擇權,2026/05,履約價23.5,賣權",TWOJO0235Q66,2026/03/19,期貨及選擇權,,OPEICS,
"OJO00235R6　CFA50ETF選擇權,2026/06,履約價23.5,賣權",TWOJO0235R65,2026/04/16,期貨及選擇權,,OPEICS,
"OJO00240Q6　CFA50ETF選擇權,2026/05,履約價24.0,賣權",TWOJO0240Q69,2026/03/19,期貨及選擇權,,OPEICS,
"OJO00240R6　CFA50ETF選擇權,2026/06,履約價24.0,賣權",TWOJO0240R68,2026/01/22,期貨及選擇權,,OPEICS,
"OJO00240U6　CFA50ETF選擇權,2026/09,履約價24.0,賣權",TWOJO0240U63,2026/04/16,期貨及選擇權,,OPEICS,
"OJO00245Q6　CFA50ETF選擇權,2026/05,履約價24.5,賣權",TWOJO0245Q64,2026/03/19,期貨及選擇權,,OPEICS,
"OJO00245R6　CFA50ETF選擇權,2026/06,履約價24.5,賣權",TWOJO0245R63,2026/04/16,期貨及選擇權,,OPEICS,
"OJO00250Q6　CFA50ETF選擇權,2026/05,履約價25.0,賣權",TWOJO0250Q66,2026/03/19,期貨及選擇權,,OPEICS,
"OJO00250R6　CFA50ETF選擇權,2026/06,履約價25.0,賣權",TWOJO0250R65,2026/01/22,期貨及選擇權,,OPEICS,
"OJO00250U6　CFA50ETF選擇權,2026/09,履約價25.0,賣權",TWOJO0250U60,2026/04/16,期貨及選擇權,,OPEICS,
"OJO00255Q6　CFA50ETF選擇權,2026/05,履約價25.5,賣權",TWOJO0255Q61,2026/03/19,期貨及選擇權,,OPEICS,
"OJO00255R6　CFA50ETF選擇權,2026/06,履約價25.5,賣權",TWOJO0255R60,2026/04/16,期貨及選擇權,,OPEICS,
"OJO00260Q6　CFA50ETF選擇權,2026/05,履約價26.0,賣權",TWOJO0260Q64,2026/03/19,期貨及選擇權,,OPEICS,
"OJO00260R6　CFA50ETF選擇權,2026/06,履約價26.0,賣權",TWOJO0260R63,2026/01/22,期貨及選擇權,,OPEICS,
"OJO00260U6　CFA50ETF選擇權,2026/09,履約價26.0,賣權",TWOJO0260U68,2026/04/16,期貨及選擇權,,OPEICS,
"OJO00270Q6　CFA50ETF選擇權,2026/05,履約價27.0,賣權",TWOJO0270Q62,2026/03/19,期貨及選擇權,,OPEICS,
"OJO00270R6　CFA50ETF選擇權,2026/06,履約價27.0,賣權",TWOJO0270R61,2026/04/16,期貨及選擇權,,OPEICS,
"OJO00280Q6　CFA50ETF選擇權,2026/05,履約價28.0,賣權",TWOJO0280Q60,2026/03/19,期貨及選擇權,,OPEICS,
"OJO00280R6　CFA50ETF選擇權,2026/06,履約價28.0,賣權",TWOJO0280R69,2026/01/22,期貨及選擇權,,OPEICS,
"OJO00280U6　CFA50ETF選擇權,2026/09,履約價28.0,賣權",TWOJO0280U64,2026/04/16,期貨及選擇權,,OPEICS,
"OJO00290Q6　CFA50ETF選擇權,2026/05,履約價29.0,賣權",TWOJO0290Q68,2026/03/19,期貨及選擇權,,OPEICS,
"OJO00290R6　CFA50ETF選擇權,2026/06,履約價29.0,賣權",TWOJO0290R67,2026/04/16,期貨及選擇權,,OPEICS,
"OJO00300Q6　CFA50ETF選擇權,2026/05,履約價30.0,賣權",TWOJO0300Q66,2026/03/19,期貨及選擇權,,OPEICS,
"OJO00300R6　CFA50ETF選擇權,2026/06,履約價30.0,賣權",TWOJO0300R65,2026/01/22,期貨及選擇權,,OPEICS,
"OJO00300U6　CFA50ETF選擇權,2026/09,履約價30.0,賣權",TWOJO0300U60,2026/04/16,期貨及選擇權,,OPEICS,
"OJO00310Q6　CFA50ETF選擇權,2026/05,履約價31.0,賣權",TWOJO0310Q64,2026/03/19,期貨及選擇權,,OPEICS,
"OJO00310R6　CFA50ETF選擇權,2026/06,履約價31.0,賣權",TWOJO0310R63,2026/04/16,期貨及選擇權,,OPEICS,
"OJO00320Q6　CFA50ETF選擇權,2026/05,履約價32.0,賣權",TWOJO0320Q62,2026/03/19,期貨及選擇權,,OPEICS,
"OJO00320R6　CFA50ETF選擇權,2026/06,履約價32.0,賣權",TWOJO0320R61,2026/01/22,期貨及選擇權,,OPEICS,
"OJO00320U6　CFA50ETF選擇權,2026/09,履約價32.0,賣權",TWOJO0320U66,2026/04/16,期貨及選擇權,,OPEICS,
"OJO00330Q6　CFA50ETF選擇權,2026/05,履約價33.0,賣權",TWOJO0330Q60,2026/04/16,期貨及選擇權,,OPEICS,
"OJO00330R6　CFA50ETF選擇權,2026/06,履約價33.0,賣權",TWOJO0330R69,2026/04/16,期貨及選擇權,,OPEICS,
"OJO00340Q6　CFA50ETF選擇權,2026/05,履約價34.0,賣權",TWOJO0340Q68,2026/05/07,期貨及選擇權,,OPEICS,
"OJO00340R6　CFA50ETF選擇權,2026/06,履約價34.0,賣權",TWOJO0340R67,2026/05/07,期貨及選擇權,,OPEICS,
"OJO00340U6　CFA50ETF選擇權,2026/09,履約價34.0,賣權",TWOJO0340U62,2026/04/16,期貨及選擇權,,OPEICS,
"OKO00120R6　深100ETF選擇權,2026/06,履約價12.0,賣權",TWOKO0120R60,2026/01/29,期貨及選擇權,,OPEICS,
"OKO00125Q6　深100ETF選擇權,2026/05,履約價12.5,賣權",TWOKO0125Q66,2026/03/25,期貨及選擇權,,OPEICS,
"OKO00130Q6　深100ETF選擇權,2026/05,履約價13.0,賣權",TWOKO0130Q69,2026/03/19,期貨及選擇權,,OPEICS,
"OKO00130R6　深100ETF選擇權,2026/06,履約價13.0,賣權",TWOKO0130R68,2026/01/22,期貨及選擇權,,OPEICS,
"OKO00135Q6　深100ETF選擇權,2026/05,履約價13.5,賣權",TWOKO0135Q64,2026/03/19,期貨及選擇權,,OPEICS,
"OKO00140Q6　深100ETF選擇權,2026/05,履約價14.0,賣權",TWOKO0140Q67,2026/03/19,期貨及選擇權,,OPEICS,
"OKO00140R6　深100ETF選擇權,2026/06,履約價14.0,賣權",TWOKO0140R66,2026/01/22,期貨及選擇權,,OPEICS,
"OKO00140U6　深100ETF選擇權,2026/09,履約價14.0,賣權",TWOKO0140U61,2026/04/16,期貨及選擇權,,OPEICS,
"OKO00145Q6　深100ETF選擇權,2026/05,履約價14.5,賣權",TWOKO0145Q62,2026/03/19,期貨及選擇權,,OPEICS,
"OKO00145R6　深100ETF選擇權,2026/06,履約價14.5,賣權",TWOKO0145R61,2026/04/16,期貨及選擇權,,OPEICS,
"OKO00150Q6　深100ETF選擇權,2026/05,履約價15.0,賣權",TWOKO0150Q64,2026/03/19,期貨及選擇權,,OPEICS,
"OKO00150R6　深100ETF選擇權,2026/06,履約價15.0,賣權",TWOKO0150R63,2026/01/22,期貨及選擇權,,OPEICS,
"OKO00150U6　深100ETF選擇權,2026/09,履約價15.0,賣權",TWOKO0150U68,2026/04/16,期貨及選擇權,,OPEICS,
"OKO00155Q6　深100ETF選擇權,2026/05,履約價15.5,賣權",TWOKO0155Q69,2026/03/19,期貨及選擇權,,OPEICS,
"OKO00155R6　深100ETF選擇權,2026/06,履約價15.5,賣權",TWOKO0155R68,2026/04/16,期貨及選擇權,,OPEICS,
"OKO00160Q6　深100ETF選擇權,2026/05,履約價16.0,賣權",TWOKO0160Q62,2026/03/19,期貨及選擇權,,OPEICS,
"OKO00160R6　深100ETF選擇權,2026/06,履約價16.0,賣權",TWOKO0160R61,2026/01/22,期貨及選擇權,,OPEICS,
"OKO00160U6　深100ETF選擇權,2026/09,履約價16.0,賣權",TWOKO0160U66,2026/04/16,期貨及選擇權,,OPEICS,
"OKO00165Q6　深100ETF選擇權,2026/05,履約價16.5,賣權",TWOKO0165Q67,2026/03/19,期貨及選擇權,,OPEICS,
"OKO00165R6　深100ETF選擇權,2026/06,履約價16.5,賣權",TWOKO0165R66,2026/04/16,期貨及選擇權,,OPEICS,
"OKO00170Q6　深100ETF選擇權,2026/05,履約價17.0,賣權",TWOKO0170Q60,2026/03/19,期貨及選擇權,,OPEICS,
"OKO00170R6　深100ETF選擇權,2026/06,履約價17.0,賣權",TWOKO0170R69,2026/01/22,期貨及選擇權,,OPEICS,
"OKO00170U6　深100ETF選擇權,2026/09,履約價17.0,賣權",TWOKO0170U64,2026/04/16,期貨及選擇權,,OPEICS,
"OKO00175Q6　深100ETF選擇權,2026/05,履約價17.5,賣權",TWOKO0175Q65,2026/03/19,期貨及選擇權,,OPEICS,
"OKO00175R6　深100ETF選擇權,2026/06,履約價17.5,賣權",TWOKO0175R64,2026/04/16,期貨及選擇權,,OPEICS,
"OKO00180Q6　深100ETF選擇權,2026/05,履約價18.0,賣權",TWOKO0180Q68,2026/03/19,期貨及選擇權,,OPEICS,
"OKO00180R6　深100ETF選擇權,2026/06,履約價18.0,賣權",TWOKO0180R67,2026/01/22,期貨及選擇權,,OPEICS,
"OKO00180U6　深100ETF選擇權,2026/09,履約價18.0,賣權",TWOKO0180U62,2026/04/16,期貨及選擇權,,OPEICS,
"OKO00185Q6　深100ETF選擇權,2026/05,履約價18.5,賣權",TWOKO0185Q63,2026/03/19,期貨及選擇權,,OPEICS,
"OKO00185R6　深100ETF選擇權,2026/06,履約價18.5,賣權",TWOKO0185R62,2026/04/16,期貨及選擇權,,OPEICS,
"OKO00190Q6　深100ETF選擇權,2026/05,履約價19.0,賣權",TWOKO0190Q66,2026/04/13,期貨及選擇權,,OPEICS,
"OKO00190R6　深100ETF選擇權,2026/06,履約價19.0,賣權",TWOKO0190R65,2026/02/26,期貨及選擇權,,OPEICS,
"OKO00190U6　深100ETF選擇權,2026/09,履約價19.0,賣權",TWOKO0190U60,2026/04/16,期貨及選擇權,,OPEICS,
"OKO00195Q6　深100ETF選擇權,2026/05,履約價19.5,賣權",TWOKO0195Q61,2026/04/16,期貨及選擇權,,OPEICS,
"OKO00195R6　深100ETF選擇權,2026/06,履約價19.5,賣權",TWOKO0195R60,2026/04/16,期貨及選擇權,,OPEICS,
"OKO00200Q6　深100ETF選擇權,2026/05,履約價20.0,賣權",TWOKO0200Q64,2026/04/22,期貨及選擇權,,OPEICS,
"OKO00200R6　深100ETF選擇權,2026/06,履約價20.0,賣權",TWOKO0200R63,2026/04/22,期貨及選擇權,,OPEICS,
"OKO00200U6　深100ETF選擇權,2026/09,履約價20.0,賣權",TWOKO0200U68,2026/04/16,期貨及選擇權,,OPEICS,
"OKO00205Q6　深100ETF選擇權,2026/05,履約價20.5,賣權",TWOKO0205Q69,2026/05/07,期貨及選擇權,,OPEICS,
"OKO00205R6　深100ETF選擇權,2026/06,履約價20.5,賣權",TWOKO0205R68,2026/05/07,期貨及選擇權,,OPEICS,
"OKO00210U6　深100ETF選擇權,2026/09,履約價21.0,賣權",TWOKO0210U66,2026/05/07,期貨及選擇權,,OPEICS,
"OOO00140R6　群益深証中小ETF選擇權,2026/06,履約價14.0,賣權",TWOOO0140R62,2026/02/03,期貨及選擇權,,OPEICS,
"OOO00145Q6　群益深証中小ETF選擇權,2026/05,履約價14.5,賣權",TWOOO0145Q68,2026/03/24,期貨及選擇權,,OPEICS,
"OOO00150Q6　群益深証中小ETF選擇權,2026/05,履約價15.0,賣權",TWOOO0150Q60,2026/03/20,期貨及選擇權,,OPEICS,
"OOO00150R6　群益深証中小ETF選擇權,2026/06,履約價15.0,賣權",TWOOO0150R69,2026/01/22,期貨及選擇權,,OPEICS,
"OOO00155Q6　群益深証中小ETF選擇權,2026/05,履約價15.5,賣權",TWOOO0155Q65,2026/03/19,期貨及選擇權,,OPEICS,
"OOO00160Q6　群益深証中小ETF選擇權,2026/05,履約價16.0,賣權",TWOOO0160Q68,2026/03/19,期貨及選擇權,,OPEICS,
"OOO00160R6　群益深証中小ETF選擇權,2026/06,履約價16.0,賣權",TWOOO0160R67,2026/01/22,期貨及選擇權,,OPEICS,
"OOO00160U6　群益深証中小ETF選擇權,2026/09,履約價16.0,賣權",TWOOO0160U62,2026/04/16,期貨及選擇權,,OPEICS,
"OOO00165Q6　群益深証中小ETF選擇權,2026/05,履約價16.5,賣權",TWOOO0165Q63,2026/03/19,期貨及選擇權,,OPEICS,
"OOO00165R6　群益深証中小ETF選擇權,2026/06,履約價16.5,賣權",TWOOO0165R62,2026/04/16,期貨及選擇權,,OPEICS,
"OOO00170Q6　群益深証中小ETF選擇權,2026/05,履約價17.0,賣權",TWOOO0170Q66,2026/03/19,期貨及選擇權,,OPEICS,
"OOO00170R6　群益深証中小ETF選擇權,2026/06,履約價17.0,賣權",TWOOO0170R65,2026/01/22,期貨及選擇權,,OPEICS,
"OOO00170U6　群益深証中小ETF選擇權,2026/09,履約價17.0,賣權",TWOOO0170U60,2026/04/16,期貨及選擇權,,OPEICS,
"OOO00175Q6　群益深証中小ETF選擇權,2026/05,履約價17.5,賣權",TWOOO0175Q61,2026/03/19,期貨及選擇權,,OPEICS,
"OOO00175R6　群益深証中小ETF選擇權,2026/06,履約價17.5,賣權",TWOOO0175R60,2026/04/16,期貨及選擇權,,OPEICS,
"OOO00180Q6　群益深証中小ETF選擇權,2026/05,履約價18.0,賣權",TWOOO0180Q64,2026/03/19,期貨及選擇權,,OPEICS,
"OOO00180R6　群益深証中小ETF選擇權,2026/06,履約價18.0,賣權",TWOOO0180R63,2026/01/22,期貨及選擇權,,OPEICS,
"OOO00180U6　群益深証中小ETF選擇權,2026/09,履約價18.0,賣權",TWOOO0180U68,2026/04/16,期貨及選擇權,,OPEICS,
"OOO00185Q6　群益深証中小ETF選擇權,2026/05,履約價18.5,賣權",TWOOO0185Q69,2026/03/19,期貨及選擇權,,OPEICS,
"OOO00185R6　群益深証中小ETF選擇權,2026/06,履約價18.5,賣權",TWOOO0185R68,2026/04/16,期貨及選擇權,,OPEICS,
"OOO00190Q6　群益深証中小ETF選擇權,2026/05,履約價19.0,賣權",TWOOO0190Q62,2026/03/19,期貨及選擇權,,OPEICS,
"OOO00190R6　群益深証中小ETF選擇權,2026/06,履約價19.0,賣權",TWOOO0190R61,2026/01/22,期貨及選擇權,,OPEICS,
"OOO00190U6　群益深証中小ETF選擇權,2026/09,履約價19.0,賣權",TWOOO0190U66,2026/04/16,期貨及選擇權,,OPEICS,
"OOO00195Q6　群益深証中小ETF選擇權,2026/05,履約價19.5,賣權",TWOOO0195Q67,2026/03/19,期貨及選擇權,,OPEICS,
"OOO00195R6　群益深証中小ETF選擇權,2026/06,履約價19.5,賣權",TWOOO0195R66,2026/04/16,期貨及選擇權,,OPEICS,
"OOO00200Q6　群益深証中小ETF選擇權,2026/05,履約價20.0,賣權",TWOOO0200Q60,2026/03/19,期貨及選擇權,,OPEICS,
"OOO00200R6　群益深証中小ETF選擇權,2026/06,履約價20.0,賣權",TWOOO0200R69,2026/01/22,期貨及選擇權,,OPEICS,
"OOO00200U6　群益深証中小ETF選擇權,2026/09,履約價20.0,賣權",TWOOO0200U64,2026/04/16,期貨及選擇權,,OPEICS,
"OOO00205Q6　群益深証中小ETF選擇權,2026/05,履約價20.5,賣權",TWOOO0205Q65,2026/03/19,期貨及選擇權,,OPEICS,
"OOO00205R6　群益深証中小ETF選擇權,2026/06,履約價20.5,賣權",TWOOO0205R64,2026/04/16,期貨及選擇權,,OPEICS,
"OOO00210Q6　群益深証中小ETF選擇權,2026/05,履約價21.0,賣權",TWOOO0210Q68,2026/03/19,期貨及選擇權,,OPEICS,
"OOO00210R6　群益深証中小ETF選擇權,2026/06,履約價21.0,賣權",TWOOO0210R67,2026/01/22,期貨及選擇權,,OPEICS,
"OOO00210U6　群益深証中小ETF選擇權,2026/09,履約價21.0,賣權",TWOOO0210U62,2026/04/16,期貨及選擇權,,OPEICS,
"OOO00215Q6　群益深証中小ETF選擇權,2026/05,履約價21.5,賣權",TWOOO0215Q63,2026/03/19,期貨及選擇權,,OPEICS,
"OOO00215R6　群益深証中小ETF選擇權,2026/06,履約價21.5,賣權",TWOOO0215R62,2026/04/16,期貨及選擇權,,OPEICS,
"OOO00220Q6　群益深証中小ETF選擇權,2026/05,履約價22.0,賣權",TWOOO0220Q66,2026/04/15,期貨及選擇權,,OPEICS,
"OOO00220R6　群益深証中小ETF選擇權,2026/06,履約價22.0,賣權",TWOOO0220R65,2026/01/22,期貨及選擇權,,OPEICS,
"OOO00220U6　群益深証中小ETF選擇權,2026/09,履約價22.0,賣權",TWOOO0220U60,2026/04/16,期貨及選擇權,,OPEICS,
"OOO00225Q6　群益深証中小ETF選擇權,2026/05,履約價22.5,賣權",TWOOO0225Q61,2026/04/22,期貨及選擇權,,OPEICS,
"OOO00225R6　群益深証中小ETF選擇權,2026/06,履約價22.5,賣權",TWOOO0225R60,2026/04/22,期貨及選擇權,,OPEICS,
"OOO00230Q6　群益深証中小ETF選擇權,2026/05,履約價23.0,賣權",TWOOO0230Q64,2026/05/04,期貨及選擇權,,OPEICS,
"OOO00230R6　群益深証中小ETF選擇權,2026/06,履約價23.0,賣權",TWOOO0230R63,2026/05/04,期貨及選擇權,,OPEICS,
"OOO00230U6　群益深証中小ETF選擇權,2026/09,履約價23.0,賣權",TWOOO0230U68,2026/04/22,期貨及選擇權,,OPEICS,
"OOO00235Q6　群益深証中小ETF選擇權,2026/05,履約價23.5,賣權",TWOOO0235Q69,2026/05/07,期貨及選擇權,,OPEICS,
"OOO00235R6　群益深証中小ETF選擇權,2026/06,履約價23.5,賣權",TWOOO0235R68,2026/05/07,期貨及選擇權,,OPEICS,
"OOO00240U6　群益深証中小ETF選擇權,2026/09,履約價24.0,賣權",TWOOO0240U66,2026/05/07,期貨及選擇權,,OPEICS,
