有價證券代號及名稱,國際證券辨識號碼(ISIN Code),上市日,市場別,產業別,CFICode,備註
上櫃認購(售)權證
700008　新應材元大56購02,TW25Z7000081,2025/10/01,上櫃,,RWSCCA,
700010　萬潤元大56購01,TW25Z7000107,2025/10/01,上櫃,,RWSCCA,
700016　博智富邦56購01,TW25Z7000164,2025/10/01,上櫃,,RWSCCE,
700018　雙鴻富邦56購02,TW25Z7000180,2025/10/01,上櫃,,RWSCCE,
700019　宏捷科統一5C購01,TW25Z7000198,2025/10/01,上櫃,,RWSCCA,
700020　佳邦統一5C購01,TW25Z7000206,2025/10/01,上櫃,,RWSCCA,
700021　長佳智統一5C購02,TW25Z7000214,2025/10/01,上櫃,,RWSCCA,
700022　華星光統一5C購01,TW25Z7000222,2025/10/01,上櫃,,RWSCCA,
700023　新應材統一5B購02,TW25Z7000230,2025/10/01,上櫃,,RWSCCA,
700024　新應材統一64購02,TW25Z7000248,2025/10/01,上櫃,,RWSCCA,
700025　雙鴻統一5B購01,TW25Z7000255,2025/10/01,上櫃,,RWSCCA,
700027　新應材中信57購01,TW25Z7000271,2025/10/01,上櫃,,RWSCCE,
700028　雙鴻中信59購01,TW25Z7000289,2025/10/01,上櫃,,RWSCCE,
700042　新應材永豐56購02,TW25Z7000420,2025/10/01,上櫃,,RWSCCA,
700043　新應材永豐59購01,TW25Z7000438,2025/10/01,上櫃,,RWSCCA,
700044　廣明永豐56購01,TW25Z7000446,2025/10/01,上櫃,,RWSCCA,
700047　宏捷科凱基59購01,TW25Z7000479,2025/10/01,上櫃,,RWSCCA,
700050　能率凱基56購02,TW25Z7000503,2025/10/01,上櫃,,RWSCCA,
700054　雙鴻凱基56購03,TW25Z7000545,2025/10/01,上櫃,,RWSCCA,
700057　中光電國票57購02,TW25Z7000578,2025/10/02,上櫃,,RWSCCA,
700058　弘塑國票58購01,TW25Z7000586,2025/10/02,上櫃,,RWSCCA,
700059　生合國票56購02,TW25Z7000594,2025/10/02,上櫃,,RWSCCA,
700060　東洋國票56購01,TW25Z7000602,2025/10/02,上櫃,,RWSCCA,
700064　意藍國票57購01,TW25Z7000644,2025/10/02,上櫃,,RWSCCA,
700065　系統電統一5A購01,TW25Z7000651,2025/10/02,上櫃,,RWSCCA,
70006C　元債20富邦56牛01,TW25Z70006C6,2025/06/04,上櫃,,RWBCCE,
700070　良維富邦57購01,TW25Z7000701,2025/10/02,上櫃,,RWSCCE,
700074　驊訊元富5A購01,TW25Z7000743,2025/10/02,上櫃,,RWSCCA,
700075　印能中信57購01,TW25Z7000750,2025/10/02,上櫃,,RWSCCE,
700076　旺矽中信57購01,TW25Z7000768,2025/10/02,上櫃,,RWSCCE,
700077　系統電永豐58購01,TW25Z7000776,2025/10/02,上櫃,,RWSCCA,
700078　家登永豐56購01,TW25Z7000784,2025/10/02,上櫃,,RWSCCA,
700079　華義永豐5A購01,TW25Z7000792,2025/10/02,上櫃,,RWSCCA,
700086　博智群益5A購01,TW25Z7000867,2025/10/02,上櫃,,RWSCCA,
700092　中光電凱基58購01,TW25Z7000925,2025/10/02,上櫃,,RWSCCA,
700102　M31元大56購01,TW25Z7001022,2025/10/02,上櫃,,RWSCCA,
700103　中光電元大5A購01,TW25Z7001030,2025/10/02,上櫃,,RWSCCA,
700113　雙鴻元大5A購01,TW25Z7001139,2025/10/02,上櫃,,RWSCCA,
700124　昇達科國票57購01,TW25Z7001246,2025/10/03,上櫃,,RWSCCA,
700126　威剛國票61購01,TW25Z7001261,2025/10/03,上櫃,,RWSCCA,
700127　神盾國票56購02,TW25Z7001279,2025/10/03,上櫃,,RWSCCA,
700129　智冠國票57購01,TW25Z7001295,2025/10/03,上櫃,,RWSCCA,
700132　緯軟國票57購01,TW25Z7001329,2025/10/03,上櫃,,RWSCCA,
700133　鴻呈國票57購01,TW25Z7001337,2025/10/03,上櫃,,RWSCCA,
700138　擎邦元富57購01,TW25Z7001386,2025/10/03,上櫃,,RWSCCA,
700142　五福凱基56購01,TW25Z7001428,2025/10/03,上櫃,,RWSCCA,
700143　台燿凱基58購04,TW25Z7001436,2025/10/03,上櫃,,RWSCCA,
700144　宏觀凱基56購01,TW25Z7001444,2025/10/03,上櫃,,RWSCCA,
700146　東洋凱基56購01,TW25Z7001469,2025/10/03,上櫃,,RWSCCA,
700153　M31元大56購02,TW25Z7001535,2025/10/03,上櫃,,RWSCCA,
700154　中光電元大57購02,TW25Z7001543,2025/10/03,上櫃,,RWSCCA,
700155　中光電元大5A購02,TW25Z7001550,2025/10/03,上櫃,,RWSCCA,
700157　宜鼎元大56購01,TW25Z7001576,2025/10/03,上櫃,,RWSCCA,
700164　威剛元大56購01,TW25Z7001642,2025/10/03,上櫃,,RWSCCA,
700170　廣明元大56購01,TW25Z7001709,2025/10/03,上櫃,,RWSCCA,
700171　廣明元大57購02,TW25Z7001717,2025/10/03,上櫃,,RWSCCA,
700173　雙鴻元大5A購02,TW25Z7001733,2025/10/03,上櫃,,RWSCCA,
700176　中光電群益5A購01,TW25Z7001766,2025/10/03,上櫃,,RWSCCA,
700179　旺矽群益57購04,TW25Z7001790,2025/10/03,上櫃,,RWSCCA,
700180　東洋群益56購01,TW25Z7001808,2025/10/03,上櫃,,RWSCCA,
700184　M31統一58購03,TW25Z7001840,2025/10/03,上櫃,,RWSCCA,
700185　中光電統一59購04,TW25Z7001857,2025/10/03,上櫃,,RWSCCA,
700186　中光電統一6A購01,TW25Z7001865,2025/10/03,上櫃,,RWSCCA,
700187　中美晶統一58購02,TW25Z7001873,2025/10/03,上櫃,,RWSCCA,
700188　中美晶統一5A購02,TW25Z7001881,2025/10/03,上櫃,,RWSCCA,
700189　協易機統一5A購01,TW25Z7001899,2025/10/03,上櫃,,RWSCCA,
700190　昇達科統一65購01,TW25Z7001907,2025/10/03,上櫃,,RWSCCA,
700191　朋程統一5A購01,TW25Z7001915,2025/10/03,上櫃,,RWSCCA,
700192　朋程統一6A購01,TW25Z7001923,2025/10/03,上櫃,,RWSCCA,
700193　東洋統一61購01,TW25Z7001931,2025/10/03,上櫃,,RWSCCA,
700194　長聖統一61購01,TW25Z7001949,2025/10/03,上櫃,,RWSCCA,
700195　家登統一5A購01,TW25Z7001956,2025/10/03,上櫃,,RWSCCA,
700196　振曜統一5A購01,TW25Z7001964,2025/10/03,上櫃,,RWSCCA,
700197　晶宏統一5A購01,TW25Z7001972,2025/10/03,上櫃,,RWSCCA,
700198　智冠統一5C購01,TW25Z7001980,2025/10/03,上櫃,,RWSCCA,
700199　華景電統一61購01,TW25Z7001998,2025/10/03,上櫃,,RWSCCA,
700200　萬潤統一58購04,TW25Z7002004,2025/10/03,上櫃,,RWSCCA,
700201　萬潤統一6A購01,TW25Z7002012,2025/10/03,上櫃,,RWSCCA,
700202　鈺太統一5A購01,TW25Z7002020,2025/10/03,上櫃,,RWSCCA,
700203　聰泰統一5A購01,TW25Z7002038,2025/10/03,上櫃,,RWSCCA,
700204　雙鴻統一5A購01,TW25Z7002046,2025/10/03,上櫃,,RWSCCA,
700205　雙鴻統一61購01,TW25Z7002053,2025/10/03,上櫃,,RWSCCA,
700206　雙鴻統一61購02,TW25Z7002061,2025/10/03,上櫃,,RWSCCA,
700207　雙鴻統一6A購01,TW25Z7002079,2025/10/03,上櫃,,RWSCCA,
700208　騰雲統一6A購01,TW25Z7002087,2025/10/03,上櫃,,RWSCCA,
700227　中光電元大57購03,TW25Z7002277,2025/10/07,上櫃,,RWSCCA,
700228　系微元大59購02,TW25Z7002285,2025/10/07,上櫃,,RWSCCA,
700229　宜鼎元大57購01,TW25Z7002293,2025/10/07,上櫃,,RWSCCA,
700230　旺矽元大56購01,TW25Z7002301,2025/10/07,上櫃,,RWSCCA,
700231　旺矽元大5A購01,TW25Z7002319,2025/10/07,上櫃,,RWSCCA,
700232　昇達科元大57購03,TW25Z7002327,2025/10/07,上櫃,,RWSCCA,
700243　萬潤元大59購01,TW25Z7002434,2025/10/07,上櫃,,RWSCCA,
700247　原相兆豐56購01,TW25Z7002475,2025/10/07,上櫃,,RWSCCA,
700249　M31富邦56購01,TW25Z7002491,2025/10/07,上櫃,,RWSCCE,
700250　中光電富邦57購01,TW25Z7002509,2025/10/07,上櫃,,RWSCCE,
700252　良維富邦56購01,TW25Z7002525,2025/10/07,上櫃,,RWSCCE,
700253　旺矽富邦57購01,TW25Z7002533,2025/10/07,上櫃,,RWSCCE,
700254　鈊象富邦56購02,TW25Z7002541,2025/10/07,上櫃,,RWSCCE,
700255　萬潤富邦56購01,TW25Z7002558,2025/10/07,上櫃,,RWSCCE,
700256　雙鴻富邦56購03,TW25Z7002566,2025/10/07,上櫃,,RWSCCE,
700257　大世科統一6A購01,TW25Z7002574,2025/10/07,上櫃,,RWSCCA,
700258　大綜統一6A購01,TW25Z7002582,2025/10/07,上櫃,,RWSCCA,
700259　光焱統一5A購02,TW25Z7002590,2025/10/07,上櫃,,RWSCCA,
700260　同致統一5A購01,TW25Z7002608,2025/10/07,上櫃,,RWSCCA,
700261　宜鼎統一6A購01,TW25Z7002616,2025/10/07,上櫃,,RWSCCA,
700262　尚凡*統一6A購01,TW25Z7002624,2025/10/07,上櫃,,RWSCCA,
700263　旺矽統一6A購01,TW25Z7002632,2025/10/07,上櫃,,RWSCCA,
700264　長聖統一6A購01,TW25Z7002640,2025/10/07,上櫃,,RWSCCA,
700265　信昌電統一58購01,TW25Z7002657,2025/10/07,上櫃,,RWSCCA,
700266　信昌電統一58購02,TW25Z7002665,2025/10/07,上櫃,,RWSCCA,
700267　建榮統一6A購01,TW25Z7002673,2025/10/07,上櫃,,RWSCCA,
700268　昱展統一58購06,TW25Z7002681,2025/10/07,上櫃,,RWSCCA,
700269　昱展統一6A購01,TW25Z7002699,2025/10/07,上櫃,,RWSCCA,
700270　創惟統一5A購01,TW25Z7002707,2025/10/07,上櫃,,RWSCCA,
700271　新鉅科統一6A購01,TW25Z7002715,2025/10/07,上櫃,,RWSCCA,
700272　聖暉*統一59購01,TW25Z7002723,2025/10/07,上櫃,,RWSCCA,
700273　優群統一6A購01,TW25Z7002731,2025/10/07,上櫃,,RWSCCA,
700274　鴻呈統一5A購01,TW25Z7002749,2025/10/07,上櫃,,RWSCCA,
700275　雙鴻統一6A購02,TW25Z7002756,2025/10/07,上櫃,,RWSCCA,
700276　鏵友益統一6A購01,TW25Z7002764,2025/10/07,上櫃,,RWSCCA,
700277　鑫聯統一5A購01,TW25Z7002772,2025/10/07,上櫃,,RWSCCA,
700279　良維國票5C購01,TW25Z7002798,2025/10/07,上櫃,,RWSCCA,
700282　信昌電國票56購02,TW25Z7002822,2025/10/08,上櫃,,RWSCCA,
700283　信昌電國票57購01,TW25Z7002830,2025/10/08,上櫃,,RWSCCA,
700300　雙鴻中信5A購01,TW25Z7003002,2025/10/07,上櫃,,RWSCCE,
700302　光焱永豐57購01,TW25Z7003028,2025/10/07,上櫃,,RWSCCA,
700306　皇田永豐56購01,TW25Z7003069,2025/10/07,上櫃,,RWSCCA,
700310　中光電群益58購01,TW25Z7003101,2025/10/07,上櫃,,RWSCCA,
700329　弘塑凱基56購03,TW25Z7003291,2025/10/08,上櫃,,RWSCCA,
700330　旺矽凱基5A購01,TW25Z7003309,2025/10/08,上櫃,,RWSCCA,
700342　大世科統一6A購02,TW25Z7003424,2025/10/08,上櫃,,RWSCCA,
700343　中光電統一6A購02,TW25Z7003432,2025/10/08,上櫃,,RWSCCA,
700344　尼克森統一5A購01,TW25Z7003440,2025/10/08,上櫃,,RWSCCA,
700345　立碁統一6A購01,TW25Z7003457,2025/10/08,上櫃,,RWSCCA,
700346　良維統一6A購01,TW25Z7003465,2025/10/08,上櫃,,RWSCCA,
700347　尚凡*統一5A購01,TW25Z7003473,2025/10/08,上櫃,,RWSCCA,
700348　昱展統一6A購02,TW25Z7003481,2025/10/08,上櫃,,RWSCCA,
700349　茂達統一56購03,TW25Z7003499,2025/10/08,上櫃,,RWSCCA,
700350　茂達統一61購01,TW25Z7003507,2025/10/08,上櫃,,RWSCCA,
700351　竑騰統一5A購01,TW25Z7003515,2025/10/08,上櫃,,RWSCCA,
700352　新鉅科統一5A購01,TW25Z7003523,2025/10/08,上櫃,,RWSCCA,
700353　新鉅科統一6A購02,TW25Z7003531,2025/10/08,上櫃,,RWSCCA,
700354　聖暉*統一6A購01,TW25Z7003549,2025/10/08,上櫃,,RWSCCA,
700355　撼訊統一6A購01,TW25Z7003556,2025/10/08,上櫃,,RWSCCA,
700356　擎亞統一6A購01,TW25Z7003564,2025/10/08,上櫃,,RWSCCA,
700357　聰泰統一6A購01,TW25Z7003572,2025/10/08,上櫃,,RWSCCA,
700358　寶島科統一64購01,TW25Z7003580,2025/10/08,上櫃,,RWSCCA,
700359　鏵友益統一5A購01,TW25Z7003598,2025/10/08,上櫃,,RWSCCA,
700360　鑫聯統一5A購02,TW25Z7003606,2025/10/08,上櫃,,RWSCCA,
700361　中光電元大57購04,TW25Z7003614,2025/10/08,上櫃,,RWSCCA,
700364　弘塑元大56購04,TW25Z7003648,2025/10/08,上櫃,,RWSCCA,
700366　宜鼎元大57購02,TW25Z7003663,2025/10/08,上櫃,,RWSCCA,
700367　昇達科元大57購04,TW25Z7003671,2025/10/08,上櫃,,RWSCCA,
700377　威剛群益56購02,TW25Z7003770,2025/10/08,上櫃,,RWSCCA,
700383　光焱中信57購01,TW25Z7003838,2025/10/08,上櫃,,RWSCCE,
700385　中光電元富5A購01,TW25Z7003853,2025/10/08,上櫃,,RWSCCA,
700394　良維兆豐56購01,TW25Z7003945,2025/10/09,上櫃,,RWSCCA,
700395　中光電凱基57購02,TW25Z7003952,2025/10/09,上櫃,,RWSCCA,
700397　系微凱基57購01,TW25Z7003978,2025/10/09,上櫃,,RWSCCA,
700402　博智凱基59購01,TW25Z7004026,2025/10/09,上櫃,,RWSCCA,
700407　力旺富邦56購02,TW25Z7004075,2025/10/09,上櫃,,RWSCCE,
700408　信立富邦56購01,TW25Z7004083,2025/10/09,上櫃,,RWSCCE,
700410　中光電統一5C購01,TW25Z7004109,2025/10/09,上櫃,,RWSCCA,
700411　均豪統一56購05,TW25Z7004117,2025/10/09,上櫃,,RWSCCA,
700412　旺矽統一6A購02,TW25Z7004125,2025/10/09,上櫃,,RWSCCA,
700413　金山電統一5C購01,TW25Z7004133,2025/10/09,上櫃,,RWSCCA,
700414　長聖統一6A購02,TW25Z7004141,2025/10/09,上櫃,,RWSCCA,
700415　建榮統一6A購02,TW25Z7004158,2025/10/09,上櫃,,RWSCCA,
700416　高技統一5A購01,TW25Z7004166,2025/10/09,上櫃,,RWSCCA,
700417　聰泰統一6A購02,TW25Z7004174,2025/10/09,上櫃,,RWSCCA,
700418　力旺元大58購01,TW25Z7004182,2025/10/09,上櫃,,RWSCCA,
700419　力旺元大59購01,TW25Z7004190,2025/10/09,上櫃,,RWSCCA,
700421　宜鼎元大58購01,TW25Z7004216,2025/10/09,上櫃,,RWSCCA,
700429　弘塑群益56購04,TW25Z7004299,2025/10/09,上櫃,,RWSCCA,
700430　旺矽群益56購04,TW25Z7004307,2025/10/09,上櫃,,RWSCCA,
700436　高技群益56購01,TW25Z7004364,2025/10/09,上櫃,,RWSCCA,
700439　力旺元富57購02,TW25Z7004398,2025/10/09,上櫃,,RWSCCA,
700451　臺慶科國票5A購01,TW25Z7004513,2025/10/09,上櫃,,RWSCCA,
700452　同致中信56購01,TW25Z7004521,2025/10/09,上櫃,,RWSCCE,
700454　中光電永豐56購02,TW25Z7004547,2025/10/09,上櫃,,RWSCCA,
700456　訊聯永豐57購01,TW25Z7004562,2025/10/09,上櫃,,RWSCCA,
700460　威剛國泰55購01,TW25Z7004604,2025/10/13,上櫃,,RWSCCA,
700461　雷科國泰55購01,TW25Z7004612,2025/10/13,上櫃,,RWSCCA,
700464　良維永豐56購01,TW25Z7004646,2025/10/13,上櫃,,RWSCCA,
700467　雙鴻永豐57購01,TW25Z7004679,2025/10/13,上櫃,,RWSCCA,
700468　鑫聯永豐55購01,TW25Z7004687,2025/10/13,上櫃,,RWSCCA,
700469　中光電凱基59購01,TW25Z7004695,2025/10/13,上櫃,,RWSCCA,
700471　信立凱基56購01,TW25Z7004711,2025/10/13,上櫃,,RWSCCA,
700472　威剛凱基56購01,TW25Z7004729,2025/10/13,上櫃,,RWSCCA,
700475　雙鴻凱基55購05,TW25Z7004752,2025/10/13,上櫃,,RWSCCA,
700481　宜鼎元大58購02,TW25Z7004810,2025/10/13,上櫃,,RWSCCA,
700482　昇達科元大59購02,TW25Z7004828,2025/10/13,上櫃,,RWSCCA,
700484　原相元大56購01,TW25Z7004844,2025/10/13,上櫃,,RWSCCA,
700493　雙鴻群益55購06,TW25Z7004935,2025/10/13,上櫃,,RWSCCA,
700495　家登兆豐56購01,TW25Z7004950,2025/10/14,上櫃,,RWSCCA,
700496　聖暉*兆豐56購01,TW25Z7004968,2025/10/14,上櫃,,RWSCCA,
700499　良維凱基57購04,TW25Z7004992,2025/10/14,上櫃,,RWSCCA,
700502　泰金凱基55購01,TW25Z7005023,2025/10/14,上櫃,,RWSCCA,
700507　金益鼎國泰55購01,TW25Z7005072,2025/10/14,上櫃,,RWSCCA,
700508　雙鴻國泰55購02,TW25Z7005080,2025/10/14,上櫃,,RWSCCA,
700509　鑫聯國泰55購01,TW25Z7005098,2025/10/14,上櫃,,RWSCCA,
700514　弘塑永豐55購02,TW25Z7005148,2025/10/14,上櫃,,RWSCCA,
700515　亞信永豐57購01,TW25Z7005155,2025/10/14,上櫃,,RWSCCA,
700516　威剛永豐56購02,TW25Z7005163,2025/10/14,上櫃,,RWSCCA,
700517　竑騰永豐56購01,TW25Z7005171,2025/10/14,上櫃,,RWSCCA,
700518　博智永豐56購01,TW25Z7005189,2025/10/14,上櫃,,RWSCCA,
700520　雷科永豐55購01,TW25Z7005205,2025/10/14,上櫃,,RWSCCA,
700522　宜鼎元大59購02,TW25Z7005221,2025/10/14,上櫃,,RWSCCA,
700523　原相元大56購02,TW25Z7005239,2025/10/14,上櫃,,RWSCCA,
700530　神盾群益56購01,TW25Z7005304,2025/10/14,上櫃,,RWSCCA,
700532　雙鴻群益56購02,TW25Z7005320,2025/10/14,上櫃,,RWSCCA,
700534　良維凱基58購01,TW25Z7005346,2025/10/15,上櫃,,RWSCCA,
700538　原相凱基56購01,TW25Z7005387,2025/10/15,上櫃,,RWSCCA,
700542　雙鴻凱基59購03,TW25Z7005429,2025/10/15,上櫃,,RWSCCA,
700544　宜鼎永豐55購02,TW25Z7005445,2025/10/15,上櫃,,RWSCCA,
700545　華星光永豐57購01,TW25Z7005452,2025/10/15,上櫃,,RWSCCA,
700546　聖暉*永豐57購01,TW25Z7005460,2025/10/15,上櫃,,RWSCCA,
700547　穩得永豐56購01,TW25Z7005478,2025/10/15,上櫃,,RWSCCA,
700548　弘塑國泰55購01,TW25Z7005486,2025/10/15,上櫃,,RWSCCA,
700549　博智國泰55購01,TW25Z7005494,2025/10/15,上櫃,,RWSCCA,
700550　華星光國泰55購01,TW25Z7005502,2025/10/15,上櫃,,RWSCCA,
700551　鑫聯國泰55購02,TW25Z7005510,2025/10/15,上櫃,,RWSCCA,
700552　台燿富邦57購01,TW25Z7005528,2025/10/15,上櫃,,RWSCCE,
700553　弘塑富邦56購01,TW25Z7005536,2025/10/15,上櫃,,RWSCCE,
700554　弘塑富邦56購02,TW25Z7005544,2025/10/15,上櫃,,RWSCCE,
700555　合晶富邦56購01,TW25Z7005551,2025/10/15,上櫃,,RWSCCE,
700556　良維富邦57購02,TW25Z7005569,2025/10/15,上櫃,,RWSCCE,
700557　宜鼎富邦57購01,TW25Z7005577,2025/10/15,上櫃,,RWSCCE,
700558　鈊象富邦56購03,TW25Z7005585,2025/10/15,上櫃,,RWSCCE,
700559　萬潤富邦56購02,TW25Z7005593,2025/10/15,上櫃,,RWSCCE,
700560　廣明富邦55購04,TW25Z7005601,2025/10/15,上櫃,,RWSCCE,
700563　神盾群益56購02,TW25Z7005635,2025/10/15,上櫃,,RWSCCA,
700564　華星光群益56購02,TW25Z7005643,2025/10/15,上櫃,,RWSCCA,
700566　營邦群益56購01,TW25Z7005668,2025/10/15,上櫃,,RWSCCA,
700569　台燿元大57購03,TW25Z7005692,2025/10/15,上櫃,,RWSCCA,
700571　宜鼎元大59購03,TW25Z7005718,2025/10/15,上櫃,,RWSCCA,
700573　博智元大55購01,TW25Z7005734,2025/10/15,上櫃,,RWSCCA,
700576　鈊象元大57購01,TW25Z7005767,2025/10/15,上櫃,,RWSCCA,
700579　世界兆豐56購01,TW25Z7005791,2025/10/16,上櫃,,RWSCCA,
700580　宜鼎兆豐5A購01,TW25Z7005809,2025/10/16,上櫃,,RWSCCA,
700581　大宇資國票55購01,TW25Z7005817,2025/10/16,上櫃,,RWSCCA,
700582　弘塑國票59購01,TW25Z7005825,2025/10/16,上櫃,,RWSCCA,
700583　威剛國票55購02,TW25Z7005833,2025/10/16,上櫃,,RWSCCA,
700584　美琪瑪國票55購01,TW25Z7005841,2025/10/16,上櫃,,RWSCCA,
700585　神盾國票58購01,TW25Z7005858,2025/10/16,上櫃,,RWSCCA,
700588　穩懋國票55購01,TW25Z7005882,2025/10/16,上櫃,,RWSCCA,
700590　台燿元大57購04,TW25Z7005908,2025/10/16,上櫃,,RWSCCA,
700594　原相元大5A購01,TW25Z7005940,2025/10/16,上櫃,,RWSCCA,
700595　華星光元大59購01,TW25Z7005957,2025/10/16,上櫃,,RWSCCA,
700598　弘塑國泰55購02,TW25Z7005981,2025/10/16,上櫃,,RWSCCA,
700599　宇峻國泰55購01,TW25Z7005999,2025/10/16,上櫃,,RWSCCA,
700600　良維國泰55購01,TW25Z7006005,2025/10/16,上櫃,,RWSCCA,
700601　宜鼎國泰55購01,TW25Z7006013,2025/10/16,上櫃,,RWSCCA,
700602　威剛國泰55購02,TW25Z7006021,2025/10/16,上櫃,,RWSCCA,
700603　臺慶科國泰55購01,TW25Z7006039,2025/10/16,上櫃,,RWSCCA,
700604　智通*富邦56購01,TW25Z7006047,2025/10/16,上櫃,,RWSCCE,
700605　順達富邦55購02,TW25Z7006054,2025/10/16,上櫃,,RWSCCE,
700607　宜鼎凱基59購01,TW25Z7006070,2025/10/16,上櫃,,RWSCCA,
700608　昇達科凱基59購01,TW25Z7006088,2025/10/16,上櫃,,RWSCCA,
700609　信立凱基56購02,TW25Z7006096,2025/10/16,上櫃,,RWSCCA,
700610　威剛凱基56購02,TW25Z7006104,2025/10/16,上櫃,,RWSCCA,
700613　緯軟凱基57購01,TW25Z7006138,2025/10/16,上櫃,,RWSCCA,
700614　營邦凱基56購01,TW25Z7006146,2025/10/16,上櫃,,RWSCCA,
700616　立碁元富55購01,TW25Z7006161,2025/10/16,上櫃,,RWSCCA,
700620　國眾元富55購01,TW25Z7006203,2025/10/16,上櫃,,RWSCCA,
700623　智通*永豐55購01,TW25Z7006237,2025/10/16,上櫃,,RWSCCA,
700624　雍智永豐56購01,TW25Z7006245,2025/10/16,上櫃,,RWSCCA,
700630　博智國泰55購02,TW25Z7006302,2025/10/17,上櫃,,RWSCCA,
700631　聯合國泰55購01,TW25Z7006310,2025/10/17,上櫃,,RWSCCA,
700635　弘塑元大57購02,TW25Z7006351,2025/10/17,上櫃,,RWSCCA,
700638　原相元大5A購02,TW25Z7006385,2025/10/17,上櫃,,RWSCCA,
700647　鈊象凱基56購01,TW25Z7006476,2025/10/17,上櫃,,RWSCCA,
700650　弘塑元富55購02,TW25Z7006500,2025/10/17,上櫃,,RWSCCA,
700654　正淩國票56購01,TW25Z7006542,2025/10/17,上櫃,,RWSCCA,
700655　立端國票55購01,TW25Z7006559,2025/10/17,上櫃,,RWSCCA,
700656　宜鼎國票55購01,TW25Z7006567,2025/10/17,上櫃,,RWSCCA,
700657　東浦國票55購01,TW25Z7006575,2025/10/17,上櫃,,RWSCCA,
700658　金山電國票55購02,TW25Z7006583,2025/10/17,上櫃,,RWSCCA,
700660　信音國票56購01,TW25Z7006609,2025/10/17,上櫃,,RWSCCA,
700661　宣德國票55購02,TW25Z7006617,2025/10/17,上櫃,,RWSCCA,
700662　常珵國票55購01,TW25Z7006625,2025/10/17,上櫃,,RWSCCA,
700664　蜜望實國票56購01,TW25Z7006641,2025/10/17,上櫃,,RWSCCA,
700665　鴻呈國票55購01,TW25Z7006658,2025/10/17,上櫃,,RWSCCA,
700666　雙鴻國票55購02,TW25Z7006666,2025/10/17,上櫃,,RWSCCA,
700667　IET中信55購01,TW25Z7006674,2025/10/17,上櫃,,RWSCCE,
700668　鈊象中信55購01,TW25Z7006682,2025/10/17,上櫃,,RWSCCE,
700669　良維永豐56購02,TW25Z7006690,2025/10/17,上櫃,,RWSCCA,
700670　中光電統一6A購03,TW25Z7006708,2025/10/17,上櫃,,RWSCCA,
700671　正德統一5A購01,TW25Z7006716,2025/10/17,上櫃,,RWSCCA,
700672　旺矽統一5A購01,TW25Z7006724,2025/10/17,上櫃,,RWSCCA,
700673　信昌電統一6A購01,TW25Z7006732,2025/10/17,上櫃,,RWSCCA,
700674　信昌電統一6A購02,TW25Z7006740,2025/10/17,上櫃,,RWSCCA,
700675　高技統一5A購02,TW25Z7006757,2025/10/17,上櫃,,RWSCCA,
700676　高技統一6A購01,TW25Z7006765,2025/10/17,上櫃,,RWSCCA,
700677　高技統一6A購02,TW25Z7006773,2025/10/17,上櫃,,RWSCCA,
700678　智通*統一6A購01,TW25Z7006781,2025/10/17,上櫃,,RWSCCA,
700679　智擎統一6A購01,TW25Z7006799,2025/10/17,上櫃,,RWSCCA,
700680　華星光統一58購03,TW25Z7006807,2025/10/17,上櫃,,RWSCCA,
700681　鈊象統一6A購01,TW25Z7006815,2025/10/17,上櫃,,RWSCCA,
700682　萬潤統一6A購02,TW25Z7006823,2025/10/17,上櫃,,RWSCCA,
700683　雍智統一6A購01,TW25Z7006831,2025/10/17,上櫃,,RWSCCA,
700684　雍智統一6A購02,TW25Z7006849,2025/10/17,上櫃,,RWSCCA,
700685　臺慶科統一5A購01,TW25Z7006856,2025/10/17,上櫃,,RWSCCA,
700686　臺慶科統一6A購01,TW25Z7006864,2025/10/17,上櫃,,RWSCCA,
700687　緯軟統一6A購01,TW25Z7006872,2025/10/17,上櫃,,RWSCCA,
700688　營邦統一6A購01,TW25Z7006880,2025/10/17,上櫃,,RWSCCA,
700689　聯合統一61購01,TW25Z7006898,2025/10/17,上櫃,,RWSCCA,
700692　信昌電群益56購01,TW25Z7006922,2025/10/17,上櫃,,RWSCCA,
700699　良維凱基56購03,TW25Z7006997,2025/10/20,上櫃,,RWSCCA,
700701　信昌電凱基56購01,TW25Z7007011,2025/10/20,上櫃,,RWSCCA,
700703　博智凱基56購02,TW25Z7007037,2025/10/20,上櫃,,RWSCCA,
700706　中光電統一5A購01,TW25Z7007060,2025/10/20,上櫃,,RWSCCA,
700707　弘塑統一58購01,TW25Z7007078,2025/10/20,上櫃,,RWSCCA,
700708　信立統一6A購01,TW25Z7007086,2025/10/20,上櫃,,RWSCCA,
700709　神盾統一5C購02,TW25Z7007094,2025/10/20,上櫃,,RWSCCA,
700710　智通*統一6A購02,TW25Z7007102,2025/10/20,上櫃,,RWSCCA,
700711　華星光統一6A購01,TW25Z7007110,2025/10/20,上櫃,,RWSCCA,
700712　聖暉*統一6A購02,TW25Z7007128,2025/10/20,上櫃,,RWSCCA,
700717　宜鼎元大5A購01,TW25Z7007177,2025/10/20,上櫃,,RWSCCA,
700720　旺矽元大56購02,TW25Z7007201,2025/10/20,上櫃,,RWSCCA,
700723　聖暉*兆豐56購02,TW25Z7007235,2025/10/20,上櫃,,RWSCCA,
700724　良維群益56購03,TW25Z7007243,2025/10/20,上櫃,,RWSCCA,
700727　威剛群益55購05,TW25Z7007276,2025/10/20,上櫃,,RWSCCA,
700731　世禾國票55購02,TW25Z7007318,2025/10/20,上櫃,,RWSCCA,
700732　台半國票55購01,TW25Z7007326,2025/10/20,上櫃,,RWSCCA,
700734　良維國票57購01,TW25Z7007342,2025/10/20,上櫃,,RWSCCA,
700735　旺矽國票55購03,TW25Z7007359,2025/10/20,上櫃,,RWSCCA,
700737　鴻呈國票59購01,TW25Z7007375,2025/10/20,上櫃,,RWSCCA,
700738　系微永豐57購01,TW25Z7007383,2025/10/20,上櫃,,RWSCCA,
700740　旺矽永豐55購02,TW25Z7007409,2025/10/20,上櫃,,RWSCCA,
700741　能率永豐55購01,TW25Z7007417,2025/10/20,上櫃,,RWSCCA,
700742　聖暉*永豐5A購01,TW25Z7007425,2025/10/20,上櫃,,RWSCCA,
700745　雍智元富57購01,TW25Z7007458,2025/10/20,上櫃,,RWSCCA,
700746　雙鴻中信5A購02,TW25Z7007466,2025/10/20,上櫃,,RWSCCE,
700750　旺矽凱基56購05,TW25Z7007508,2025/10/21,上櫃,,RWSCCA,
700751　威剛凱基55購02,TW25Z7007516,2025/10/21,上櫃,,RWSCCA,
700754　台半統一5C購02,TW25Z7007540,2025/10/21,上櫃,,RWSCCA,
700755　宜鼎統一6A購02,TW25Z7007557,2025/10/21,上櫃,,RWSCCA,
700756　威剛統一5C購03,TW25Z7007565,2025/10/21,上櫃,,RWSCCA,
700757　竑騰統一5C購01,TW25Z7007573,2025/10/21,上櫃,,RWSCCA,
700758　穩得統一5C購01,TW25Z7007581,2025/10/21,上櫃,,RWSCCA,
700759　IET國泰55購01,TW25Z7007599,2025/10/21,上櫃,,RWSCCA,
700760　旺矽國泰55購01,TW25Z7007607,2025/10/21,上櫃,,RWSCCA,
700761　威剛國泰55購03,TW25Z7007615,2025/10/21,上櫃,,RWSCCA,
700762　順達國泰55購02,TW25Z7007623,2025/10/21,上櫃,,RWSCCA,
700763　撼訊國泰55購02,TW25Z7007631,2025/10/21,上櫃,,RWSCCA,
700768　良維元大56購02,TW25Z7007680,2025/10/21,上櫃,,RWSCCA,
700770　旺矽元大56購03,TW25Z7007706,2025/10/21,上櫃,,RWSCCA,
700773　聖暉*元大56購01,TW25Z7007730,2025/10/21,上櫃,,RWSCCA,
700775　元太國票55購01,TW25Z7007755,2025/10/21,上櫃,,RWSCCA,
700776　伍豐國票55購01,TW25Z7007763,2025/10/21,上櫃,,RWSCCA,
700777　安勤國票55購01,TW25Z7007771,2025/10/21,上櫃,,RWSCCA,
700778　亞通國票55購01,TW25Z7007789,2025/10/21,上櫃,,RWSCCA,
700779　佳邦國票55購01,TW25Z7007797,2025/10/21,上櫃,,RWSCCA,
700780　宜鼎國票55購02,TW25Z7007805,2025/10/21,上櫃,,RWSCCA,
700781　神盾國票55購01,TW25Z7007813,2025/10/21,上櫃,,RWSCCA,
700782　聖暉*國票55購01,TW25Z7007821,2025/10/21,上櫃,,RWSCCA,
700783　營邦國票55購01,TW25Z7007839,2025/10/21,上櫃,,RWSCCA,
700784　弘塑永豐56購01,TW25Z7007847,2025/10/21,上櫃,,RWSCCA,
700785　宜鼎永豐55購03,TW25Z7007854,2025/10/21,上櫃,,RWSCCA,
700786　威剛永豐5A購01,TW25Z7007862,2025/10/21,上櫃,,RWSCCA,
700787　閎康永豐55購01,TW25Z7007870,2025/10/21,上櫃,,RWSCCA,
700789　臺慶科永豐57購01,TW25Z7007896,2025/10/21,上櫃,,RWSCCA,
700790　旺矽中信57購02,TW25Z7007904,2025/10/21,上櫃,,RWSCCE,
700791　威剛中信57購02,TW25Z7007912,2025/10/21,上櫃,,RWSCCE,
700792　原相中信55購01,TW25Z7007920,2025/10/21,上櫃,,RWSCCE,
700794　弘塑群益55購03,TW25Z7007946,2025/10/21,上櫃,,RWSCCA,
700795　良維群益58購01,TW25Z7007953,2025/10/21,上櫃,,RWSCCA,
700798　原相群益56購02,TW25Z7007987,2025/10/21,上櫃,,RWSCCA,
700799　華星光群益55購04,TW25Z7007995,2025/10/21,上櫃,,RWSCCA,
700800　雙鴻群益56購03,TW25Z7008001,2025/10/21,上櫃,,RWSCCA,
700801　元太兆豐55購01,TW25Z7008019,2025/10/21,上櫃,,RWSCCA,
700802　旺矽兆豐55購02,TW25Z7008027,2025/10/21,上櫃,,RWSCCA,
700803　信立兆豐56購01,TW25Z7008035,2025/10/21,上櫃,,RWSCCA,
700805　萬潤國票55購01,TW25Z7008050,2025/10/22,上櫃,,RWSCCA,
700806　蜜望實國票55購02,TW25Z7008068,2025/10/22,上櫃,,RWSCCA,
700807　寬宏國票56購01,TW25Z7008076,2025/10/22,上櫃,,RWSCCA,
700808　雙鴻國票55購04,TW25Z7008084,2025/10/22,上櫃,,RWSCCA,
700809　雙鴻國泰55購03,TW25Z7008092,2025/10/22,上櫃,,RWSCCA,
700810　山富統一5C購01,TW25Z7008100,2025/10/22,上櫃,,RWSCCA,
700811　光頡統一5C購01,TW25Z7008118,2025/10/22,上櫃,,RWSCCA,
700812　信昌電統一5C購01,TW25Z7008126,2025/10/22,上櫃,,RWSCCA,
700820　威剛群益57購02,TW25Z7008209,2025/10/22,上櫃,,RWSCCA,
700821　弘塑兆豐56購01,TW25Z7008217,2025/10/22,上櫃,,RWSCCA,
700822　良維兆豐56購02,TW25Z7008225,2025/10/22,上櫃,,RWSCCA,
700823　雙鴻兆豐56購01,TW25Z7008233,2025/10/22,上櫃,,RWSCCA,
700826　中光電中信56購01,TW25Z7008266,2025/10/22,上櫃,,RWSCCE,
700827　信立永豐5A購01,TW25Z7008274,2025/10/22,上櫃,,RWSCCA,
700828　威剛永豐64購01,TW25Z7008282,2025/10/22,上櫃,,RWSCCA,
700829　雙鴻永豐55購04,TW25Z7008290,2025/10/22,上櫃,,RWSCCA,
700830　中美晶元大5A購01,TW25Z7008308,2025/10/22,上櫃,,RWSCCA,
700837　世界凱基56購01,TW25Z7008373,2025/10/23,上櫃,,RWSCCA,
700838　信昌電凱基55購01,TW25Z7008381,2025/10/23,上櫃,,RWSCCA,
700839　原相凱基56購02,TW25Z7008399,2025/10/23,上櫃,,RWSCCA,
700842　華星光國泰55購02,TW25Z7008423,2025/10/23,上櫃,,RWSCCA,
700843　世界統一5C購01,TW25Z7008431,2025/10/23,上櫃,,RWSCCA,
700844　立敦統一5C購01,TW25Z7008449,2025/10/23,上櫃,,RWSCCA,
700845　臺慶科統一5C購01,TW25Z7008456,2025/10/23,上櫃,,RWSCCA,
700846　世界國票56購01,TW25Z7008464,2025/10/23,上櫃,,RWSCCA,
700848　閎康國票55購01,TW25Z7008480,2025/10/23,上櫃,,RWSCCA,
700850　臺慶科國票5C購01,TW25Z7008506,2025/10/23,上櫃,,RWSCCA,
700851　信昌電永豐55購02,TW25Z7008514,2025/10/23,上櫃,,RWSCCA,
700853　金山電元富55購01,TW25Z7008530,2025/10/23,上櫃,,RWSCCA,
700857　良維元大5A購01,TW25Z7008571,2025/10/23,上櫃,,RWSCCA,
700864　弘塑富邦57購01,TW25Z7008647,2025/10/23,上櫃,,RWSCCE,
700865　廣明富邦55購05,TW25Z7008654,2025/10/23,上櫃,,RWSCCE,
700866　雙鴻富邦56購04,TW25Z7008662,2025/10/23,上櫃,,RWSCCE,
700867　波若威兆豐56購01,TW25Z7008670,2025/10/27,上櫃,,RWSCCA,
700875　良維元大5A購02,TW25Z7008753,2025/10/27,上櫃,,RWSCCA,
700886　神盾凱基56購02,TW25Z7008860,2025/10/27,上櫃,,RWSCCA,
700888　德微凱基55購02,TW25Z7008886,2025/10/27,上櫃,,RWSCCA,
700890　力旺國泰55購02,TW25Z7008902,2025/10/27,上櫃,,RWSCCA,
700891　波若威國泰55購01,TW25Z7008910,2025/10/27,上櫃,,RWSCCA,
700892　精材國泰55購01,TW25Z7008928,2025/10/27,上櫃,,RWSCCA,
700893　德微國泰55購01,TW25Z7008936,2025/10/27,上櫃,,RWSCCA,
700894　力旺富邦56購03,TW25Z7008944,2025/10/27,上櫃,,RWSCCE,
700898　力旺統一5A購01,TW25Z7008985,2025/10/27,上櫃,,RWSCCA,
700899　力旺統一6A購01,TW25Z7008993,2025/10/27,上櫃,,RWSCCA,
700900　台半統一5C購03,TW25Z7009009,2025/10/27,上櫃,,RWSCCA,
700901　尼克森統一5C購01,TW25Z7009017,2025/10/27,上櫃,,RWSCCA,
700902　光頡統一5A購01,TW25Z7009025,2025/10/27,上櫃,,RWSCCA,
700903　宜鼎統一57購02,TW25Z7009033,2025/10/27,上櫃,,RWSCCA,
700904　波若威統一6A購01,TW25Z7009041,2025/10/27,上櫃,,RWSCCA,
700907　力旺元富57購03,TW25Z7009074,2025/10/27,上櫃,,RWSCCA,
700908　中美晶元富55購02,TW25Z7009082,2025/10/27,上櫃,,RWSCCA,
700913　德微元富57購02,TW25Z7009132,2025/10/27,上櫃,,RWSCCA,
700914　雙鴻元富56購01,TW25Z7009140,2025/10/27,上櫃,,RWSCCA,
700918　台半永豐55購01,TW25Z7009181,2025/10/27,上櫃,,RWSCCA,
700920　波若威永豐5A購01,TW25Z7009207,2025/10/27,上櫃,,RWSCCA,
700922　中美晶國票55購02,TW25Z7009223,2025/10/27,上櫃,,RWSCCA,
700923　台半國票55購02,TW25Z7009231,2025/10/27,上櫃,,RWSCCA,
700924　宏捷科國票55購01,TW25Z7009249,2025/10/27,上櫃,,RWSCCA,
700925　佳邦國票55購02,TW25Z7009256,2025/10/27,上櫃,,RWSCCA,
700926　波若威國票55購01,TW25Z7009264,2025/10/27,上櫃,,RWSCCA,
700927　臺慶科國票55購02,TW25Z7009272,2025/10/27,上櫃,,RWSCCA,
700928　蜜望實國票58購01,TW25Z7009280,2025/10/27,上櫃,,RWSCCA,
700929　蜜望實國票5A購01,TW25Z7009298,2025/10/27,上櫃,,RWSCCA,
700930　譜瑞國票55購01,TW25Z7009306,2025/10/27,上櫃,,RWSCCA,
700933　波若威群益56購01,TW25Z7009330,2025/10/27,上櫃,,RWSCCA,
700938　中美晶兆豐5A購01,TW25Z7009389,2025/10/28,上櫃,,RWSCCA,
700944　雙鴻凱基55購06,TW25Z7009447,2025/10/28,上櫃,,RWSCCA,
700945　中美晶元大56購01,TW25Z7009454,2025/10/28,上櫃,,RWSCCA,
700952　神盾元大56購01,TW25Z7009520,2025/10/28,上櫃,,RWSCCA,
700954　華星光元大56購03,TW25Z7009546,2025/10/28,上櫃,,RWSCCA,
700955　撼訊元大5A購01,TW25Z7009553,2025/10/28,上櫃,,RWSCCA,
700956　擎亞元大58購01,TW25Z7009561,2025/10/28,上櫃,,RWSCCA,
700958　大中國票55購01,TW25Z7009587,2025/10/28,上櫃,,RWSCCA,
700959　立敦國票55購01,TW25Z7009595,2025/10/28,上櫃,,RWSCCA,
700960　金益鼎國票55購01,TW25Z7009603,2025/10/28,上櫃,,RWSCCA,
700961　泰茂國票55購01,TW25Z7009611,2025/10/28,上櫃,,RWSCCA,
700962　能率國票55購01,TW25Z7009629,2025/10/28,上櫃,,RWSCCA,
700963　訊聯國票55購02,TW25Z7009637,2025/10/28,上櫃,,RWSCCA,
700964　高技國票55購03,TW25Z7009645,2025/10/28,上櫃,,RWSCCA,
700965　常珵國票56購01,TW25Z7009652,2025/10/28,上櫃,,RWSCCA,
700966　晶宏國票55購01,TW25Z7009660,2025/10/28,上櫃,,RWSCCA,
700967　順達國票55購01,TW25Z7009678,2025/10/28,上櫃,,RWSCCA,
700968　德微國票55購02,TW25Z7009686,2025/10/28,上櫃,,RWSCCA,
700970　穩懋國票55購02,TW25Z7009702,2025/10/28,上櫃,,RWSCCA,
700972　雙鴻群益56購04,TW25Z7009728,2025/10/28,上櫃,,RWSCCA,
700973　台半元富57購01,TW25Z7009736,2025/10/28,上櫃,,RWSCCA,
700975　原相元富55購01,TW25Z7009751,2025/10/28,上櫃,,RWSCCA,
700978　神盾永豐55購02,TW25Z7009785,2025/10/28,上櫃,,RWSCCA,
700979　中美晶國泰55購02,TW25Z7009793,2025/10/28,上櫃,,RWSCCA,
700981　朋程富邦56購01,TW25Z7009819,2025/10/28,上櫃,,RWSCCE,
700982　台半兆豐55購01,TW25Z7009827,2025/10/29,上櫃,,RWSCCA,
700983　威剛兆豐5A購01,TW25Z7009835,2025/10/29,上櫃,,RWSCCA,
700984　閎康兆豐56購01,TW25Z7009843,2025/10/29,上櫃,,RWSCCA,
700985　中光電凱基56購01,TW25Z7009850,2025/10/29,上櫃,,RWSCCA,
700994　昇達科國泰55購01,TW25Z7009942,2025/10/29,上櫃,,RWSCCA,
700995　訊聯國泰55購01,TW25Z7009959,2025/10/29,上櫃,,RWSCCA,
700996　臺慶科國泰55購02,TW25Z7009967,2025/10/29,上櫃,,RWSCCA,
700998　宜鼎元大56購02,TW25Z7009983,2025/10/29,上櫃,,RWSCCA,
701004　弘塑國票55購02,TW25Z7010049,2025/10/29,上櫃,,RWSCCA,
701005　信昌電國票58購01,TW25Z7010056,2025/10/29,上櫃,,RWSCCA,
701006　凱崴國票55購02,TW25Z7010064,2025/10/29,上櫃,,RWSCCA,
701007　綠界*國票55購01,TW25Z7010072,2025/10/29,上櫃,,RWSCCA,
701010　雙鴻元富5A購01,TW25Z7010106,2025/10/29,上櫃,,RWSCCA,
701011　臺慶科中信56購01,TW25Z7010114,2025/10/29,上櫃,,RWSCCE,
701015　晶焱永豐55購01,TW25Z7010155,2025/10/29,上櫃,,RWSCCA,
701016　雍智永豐58購01,TW25Z7010163,2025/10/29,上櫃,,RWSCCA,
701017　雙鴻永豐56購02,TW25Z7010171,2025/10/29,上櫃,,RWSCCA,
701018　凱崴群益55購02,TW25Z7010189,2025/10/29,上櫃,,RWSCCA,
701019　營邦群益55購01,TW25Z7010197,2025/10/29,上櫃,,RWSCCA,
701022　威剛國票55購05,TW25Z7010221,2025/10/30,上櫃,,RWSCCA,
701023　晶焱國票56購01,TW25Z7010239,2025/10/30,上櫃,,RWSCCA,
701024　晶焱國票58購01,TW25Z7010247,2025/10/30,上櫃,,RWSCCA,
701033　立碁永豐55購01,TW25Z7010338,2025/10/30,上櫃,,RWSCCA,
701034　佳邦永豐55購01,TW25Z7010346,2025/10/30,上櫃,,RWSCCA,
701035　宜鼎永豐55購04,TW25Z7010353,2025/10/30,上櫃,,RWSCCA,
701036　金山電永豐56購01,TW25Z7010361,2025/10/30,上櫃,,RWSCCA,
701037　威剛永豐5C購01,TW25Z7010379,2025/10/30,上櫃,,RWSCCA,
701038　皇田永豐55購01,TW25Z7010387,2025/10/30,上櫃,,RWSCCA,
701041　新應材永豐57購01,TW25Z7010411,2025/10/30,上櫃,,RWSCCA,
701045　宜鼎元大56購03,TW25Z7010452,2025/10/30,上櫃,,RWSCCA,
701048　華星光元大56購04,TW25Z7010486,2025/10/30,上櫃,,RWSCCA,
701051　台半國泰55購01,TW25Z7010510,2025/10/30,上櫃,,RWSCCA,
701052　晶焱國泰55購01,TW25Z7010528,2025/10/30,上櫃,,RWSCCA,
701053　新應材國泰55購01,TW25Z7010536,2025/10/30,上櫃,,RWSCCA,
701054　新應材國泰55購02,TW25Z7010544,2025/10/30,上櫃,,RWSCCA,
701055　營邦國泰55購01,TW25Z7010551,2025/10/30,上櫃,,RWSCCA,
701056　中美晶富邦55購02,TW25Z7010569,2025/10/30,上櫃,,RWSCCE,
701060　宜鼎凱基55購02,TW25Z7010601,2025/10/30,上櫃,,RWSCCA,
701062　營邦凱基55購01,TW25Z7010627,2025/10/30,上櫃,,RWSCCA,
701063　FH中5G群益56購01,TW25Z7010635,2025/10/30,上櫃,,RWBCCA,
701064　元債20群益61購01,TW25Z7010643,2025/10/30,上櫃,,RWBCCA,
701068　東捷群益56購01,TW25Z7010684,2025/10/30,上櫃,,RWSCCA,
701069　神盾群益56購03,TW25Z7010692,2025/10/30,上櫃,,RWSCCA,
701071　凱崴群益55購03,TW25Z7010718,2025/10/30,上櫃,,RWSCCA,
701074　均豪兆豐56購01,TW25Z7010742,2025/10/31,上櫃,,RWSCCA,
701075　新應材兆豐56購01,TW25Z7010759,2025/10/31,上櫃,,RWSCCA,
701076　萬潤兆豐56購01,TW25Z7010767,2025/10/31,上櫃,,RWSCCA,
701077　中光電凱基56購02,TW25Z7010775,2025/10/31,上櫃,,RWSCCA,
701079　原相凱基56購03,TW25Z7010791,2025/10/31,上櫃,,RWSCCA,
701080　神盾凱基56購03,TW25Z7010809,2025/10/31,上櫃,,RWSCCA,
701081　國債20凱基56購01,TW25Z7010817,2025/10/31,上櫃,,RWBCCA,
701086　雙鴻凱基56購04,TW25Z7010866,2025/10/31,上櫃,,RWSCCA,
701091　威剛元大57購01,TW25Z7010916,2025/10/31,上櫃,,RWSCCA,
701095　擎亞元大5A購01,TW25Z7010957,2025/10/31,上櫃,,RWSCCA,
701097　營邦元大5A購01,TW25Z7010973,2025/10/31,上櫃,,RWSCCA,
701099　雙鴻元大57購01,TW25Z7010999,2025/10/31,上櫃,,RWSCCA,
701105　良維永豐56購03,TW25Z7011054,2025/10/31,上櫃,,RWSCCA,
701106　精材永豐56購01,TW25Z7011062,2025/10/31,上櫃,,RWSCCA,
701107　良維群益56購04,TW25Z7011070,2025/10/31,上櫃,,RWSCCA,
701109　營邦群益56購02,TW25Z7011096,2025/10/31,上櫃,,RWSCCA,
701111　立敦國泰56購01,TW25Z7011112,2025/10/31,上櫃,,RWSCCA,
701112　泰茂國泰56購01,TW25Z7011120,2025/10/31,上櫃,,RWSCCA,
701113　雙鴻國泰56購01,TW25Z7011138,2025/10/31,上櫃,,RWSCCA,
701114　穩懋國泰56購01,TW25Z7011146,2025/10/31,上櫃,,RWSCCA,
701118　宜鼎凱基57購01,TW25Z7011187,2025/11/03,上櫃,,RWSCCA,
701121　神盾凱基57購01,TW25Z7011211,2025/11/03,上櫃,,RWSCCA,
701124　良維兆豐58購01,TW25Z7011245,2025/11/03,上櫃,,RWSCCA,
701125　雙鴻兆豐57購01,TW25Z7011252,2025/11/03,上櫃,,RWSCCA,
701126　旺矽國泰56購01,TW25Z7011260,2025/11/03,上櫃,,RWSCCA,
701127　神盾國泰56購01,TW25Z7011278,2025/11/03,上櫃,,RWSCCA,
701128　訊聯國泰56購01,TW25Z7011286,2025/11/03,上櫃,,RWSCCA,
701129　元債20元大59購02,TW25Z7011294,2025/11/03,上櫃,,RWBCCA,
701130　元債20元大5B購01,TW25Z7011302,2025/11/03,上櫃,,RWBCCA,
701131　元債20元大61購01,TW25Z7011310,2025/11/03,上櫃,,RWBCCA,
701135　威剛元大58購01,TW25Z7011351,2025/11/03,上櫃,,RWSCCA,
701142　雙鴻元大58購03,TW25Z7011427,2025/11/03,上櫃,,RWSCCA,
701143　旺矽國票56購02,TW25Z7011435,2025/11/03,上櫃,,RWSCCA,
701144　威剛國票56購01,TW25Z7011443,2025/11/03,上櫃,,RWSCCA,
701146　訊聯國票57購01,TW25Z7011468,2025/11/03,上櫃,,RWSCCA,
701147　新鼎國票56購01,TW25Z7011476,2025/11/03,上櫃,,RWSCCA,
701148　萬泰科國票56購01,TW25Z7011484,2025/11/03,上櫃,,RWSCCA,
701149　精星國票56購01,TW25Z7011492,2025/11/03,上櫃,,RWSCCA,
701150　雙鴻國票59購01,TW25Z7011500,2025/11/03,上櫃,,RWSCCA,
701152　擎亞群益57購01,TW25Z7011526,2025/11/03,上櫃,,RWSCCA,
701153　雙鴻群益5A購01,TW25Z7011534,2025/11/03,上櫃,,RWSCCA,
701158　力旺凱基57購01,TW25Z7011583,2025/11/04,上櫃,,RWSCCA,
701162　新應材凱基57購02,TW25Z7011625,2025/11/04,上櫃,,RWSCCA,
701166　台燿永豐57購01,TW25Z7011666,2025/11/04,上櫃,,RWSCCA,
701167　良維永豐56購04,TW25Z7011674,2025/11/04,上櫃,,RWSCCA,
701169　華星光永豐56購03,TW25Z7011690,2025/11/04,上櫃,,RWSCCA,
701172　華星光中信56購01,TW25Z7011724,2025/11/04,上櫃,,RWSCCE,
701173　力旺國泰56購01,TW25Z7011732,2025/11/04,上櫃,,RWSCCA,
701174　力旺國泰56購02,TW25Z7011740,2025/11/04,上櫃,,RWSCCA,
701175　中光電國泰56購01,TW25Z7011757,2025/11/04,上櫃,,RWSCCA,
701176　宜鼎國泰56購01,TW25Z7011765,2025/11/04,上櫃,,RWSCCA,
701177　華星光國泰56購01,TW25Z7011773,2025/11/04,上櫃,,RWSCCA,
701178　擎亞國泰56購01,TW25Z7011781,2025/11/04,上櫃,,RWSCCA,
701179　台燿兆豐57購01,TW25Z7011799,2025/11/04,上櫃,,RWSCCA,
701180　能率兆豐56購01,TW25Z7011807,2025/11/04,上櫃,,RWSCCA,
701182　良維國票56購03,TW25Z7011823,2025/11/04,上櫃,,RWSCCA,
701183　茂迪國票56購01,TW25Z7011831,2025/11/04,上櫃,,RWSCCA,
701186　博智國票57購01,TW25Z7011864,2025/11/04,上櫃,,RWSCCA,
701187　新應材國票56購03,TW25Z7011872,2025/11/04,上櫃,,RWSCCA,
701188　擎亞國票56購01,TW25Z7011880,2025/11/04,上櫃,,RWSCCA,
701189　鴻呈國票56購01,TW25Z7011898,2025/11/04,上櫃,,RWSCCA,
701191　力旺元大58購02,TW25Z7011914,2025/11/04,上櫃,,RWSCCA,
701192　宜鼎元大58購03,TW25Z7011922,2025/11/04,上櫃,,RWSCCA,
701193　威剛元大58購02,TW25Z7011930,2025/11/04,上櫃,,RWSCCA,
701199　擎亞元大56購01,TW25Z7011997,2025/11/04,上櫃,,RWSCCA,
701200　雙鴻元大5A購03,TW25Z7012003,2025/11/04,上櫃,,RWSCCA,
701201　鈊象富邦57購01,TW25Z7012011,2025/11/04,上櫃,,RWSCCE,
701202　鈊象富邦57購02,TW25Z7012029,2025/11/04,上櫃,,RWSCCE,
701203　德微富邦56購01,TW25Z7012037,2025/11/04,上櫃,,RWSCCE,
701204　雙鴻富邦58購01,TW25Z7012045,2025/11/04,上櫃,,RWSCCE,
701205　雙鴻富邦58購02,TW25Z7012052,2025/11/04,上櫃,,RWSCCE,
701207　台燿群益56購02,TW25Z7012078,2025/11/04,上櫃,,RWSCCA,
701208　閎康群益57購01,TW25Z7012086,2025/11/04,上櫃,,RWSCCA,
701209　台燿凱基57購01,TW25Z7012094,2025/11/05,上櫃,,RWSCCA,
701211　威剛凱基5B購01,TW25Z7012110,2025/11/05,上櫃,,RWSCCA,
701213　高技凱基56購01,TW25Z7012136,2025/11/05,上櫃,,RWSCCA,
701214　博智凱基57購01,TW25Z7012144,2025/11/05,上櫃,,RWSCCA,
701215　新應材凱基56購01,TW25Z7012151,2025/11/05,上櫃,,RWSCCA,
701217　穩懋凱基56購01,TW25Z7012177,2025/11/05,上櫃,,RWSCCA,
701219　宜鼎元大58購04,TW25Z7012193,2025/11/05,上櫃,,RWSCCA,
701221　威剛元大59購01,TW25Z7012219,2025/11/05,上櫃,,RWSCCA,
701226　新應材元大58購01,TW25Z7012268,2025/11/05,上櫃,,RWSCCA,
701227　雙鴻元大5A購04,TW25Z7012276,2025/11/05,上櫃,,RWSCCA,
701228　台燿富邦56購01,TW25Z7012284,2025/11/05,上櫃,,RWSCCE,
701229　宜鼎富邦56購01,TW25Z7012292,2025/11/05,上櫃,,RWSCCE,
701232　IET永豐56購01,TW25Z7012326,2025/11/05,上櫃,,RWSCCA,
701233　台燿永豐56購03,TW25Z7012334,2025/11/05,上櫃,,RWSCCA,
701235　昇達科永豐56購01,TW25Z7012359,2025/11/05,上櫃,,RWSCCA,
701236　欣銓永豐58購01,TW25Z7012367,2025/11/05,上櫃,,RWSCCA,
701237　高技永豐57購01,TW25Z7012375,2025/11/05,上櫃,,RWSCCA,
701241　優群永豐56購01,TW25Z7012417,2025/11/05,上櫃,,RWSCCA,
701242　鴻呈永豐56購01,TW25Z7012425,2025/11/05,上櫃,,RWSCCA,
701243　台燿國票56購01,TW25Z7012433,2025/11/05,上櫃,,RWSCCA,
701244　立碁國票57購01,TW25Z7012441,2025/11/05,上櫃,,RWSCCA,
701245　亞泰國票56購01,TW25Z7012458,2025/11/05,上櫃,,RWSCCA,
701246　欣銓國票56購01,TW25Z7012466,2025/11/05,上櫃,,RWSCCA,
701247　泰金國票56購01,TW25Z7012474,2025/11/05,上櫃,,RWSCCA,
701248　訊聯國票56購01,TW25Z7012482,2025/11/05,上櫃,,RWSCCA,
701249　高技國票56購01,TW25Z7012490,2025/11/05,上櫃,,RWSCCA,
701250　智擎國票56購01,TW25Z7012508,2025/11/05,上櫃,,RWSCCA,
701251　頎邦國票56購01,TW25Z7012516,2025/11/05,上櫃,,RWSCCA,
701252　擎亞國票56購02,TW25Z7012524,2025/11/05,上櫃,,RWSCCA,
701253　穩懋國票5B購01,TW25Z7012532,2025/11/05,上櫃,,RWSCCA,
701254　中光電國泰56購02,TW25Z7012540,2025/11/05,上櫃,,RWSCCA,
701255　昇達科國泰56購01,TW25Z7012557,2025/11/05,上櫃,,RWSCCA,
701256　訊聯國泰56購02,TW25Z7012565,2025/11/05,上櫃,,RWSCCA,
701257　譜瑞國泰56購01,TW25Z7012573,2025/11/05,上櫃,,RWSCCA,
701262　新應材群益57購01,TW25Z7012623,2025/11/05,上櫃,,RWSCCA,
701266　欣銓凱基56購02,TW25Z7012664,2025/11/06,上櫃,,RWSCCA,
701273　撼訊凱基5B購01,TW25Z7012730,2025/11/06,上櫃,,RWSCCA,
701274　台星科國票57購01,TW25Z7012748,2025/11/06,上櫃,,RWSCCA,
701275　立碁國票56購01,TW25Z7012755,2025/11/06,上櫃,,RWSCCA,
701276　欣銓國票5B購01,TW25Z7012763,2025/11/06,上櫃,,RWSCCA,
701277　萬泰科國票56購02,TW25Z7012771,2025/11/06,上櫃,,RWSCCA,
701278　聯合國票59購01,TW25Z7012789,2025/11/06,上櫃,,RWSCCA,
701279　雙鴻國票5B購01,TW25Z7012797,2025/11/06,上櫃,,RWSCCA,
701280　家登國泰56購01,TW25Z7012805,2025/11/06,上櫃,,RWSCCA,
701281　高技國泰56購01,TW25Z7012813,2025/11/06,上櫃,,RWSCCA,
701282　華星光國泰56購02,TW25Z7012821,2025/11/06,上櫃,,RWSCCA,
701283　雍智國泰56購01,TW25Z7012839,2025/11/06,上櫃,,RWSCCA,
701284　良維富邦57購03,TW25Z7012847,2025/11/06,上櫃,,RWSCCE,
701287　威剛元大5B購01,TW25Z7012870,2025/11/06,上櫃,,RWSCCA,
701288　訊聯元大5B購01,TW25Z7012888,2025/11/06,上櫃,,RWSCCA,
701293　新應材元大58購02,TW25Z7012938,2025/11/06,上櫃,,RWSCCA,
701294　新應材元大5B購01,TW25Z7012946,2025/11/06,上櫃,,RWSCCA,
701298　三聯群益59購01,TW25Z7012987,2025/11/06,上櫃,,RWSCCA,
701300　弘塑群益57購02,TW25Z7013001,2025/11/06,上櫃,,RWSCCA,
701301　宏捷科群益56購01,TW25Z7013019,2025/11/06,上櫃,,RWSCCA,
701302　良維群益57購01,TW25Z7013027,2025/11/06,上櫃,,RWSCCA,
701303　欣銓群益57購01,TW25Z7013035,2025/11/06,上櫃,,RWSCCA,
701304　信驊群益57購01,TW25Z7013043,2025/11/06,上櫃,,RWSCCA,
701307　高技群益57購01,TW25Z7013076,2025/11/06,上櫃,,RWSCCA,
701311　雙鴻群益5B購01,TW25Z7013118,2025/11/06,上櫃,,RWSCCA,
701318　信驊元富58購01,TW25Z7013183,2025/11/06,上櫃,,RWSCCA,
701319　神盾元富57購01,TW25Z7013191,2025/11/06,上櫃,,RWSCCA,
701320　雙鴻元富56購02,TW25Z7013209,2025/11/06,上櫃,,RWSCCA,
701321　穩懋元富57購01,TW25Z7013217,2025/11/06,上櫃,,RWSCCA,
701322　昇達科中信58購01,TW25Z7013225,2025/11/06,上櫃,,RWSCCE,
701323　中光電永豐56購03,TW25Z7013233,2025/11/06,上櫃,,RWSCCA,
701324　台星科永豐57購01,TW25Z7013241,2025/11/06,上櫃,,RWSCCA,
701325　宏捷科永豐56購01,TW25Z7013258,2025/11/06,上櫃,,RWSCCA,
701326　欣銓永豐59購01,TW25Z7013266,2025/11/06,上櫃,,RWSCCA,
701327　信驊永豐56購02,TW25Z7013274,2025/11/06,上櫃,,RWSCCA,
701330　穩懋永豐56購01,TW25Z7013308,2025/11/06,上櫃,,RWSCCA,
701332　弘塑凱基56購04,TW25Z7013324,2025/11/07,上櫃,,RWSCCA,
701334　欣銓凱基56購03,TW25Z7013340,2025/11/07,上櫃,,RWSCCA,
701337　新應材凱基56購02,TW25Z7013373,2025/11/07,上櫃,,RWSCCA,
701344　雙鴻元富56購03,TW25Z7013449,2025/11/07,上櫃,,RWSCCA,
701345　穩懋中信56購01,TW25Z7013456,2025/11/07,上櫃,,RWSCCE,
701346　信昌電永豐56購01,TW25Z7013464,2025/11/07,上櫃,,RWSCCA,
701349　穩懋永豐56購02,TW25Z7013498,2025/11/07,上櫃,,RWSCCA,
701350　力致國泰56購01,TW25Z7013506,2025/11/07,上櫃,,RWSCCA,
701351　立碁國泰56購01,TW25Z7013514,2025/11/07,上櫃,,RWSCCA,
701352　良維國泰56購01,TW25Z7013522,2025/11/07,上櫃,,RWSCCA,
701353　擎亞國泰56購02,TW25Z7013530,2025/11/07,上櫃,,RWSCCA,
701355　中美晶富邦56購01,TW25Z7013555,2025/11/07,上櫃,,RWSCCE,
701356　弘塑富邦57購02,TW25Z7013563,2025/11/07,上櫃,,RWSCCE,
701357　欣銓富邦56購01,TW25Z7013571,2025/11/07,上櫃,,RWSCCE,
701359　欣銓兆豐57購01,TW25Z7013597,2025/11/07,上櫃,,RWSCCA,
701364　綠界*群益56購01,TW25Z7013647,2025/11/07,上櫃,,RWSCCA,
701365　力致國票59購01,TW25Z7013654,2025/11/07,上櫃,,RWSCCA,
701366　中光電國票57購04,TW25Z7013662,2025/11/07,上櫃,,RWSCCA,
701367　信立國票56購01,TW25Z7013670,2025/11/07,上櫃,,RWSCCA,
701368　神盾國票56購03,TW25Z7013688,2025/11/07,上櫃,,RWSCCA,
701371　精材國票57購01,TW25Z7013712,2025/11/07,上櫃,,RWSCCA,
701372　綠界*國票56購01,TW25Z7013720,2025/11/07,上櫃,,RWSCCA,
701374　台燿元大5B購01,TW25Z7013746,2025/11/07,上櫃,,RWSCCA,
701379　威剛元大5B購02,TW25Z7013795,2025/11/07,上櫃,,RWSCCA,
701381　新應材元大5B購02,TW25Z7013811,2025/11/07,上櫃,,RWSCCA,
701386　穩懋元大59購01,TW25Z7013860,2025/11/07,上櫃,,RWSCCA,
701387　力致凱基55購01,TW25Z7013878,2025/11/10,上櫃,,RWSCCA,
701388　中光電凱基5A購01,TW25Z7013886,2025/11/10,上櫃,,RWSCCA,
701389　立碁凱基55購02,TW25Z7013894,2025/11/10,上櫃,,RWSCCA,
701390　印能凱基55購03,TW25Z7013902,2025/11/10,上櫃,,RWSCCA,
701391　良維凱基55購01,TW25Z7013910,2025/11/10,上櫃,,RWSCCA,
701392　宜鼎凱基55購04,TW25Z7013928,2025/11/10,上櫃,,RWSCCA,
701393　信昌電凱基55購02,TW25Z7013936,2025/11/10,上櫃,,RWSCCA,
701394　威剛凱基55購06,TW25Z7013944,2025/11/10,上櫃,,RWSCCA,
701395　華星光凱基59購01,TW25Z7013951,2025/11/10,上櫃,,RWSCCA,
701397　綠界*凱基55購02,TW25Z7013977,2025/11/10,上櫃,,RWSCCA,
701398　譜瑞凱基59購02,TW25Z7013985,2025/11/10,上櫃,,RWSCCA,
701399　世界元大55購01,TW25Z7013993,2025/11/10,上櫃,,RWSCCA,
701400　台燿元大5B購02,TW25Z7014009,2025/11/10,上櫃,,RWSCCA,
701401　宜鼎元大55購02,TW25Z7014017,2025/11/10,上櫃,,RWSCCA,
701402　威剛元大5A購01,TW25Z7014025,2025/11/10,上櫃,,RWSCCA,
701403　神盾元大5B購01,TW25Z7014033,2025/11/10,上櫃,,RWSCCA,
701405　晶焱元大55購01,TW25Z7014058,2025/11/10,上櫃,,RWSCCA,
701406　新應材元大55購11,TW25Z7014066,2025/11/10,上櫃,,RWSCCA,
701407　新應材元大55購12,TW25Z7014074,2025/11/10,上櫃,,RWSCCA,
701408　雙鴻元大55購05,TW25Z7014082,2025/11/10,上櫃,,RWSCCA,
701409　M31國票56購01,TW25Z7014090,2025/11/10,上櫃,,RWSCCA,
701410　元太國票56購01,TW25Z7014108,2025/11/10,上櫃,,RWSCCA,
701411　同致國票55購01,TW25Z7014116,2025/11/10,上櫃,,RWSCCA,
701412　宏捷科國票59購01,TW25Z7014124,2025/11/10,上櫃,,RWSCCA,
701413　宜鼎國票56購01,TW25Z7014132,2025/11/10,上櫃,,RWSCCA,
701415　華星光國票56購01,TW25Z7014157,2025/11/10,上櫃,,RWSCCA,
701416　鈊象國票56購01,TW25Z7014165,2025/11/10,上櫃,,RWSCCA,
701417　萬泰科國票56購03,TW25Z7014173,2025/11/10,上櫃,,RWSCCA,
701418　擎亞國票55購02,TW25Z7014181,2025/11/10,上櫃,,RWSCCA,
701419　穩得國票57購01,TW25Z7014199,2025/11/10,上櫃,,RWSCCA,
701420　穩懋國票57購01,TW25Z7014207,2025/11/10,上櫃,,RWSCCA,
701421　譜瑞國票56購02,TW25Z7014215,2025/11/10,上櫃,,RWSCCA,
701422　中光電兆豐5B購01,TW25Z7014223,2025/11/10,上櫃,,RWSCCA,
701423　穩懋兆豐57購01,TW25Z7014231,2025/11/10,上櫃,,RWSCCA,
701424　中美晶國泰56購01,TW25Z7014249,2025/11/10,上櫃,,RWSCCA,
701425　優群國泰56購01,TW25Z7014256,2025/11/10,上櫃,,RWSCCA,
701426　中光電富邦55購01,TW25Z7014264,2025/11/10,上櫃,,RWSCCE,
701428　優群富邦55購01,TW25Z7014280,2025/11/10,上櫃,,RWSCCE,
701429　雙鴻富邦55購07,TW25Z7014298,2025/11/10,上櫃,,RWSCCE,
701430　台燿統一5B購01,TW25Z7014306,2025/11/10,上櫃,,RWSCCA,
701431　台燿統一5B購02,TW25Z7014314,2025/11/10,上櫃,,RWSCCA,
701432　正基統一5C購01,TW25Z7014322,2025/11/10,上櫃,,RWSCCA,
701433　良維統一55購02,TW25Z7014330,2025/11/10,上櫃,,RWSCCA,
701434　良維統一6B購01,TW25Z7014348,2025/11/10,上櫃,,RWSCCA,
701435　佳邦統一58購01,TW25Z7014355,2025/11/10,上櫃,,RWSCCA,
701436　欣銓統一59購01,TW25Z7014363,2025/11/10,上櫃,,RWSCCA,
701437　威剛統一5B購01,TW25Z7014371,2025/11/10,上櫃,,RWSCCA,
701438　威剛統一6B購01,TW25Z7014389,2025/11/10,上櫃,,RWSCCA,
701439　博智統一59購02,TW25Z7014397,2025/11/10,上櫃,,RWSCCA,
701440　華星光統一5B購04,TW25Z7014405,2025/11/10,上櫃,,RWSCCA,
701441　華星光統一61購04,TW25Z7014413,2025/11/10,上櫃,,RWSCCA,
701442　雙鴻統一6B購01,TW25Z7014421,2025/11/10,上櫃,,RWSCCA,
701443　穩懋統一58購03,TW25Z7014439,2025/11/10,上櫃,,RWSCCA,
701444　雍智中信58購01,TW25Z7014447,2025/11/10,上櫃,,RWSCCE,
701445　凱崴元富55購01,TW25Z7014454,2025/11/10,上櫃,,RWSCCA,
701446　晶焱元富58購01,TW25Z7014462,2025/11/10,上櫃,,RWSCCA,
701447　威剛永豐58購01,TW25Z7014470,2025/11/10,上櫃,,RWSCCA,
701448　綠界*永豐55購01,TW25Z7014488,2025/11/10,上櫃,,RWSCCA,
701449　綠界*永豐56購01,TW25Z7014496,2025/11/10,上櫃,,RWSCCA,
701450　台燿群益55購03,TW25Z7014504,2025/11/10,上櫃,,RWSCCA,
701451　弘塑群益55購05,TW25Z7014512,2025/11/10,上櫃,,RWSCCA,
701452　良維群益55購01,TW25Z7014520,2025/11/10,上櫃,,RWSCCA,
701453　金益鼎群益55購01,TW25Z7014538,2025/11/10,上櫃,,RWSCCA,
701454　凱崴群益55購04,TW25Z7014546,2025/11/10,上櫃,,RWSCCA,
701455　晶焱群益55購01,TW25Z7014553,2025/11/10,上櫃,,RWSCCA,
701456　華星光群益56購03,TW25Z7014561,2025/11/10,上櫃,,RWSCCA,
701457　譜瑞群益55購02,TW25Z7014579,2025/11/10,上櫃,,RWSCCA,
701458　M31凱基55購01,TW25Z7014587,2025/11/11,上櫃,,RWSCCA,
701460　神盾凱基5B購01,TW25Z7014603,2025/11/11,上櫃,,RWSCCA,
701461　晶焱凱基55購01,TW25Z7014611,2025/11/11,上櫃,,RWSCCA,
701462　湧德凱基55購03,TW25Z7014629,2025/11/11,上櫃,,RWSCCA,
701464　新應材凱基56購03,TW25Z7014645,2025/11/11,上櫃,,RWSCCA,
701465　雙鴻凱基55購08,TW25Z7014652,2025/11/11,上櫃,,RWSCCA,
701466　優群兆豐57購01,TW25Z7014660,2025/11/11,上櫃,,RWSCCA,
701467　威剛國泰56購01,TW25Z7014678,2025/11/11,上櫃,,RWSCCA,
701468　鈊象國泰56購01,TW25Z7014686,2025/11/11,上櫃,,RWSCCA,
701469　穩懋國泰56購02,TW25Z7014694,2025/11/11,上櫃,,RWSCCA,
701470　穩懋富邦55購03,TW25Z7014702,2025/11/11,上櫃,,RWSCCE,
701471　台燿統一65購01,TW25Z7014710,2025/11/11,上櫃,,RWSCCA,
701472　雙鴻統一61購03,TW25Z7014728,2025/11/11,上櫃,,RWSCCA,
701473　穩懋統一5B購01,TW25Z7014736,2025/11/11,上櫃,,RWSCCA,
701474　穩懋統一6B購01,TW25Z7014744,2025/11/11,上櫃,,RWSCCA,
701475　台燿元大58購02,TW25Z7014751,2025/11/11,上櫃,,RWSCCA,
701476　永捷元大55購01,TW25Z7014769,2025/11/11,上櫃,,RWSCCA,
701477　立碁元大58購01,TW25Z7014777,2025/11/11,上櫃,,RWSCCA,
701478　宜鼎元大55購03,TW25Z7014785,2025/11/11,上櫃,,RWSCCA,
701479　威剛元大5A購02,TW25Z7014793,2025/11/11,上櫃,,RWSCCA,
701481　創惟元大55購01,TW25Z7014819,2025/11/11,上櫃,,RWSCCA,
701482　新應材元大55購13,TW25Z7014827,2025/11/11,上櫃,,RWSCCA,
701483　聖暉*元大55購01,TW25Z7014835,2025/11/11,上櫃,,RWSCCA,
701484　擎亞元大5B購01,TW25Z7014843,2025/11/11,上櫃,,RWSCCA,
701485　雙鴻元大55購06,TW25Z7014850,2025/11/11,上櫃,,RWSCCA,
701486　中光電群益55購02,TW25Z7014868,2025/11/11,上櫃,,RWSCCA,
701487　精材群益55購03,TW25Z7014876,2025/11/11,上櫃,,RWSCCA,
701488　譜瑞群益55購03,TW25Z7014884,2025/11/11,上櫃,,RWSCCA,
701489　佳邦國票56購01,TW25Z7014892,2025/11/11,上櫃,,RWSCCA,
701490　精星國票56購02,TW25Z7014900,2025/11/11,上櫃,,RWSCCA,
701491　綠界*國票56購02,TW25Z7014918,2025/11/11,上櫃,,RWSCCA,
701492　M31元富55購01,TW25Z7014926,2025/11/11,上櫃,,RWSCCA,
701493　M31元富55購02,TW25Z7014934,2025/11/11,上櫃,,RWSCCA,
701494　M31元富56購01,TW25Z7014942,2025/11/11,上櫃,,RWSCCA,
701495　立碁元富56購01,TW25Z7014959,2025/11/11,上櫃,,RWSCCA,
701496　宜鼎元富55購02,TW25Z7014967,2025/11/11,上櫃,,RWSCCA,
701497　宜鼎元富55購03,TW25Z7014975,2025/11/11,上櫃,,RWSCCA,
701498　良維中信57購01,TW25Z7014983,2025/11/11,上櫃,,RWSCCE,
701500　雙鴻中信5B購01,TW25Z7015006,2025/11/11,上櫃,,RWSCCE,
701501　中光電永豐55購04,TW25Z7015014,2025/11/11,上櫃,,RWSCCA,
701502　泰金永豐55購01,TW25Z7015022,2025/11/11,上櫃,,RWSCCA,
701503　湧德永豐56購01,TW25Z7015030,2025/11/11,上櫃,,RWSCCA,
701504　擎亞永豐57購01,TW25Z7015048,2025/11/11,上櫃,,RWSCCA,
701505　聯合永豐56購01,TW25Z7015055,2025/11/11,上櫃,,RWSCCA,
701508　宜鼎凱基56購01,TW25Z7015089,2025/11/12,上櫃,,RWSCCA,
701509　信昌電凱基57購01,TW25Z7015097,2025/11/12,上櫃,,RWSCCA,
701510　創惟凱基55購01,TW25Z7015105,2025/11/12,上櫃,,RWSCCA,
701511　新應材凱基5B購01,TW25Z7015113,2025/11/12,上櫃,,RWSCCA,
701512　精材凱基55購04,TW25Z7015121,2025/11/12,上櫃,,RWSCCA,
701513　凡甲國泰56購01,TW25Z7015139,2025/11/12,上櫃,,RWSCCA,
701514　中光電國泰56購03,TW25Z7015147,2025/11/12,上櫃,,RWSCCA,
701515　台燿國泰56購01,TW25Z7015154,2025/11/12,上櫃,,RWSCCA,
701516　台燿國泰56購02,TW25Z7015162,2025/11/12,上櫃,,RWSCCA,
701517　宜鼎國泰56購02,TW25Z7015170,2025/11/12,上櫃,,RWSCCA,
701518　信驊國泰56購01,TW25Z7015188,2025/11/12,上櫃,,RWSCCA,
701519　智通*國泰56購01,TW25Z7015196,2025/11/12,上櫃,,RWSCCA,
701520　綠界*國泰56購01,TW25Z7015204,2025/11/12,上櫃,,RWSCCA,
701521　優群國泰56購02,TW25Z7015212,2025/11/12,上櫃,,RWSCCA,
701522　台燿群益55購05,TW25Z7015220,2025/11/12,上櫃,,RWSCCA,
701523　湧德群益55購02,TW25Z7015238,2025/11/12,上櫃,,RWSCCA,
701524　雙鴻群益5A購02,TW25Z7015246,2025/11/12,上櫃,,RWSCCA,
701525　台燿元大58購03,TW25Z7015253,2025/11/12,上櫃,,RWSCCA,
701526　立碁元大55購01,TW25Z7015261,2025/11/12,上櫃,,RWSCCA,
701527　良維元大58購01,TW25Z7015279,2025/11/12,上櫃,,RWSCCA,
701528　宜鼎元大55購04,TW25Z7015287,2025/11/12,上櫃,,RWSCCA,
701529　威剛元大57購02,TW25Z7015295,2025/11/12,上櫃,,RWSCCA,
701530　新應材元大55購15,TW25Z7015303,2025/11/12,上櫃,,RWSCCA,
701531　臺慶科元大55購01,TW25Z7015311,2025/11/12,上櫃,,RWSCCA,
701532　雙鴻元大55購07,TW25Z7015329,2025/11/12,上櫃,,RWSCCA,
701533　M31國票56購02,TW25Z7015337,2025/11/12,上櫃,,RWSCCA,
701534　中光電國票55購04,TW25Z7015345,2025/11/12,上櫃,,RWSCCA,
701535　中美晶國票56購01,TW25Z7015352,2025/11/12,上櫃,,RWSCCA,
701536　世禾國票56購01,TW25Z7015360,2025/11/12,上櫃,,RWSCCA,
701537　竹陞國票56購01,TW25Z7015378,2025/11/12,上櫃,,RWSCCA,
701538　良維國票56購05,TW25Z7015386,2025/11/12,上櫃,,RWSCCA,
701540　松瑞藥國票56購01,TW25Z7015402,2025/11/12,上櫃,,RWSCCA,
701541　信驊國票56購03,TW25Z7015410,2025/11/12,上櫃,,RWSCCA,
701542　桓達國票55購01,TW25Z7015428,2025/11/12,上櫃,,RWSCCA,
701543　常珵國票55購02,TW25Z7015436,2025/11/12,上櫃,,RWSCCA,
701545　順達國票56購02,TW25Z7015451,2025/11/12,上櫃,,RWSCCA,
701546　新應材國票55購01,TW25Z7015469,2025/11/12,上櫃,,RWSCCA,
701547　萬潤國票56購02,TW25Z7015477,2025/11/12,上櫃,,RWSCCA,
701548　M31富邦56購02,TW25Z7015485,2025/11/12,上櫃,,RWSCCE,
701549　譜瑞富邦56購01,TW25Z7015493,2025/11/12,上櫃,,RWSCCE,
701550　立碁元富56購02,TW25Z7015501,2025/11/12,上櫃,,RWSCCA,
701551　竹陞元富55購01,TW25Z7015519,2025/11/12,上櫃,,RWSCCA,
701552　信驊元富55購03,TW25Z7015527,2025/11/12,上櫃,,RWSCCA,
701553　信驊元富55購04,TW25Z7015535,2025/11/12,上櫃,,RWSCCA,
701554　威剛元富55購02,TW25Z7015543,2025/11/12,上櫃,,RWSCCA,
701555　威剛元富5B購01,TW25Z7015550,2025/11/12,上櫃,,RWSCCA,
701556　德微元富55購01,TW25Z7015568,2025/11/12,上櫃,,RWSCCA,
701557　德微元富55購02,TW25Z7015576,2025/11/12,上櫃,,RWSCCA,
701558　新應材中信57購02,TW25Z7015584,2025/11/12,上櫃,,RWSCCE,
701559　中光電永豐57購01,TW25Z7015592,2025/11/12,上櫃,,RWSCCA,
701560　竹陞永豐57購01,TW25Z7015600,2025/11/12,上櫃,,RWSCCA,
701561　竹陞永豐58購01,TW25Z7015618,2025/11/12,上櫃,,RWSCCA,
701562　宜鼎永豐56購01,TW25Z7015626,2025/11/12,上櫃,,RWSCCA,
701563　信驊永豐57購02,TW25Z7015634,2025/11/12,上櫃,,RWSCCA,
701564　元太元大55購01,TW25Z7015642,2025/11/13,上櫃,,RWSCCA,
701565　台燿元大58購04,TW25Z7015659,2025/11/13,上櫃,,RWSCCA,
701566　宜鼎元大55購05,TW25Z7015667,2025/11/13,上櫃,,RWSCCA,
701567　東捷元大55購01,TW25Z7015675,2025/11/13,上櫃,,RWSCCA,
701569　華景電元大55購01,TW25Z7015691,2025/11/13,上櫃,,RWSCCA,
701570　新應材元大55購16,TW25Z7015709,2025/11/13,上櫃,,RWSCCA,
701571　擎亞元大5B購02,TW25Z7015717,2025/11/13,上櫃,,RWSCCA,
701572　雙鴻元大55購08,TW25Z7015725,2025/11/13,上櫃,,RWSCCA,
701573　信昌電元富55購01,TW25Z7015733,2025/11/13,上櫃,,RWSCCA,
701574　信昌電元富55購02,TW25Z7015741,2025/11/13,上櫃,,RWSCCA,
701575　威剛元富55購04,TW25Z7015758,2025/11/13,上櫃,,RWSCCA,
701576　凱崴元富55購02,TW25Z7015766,2025/11/13,上櫃,,RWSCCA,
701577　雍智元富55購01,TW25Z7015774,2025/11/13,上櫃,,RWSCCA,
701578　優群元富55購01,TW25Z7015782,2025/11/13,上櫃,,RWSCCA,
701579　萬潤兆豐55購01,TW25Z7015790,2025/11/13,上櫃,,RWSCCA,
701580　FH中5G凱基55購01,TW25Z7015808,2025/11/13,上櫃,,RWBCCA,
701581　中美晶凱基55購03,TW25Z7015816,2025/11/13,上櫃,,RWSCCA,
701582　台燿凱基58購05,TW25Z7015824,2025/11/13,上櫃,,RWSCCA,
701583　竹陞凱基56購01,TW25Z7015832,2025/11/13,上櫃,,RWSCCA,
701584　宜鼎凱基59購02,TW25Z7015840,2025/11/13,上櫃,,RWSCCA,
701585　東捷凱基55購01,TW25Z7015857,2025/11/13,上櫃,,RWSCCA,
701586　東捷凱基57購01,TW25Z7015865,2025/11/13,上櫃,,RWSCCA,
701587　桓達凱基55購01,TW25Z7015873,2025/11/13,上櫃,,RWSCCA,
701588　新應材凱基55購03,TW25Z7015881,2025/11/13,上櫃,,RWSCCA,
701589　台燿國泰56購03,TW25Z7015899,2025/11/13,上櫃,,RWSCCA,
701590　神盾富邦55購01,TW25Z7015907,2025/11/13,上櫃,,RWSCCE,
701591　新應材富邦56購01,TW25Z7015915,2025/11/13,上櫃,,RWSCCE,
701592　竹陞統一6B購01,TW25Z7015923,2025/11/13,上櫃,,RWSCCA,
701593　竹陞統一6B購02,TW25Z7015931,2025/11/13,上櫃,,RWSCCA,
701594　海韻電統一61購01,TW25Z7015949,2025/11/13,上櫃,,RWSCCA,
701595　雙鴻統一59購03,TW25Z7015956,2025/11/13,上櫃,,RWSCCA,
701596　海韻電國票56購01,TW25Z7015964,2025/11/13,上櫃,,RWSCCA,
701597　閎康國票56購01,TW25Z7015972,2025/11/13,上櫃,,RWSCCA,
701598　良維群益55購02,TW25Z7015980,2025/11/13,上櫃,,RWSCCA,
701599　金益鼎群益56購01,TW25Z7015998,2025/11/13,上櫃,,RWSCCA,
701600　威剛群益58購01,TW25Z7016004,2025/11/13,上櫃,,RWSCCA,
701601　新應材群益55購02,TW25Z7016012,2025/11/13,上櫃,,RWSCCA,
701602　精材群益55購04,TW25Z7016020,2025/11/13,上櫃,,RWSCCA,
701603　元太兆豐56購01,TW25Z7016038,2025/11/14,上櫃,,RWSCCA,
701604　宜鼎國票56購02,TW25Z7016046,2025/11/14,上櫃,,RWSCCA,
701605　茂達國票56購01,TW25Z7016053,2025/11/14,上櫃,,RWSCCA,
701606　大綜凱基55購02,TW25Z7016061,2025/11/14,上櫃,,RWSCCA,
701607　宜鼎凱基55購05,TW25Z7016079,2025/11/14,上櫃,,RWSCCA,
701608　神盾凱基56購04,TW25Z7016087,2025/11/14,上櫃,,RWSCCA,
701609　新應材凱基58購01,TW25Z7016095,2025/11/14,上櫃,,RWSCCA,
701610　雙鴻凱基55購09,TW25Z7016103,2025/11/14,上櫃,,RWSCCA,
701611　中美晶元大55購01,TW25Z7016111,2025/11/14,上櫃,,RWSCCA,
701612　台燿元大55購02,TW25Z7016129,2025/11/14,上櫃,,RWSCCA,
701613　印能元大55購01,TW25Z7016137,2025/11/14,上櫃,,RWSCCA,
701614　信立元大5B購01,TW25Z7016145,2025/11/14,上櫃,,RWSCCA,
701615　威剛元大5B購03,TW25Z7016152,2025/11/14,上櫃,,RWSCCA,
701616　新應材元大55購17,TW25Z7016160,2025/11/14,上櫃,,RWSCCA,
701617　聖暉*元大55購02,TW25Z7016178,2025/11/14,上櫃,,RWSCCA,
701618　聖暉*元大55購03,TW25Z7016186,2025/11/14,上櫃,,RWSCCA,
701619　臺慶科元大55購02,TW25Z7016194,2025/11/14,上櫃,,RWSCCA,
701620　緯軟元大55購01,TW25Z7016202,2025/11/14,上櫃,,RWSCCA,
701621　雙鴻元大55購09,TW25Z7016210,2025/11/14,上櫃,,RWSCCA,
701622　建榮國泰56購01,TW25Z7016228,2025/11/14,上櫃,,RWSCCA,
701623　元太統一5B購01,TW25Z7016236,2025/11/14,上櫃,,RWSCCA,
701624　竹陞統一5C購03,TW25Z7016244,2025/11/14,上櫃,,RWSCCA,
701625　竹陞統一6B購03,TW25Z7016251,2025/11/14,上櫃,,RWSCCA,
701626　東捷統一5C購01,TW25Z7016269,2025/11/14,上櫃,,RWSCCA,
701627　大綜元富56購01,TW25Z7016277,2025/11/14,上櫃,,RWSCCA,
701628　良維元富55購01,TW25Z7016285,2025/11/14,上櫃,,RWSCCA,
701629　良維元富55購02,TW25Z7016293,2025/11/14,上櫃,,RWSCCA,
701630　宜鼎元富55購04,TW25Z7016301,2025/11/14,上櫃,,RWSCCA,
701631　威剛元富58購01,TW25Z7016319,2025/11/14,上櫃,,RWSCCA,
701632　宜鼎中信59購01,TW25Z7016327,2025/11/14,上櫃,,RWSCCE,
701633　威剛永豐59購01,TW25Z7016335,2025/11/14,上櫃,,RWSCCA,
701634　信昌電群益56購02,TW25Z7016343,2025/11/14,上櫃,,RWSCCA,
701635　大江凱基56購01,TW25Z7016350,2025/11/17,上櫃,,RWSCCA,
701636　中光電凱基58購02,TW25Z7016368,2025/11/17,上櫃,,RWSCCA,
701637　台燿凱基58購06,TW25Z7016376,2025/11/17,上櫃,,RWSCCA,
701640　建榮凱基55購02,TW25Z7016400,2025/11/17,上櫃,,RWSCCA,
701641　海韻電凱基55購01,TW25Z7016418,2025/11/17,上櫃,,RWSCCA,
701642　臺慶科凱基55購01,TW25Z7016426,2025/11/17,上櫃,,RWSCCA,
701643　穩得凱基56購01,TW25Z7016434,2025/11/17,上櫃,,RWSCCA,
701644　信昌電兆豐57購01,TW25Z7016442,2025/11/17,上櫃,,RWSCCA,
701645　湧德兆豐57購01,TW25Z7016459,2025/11/17,上櫃,,RWSCCA,
701646　聖暉*兆豐57購01,TW25Z7016467,2025/11/17,上櫃,,RWSCCA,
701647　台燿國票56購03,TW25Z7016475,2025/11/17,上櫃,,RWSCCA,
701648　沛亨國票56購01,TW25Z7016483,2025/11/17,上櫃,,RWSCCA,
701650　台燿元大5B購03,TW25Z7016509,2025/11/17,上櫃,,RWSCCA,
701651　宜鼎元大55購06,TW25Z7016517,2025/11/17,上櫃,,RWSCCA,
701652　信昌電元大55購02,TW25Z7016525,2025/11/17,上櫃,,RWSCCA,
701653　威剛元大59購02,TW25Z7016533,2025/11/17,上櫃,,RWSCCA,
701654　新應材元大55購19,TW25Z7016541,2025/11/17,上櫃,,RWSCCA,
701655　雙鴻元大59購01,TW25Z7016558,2025/11/17,上櫃,,RWSCCA,
701656　信昌電國泰56購01,TW25Z7016566,2025/11/17,上櫃,,RWSCCA,
701657　信昌電富邦56購01,TW25Z7016574,2025/11/17,上櫃,,RWSCCE,
701658　信昌電統一5C購02,TW25Z7016582,2025/11/17,上櫃,,RWSCCA,
701659　穩懋統一59購01,TW25Z7016590,2025/11/17,上櫃,,RWSCCA,
701660　力致群益55購01,TW25Z7016608,2025/11/17,上櫃,,RWSCCA,
701661　大江群益56購01,TW25Z7016616,2025/11/17,上櫃,,RWSCCA,
701662　台燿群益55購07,TW25Z7016624,2025/11/17,上櫃,,RWSCCA,
701663　宜鼎群益55購01,TW25Z7016632,2025/11/17,上櫃,,RWSCCA,
701664　宜鼎群益55購02,TW25Z7016640,2025/11/17,上櫃,,RWSCCA,
701665　信立群益55購02,TW25Z7016657,2025/11/17,上櫃,,RWSCCA,
701666　神盾群益56購05,TW25Z7016665,2025/11/17,上櫃,,RWSCCA,
701667　雙鴻群益5B購02,TW25Z7016673,2025/11/17,上櫃,,RWSCCA,
701668　元太元富55購02,TW25Z7016681,2025/11/17,上櫃,,RWSCCA,
701669　沛亨元富55購01,TW25Z7016699,2025/11/17,上櫃,,RWSCCA,
701670　宜鼎元富55購05,TW25Z7016707,2025/11/17,上櫃,,RWSCCA,
701671　鈊象元富55購01,TW25Z7016715,2025/11/17,上櫃,,RWSCCA,
701672　新應材元富55購02,TW25Z7016723,2025/11/17,上櫃,,RWSCCA,
701673　聖暉*元富55購01,TW25Z7016731,2025/11/17,上櫃,,RWSCCA,
701674　臺慶科元富55購01,TW25Z7016749,2025/11/17,上櫃,,RWSCCA,
701675　大江永豐57購01,TW25Z7016756,2025/11/17,上櫃,,RWSCCA,
701676　台燿永豐55購03,TW25Z7016764,2025/11/17,上櫃,,RWSCCA,
701677　台燿永豐58購01,TW25Z7016772,2025/11/17,上櫃,,RWSCCA,
701678　宜鼎永豐55購05,TW25Z7016780,2025/11/17,上櫃,,RWSCCA,
701679　昇達科永豐57購01,TW25Z7016798,2025/11/17,上櫃,,RWSCCA,
701680　宜鼎兆豐5B購01,TW25Z7016806,2025/11/18,上櫃,,RWSCCA,
701681　立敦元大55購01,TW25Z7016814,2025/11/18,上櫃,,RWSCCA,
701682　沛亨元大55購01,TW25Z7016822,2025/11/18,上櫃,,RWSCCA,
701683　系統電元大56購02,TW25Z7016830,2025/11/18,上櫃,,RWSCCA,
701684　佳邦元大55購01,TW25Z7016848,2025/11/18,上櫃,,RWSCCA,
701685　金山電元大55購01,TW25Z7016855,2025/11/18,上櫃,,RWSCCA,
701686　建榮元大55購01,TW25Z7016863,2025/11/18,上櫃,,RWSCCA,
701688　新應材元大55購20,TW25Z7016889,2025/11/18,上櫃,,RWSCCA,
701689　精材元大55購01,TW25Z7016897,2025/11/18,上櫃,,RWSCCA,
701690　系統電國泰56購01,TW25Z7016905,2025/11/18,上櫃,,RWSCCA,
701691　聖暉*國泰56購01,TW25Z7016913,2025/11/18,上櫃,,RWSCCA,
701692　台燿統一6B購01,TW25Z7016921,2025/11/18,上櫃,,RWSCCA,
701693　系統電統一5C購01,TW25Z7016939,2025/11/18,上櫃,,RWSCCA,
701694　系統電統一6B購01,TW25Z7016947,2025/11/18,上櫃,,RWSCCA,
701695　系統電統一6B購02,TW25Z7016954,2025/11/18,上櫃,,RWSCCA,
701696　宜鼎統一5A購01,TW25Z7016962,2025/11/18,上櫃,,RWSCCA,
701697　宜鼎統一5C購04,TW25Z7016970,2025/11/18,上櫃,,RWSCCA,
701698　宜鼎統一6B購01,TW25Z7016988,2025/11/18,上櫃,,RWSCCA,
701699　訊聯統一6B購01,TW25Z7016996,2025/11/18,上櫃,,RWSCCA,
701700　台燿凱基5B購01,TW25Z7017002,2025/11/18,上櫃,,RWSCCA,
701701　良維凱基55購03,TW25Z7017010,2025/11/18,上櫃,,RWSCCA,
701702　宜鼎凱基55購06,TW25Z7017028,2025/11/18,上櫃,,RWSCCA,
701703　宜鼎凱基55購07,TW25Z7017036,2025/11/18,上櫃,,RWSCCA,
701705　信昌電凱基56購02,TW25Z7017051,2025/11/18,上櫃,,RWSCCA,
701706　信昌電凱基57購02,TW25Z7017069,2025/11/18,上櫃,,RWSCCA,
701707　威剛凱基59購02,TW25Z7017077,2025/11/18,上櫃,,RWSCCA,
701708　鈊象凱基55購03,TW25Z7017085,2025/11/18,上櫃,,RWSCCA,
701709　三聯國票55購01,TW25Z7017093,2025/11/18,上櫃,,RWSCCA,
701710　宜鼎國票56購03,TW25Z7017101,2025/11/18,上櫃,,RWSCCA,
701711　宜鼎國票56購04,TW25Z7017119,2025/11/18,上櫃,,RWSCCA,
701712　系微元富55購01,TW25Z7017127,2025/11/18,上櫃,,RWSCCA,
701713　宜鼎元富55購06,TW25Z7017135,2025/11/18,上櫃,,RWSCCA,
701714　建榮元富55購01,TW25Z7017143,2025/11/18,上櫃,,RWSCCA,
701715　建榮元富55購02,TW25Z7017150,2025/11/18,上櫃,,RWSCCA,
701716　鈊象元富55購02,TW25Z7017168,2025/11/18,上櫃,,RWSCCA,
701717　新應材元富55購03,TW25Z7017176,2025/11/18,上櫃,,RWSCCA,
701718　大宇資永豐55購01,TW25Z7017184,2025/11/18,上櫃,,RWSCCA,
701719　系統電永豐57購01,TW25Z7017192,2025/11/18,上櫃,,RWSCCA,
701720　系統電永豐5A購01,TW25Z7017200,2025/11/18,上櫃,,RWSCCA,
701722　建榮永豐55購01,TW25Z7017226,2025/11/18,上櫃,,RWSCCA,
701723　雍智永豐57購01,TW25Z7017234,2025/11/18,上櫃,,RWSCCA,
701724　IET中信58購01,TW25Z7017242,2025/11/18,上櫃,,RWSCCE,
701725　台燿中信59購01,TW25Z7017259,2025/11/18,上櫃,,RWSCCE,
701726　建榮中信55購01,TW25Z7017267,2025/11/18,上櫃,,RWSCCE,
701727　宜鼎群益55購03,TW25Z7017275,2025/11/18,上櫃,,RWSCCA,
701728　昇達科群益55購02,TW25Z7017283,2025/11/18,上櫃,,RWSCCA,
701730　威剛群益58購02,TW25Z7017309,2025/11/18,上櫃,,RWSCCA,
701731　翔名群益56購01,TW25Z7017317,2025/11/18,上櫃,,RWSCCA,
701732　新普群益55購01,TW25Z7017325,2025/11/18,上櫃,,RWSCCA,
701733　雍智群益57購02,TW25Z7017333,2025/11/18,上櫃,,RWSCCA,
701734　大學光凱基55購01,TW25Z7017341,2025/11/19,上櫃,,RWSCCA,
701735　中光電凱基55購04,TW25Z7017358,2025/11/19,上櫃,,RWSCCA,
701736　立敦凱基55購01,TW25Z7017366,2025/11/19,上櫃,,RWSCCA,
701737　沛亨凱基55購01,TW25Z7017374,2025/11/19,上櫃,,RWSCCA,
701738　良維凱基55購04,TW25Z7017382,2025/11/19,上櫃,,RWSCCA,
701739　信立凱基55購02,TW25Z7017390,2025/11/19,上櫃,,RWSCCA,
701740　建榮凱基55購03,TW25Z7017408,2025/11/19,上櫃,,RWSCCA,
701741　建榮凱基58購01,TW25Z7017416,2025/11/19,上櫃,,RWSCCA,
701742　新應材凱基55購05,TW25Z7017424,2025/11/19,上櫃,,RWSCCA,
701743　濱川凱基55購01,TW25Z7017432,2025/11/19,上櫃,,RWSCCA,
701744　濱川凱基55購02,TW25Z7017440,2025/11/19,上櫃,,RWSCCA,
701745　濱川凱基55購03,TW25Z7017457,2025/11/19,上櫃,,RWSCCA,
701746　台燿元大55購03,TW25Z7017465,2025/11/19,上櫃,,RWSCCA,
701747　光頡元大55購01,TW25Z7017473,2025/11/19,上櫃,,RWSCCA,
701748　良維元大58購02,TW25Z7017481,2025/11/19,上櫃,,RWSCCA,
701749　信昌電元大55購03,TW25Z7017499,2025/11/19,上櫃,,RWSCCA,
701750　信昌電元大55購05,TW25Z7017507,2025/11/19,上櫃,,RWSCCA,
701751　信昌電元大56購01,TW25Z7017515,2025/11/19,上櫃,,RWSCCA,
701752　威剛元大58購03,TW25Z7017523,2025/11/19,上櫃,,RWSCCA,
701753　建榮元大55購02,TW25Z7017531,2025/11/19,上櫃,,RWSCCA,
701754　泰茂元大55購01,TW25Z7017549,2025/11/19,上櫃,,RWSCCA,
701756　華星光元大58購02,TW25Z7017564,2025/11/19,上櫃,,RWSCCA,
701757　新應材元大55購21,TW25Z7017572,2025/11/19,上櫃,,RWSCCA,
701758　臺慶科元大55購03,TW25Z7017580,2025/11/19,上櫃,,RWSCCA,
701759　雙鴻元大55購10,TW25Z7017598,2025/11/19,上櫃,,RWSCCA,
701760　耀勝元大55購01,TW25Z7017606,2025/11/19,上櫃,,RWSCCA,
701761　金山電國票56購01,TW25Z7017614,2025/11/19,上櫃,,RWSCCA,
701762　信昌電國票5B購01,TW25Z7017622,2025/11/19,上櫃,,RWSCCA,
701763　建榮國票57購01,TW25Z7017630,2025/11/19,上櫃,,RWSCCA,
701764　高端國票56購01,TW25Z7017648,2025/11/19,上櫃,,RWSCCA,
701765　高端國票57購01,TW25Z7017655,2025/11/19,上櫃,,RWSCCA,
701767　濱川國票56購01,TW25Z7017671,2025/11/19,上櫃,,RWSCCA,
701768　印能國泰56購01,TW25Z7017689,2025/11/19,上櫃,,RWSCCA,
701769　金山電國泰56購01,TW25Z7017697,2025/11/19,上櫃,,RWSCCA,
701770　建榮國泰56購02,TW25Z7017705,2025/11/19,上櫃,,RWSCCA,
701771　家登國泰56購02,TW25Z7017713,2025/11/19,上櫃,,RWSCCA,
701772　萬泰科國泰56購01,TW25Z7017721,2025/11/19,上櫃,,RWSCCA,
701773　信昌電富邦55購01,TW25Z7017739,2025/11/19,上櫃,,RWSCCE,
701774　鈊象富邦57購03,TW25Z7017747,2025/11/19,上櫃,,RWSCCE,
701775　新應材富邦55購02,TW25Z7017754,2025/11/19,上櫃,,RWSCCE,
701776　萬泰科富邦55購01,TW25Z7017762,2025/11/19,上櫃,,RWSCCE,
701777　萬潤富邦57購01,TW25Z7017770,2025/11/19,上櫃,,RWSCCE,
701778　譜瑞富邦57購01,TW25Z7017788,2025/11/19,上櫃,,RWSCCE,
701779　昇達科群益55購03,TW25Z7017796,2025/11/19,上櫃,,RWSCCA,
701780　華星光群益55購06,TW25Z7017804,2025/11/19,上櫃,,RWSCCA,
701781　濱川元富56購01,TW25Z7017812,2025/11/19,上櫃,,RWSCCA,
701782　譜瑞中信55購01,TW25Z7017820,2025/11/19,上櫃,,RWSCCE,
701783　信昌電永豐57購01,TW25Z7017838,2025/11/19,上櫃,,RWSCCA,
701784　建榮永豐58購01,TW25Z7017846,2025/11/19,上櫃,,RWSCCA,
701785　茂迪永豐56購01,TW25Z7017853,2025/11/19,上櫃,,RWSCCA,
701786　原相永豐56購02,TW25Z7017861,2025/11/19,上櫃,,RWSCCA,
701787　神盾永豐56購01,TW25Z7017879,2025/11/19,上櫃,,RWSCCA,
701788　訊聯永豐5B購01,TW25Z7017887,2025/11/19,上櫃,,RWSCCA,
701789　濱川永豐58購01,TW25Z7017895,2025/11/19,上櫃,,RWSCCA,
701790　元太凱基55購03,TW25Z7017903,2025/11/20,上櫃,,RWSCCA,
701791　台燿凱基55購07,TW25Z7017911,2025/11/20,上櫃,,RWSCCA,
701792　巨有凱基55購01,TW25Z7017929,2025/11/20,上櫃,,RWSCCA,
701793　威剛凱基57購02,TW25Z7017937,2025/11/20,上櫃,,RWSCCA,
701794　威剛凱基58購02,TW25Z7017945,2025/11/20,上櫃,,RWSCCA,
701797　家登凱基55購02,TW25Z7017978,2025/11/20,上櫃,,RWSCCA,
701798　泰茂凱基55購01,TW25Z7017986,2025/11/20,上櫃,,RWSCCA,
701799　新普凱基55購01,TW25Z7017994,2025/11/20,上櫃,,RWSCCA,
701800　臺慶科凱基55購02,TW25Z7018000,2025/11/20,上櫃,,RWSCCA,
701801　威剛國泰56購02,TW25Z7018018,2025/11/20,上櫃,,RWSCCA,
701802　威剛富邦57購01,TW25Z7018026,2025/11/20,上櫃,,RWSCCE,
701803　威剛富邦59購01,TW25Z7018034,2025/11/20,上櫃,,RWSCCE,
701804　巨有統一6B購01,TW25Z7018042,2025/11/20,上櫃,,RWSCCA,
701805　濱川統一65購01,TW25Z7018059,2025/11/20,上櫃,,RWSCCA,
701806　濱川統一6B購01,TW25Z7018067,2025/11/20,上櫃,,RWSCCA,
701807　濱川統一6B購02,TW25Z7018075,2025/11/20,上櫃,,RWSCCA,
701808　濱川統一6B購03,TW25Z7018083,2025/11/20,上櫃,,RWSCCA,
701809　IET國票56購01,TW25Z7018091,2025/11/20,上櫃,,RWSCCA,
701810　大宇資國票56購01,TW25Z7018109,2025/11/20,上櫃,,RWSCCA,
701811　立敦國票55購02,TW25Z7018117,2025/11/20,上櫃,,RWSCCA,
701812　光頡國票55購01,TW25Z7018125,2025/11/20,上櫃,,RWSCCA,
701813　光頡國票56購01,TW25Z7018133,2025/11/20,上櫃,,RWSCCA,
701815　華電網國票56購01,TW25Z7018158,2025/11/20,上櫃,,RWSCCA,
701817　中美晶元大55購02,TW25Z7018174,2025/11/20,上櫃,,RWSCCA,
701818　台燿元大55購04,TW25Z7018182,2025/11/20,上櫃,,RWSCCA,
701819　立敦元大55購02,TW25Z7018190,2025/11/20,上櫃,,RWSCCA,
701820　系統電元大55購01,TW25Z7018208,2025/11/20,上櫃,,RWSCCA,
701821　良維元大55購03,TW25Z7018216,2025/11/20,上櫃,,RWSCCA,
701822　訊聯元大5B購02,TW25Z7018224,2025/11/20,上櫃,,RWSCCA,
701824　華星光元大58購03,TW25Z7018240,2025/11/20,上櫃,,RWSCCA,
701825　華電網元大55購02,TW25Z7018257,2025/11/20,上櫃,,RWSCCA,
701826　新應材元大55購22,TW25Z7018265,2025/11/20,上櫃,,RWSCCA,
701827　優群元大55購01,TW25Z7018273,2025/11/20,上櫃,,RWSCCA,
701828　威剛兆豐5B購01,TW25Z7018281,2025/11/20,上櫃,,RWSCCA,
701830　訊聯群益57購01,TW25Z7018307,2025/11/20,上櫃,,RWSCCA,
701832　系統電元富56購01,TW25Z7018323,2025/11/20,上櫃,,RWSCCA,
701833　威剛元富55購06,TW25Z7018331,2025/11/20,上櫃,,RWSCCA,
701834　神盾元富56購02,TW25Z7018349,2025/11/20,上櫃,,RWSCCA,
701835　凱崴元富55購03,TW25Z7018356,2025/11/20,上櫃,,RWSCCA,
701836　巨有永豐58購01,TW25Z7018364,2025/11/20,上櫃,,RWSCCA,
701837　威剛永豐56購04,TW25Z7018372,2025/11/20,上櫃,,RWSCCA,
701838　聖暉*永豐55購02,TW25Z7018380,2025/11/20,上櫃,,RWSCCA,
701839　雙鴻永豐57購02,TW25Z7018398,2025/11/20,上櫃,,RWSCCA,
701840　台燿中信55購01,TW25Z7018406,2025/11/20,上櫃,,RWSCCE,
701841　威剛中信56購01,TW25Z7018414,2025/11/20,上櫃,,RWSCCE,
701842　華星光中信58購01,TW25Z7018422,2025/11/20,上櫃,,RWSCCE,
701843　光頡凱基55購01,TW25Z7018430,2025/11/21,上櫃,,RWSCCA,
701844　系統電凱基55購01,TW25Z7018448,2025/11/21,上櫃,,RWSCCA,
701845　良維凱基5A購01,TW25Z7018455,2025/11/21,上櫃,,RWSCCA,
701846　華星光凱基56購01,TW25Z7018463,2025/11/21,上櫃,,RWSCCA,
701847　新應材凱基55購06,TW25Z7018471,2025/11/21,上櫃,,RWSCCA,
701848　優群凱基55購02,TW25Z7018489,2025/11/21,上櫃,,RWSCCA,
701849　雙鴻凱基55購11,TW25Z7018497,2025/11/21,上櫃,,RWSCCA,
701850　M31國泰56購01,TW25Z7018505,2025/11/21,上櫃,,RWSCCA,
701851　雙鴻國泰56購02,TW25Z7018513,2025/11/21,上櫃,,RWSCCA,
701852　台燿富邦55購01,TW25Z7018521,2025/11/21,上櫃,,RWSCCE,
701853　巨有統一6B購02,TW25Z7018539,2025/11/21,上櫃,,RWSCCA,
701854　弘塑中信5B購01,TW25Z7018547,2025/11/21,上櫃,,RWSCCE,
701855　威剛中信5B購01,TW25Z7018554,2025/11/21,上櫃,,RWSCCE,
701856　IET永豐55購01,TW25Z7018562,2025/11/21,上櫃,,RWSCCA,
701857　光頡永豐57購01,TW25Z7018570,2025/11/21,上櫃,,RWSCCA,
701858　元太群益55購01,TW25Z7018588,2025/11/21,上櫃,,RWSCCA,
701859　台燿群益55購08,TW25Z7018596,2025/11/21,上櫃,,RWSCCA,
701860　良維群益56購06,TW25Z7018604,2025/11/21,上櫃,,RWSCCA,
701862　大綜國票55購01,TW25Z7018620,2025/11/21,上櫃,,RWSCCA,
701863　天品國票55購01,TW25Z7018638,2025/11/21,上櫃,,RWSCCA,
701864　永捷國票55購02,TW25Z7018646,2025/11/21,上櫃,,RWSCCA,
701865　永捷國票56購01,TW25Z7018653,2025/11/21,上櫃,,RWSCCA,
701866　均華國票55購01,TW25Z7018661,2025/11/21,上櫃,,RWSCCA,
701868　信音國票57購01,TW25Z7018687,2025/11/21,上櫃,,RWSCCA,
701869　陽程國票55購01,TW25Z7018695,2025/11/21,上櫃,,RWSCCA,
701870　陽程國票56購01,TW25Z7018703,2025/11/21,上櫃,,RWSCCA,
701871　新應材國票55購02,TW25Z7018711,2025/11/21,上櫃,,RWSCCA,
701872　驊訊國票55購01,TW25Z7018729,2025/11/21,上櫃,,RWSCCA,
701873　大中元大55購01,TW25Z7018737,2025/11/21,上櫃,,RWSCCA,
701874　元太元大55購02,TW25Z7018745,2025/11/21,上櫃,,RWSCCA,
701875　台燿元大55購05,TW25Z7018752,2025/11/21,上櫃,,RWSCCA,
701876　威剛元大57購03,TW25Z7018760,2025/11/21,上櫃,,RWSCCA,
701877　家登元大55購01,TW25Z7018778,2025/11/21,上櫃,,RWSCCA,
701878　神盾元大59購01,TW25Z7018786,2025/11/21,上櫃,,RWSCCA,
701880　新應材元大55購23,TW25Z7018802,2025/11/21,上櫃,,RWSCCA,
701881　精材元大55購02,TW25Z7018810,2025/11/21,上櫃,,RWSCCA,
701882　雙鴻元大55購11,TW25Z7018828,2025/11/21,上櫃,,RWSCCA,
701884　系統電國票56購02,TW25Z7018844,2025/11/24,上櫃,,RWSCCA,
701885　信驊國票56購05,TW25Z7018851,2025/11/24,上櫃,,RWSCCA,
701886　家登國票55購02,TW25Z7018869,2025/11/24,上櫃,,RWSCCA,
701887　家登國票56購01,TW25Z7018877,2025/11/24,上櫃,,RWSCCA,
701888　聖暉*國票56購02,TW25Z7018885,2025/11/24,上櫃,,RWSCCA,
701889　大樹群益55購01,TW25Z7018893,2025/11/24,上櫃,,RWSCCA,
701890　信驊群益55購01,TW25Z7018901,2025/11/24,上櫃,,RWSCCA,
701891　信驊群益57購02,TW25Z7018919,2025/11/24,上櫃,,RWSCCA,
701892　優群群益57購01,TW25Z7018927,2025/11/24,上櫃,,RWSCCA,
701893　穩懋國泰56購03,TW25Z7018935,2025/11/24,上櫃,,RWSCCA,
701894　中美晶元大55購03,TW25Z7018943,2025/11/24,上櫃,,RWSCCA,
701895　光頡元大55購02,TW25Z7018950,2025/11/24,上櫃,,RWSCCA,
701896　宜特元大55購01,TW25Z7018968,2025/11/24,上櫃,,RWSCCA,
701897　朋程元大55購01,TW25Z7018976,2025/11/24,上櫃,,RWSCCA,
701898　信驊元大55購03,TW25Z7018984,2025/11/24,上櫃,,RWSCCA,
701899　信驊元大55購04,TW25Z7018992,2025/11/24,上櫃,,RWSCCA,
701900　家登元大55購02,TW25Z7019008,2025/11/24,上櫃,,RWSCCA,
701901　新應材元大55購24,TW25Z7019016,2025/11/24,上櫃,,RWSCCA,
701902　精材元大55購03,TW25Z7019024,2025/11/24,上櫃,,RWSCCA,
701903　臺慶科元大55購04,TW25Z7019032,2025/11/24,上櫃,,RWSCCA,
701905　元太凱基55購04,TW25Z7019057,2025/11/24,上櫃,,RWSCCA,
701906　台燿凱基55購08,TW25Z7019065,2025/11/24,上櫃,,RWSCCA,
701907　金山電凱基55購02,TW25Z7019073,2025/11/24,上櫃,,RWSCCA,
701908　信立凱基5B購01,TW25Z7019081,2025/11/24,上櫃,,RWSCCA,
701909　信驊凱基56購01,TW25Z7019099,2025/11/24,上櫃,,RWSCCA,
701911　家登凱基55購03,TW25Z7019115,2025/11/24,上櫃,,RWSCCA,
701912　新應材凱基56購04,TW25Z7019123,2025/11/24,上櫃,,RWSCCA,
701913　精材凱基55購05,TW25Z7019131,2025/11/24,上櫃,,RWSCCA,
701914　臺慶科凱基55購03,TW25Z7019149,2025/11/24,上櫃,,RWSCCA,
701917　信驊富邦57購01,TW25Z7019172,2025/11/24,上櫃,,RWSCCE,
701918　信驊元富58購02,TW25Z7019180,2025/11/24,上櫃,,RWSCCA,
701919　信驊元富5B購01,TW25Z7019198,2025/11/24,上櫃,,RWSCCA,
701920　光頡永豐58購01,TW25Z7019206,2025/11/24,上櫃,,RWSCCA,
701921　信驊永豐56購03,TW25Z7019214,2025/11/24,上櫃,,RWSCCA,
701922　大樹凱基55購01,TW25Z7019222,2025/11/25,上櫃,,RWSCCA,
701923　光頡凱基55購02,TW25Z7019230,2025/11/25,上櫃,,RWSCCA,
701925　朋程凱基55購01,TW25Z7019255,2025/11/25,上櫃,,RWSCCA,
701926　聖暉*凱基55購02,TW25Z7019263,2025/11/25,上櫃,,RWSCCA,
701927　元太兆豐55購02,TW25Z7019271,2025/11/25,上櫃,,RWSCCA,
701928　台燿兆豐57購02,TW25Z7019289,2025/11/25,上櫃,,RWSCCA,
701929　元太國票56購02,TW25Z7019297,2025/11/25,上櫃,,RWSCCA,
701930　光頡國票55購02,TW25Z7019305,2025/11/25,上櫃,,RWSCCA,
701931　光頡國票57購01,TW25Z7019313,2025/11/25,上櫃,,RWSCCA,
701932　朋程國票55購01,TW25Z7019321,2025/11/25,上櫃,,RWSCCA,
701933　金益鼎國票56購01,TW25Z7019339,2025/11/25,上櫃,,RWSCCA,
701934　頎邦國票56購02,TW25Z7019347,2025/11/25,上櫃,,RWSCCA,
701935　精材國票56購02,TW25Z7019354,2025/11/25,上櫃,,RWSCCA,
701936　臺慶科國票56購01,TW25Z7019362,2025/11/25,上櫃,,RWSCCA,
701937　台燿國泰56購04,TW25Z7019370,2025/11/25,上櫃,,RWSCCA,
701938　信立國泰56購01,TW25Z7019388,2025/11/25,上櫃,,RWSCCA,
701939　IET元大55購02,TW25Z7019396,2025/11/25,上櫃,,RWSCCA,
701940　元太元大55購03,TW25Z7019404,2025/11/25,上櫃,,RWSCCA,
701941　台燿元大55購06,TW25Z7019412,2025/11/25,上櫃,,RWSCCA,
701942　宜鼎元大55購07,TW25Z7019420,2025/11/25,上櫃,,RWSCCA,
701943　宜鼎元大55購08,TW25Z7019438,2025/11/25,上櫃,,RWSCCA,
701944　信音元大55購01,TW25Z7019446,2025/11/25,上櫃,,RWSCCA,
701945　威剛元大55購03,TW25Z7019453,2025/11/25,上櫃,,RWSCCA,
701946　精材元大55購04,TW25Z7019461,2025/11/25,上櫃,,RWSCCA,
701947　優群元大55購02,TW25Z7019479,2025/11/25,上櫃,,RWSCCA,
701948　鴻呈元大55購01,TW25Z7019487,2025/11/25,上櫃,,RWSCCA,
701949　元太群益57購01,TW25Z7019495,2025/11/25,上櫃,,RWSCCA,
701950　竹陞群益55購01,TW25Z7019503,2025/11/25,上櫃,,RWSCCA,
701951　華星光群益55購07,TW25Z7019511,2025/11/25,上櫃,,RWSCCA,
701952　精材群益55購05,TW25Z7019529,2025/11/25,上櫃,,RWSCCA,
701953　華星光元富55購03,TW25Z7019537,2025/11/25,上櫃,,RWSCCA,
701954　擎亞元富55購01,TW25Z7019545,2025/11/25,上櫃,,RWSCCA,
701957　宏捷科國票56購01,TW25Z7019578,2025/11/26,上櫃,,RWSCCA,
701959　金山電國票56購02,TW25Z7019594,2025/11/26,上櫃,,RWSCCA,
701960　鈊象國票56購02,TW25Z7019602,2025/11/26,上櫃,,RWSCCA,
701961　新應材國票56購04,TW25Z7019610,2025/11/26,上櫃,,RWSCCA,
701963　穩得國票55購03,TW25Z7019636,2025/11/26,上櫃,,RWSCCA,
701964　譜瑞國票56購03,TW25Z7019644,2025/11/26,上櫃,,RWSCCA,
701965　元太凱基55購05,TW25Z7019651,2025/11/26,上櫃,,RWSCCA,
701966　弘塑凱基55購03,TW25Z7019669,2025/11/26,上櫃,,RWSCCA,
701967　金山電凱基55購03,TW25Z7019677,2025/11/26,上櫃,,RWSCCA,
701968　金益鼎凱基56購01,TW25Z7019685,2025/11/26,上櫃,,RWSCCA,
701971　臺慶科凱基59購01,TW25Z7019719,2025/11/26,上櫃,,RWSCCA,
701972　優群凱基55購03,TW25Z7019727,2025/11/26,上櫃,,RWSCCA,
701973　欣銓國泰56購01,TW25Z7019735,2025/11/26,上櫃,,RWSCCA,
701974　廣明國泰56購01,TW25Z7019743,2025/11/26,上櫃,,RWSCCA,
701976　元太群益56購02,TW25Z7019768,2025/11/26,上櫃,,RWSCCA,
701977　聖暉*群益55購06,TW25Z7019776,2025/11/26,上櫃,,RWSCCA,
701978　弘塑元富56購01,TW25Z7019784,2025/11/26,上櫃,,RWSCCA,
701979　系統電元富55購01,TW25Z7019792,2025/11/26,上櫃,,RWSCCA,
701980　新應材元富55購04,TW25Z7019800,2025/11/26,上櫃,,RWSCCA,
701981　中美晶元大55購04,TW25Z7019818,2025/11/26,上櫃,,RWSCCA,
701982　台燿元大55購07,TW25Z7019826,2025/11/26,上櫃,,RWSCCA,
701983　金山電元大55購02,TW25Z7019834,2025/11/26,上櫃,,RWSCCA,
701984　家登元大55購03,TW25Z7019842,2025/11/26,上櫃,,RWSCCA,
701986　湧德元大55購01,TW25Z7019867,2025/11/26,上櫃,,RWSCCA,
701987　優群元大55購03,TW25Z7019875,2025/11/26,上櫃,,RWSCCA,
701989　天品國票56購01,TW25Z7019891,2025/11/27,上櫃,,RWSCCA,
701990　沛亨國票56購02,TW25Z7019909,2025/11/27,上櫃,,RWSCCA,
701991　華電網國票57購01,TW25Z7019917,2025/11/27,上櫃,,RWSCCA,
701992　寬宏國票55購02,TW25Z7019925,2025/11/27,上櫃,,RWSCCA,
701993　穩懋兆豐56購01,TW25Z7019933,2025/11/27,上櫃,,RWSCCA,
701994　中光電群益56購02,TW25Z7019941,2025/11/27,上櫃,,RWSCCA,
701995　元太群益55購02,TW25Z7019958,2025/11/27,上櫃,,RWSCCA,
701996　弘塑群益57購03,TW25Z7019966,2025/11/27,上櫃,,RWSCCA,
701997　金益鼎群益56購02,TW25Z7019974,2025/11/27,上櫃,,RWSCCA,
701998　智通*群益55購01,TW25Z7019982,2025/11/27,上櫃,,RWSCCA,
701999　湧德群益56購01,TW25Z7019990,2025/11/27,上櫃,,RWSCCA,
702000　華電網群益55購01,TW25Z7020006,2025/11/27,上櫃,,RWSCCA,
702001　優群群益57購02,TW25Z7020014,2025/11/27,上櫃,,RWSCCA,
702002　譜瑞群益57購02,TW25Z7020022,2025/11/27,上櫃,,RWSCCA,
702003　元太國泰56購01,TW25Z7020030,2025/11/27,上櫃,,RWSCCA,
702004　元太國泰56購02,TW25Z7020048,2025/11/27,上櫃,,RWSCCA,
702005　台半富邦57購01,TW25Z7020055,2025/11/27,上櫃,,RWSCCE,
702006　家登富邦57購01,TW25Z7020063,2025/11/27,上櫃,,RWSCCE,
702007　智通*富邦57購01,TW25Z7020071,2025/11/27,上櫃,,RWSCCE,
702008　IET元大55購03,TW25Z7020089,2025/11/27,上櫃,,RWSCCA,
702009　中光電元大55購01,TW25Z7020097,2025/11/27,上櫃,,RWSCCA,
702010　台燿元大55購09,TW25Z7020105,2025/11/27,上櫃,,RWSCCA,
702011　宏捷科元大55購01,TW25Z7020113,2025/11/27,上櫃,,RWSCCA,
702012　宜鼎元大55購09,TW25Z7020121,2025/11/27,上櫃,,RWSCCA,
702016　華星光元大58購04,TW25Z7020162,2025/11/27,上櫃,,RWSCCA,
702017　元太凱基56購01,TW25Z7020170,2025/11/27,上櫃,,RWSCCA,
702018　台燿凱基5B購02,TW25Z7020188,2025/11/27,上櫃,,RWSCCA,
702019　宏捷科凱基56購01,TW25Z7020196,2025/11/27,上櫃,,RWSCCA,
702020　良維凱基55購05,TW25Z7020204,2025/11/27,上櫃,,RWSCCA,
702021　家登凱基55購04,TW25Z7020212,2025/11/27,上櫃,,RWSCCA,
702022　鈊象凱基56購02,TW25Z7020220,2025/11/27,上櫃,,RWSCCA,
702023　聖暉*凱基55購03,TW25Z7020238,2025/11/27,上櫃,,RWSCCA,
702024　精材凱基56購01,TW25Z7020246,2025/11/27,上櫃,,RWSCCA,
702025　擎亞凱基55購02,TW25Z7020253,2025/11/27,上櫃,,RWSCCA,
702027　金益鼎永豐56購01,TW25Z7020279,2025/11/27,上櫃,,RWSCCA,
702028　昇達科中信5A購01,TW25Z7020287,2025/11/27,上櫃,,RWSCCE,
702029　元太元富55購03,TW25Z7020295,2025/11/27,上櫃,,RWSCCA,
702030　晟田元富55購01,TW25Z7020303,2025/11/27,上櫃,,RWSCCA,
702031　鈊象元富55購03,TW25Z7020311,2025/11/27,上櫃,,RWSCCA,
702033　金益鼎凱基55購01,TW25Z7020337,2025/11/28,上櫃,,RWSCCA,
702034　家登凱基55購05,TW25Z7020345,2025/11/28,上櫃,,RWSCCA,
702035　鈊象凱基57購01,TW25Z7020352,2025/11/28,上櫃,,RWSCCA,
702038　沛亨國泰56購01,TW25Z7020386,2025/11/28,上櫃,,RWSCCA,
702039　宜特國泰56購01,TW25Z7020394,2025/11/28,上櫃,,RWSCCA,
702040　神盾國泰56購02,TW25Z7020402,2025/11/28,上櫃,,RWSCCA,
702041　臺慶科國泰56購01,TW25Z7020410,2025/11/28,上櫃,,RWSCCA,
702042　中光電元大55購02,TW25Z7020428,2025/11/28,上櫃,,RWSCCA,
702043　台燿元大55購10,TW25Z7020436,2025/11/28,上櫃,,RWSCCA,
702044　良維元大55購04,TW25Z7020444,2025/11/28,上櫃,,RWSCCA,
702045　昇達科元大55購03,TW25Z7020451,2025/11/28,上櫃,,RWSCCA,
702046　昇達科元大57購05,TW25Z7020469,2025/11/28,上櫃,,RWSCCA,
702047　信立元大59購01,TW25Z7020477,2025/11/28,上櫃,,RWSCCA,
702049　威剛元大55購06,TW25Z7020493,2025/11/28,上櫃,,RWSCCA,
702051　陽程元大55購01,TW25Z7020519,2025/11/28,上櫃,,RWSCCA,
702053　竹陞元富55購02,TW25Z7020535,2025/11/28,上櫃,,RWSCCA,
702054　華星光元富55購04,TW25Z7020543,2025/11/28,上櫃,,RWSCCA,
702055　鈊象元富55購04,TW25Z7020550,2025/11/28,上櫃,,RWSCCA,
702056　新應材元富55購05,TW25Z7020568,2025/11/28,上櫃,,RWSCCA,
702057　臺慶科元富55購03,TW25Z7020576,2025/11/28,上櫃,,RWSCCA,
702058　穩懋元富55購01,TW25Z7020584,2025/11/28,上櫃,,RWSCCA,
702059　穩懋元富56購01,TW25Z7020592,2025/11/28,上櫃,,RWSCCA,
702060　IET中信59購01,TW25Z7020600,2025/11/28,上櫃,,RWSCCE,
702061　宜鼎中信5A購01,TW25Z7020618,2025/11/28,上櫃,,RWSCCE,
702062　台燿永豐56購04,TW25Z7020626,2025/11/28,上櫃,,RWSCCA,
702063　智通*永豐56購01,TW25Z7020634,2025/11/28,上櫃,,RWSCCA,
702064　元太國票56購03,TW25Z7020642,2025/11/28,上櫃,,RWSCCA,
702065　尼克森國票55購01,TW25Z7020659,2025/11/28,上櫃,,RWSCCA,
702067　亞通國票55購02,TW25Z7020675,2025/11/28,上櫃,,RWSCCA,
702068　金益鼎國票56購02,TW25Z7020683,2025/11/28,上櫃,,RWSCCA,
702069　信音國票55購02,TW25Z7020691,2025/11/28,上櫃,,RWSCCA,
702071　順達國票56購03,TW25Z7020717,2025/11/28,上櫃,,RWSCCA,
702072　聖暉*國票56購03,TW25Z7020725,2025/11/28,上櫃,,RWSCCA,
702073　昇達科兆豐57購01,TW25Z7020733,2025/11/28,上櫃,,RWSCCA,
702074　鈊象兆豐57購01,TW25Z7020741,2025/11/28,上櫃,,RWSCCA,
702075　元太群益55購03,TW25Z7020758,2025/11/28,上櫃,,RWSCCA,
702076　宏捷科群益55購01,TW25Z7020766,2025/11/28,上櫃,,RWSCCA,
702077　沛亨群益55購01,TW25Z7020774,2025/11/28,上櫃,,RWSCCA,
702078　良維群益55購03,TW25Z7020782,2025/11/28,上櫃,,RWSCCA,
702079　凱崴群益57購01,TW25Z7020790,2025/11/28,上櫃,,RWSCCA,
702080　聖暉*群益55購07,TW25Z7020808,2025/11/28,上櫃,,RWSCCA,
702081　精材群益55購06,TW25Z7020816,2025/11/28,上櫃,,RWSCCA,
702082　中光電凱基56購03,TW25Z7020824,2025/12/01,上櫃,,RWSCCA,
702083　台燿凱基57購02,TW25Z7020832,2025/12/01,上櫃,,RWSCCA,
702084　正德凱基56購01,TW25Z7020840,2025/12/01,上櫃,,RWSCCA,
702086　旺矽凱基56購06,TW25Z7020865,2025/12/01,上櫃,,RWSCCA,
702087　旺矽凱基56購07,TW25Z7020873,2025/12/01,上櫃,,RWSCCA,
702089　信昌電凱基56購03,TW25Z7020899,2025/12/01,上櫃,,RWSCCA,
702091　博大凱基56購01,TW25Z7020915,2025/12/01,上櫃,,RWSCCA,
702092　新應材凱基57購03,TW25Z7020923,2025/12/01,上櫃,,RWSCCA,
702093　台燿國泰56購05,TW25Z7020931,2025/12/01,上櫃,,RWSCCA,
702094　旺矽國泰56購02,TW25Z7020949,2025/12/01,上櫃,,RWSCCA,
702095　中光電富邦56購01,TW25Z7020956,2025/12/01,上櫃,,RWSCCE,
702096　千附精國票57購01,TW25Z7020964,2025/12/01,上櫃,,RWSCCA,
702097　大學光國票56購01,TW25Z7020972,2025/12/01,上櫃,,RWSCCA,
702098　台燿國票56購04,TW25Z7020980,2025/12/01,上櫃,,RWSCCA,
702099　家登國票56購02,TW25Z7020998,2025/12/01,上櫃,,RWSCCA,
702101　新應材國票56購05,TW25Z7021012,2025/12/01,上櫃,,RWSCCA,
702102　中光電群益56購03,TW25Z7021020,2025/12/01,上櫃,,RWSCCA,
702103　宏觀群益56購01,TW25Z7021038,2025/12/01,上櫃,,RWSCCA,
702104　旺矽群益56購05,TW25Z7021046,2025/12/01,上櫃,,RWSCCA,
702106　陽程群益56購01,TW25Z7021061,2025/12/01,上櫃,,RWSCCA,
702107　精剛群益56購01,TW25Z7021079,2025/12/01,上櫃,,RWSCCA,
702109　沛亨元富56購01,TW25Z7021095,2025/12/01,上櫃,,RWSCCA,
702110　旺矽元富58購01,TW25Z7021103,2025/12/01,上櫃,,RWSCCA,
702111　旺矽元富58購02,TW25Z7021111,2025/12/01,上櫃,,RWSCCA,
702112　晟田元富56購01,TW25Z7021129,2025/12/01,上櫃,,RWSCCA,
702113　元太中信56購01,TW25Z7021137,2025/12/01,上櫃,,RWSCCE,
702114　台燿中信56購01,TW25Z7021145,2025/12/01,上櫃,,RWSCCE,
702115　宇峻永豐56購01,TW25Z7021152,2025/12/01,上櫃,,RWSCCA,
702116　旺矽永豐56購03,TW25Z7021160,2025/12/01,上櫃,,RWSCCA,
702117　旺矽永豐57購01,TW25Z7021178,2025/12/01,上櫃,,RWSCCA,
702118　旺矽永豐58購01,TW25Z7021186,2025/12/01,上櫃,,RWSCCA,
702119　華星光永豐56購04,TW25Z7021194,2025/12/01,上櫃,,RWSCCA,
702120　精材永豐56購02,TW25Z7021202,2025/12/01,上櫃,,RWSCCA,
702121　台燿元大56購01,TW25Z7021210,2025/12/01,上櫃,,RWSCCA,
702123　宜鼎元大56購04,TW25Z7021236,2025/12/01,上櫃,,RWSCCA,
702124　旺矽元大56購04,TW25Z7021244,2025/12/01,上櫃,,RWSCCA,
702125　旺矽元大5B購01,TW25Z7021251,2025/12/01,上櫃,,RWSCCA,
702127　金益鼎元大56購01,TW25Z7021277,2025/12/01,上櫃,,RWSCCA,
702128　信昌電元大56購02,TW25Z7021285,2025/12/01,上櫃,,RWSCCA,
702129　精材元大56購01,TW25Z7021293,2025/12/01,上櫃,,RWSCCA,
702130　穩懋元大56購01,TW25Z7021301,2025/12/01,上櫃,,RWSCCA,
702131　元太兆豐58購01,TW25Z7021319,2025/12/02,上櫃,,RWSCCA,
702133　良維凱基5B購01,TW25Z7021335,2025/12/02,上櫃,,RWSCCA,
702134　信昌電凱基57購03,TW25Z7021343,2025/12/02,上櫃,,RWSCCA,
702135　頎邦凱基56購01,TW25Z7021350,2025/12/02,上櫃,,RWSCCA,
702137　系統電國泰57購01,TW25Z7021376,2025/12/02,上櫃,,RWSCCA,
702138　威剛國泰57購01,TW25Z7021384,2025/12/02,上櫃,,RWSCCA,
702139　精測國泰57購01,TW25Z7021392,2025/12/02,上櫃,,RWSCCA,
702140　台燿富邦56購02,TW25Z7021400,2025/12/02,上櫃,,RWSCCE,
702141　新應材富邦56購02,TW25Z7021418,2025/12/02,上櫃,,RWSCCE,
702142　精測富邦58購01,TW25Z7021426,2025/12/02,上櫃,,RWSCCE,
702143　台燿群益56購03,TW25Z7021434,2025/12/02,上櫃,,RWSCCA,
702144　宇峻群益57購01,TW25Z7021442,2025/12/02,上櫃,,RWSCCA,
702145　信昌電群益58購01,TW25Z7021459,2025/12/02,上櫃,,RWSCCA,
702146　華星光群益56購04,TW25Z7021467,2025/12/02,上櫃,,RWSCCA,
702147　華星光群益57購01,TW25Z7021475,2025/12/02,上櫃,,RWSCCA,
702148　華星光群益58購01,TW25Z7021483,2025/12/02,上櫃,,RWSCCA,
702149　順達群益56購01,TW25Z7021491,2025/12/02,上櫃,,RWSCCA,
702150　精測群益56購03,TW25Z7021509,2025/12/02,上櫃,,RWSCCA,
702151　台燿元大56購02,TW25Z7021517,2025/12/02,上櫃,,RWSCCA,
702152　良維元大58購03,TW25Z7021525,2025/12/02,上櫃,,RWSCCA,
702153　宜鼎元大56購05,TW25Z7021533,2025/12/02,上櫃,,RWSCCA,
702154　昇達科元大56購02,TW25Z7021541,2025/12/02,上櫃,,RWSCCA,
702155　家登元大56購01,TW25Z7021558,2025/12/02,上櫃,,RWSCCA,
702156　湧德元大56購01,TW25Z7021566,2025/12/02,上櫃,,RWSCCA,
702157　華星光元大58購05,TW25Z7021574,2025/12/02,上櫃,,RWSCCA,
702158　鈊象元大58購01,TW25Z7021582,2025/12/02,上櫃,,RWSCCA,
702160　台燿中信56購02,TW25Z7021608,2025/12/02,上櫃,,RWSCCE,
702161　精測中信5A購01,TW25Z7021616,2025/12/02,上櫃,,RWSCCE,
702162　昇達科永豐59購01,TW25Z7021624,2025/12/02,上櫃,,RWSCCA,
702163　千附精元富56購01,TW25Z7021632,2025/12/02,上櫃,,RWSCCA,
702164　中光電元富56購02,TW25Z7021640,2025/12/02,上櫃,,RWSCCA,
702165　中光電元富56購03,TW25Z7021657,2025/12/02,上櫃,,RWSCCA,
702166　合晶元富56購01,TW25Z7021665,2025/12/02,上櫃,,RWSCCA,
702167　沛亨元富56購02,TW25Z7021673,2025/12/02,上櫃,,RWSCCA,
702168　昇達科元富56購02,TW25Z7021681,2025/12/02,上櫃,,RWSCCA,
702169　昇達科元富56購03,TW25Z7021699,2025/12/02,上櫃,,RWSCCA,
702170　昇達科元富5C購01,TW25Z7021707,2025/12/02,上櫃,,RWSCCA,
702171　東捷元富56購01,TW25Z7021715,2025/12/02,上櫃,,RWSCCA,
702172　金益鼎元富56購01,TW25Z7021723,2025/12/02,上櫃,,RWSCCA,
702173　金益鼎元富56購02,TW25Z7021731,2025/12/02,上櫃,,RWSCCA,
702174　信紘科元富56購01,TW25Z7021749,2025/12/02,上櫃,,RWSCCA,
702175　胡連元富56購01,TW25Z7021756,2025/12/02,上櫃,,RWSCCA,
702176　桓達元富56購01,TW25Z7021764,2025/12/02,上櫃,,RWSCCA,
702177　神盾元富57購02,TW25Z7021772,2025/12/02,上櫃,,RWSCCA,
702178　常珵元富56購01,TW25Z7021780,2025/12/02,上櫃,,RWSCCA,
702179　湧德元富56購01,TW25Z7021798,2025/12/02,上櫃,,RWSCCA,
702180　華星光元富56購02,TW25Z7021806,2025/12/02,上櫃,,RWSCCA,
702181　華景電元富56購01,TW25Z7021814,2025/12/02,上櫃,,RWSCCA,
702182　順達元富56購01,TW25Z7021822,2025/12/02,上櫃,,RWSCCA,
702183　萬泰科元富56購01,TW25Z7021830,2025/12/02,上櫃,,RWSCCA,
702185　精測元富59購05,TW25Z7021855,2025/12/02,上櫃,,RWSCCA,
702186　耀勝元富56購01,TW25Z7021863,2025/12/02,上櫃,,RWSCCA,
702187　昇達科國票58購01,TW25Z7021871,2025/12/02,上櫃,,RWSCCA,
702189　華星光國票57購01,TW25Z7021897,2025/12/02,上櫃,,RWSCCA,
702190　華星光國票57購02,TW25Z7021905,2025/12/02,上櫃,,RWSCCA,
702191　立碁凱基58購01,TW25Z7021913,2025/12/03,上櫃,,RWSCCA,
702192　宏捷科凱基56購02,TW25Z7021921,2025/12/03,上櫃,,RWSCCA,
702193　金益鼎凱基56購02,TW25Z7021939,2025/12/03,上櫃,,RWSCCA,
702194　博智凱基5A購01,TW25Z7021947,2025/12/03,上櫃,,RWSCCA,
702195　鈊象凱基56購03,TW25Z7021954,2025/12/03,上櫃,,RWSCCA,
702198　立碁群益56購01,TW25Z7021988,2025/12/03,上櫃,,RWSCCA,
702199　茂迪群益56購01,TW25Z7021996,2025/12/03,上櫃,,RWSCCA,
702201　僑威群益57購01,TW25Z7022010,2025/12/03,上櫃,,RWSCCA,
702202　台燿國泰57購01,TW25Z7022028,2025/12/03,上櫃,,RWSCCA,
702203　宜鼎富邦57購02,TW25Z7022036,2025/12/03,上櫃,,RWSCCE,
702204　IET元富56購01,TW25Z7022044,2025/12/03,上櫃,,RWSCCA,
702205　M31元富57購01,TW25Z7022051,2025/12/03,上櫃,,RWSCCA,
702206　台星科元富57購01,TW25Z7022069,2025/12/03,上櫃,,RWSCCA,
702207　台星科元富57購02,TW25Z7022077,2025/12/03,上櫃,,RWSCCA,
702208　宜鼎元富56購02,TW25Z7022085,2025/12/03,上櫃,,RWSCCA,
702209　精測元富56購04,TW25Z7022093,2025/12/03,上櫃,,RWSCCA,
702210　精測元富56購05,TW25Z7022101,2025/12/03,上櫃,,RWSCCA,
702211　精測元富56購06,TW25Z7022119,2025/12/03,上櫃,,RWSCCA,
702212　精測元富59購06,TW25Z7022127,2025/12/03,上櫃,,RWSCCA,
702213　穩懋元富56購02,TW25Z7022135,2025/12/03,上櫃,,RWSCCA,
702214　穩懋元富57購02,TW25Z7022143,2025/12/03,上櫃,,RWSCCA,
702215　精測中信58購01,TW25Z7022150,2025/12/03,上櫃,,RWSCCE,
702216　穩懋中信5A購01,TW25Z7022168,2025/12/03,上櫃,,RWSCCE,
702217　立碁永豐58購01,TW25Z7022176,2025/12/03,上櫃,,RWSCCA,
702218　高鋒永豐56購01,TW25Z7022184,2025/12/03,上櫃,,RWSCCA,
702220　穩懋永豐57購01,TW25Z7022200,2025/12/03,上櫃,,RWSCCA,
702221　台燿元大56購03,TW25Z7022218,2025/12/03,上櫃,,RWSCCA,
702222　立碁元大5A購01,TW25Z7022226,2025/12/03,上櫃,,RWSCCA,
702223　訊聯元大5A購01,TW25Z7022234,2025/12/03,上櫃,,RWSCCA,
702224　順達元大56購01,TW25Z7022242,2025/12/03,上櫃,,RWSCCA,
702225　鈊象元大56購01,TW25Z7022259,2025/12/03,上櫃,,RWSCCA,
702226　鈊象元大58購02,TW25Z7022267,2025/12/03,上櫃,,RWSCCA,
702228　穩懋元大5C購01,TW25Z7022283,2025/12/03,上櫃,,RWSCCA,
702229　力旺凱基56購01,TW25Z7022291,2025/12/04,上櫃,,RWSCCA,
702230　力旺凱基56購02,TW25Z7022309,2025/12/04,上櫃,,RWSCCA,
702232　力旺凱基58購01,TW25Z7022325,2025/12/04,上櫃,,RWSCCA,
702233　力旺凱基59購01,TW25Z7022333,2025/12/04,上櫃,,RWSCCA,
702234　台燿凱基56購03,TW25Z7022341,2025/12/04,上櫃,,RWSCCA,
702238　順達凱基56購01,TW25Z7022382,2025/12/04,上櫃,,RWSCCA,
702239　力旺國票56購01,TW25Z7022390,2025/12/04,上櫃,,RWSCCA,
702241　力旺國票58購01,TW25Z7022416,2025/12/04,上櫃,,RWSCCA,
702242　陽程國票58購01,TW25Z7022424,2025/12/04,上櫃,,RWSCCA,
702244　力旺元富57購04,TW25Z7022440,2025/12/04,上櫃,,RWSCCA,
702245　力旺元富57購05,TW25Z7022457,2025/12/04,上櫃,,RWSCCA,
702247　力旺元富57購07,TW25Z7022473,2025/12/04,上櫃,,RWSCCA,
702248　光頡元富56購01,TW25Z7022481,2025/12/04,上櫃,,RWSCCA,
702249　良維元富56購02,TW25Z7022499,2025/12/04,上櫃,,RWSCCA,
702250　神盾元富57購03,TW25Z7022507,2025/12/04,上櫃,,RWSCCA,
702251　聖暉*元富56購01,TW25Z7022515,2025/12/04,上櫃,,RWSCCA,
702252　弘塑中信5C購01,TW25Z7022523,2025/12/04,上櫃,,RWSCCE,
702253　順達中信56購01,TW25Z7022531,2025/12/04,上櫃,,RWSCCE,
702254　萬潤永豐56購01,TW25Z7022549,2025/12/04,上櫃,,RWSCCA,
702255　IET國泰57購01,TW25Z7022556,2025/12/04,上櫃,,RWSCCA,
702256　弘塑國泰57購01,TW25Z7022564,2025/12/04,上櫃,,RWSCCA,
702257　良維國泰57購01,TW25Z7022572,2025/12/04,上櫃,,RWSCCA,
702258　昇達科國泰57購01,TW25Z7022580,2025/12/04,上櫃,,RWSCCA,
702259　力旺富邦58購01,TW25Z7022598,2025/12/04,上櫃,,RWSCCE,
702260　精材富邦56購01,TW25Z7022606,2025/12/04,上櫃,,RWSCCE,
702261　力旺群益56購01,TW25Z7022614,2025/12/04,上櫃,,RWSCCA,
702262　系統電群益57購01,TW25Z7022622,2025/12/04,上櫃,,RWSCCA,
702263　系微群益56購01,TW25Z7022630,2025/12/04,上櫃,,RWSCCA,
702264　系微群益56購02,TW25Z7022648,2025/12/04,上櫃,,RWSCCA,
702265　新應材群益58購01,TW25Z7022655,2025/12/04,上櫃,,RWSCCA,
702267　IET元大56購01,TW25Z7022671,2025/12/04,上櫃,,RWSCCA,
702268　力旺元大56購01,TW25Z7022689,2025/12/04,上櫃,,RWSCCA,
702269　力旺元大56購02,TW25Z7022697,2025/12/04,上櫃,,RWSCCA,
702270　力旺元大56購03,TW25Z7022705,2025/12/04,上櫃,,RWSCCA,
702271　力旺元大56購04,TW25Z7022713,2025/12/04,上櫃,,RWSCCA,
702272　弘塑元大59購01,TW25Z7022721,2025/12/04,上櫃,,RWSCCA,
702273　宏捷科元大56購01,TW25Z7022739,2025/12/04,上櫃,,RWSCCA,
702274　宜鼎元大5C購01,TW25Z7022747,2025/12/04,上櫃,,RWSCCA,
702275　竑騰元大56購01,TW25Z7022754,2025/12/04,上櫃,,RWSCCA,
702276　家登元大56購02,TW25Z7022762,2025/12/04,上櫃,,RWSCCA,
702278　順達元大56購02,TW25Z7022788,2025/12/04,上櫃,,RWSCCA,
702280　精測元大58購01,TW25Z7022804,2025/12/04,上櫃,,RWSCCA,
702281　精測元大5C購01,TW25Z7022812,2025/12/04,上櫃,,RWSCCA,
702283　穩懋元大5B購01,TW25Z7022838,2025/12/04,上櫃,,RWSCCA,
702284　穩懋元大5C購02,TW25Z7022846,2025/12/04,上櫃,,RWSCCA,
702285　系微凱基56購01,TW25Z7022853,2025/12/05,上櫃,,RWSCCA,
702286　宜特凱基56購01,TW25Z7022861,2025/12/05,上櫃,,RWSCCA,
702287　威剛凱基5B購02,TW25Z7022879,2025/12/05,上櫃,,RWSCCA,
702288　茂迪凱基56購01,TW25Z7022887,2025/12/05,上櫃,,RWSCCA,
702289　竑騰凱基56購01,TW25Z7022895,2025/12/05,上櫃,,RWSCCA,
702290　家登凱基56購01,TW25Z7022903,2025/12/05,上櫃,,RWSCCA,
702291　湧德凱基56購01,TW25Z7022911,2025/12/05,上櫃,,RWSCCA,
702292　順達凱基56購02,TW25Z7022929,2025/12/05,上櫃,,RWSCCA,
702293　新應材凱基56購05,TW25Z7022937,2025/12/05,上櫃,,RWSCCA,
702294　僑威凱基57購01,TW25Z7022945,2025/12/05,上櫃,,RWSCCA,
702296　穩懋凱基56購03,TW25Z7022960,2025/12/05,上櫃,,RWSCCA,
702298　威剛元大59購03,TW25Z7022986,2025/12/05,上櫃,,RWSCCA,
702299　華電網元大56購01,TW25Z7022994,2025/12/05,上櫃,,RWSCCA,
702300　順達元大5B購01,TW25Z7023000,2025/12/05,上櫃,,RWSCCA,
702301　鈊象元大56購02,TW25Z7023018,2025/12/05,上櫃,,RWSCCA,
702302　穩懋元大56購05,TW25Z7023026,2025/12/05,上櫃,,RWSCCA,
702303　穩懋元大56購06,TW25Z7023034,2025/12/05,上櫃,,RWSCCA,
702304　穩懋元大5B購02,TW25Z7023042,2025/12/05,上櫃,,RWSCCA,
702305　竑騰國票57購01,TW25Z7023059,2025/12/05,上櫃,,RWSCCA,
702306　竑騰國票59購01,TW25Z7023067,2025/12/05,上櫃,,RWSCCA,
702307　華電網國票56購02,TW25Z7023075,2025/12/05,上櫃,,RWSCCA,
702308　華電網國票59購01,TW25Z7023083,2025/12/05,上櫃,,RWSCCA,
702309　擎亞國票58購01,TW25Z7023091,2025/12/05,上櫃,,RWSCCA,
702310　竑騰永豐57購01,TW25Z7023109,2025/12/05,上櫃,,RWSCCA,
702311　雙鴻中信5C購01,TW25Z7023117,2025/12/05,上櫃,,RWSCCE,
702312　穩懋中信5A購02,TW25Z7023125,2025/12/05,上櫃,,RWSCCE,
702313　竹陞元富57購01,TW25Z7023133,2025/12/05,上櫃,,RWSCCA,
702314　新應材元富56購02,TW25Z7023141,2025/12/05,上櫃,,RWSCCA,
702316　穩懋元富56購04,TW25Z7023166,2025/12/05,上櫃,,RWSCCA,
702317　穩懋元富56購05,TW25Z7023174,2025/12/05,上櫃,,RWSCCA,
702318　穩懋元富56購06,TW25Z7023182,2025/12/05,上櫃,,RWSCCA,
702319　M31富邦58購01,TW25Z7023190,2025/12/05,上櫃,,RWSCCE,
702320　元太富邦58購01,TW25Z7023208,2025/12/05,上櫃,,RWSCCE,
702321　元太富邦59購01,TW25Z7023216,2025/12/05,上櫃,,RWSCCE,
702322　家登富邦59購01,TW25Z7023224,2025/12/05,上櫃,,RWSCCE,
702323　神盾富邦57購01,TW25Z7023232,2025/12/05,上櫃,,RWSCCE,
702324　智通*富邦58購01,TW25Z7023240,2025/12/05,上櫃,,RWSCCE,
702325　鈊象富邦57購04,TW25Z7023257,2025/12/05,上櫃,,RWSCCE,
702327　譜瑞富邦58購01,TW25Z7023273,2025/12/05,上櫃,,RWSCCE,
702328　穩懋兆豐56購02,TW25Z7023281,2025/12/05,上櫃,,RWSCCA,
702329　台燿群益56購04,TW25Z7023299,2025/12/05,上櫃,,RWSCCA,
702330　弘塑群益56購05,TW25Z7023307,2025/12/05,上櫃,,RWSCCA,
702331　昇達科群益5C購01,TW25Z7023315,2025/12/05,上櫃,,RWSCCA,
702332　華電網群益56購01,TW25Z7023323,2025/12/05,上櫃,,RWSCCA,
702333　華電網群益58購01,TW25Z7023331,2025/12/05,上櫃,,RWSCCA,
702334　順達群益58購01,TW25Z7023349,2025/12/05,上櫃,,RWSCCA,
702336　順達凱基57購01,TW25Z7023364,2025/12/08,上櫃,,RWSCCA,
702337　鈊象凱基56購04,TW25Z7023372,2025/12/08,上櫃,,RWSCCA,
702338　雍智凱基59購01,TW25Z7023380,2025/12/08,上櫃,,RWSCCA,
702339　均華國泰57購01,TW25Z7023398,2025/12/08,上櫃,,RWSCCA,
702340　精材國泰57購01,TW25Z7023406,2025/12/08,上櫃,,RWSCCA,
702341　中美晶群益58購01,TW25Z7023414,2025/12/08,上櫃,,RWSCCA,
702342　竹陞群益58購01,TW25Z7023422,2025/12/08,上櫃,,RWSCCA,
702343　亞信群益56購01,TW25Z7023430,2025/12/08,上櫃,,RWSCCA,
702344　湧德群益58購01,TW25Z7023448,2025/12/08,上櫃,,RWSCCA,
702345　翔名群益56購02,TW25Z7023455,2025/12/08,上櫃,,RWSCCA,
702346　順達群益57購02,TW25Z7023463,2025/12/08,上櫃,,RWSCCA,
702347　精測群益56購04,TW25Z7023471,2025/12/08,上櫃,,RWSCCA,
702348　尼克森國票57購01,TW25Z7023489,2025/12/08,上櫃,,RWSCCA,
702349　晶宏國票57購01,TW25Z7023497,2025/12/08,上櫃,,RWSCCA,
702350　華電網國票56購04,TW25Z7023505,2025/12/08,上櫃,,RWSCCA,
702351　華電網國票58購01,TW25Z7023513,2025/12/08,上櫃,,RWSCCA,
702352　華電網國票5C購01,TW25Z7023521,2025/12/08,上櫃,,RWSCCA,
702353　新應材國票57購01,TW25Z7023539,2025/12/08,上櫃,,RWSCCA,
702354　雙鴻國票57購01,TW25Z7023547,2025/12/08,上櫃,,RWSCCA,
702355　FH中5G元大56購01,TW25Z7023554,2025/12/08,上櫃,,RWBCCA,
702356　FH中5G元大57購01,TW25Z7023562,2025/12/08,上櫃,,RWBCCA,
702357　M31元大56購03,TW25Z7023570,2025/12/08,上櫃,,RWSCCA,
702358　台燿元大56購04,TW25Z7023588,2025/12/08,上櫃,,RWSCCA,
702359　弘塑元大56購05,TW25Z7023596,2025/12/08,上櫃,,RWSCCA,
702361　威剛元大59購04,TW25Z7023612,2025/12/08,上櫃,,RWSCCA,
702362　華電網元大56購02,TW25Z7023620,2025/12/08,上櫃,,RWSCCA,
702363　順達元大5A購01,TW25Z7023638,2025/12/08,上櫃,,RWSCCA,
702364　順達元大5B購02,TW25Z7023646,2025/12/08,上櫃,,RWSCCA,
702365　穩懋元大58購01,TW25Z7023653,2025/12/08,上櫃,,RWSCCA,
702366　穩懋元大59購02,TW25Z7023661,2025/12/08,上櫃,,RWSCCA,
702367　竹陞元富56購01,TW25Z7023679,2025/12/08,上櫃,,RWSCCA,
702368　昇達科元富56購04,TW25Z7023687,2025/12/08,上櫃,,RWSCCA,
702369　德微元富56購01,TW25Z7023695,2025/12/08,上櫃,,RWSCCA,
702370　德微元富57購03,TW25Z7023703,2025/12/08,上櫃,,RWSCCA,
702371　雙鴻元富56購04,TW25Z7023711,2025/12/08,上櫃,,RWSCCA,
702372　立敦永豐56購01,TW25Z7023729,2025/12/08,上櫃,,RWSCCA,
702373　光焱永豐5C購01,TW25Z7023737,2025/12/08,上櫃,,RWSCCA,
702374　竹陞永豐56購01,TW25Z7023745,2025/12/08,上櫃,,RWSCCA,
702375　訊聯永豐5C購01,TW25Z7023752,2025/12/08,上櫃,,RWSCCA,
702376　順達永豐56購02,TW25Z7023760,2025/12/08,上櫃,,RWSCCA,
702377　鈊象永豐56購01,TW25Z7023778,2025/12/08,上櫃,,RWSCCA,
702378　FH中5G凱基57購01,TW25Z7023786,2025/12/09,上櫃,,RWBCCA,
702379　M31凱基56購01,TW25Z7023794,2025/12/09,上櫃,,RWSCCA,
702380　中光電凱基56購04,TW25Z7023802,2025/12/09,上櫃,,RWSCCA,
702381　正德凱基56購02,TW25Z7023810,2025/12/09,上櫃,,RWSCCA,
702384　金山電凱基56購01,TW25Z7023844,2025/12/09,上櫃,,RWSCCA,
702385　能率凱基56購03,TW25Z7023851,2025/12/09,上櫃,,RWSCCA,
702386　訊聯凱基5C購01,TW25Z7023869,2025/12/09,上櫃,,RWSCCA,
702387　新漢凱基56購01,TW25Z7023877,2025/12/09,上櫃,,RWSCCA,
702388　櫃200凱基56購01,TW25Z7023885,2025/12/09,上櫃,,RWICCE,
702389　雙鴻凱基57購01,TW25Z7023893,2025/12/09,上櫃,,RWSCCA,
702390　竹陞國泰57購01,TW25Z7023901,2025/12/09,上櫃,,RWSCCA,
702391　新應材國泰57購01,TW25Z7023919,2025/12/09,上櫃,,RWSCCA,
702392　中光電富邦56購02,TW25Z7023927,2025/12/09,上櫃,,RWSCCE,
702393　順達富邦56購01,TW25Z7023935,2025/12/09,上櫃,,RWSCCE,
702394　聖暉*富邦56購01,TW25Z7023943,2025/12/09,上櫃,,RWSCCE,
702395　立敦國票57購01,TW25Z7023950,2025/12/09,上櫃,,RWSCCA,
702397　金山電國票57購01,TW25Z7023976,2025/12/09,上櫃,,RWSCCA,
702398　新普國票57購01,TW25Z7023984,2025/12/09,上櫃,,RWSCCA,
702400　正德群益56購01,TW25Z7024008,2025/12/09,上櫃,,RWSCCA,
702401　竹陞群益56購01,TW25Z7024016,2025/12/09,上櫃,,RWSCCA,
702402　金山電群益56購01,TW25Z7024024,2025/12/09,上櫃,,RWSCCA,
702405　中光電元大56購03,TW25Z7024057,2025/12/09,上櫃,,RWSCCA,
702406　立敦元大56購01,TW25Z7024065,2025/12/09,上櫃,,RWSCCA,
702408　昇達科元大56購03,TW25Z7024081,2025/12/09,上櫃,,RWSCCA,
702409　金山電元大56購01,TW25Z7024099,2025/12/09,上櫃,,RWSCCA,
702410　信昌電元大56購03,TW25Z7024107,2025/12/09,上櫃,,RWSCCA,
702411　威剛元大5A購03,TW25Z7024115,2025/12/09,上櫃,,RWSCCA,
702412　陽程元大56購01,TW25Z7024123,2025/12/09,上櫃,,RWSCCA,
702413　順達元大5A購02,TW25Z7024131,2025/12/09,上櫃,,RWSCCA,
702414　鈊象元大56購03,TW25Z7024149,2025/12/09,上櫃,,RWSCCA,
702415　雍智元大5C購01,TW25Z7024156,2025/12/09,上櫃,,RWSCCA,
702416　穩懋元大59購03,TW25Z7024164,2025/12/09,上櫃,,RWSCCA,
702417　竹陞元富56購02,TW25Z7024172,2025/12/09,上櫃,,RWSCCA,
702418　竹陞元富56購03,TW25Z7024180,2025/12/09,上櫃,,RWSCCA,
702419　金山電元富56購01,TW25Z7024198,2025/12/09,上櫃,,RWSCCA,
702420　能率元富56購01,TW25Z7024206,2025/12/09,上櫃,,RWSCCA,
702421　能率元富56購02,TW25Z7024214,2025/12/09,上櫃,,RWSCCA,
702422　高鋒元富56購01,TW25Z7024222,2025/12/09,上櫃,,RWSCCA,
702423　新漢元富56購02,TW25Z7024230,2025/12/09,上櫃,,RWSCCA,
702424　竹陞中信59購01,TW25Z7024248,2025/12/09,上櫃,,RWSCCE,
702425　昇達科永豐58購01,TW25Z7024255,2025/12/09,上櫃,,RWSCCA,
702426　雙鴻永豐57購03,TW25Z7024263,2025/12/09,上櫃,,RWSCCA,
702427　天品國票56購02,TW25Z7024271,2025/12/10,上櫃,,RWSCCA,
702428　天品國票58購01,TW25Z7024289,2025/12/10,上櫃,,RWSCCA,
702429　世禾國票57購01,TW25Z7024297,2025/12/10,上櫃,,RWSCCA,
702430　高技國票57購01,TW25Z7024305,2025/12/10,上櫃,,RWSCCA,
702431　鈊象國票57購01,TW25Z7024313,2025/12/10,上櫃,,RWSCCA,
702434　中光電群益58購02,TW25Z7024347,2025/12/10,上櫃,,RWSCCA,
702435　高技群益56購02,TW25Z7024354,2025/12/10,上櫃,,RWSCCA,
702437　高技元富56購01,TW25Z7024370,2025/12/10,上櫃,,RWSCCA,
702438　高技元富56購02,TW25Z7024388,2025/12/10,上櫃,,RWSCCA,
702439　高技元富56購03,TW25Z7024396,2025/12/10,上櫃,,RWSCCA,
702440　高技元富56購04,TW25Z7024404,2025/12/10,上櫃,,RWSCCA,
702441　高技元富5C購01,TW25Z7024412,2025/12/10,上櫃,,RWSCCA,
702442　榮剛元富56購01,TW25Z7024420,2025/12/10,上櫃,,RWSCCA,
702443　高技中信56購01,TW25Z7024438,2025/12/10,上櫃,,RWSCCE,
702444　高技永豐56購01,TW25Z7024446,2025/12/10,上櫃,,RWSCCA,
702445　高技永豐59購01,TW25Z7024453,2025/12/10,上櫃,,RWSCCA,
702446　新漢永豐56購01,TW25Z7024461,2025/12/10,上櫃,,RWSCCA,
702447　宜鼎國泰57購01,TW25Z7024479,2025/12/10,上櫃,,RWSCCA,
702448　昇達科國泰57購02,TW25Z7024487,2025/12/10,上櫃,,RWSCCA,
702449　高技富邦58購01,TW25Z7024495,2025/12/10,上櫃,,RWSCCE,
702450　高技富邦59購01,TW25Z7024503,2025/12/10,上櫃,,RWSCCE,
702451　新應材富邦5C購01,TW25Z7024511,2025/12/10,上櫃,,RWSCCE,
702455　威剛元大5A購04,TW25Z7024552,2025/12/10,上櫃,,RWSCCA,
702456　順達元大59購01,TW25Z7024560,2025/12/10,上櫃,,RWSCCA,
702457　雍智元大56購02,TW25Z7024578,2025/12/10,上櫃,,RWSCCA,
702458　精測元大56購02,TW25Z7024586,2025/12/10,上櫃,,RWSCCA,
702459　擎亞元大5A購02,TW25Z7024594,2025/12/10,上櫃,,RWSCCA,
702460　穩懋元大59購04,TW25Z7024602,2025/12/10,上櫃,,RWSCCA,
702461　世禾凱基56購01,TW25Z7024610,2025/12/10,上櫃,,RWSCCA,
702462　立敦凱基57購01,TW25Z7024628,2025/12/10,上櫃,,RWSCCA,
702463　竹陞凱基56購03,TW25Z7024636,2025/12/10,上櫃,,RWSCCA,
702464　高技凱基56購02,TW25Z7024644,2025/12/10,上櫃,,RWSCCA,
702465　高技凱基56購03,TW25Z7024651,2025/12/10,上櫃,,RWSCCA,
702466　高技凱基56購04,TW25Z7024669,2025/12/10,上櫃,,RWSCCA,
702467　順達凱基5B購01,TW25Z7024677,2025/12/10,上櫃,,RWSCCA,
702468　鈊象凱基56購05,TW25Z7024685,2025/12/10,上櫃,,RWSCCA,
702469　櫃200凱基58購02,TW25Z7024693,2025/12/10,上櫃,,RWICCE,
702471　正德國票56購01,TW25Z7024719,2025/12/11,上櫃,,RWSCCA,
702472　正德國票57購01,TW25Z7024727,2025/12/11,上櫃,,RWSCCA,
702473　博智國票57購02,TW25Z7024735,2025/12/11,上櫃,,RWSCCA,
702474　湧德國票56購01,TW25Z7024743,2025/12/11,上櫃,,RWSCCA,
702475　M31凱基56購02,TW25Z7024750,2025/12/11,上櫃,,RWSCCA,
702476　世禾凱基57購01,TW25Z7024768,2025/12/11,上櫃,,RWSCCA,
702477　台燿凱基56購04,TW25Z7024776,2025/12/11,上櫃,,RWSCCA,
702478　弘塑凱基56購05,TW25Z7024784,2025/12/11,上櫃,,RWSCCA,
702480　立敦凱基56購01,TW25Z7024800,2025/12/11,上櫃,,RWSCCA,
702481　高技凱基57購01,TW25Z7024818,2025/12/11,上櫃,,RWSCCA,
702482　順達凱基57購02,TW25Z7024826,2025/12/11,上櫃,,RWSCCA,
702483　新應材凱基58購02,TW25Z7024834,2025/12/11,上櫃,,RWSCCA,
702485　鴻呈凱基56購02,TW25Z7024859,2025/12/11,上櫃,,RWSCCA,
702486　穩懋凱基59購01,TW25Z7024867,2025/12/11,上櫃,,RWSCCA,
702487　湧德國泰57購01,TW25Z7024875,2025/12/11,上櫃,,RWSCCA,
702488　穩懋國泰57購01,TW25Z7024883,2025/12/11,上櫃,,RWSCCA,
702489　穩懋國泰57購02,TW25Z7024891,2025/12/11,上櫃,,RWSCCA,
702490　台燿富邦5C購01,TW25Z7024909,2025/12/11,上櫃,,RWSCCE,
702491　台燿元大56購06,TW25Z7024917,2025/12/11,上櫃,,RWSCCA,
702492　台燿元大56購07,TW25Z7024925,2025/12/11,上櫃,,RWSCCA,
702493　系統電元大56購03,TW25Z7024933,2025/12/11,上櫃,,RWSCCA,
702495　昇達科元大56購05,TW25Z7024958,2025/12/11,上櫃,,RWSCCA,
702496　昇達科元大58購01,TW25Z7024966,2025/12/11,上櫃,,RWSCCA,
702498　高技元大59購01,TW25Z7024982,2025/12/11,上櫃,,RWSCCA,
702499　順達元大59購02,TW25Z7024990,2025/12/11,上櫃,,RWSCCA,
702501　大中群益57購01,TW25Z7025013,2025/12/11,上櫃,,RWSCCA,
702502　台星科群益56購01,TW25Z7025021,2025/12/11,上櫃,,RWSCCA,
702504　昇達科群益58購01,TW25Z7025047,2025/12/11,上櫃,,RWSCCA,
702505　昇達科群益59購01,TW25Z7025054,2025/12/11,上櫃,,RWSCCA,
702506　家登群益57購01,TW25Z7025062,2025/12/11,上櫃,,RWSCCA,
702507　高技群益56購03,TW25Z7025070,2025/12/11,上櫃,,RWSCCA,
702508　創惟群益58購01,TW25Z7025088,2025/12/11,上櫃,,RWSCCA,
702509　順達群益56購02,TW25Z7025096,2025/12/11,上櫃,,RWSCCA,
702510　群翊群益56購01,TW25Z7025104,2025/12/11,上櫃,,RWSCCA,
702511　台燿元富56購03,TW25Z7025112,2025/12/11,上櫃,,RWSCCA,
702512　竹陞元富56購04,TW25Z7025120,2025/12/11,上櫃,,RWSCCA,
702513　欣銓元富56購01,TW25Z7025138,2025/12/11,上櫃,,RWSCCA,
702514　凡甲永豐57購01,TW25Z7025146,2025/12/11,上櫃,,RWSCCA,
702515　凡甲永豐58購01,TW25Z7025153,2025/12/11,上櫃,,RWSCCA,
702516　世禾永豐57購01,TW25Z7025161,2025/12/11,上櫃,,RWSCCA,
702518　信紘科永豐56購01,TW25Z7025187,2025/12/11,上櫃,,RWSCCA,
702519　泰茂永豐57購01,TW25Z7025195,2025/12/11,上櫃,,RWSCCA,
702520　神準永豐57購01,TW25Z7025203,2025/12/11,上櫃,,RWSCCA,
702521　創惟永豐57購01,TW25Z7025211,2025/12/11,上櫃,,RWSCCA,
702522　華景電永豐57購01,TW25Z7025229,2025/12/11,上櫃,,RWSCCA,
702523　亞通國票57購01,TW25Z7025237,2025/12/12,上櫃,,RWSCCA,
702525　昇達科國票57購02,TW25Z7025252,2025/12/12,上櫃,,RWSCCA,
702526　昇達科國票5A購01,TW25Z7025260,2025/12/12,上櫃,,RWSCCA,
702527　新應材國票57購02,TW25Z7025278,2025/12/12,上櫃,,RWSCCA,
702530　台星科凱基56購01,TW25Z7025302,2025/12/12,上櫃,,RWSCCA,
702532　家登凱基56購02,TW25Z7025328,2025/12/12,上櫃,,RWSCCA,
702533　群翊凱基56購01,TW25Z7025336,2025/12/12,上櫃,,RWSCCA,
702534　精測凱基56購05,TW25Z7025344,2025/12/12,上櫃,,RWSCCA,
702536　高技兆豐56購01,TW25Z7025369,2025/12/12,上櫃,,RWSCCA,
702537　穩懋兆豐57購02,TW25Z7025377,2025/12/12,上櫃,,RWSCCA,
702538　穩懋兆豐58購01,TW25Z7025385,2025/12/12,上櫃,,RWSCCA,
702539　弘塑群益56購06,TW25Z7025393,2025/12/12,上櫃,,RWSCCA,
702540　精測群益56購05,TW25Z7025401,2025/12/12,上櫃,,RWSCCA,
702542　能率國泰57購01,TW25Z7025427,2025/12/12,上櫃,,RWSCCA,
702543　世禾富邦56購01,TW25Z7025435,2025/12/12,上櫃,,RWSCCE,
702544　昇達科富邦56購02,TW25Z7025443,2025/12/12,上櫃,,RWSCCE,
702545　穩懋富邦57購01,TW25Z7025450,2025/12/12,上櫃,,RWSCCE,
702546　台燿元大56購08,TW25Z7025468,2025/12/12,上櫃,,RWSCCA,
702547　系統電元大56購04,TW25Z7025476,2025/12/12,上櫃,,RWSCCA,
702548　昇達科元大56購06,TW25Z7025484,2025/12/12,上櫃,,RWSCCA,
702549　信昌電元大56購04,TW25Z7025492,2025/12/12,上櫃,,RWSCCA,
702550　高技元大59購02,TW25Z7025500,2025/12/12,上櫃,,RWSCCA,
702551　順達元大5C購01,TW25Z7025518,2025/12/12,上櫃,,RWSCCA,
702552　穩懋元大56購07,TW25Z7025526,2025/12/12,上櫃,,RWSCCA,
702553　穩懋元大5A購01,TW25Z7025534,2025/12/12,上櫃,,RWSCCA,
702554　均華元富56購02,TW25Z7025542,2025/12/12,上櫃,,RWSCCA,
702555　美琪瑪元富56購01,TW25Z7025559,2025/12/12,上櫃,,RWSCCA,
702556　精測元富56購07,TW25Z7025567,2025/12/12,上櫃,,RWSCCA,
702557　穩懋元富56購07,TW25Z7025575,2025/12/12,上櫃,,RWSCCA,
702558　台燿中信56購03,TW25Z7025583,2025/12/12,上櫃,,RWSCCE,
702559　宜鼎中信5C購01,TW25Z7025591,2025/12/12,上櫃,,RWSCCE,
702560　昇達科中信5C購01,TW25Z7025609,2025/12/12,上櫃,,RWSCCE,
702561　雙鴻中信59購02,TW25Z7025617,2025/12/12,上櫃,,RWSCCE,
702562　泰茂永豐56購01,TW25Z7025625,2025/12/12,上櫃,,RWSCCA,
702563　高鋒永豐57購01,TW25Z7025633,2025/12/12,上櫃,,RWSCCA,
702564　聖暉*永豐57購02,TW25Z7025641,2025/12/12,上櫃,,RWSCCA,
702565　精材永豐57購01,TW25Z7025658,2025/12/12,上櫃,,RWSCCA,
702566　雙鴻永豐58購01,TW25Z7025666,2025/12/12,上櫃,,RWSCCA,
702567　IET凱基56購02,TW25Z7025674,2025/12/15,上櫃,,RWSCCA,
702568　中光電凱基58購03,TW25Z7025682,2025/12/15,上櫃,,RWSCCA,
702569　立敦凱基56購02,TW25Z7025690,2025/12/15,上櫃,,RWSCCA,
702570　竹陞凱基56購04,TW25Z7025708,2025/12/15,上櫃,,RWSCCA,
702571　訊聯凱基57購01,TW25Z7025716,2025/12/15,上櫃,,RWSCCA,
702572　富喬凱基56購01,TW25Z7025724,2025/12/15,上櫃,,RWSCCA,
702573　富喬凱基56購02,TW25Z7025732,2025/12/15,上櫃,,RWSCCA,
702574　富喬凱基56購03,TW25Z7025740,2025/12/15,上櫃,,RWSCCA,
702575　富喬凱基58購01,TW25Z7025757,2025/12/15,上櫃,,RWSCCA,
702576　富喬凱基5A購01,TW25Z7025765,2025/12/15,上櫃,,RWSCCA,
702577　順達凱基59購01,TW25Z7025773,2025/12/15,上櫃,,RWSCCA,
702578　新應材凱基5B購02,TW25Z7025781,2025/12/15,上櫃,,RWSCCA,
702579　IET國票57購02,TW25Z7025799,2025/12/15,上櫃,,RWSCCA,
702580　中光電國票57購05,TW25Z7025807,2025/12/15,上櫃,,RWSCCA,
702581　世禾國票57購02,TW25Z7025815,2025/12/15,上櫃,,RWSCCA,
702582　竹陞國票57購02,TW25Z7025823,2025/12/15,上櫃,,RWSCCA,
702583　旺矽國票57購02,TW25Z7025831,2025/12/15,上櫃,,RWSCCA,
702584　前鼎國票57購01,TW25Z7025849,2025/12/15,上櫃,,RWSCCA,
702585　泰茂國票57購02,TW25Z7025856,2025/12/15,上櫃,,RWSCCA,
702586　高技國票57購02,TW25Z7025864,2025/12/15,上櫃,,RWSCCA,
702587　富喬國票56購02,TW25Z7025872,2025/12/15,上櫃,,RWSCCA,
702588　富喬國票56購03,TW25Z7025880,2025/12/15,上櫃,,RWSCCA,
702589　富喬國票57購01,TW25Z7025898,2025/12/15,上櫃,,RWSCCA,
702590　富喬國票58購01,TW25Z7025906,2025/12/15,上櫃,,RWSCCA,
702591　富喬國票59購01,TW25Z7025914,2025/12/15,上櫃,,RWSCCA,
702592　富喬國票5C購01,TW25Z7025922,2025/12/15,上櫃,,RWSCCA,
702593　富喬國票62購01,TW25Z7025930,2025/12/15,上櫃,,RWSCCA,
702594　新應材國票56購06,TW25Z7025948,2025/12/15,上櫃,,RWSCCA,
702595　群翊國票57購01,TW25Z7025955,2025/12/15,上櫃,,RWSCCA,
702597　擎亞國票58購02,TW25Z7025971,2025/12/15,上櫃,,RWSCCA,
702598　FH中5G元大58購01,TW25Z7025989,2025/12/15,上櫃,,RWBCCA,
702599　IET元大56購02,TW25Z7025997,2025/12/15,上櫃,,RWSCCA,
702600　IET元大57購01,TW25Z7026003,2025/12/15,上櫃,,RWSCCA,
702601　元太元大56購01,TW25Z7026011,2025/12/15,上櫃,,RWSCCA,
702602　台燿元大56購10,TW25Z7026029,2025/12/15,上櫃,,RWSCCA,
702603　立敦元大56購02,TW25Z7026037,2025/12/15,上櫃,,RWSCCA,
702604　竹陞元大56購02,TW25Z7026045,2025/12/15,上櫃,,RWSCCA,
702605　系統電元大5C購01,TW25Z7026052,2025/12/15,上櫃,,RWSCCA,
702607　旺矽元大59購02,TW25Z7026078,2025/12/15,上櫃,,RWSCCA,
702608　信昌電元大56購05,TW25Z7026086,2025/12/15,上櫃,,RWSCCA,
702609　前鼎元大56購01,TW25Z7026094,2025/12/15,上櫃,,RWSCCA,
702610　高技元大58購01,TW25Z7026102,2025/12/15,上櫃,,RWSCCA,
702611　高技元大5C購01,TW25Z7026110,2025/12/15,上櫃,,RWSCCA,
702612　富喬元大56購01,TW25Z7026128,2025/12/15,上櫃,,RWSCCA,
702613　富喬元大56購02,TW25Z7026136,2025/12/15,上櫃,,RWSCCA,
702614　順達元大56購03,TW25Z7026144,2025/12/15,上櫃,,RWSCCA,
702615　順達元大58購01,TW25Z7026151,2025/12/15,上櫃,,RWSCCA,
702616　擎亞元大59購01,TW25Z7026169,2025/12/15,上櫃,,RWSCCA,
702617　竹陞國泰57購02,TW25Z7026177,2025/12/15,上櫃,,RWSCCA,
702618　富喬國泰57購01,TW25Z7026185,2025/12/15,上櫃,,RWSCCA,
702619　富喬國泰57購02,TW25Z7026193,2025/12/15,上櫃,,RWSCCA,
702620　雍智國泰57購01,TW25Z7026201,2025/12/15,上櫃,,RWSCCA,
702621　精測國泰57購02,TW25Z7026219,2025/12/15,上櫃,,RWSCCA,
702622　穩懋國泰57購03,TW25Z7026227,2025/12/15,上櫃,,RWSCCA,
702623　元太富邦58購02,TW25Z7026235,2025/12/15,上櫃,,RWSCCE,
702624　旺矽富邦56購04,TW25Z7026243,2025/12/15,上櫃,,RWSCCE,
702625　高技富邦58購02,TW25Z7026250,2025/12/15,上櫃,,RWSCCE,
702626　富喬富邦56購01,TW25Z7026268,2025/12/15,上櫃,,RWSCCE,
702627　富喬富邦5C購01,TW25Z7026276,2025/12/15,上櫃,,RWSCCE,
702628　IET元富56購02,TW25Z7026284,2025/12/15,上櫃,,RWSCCA,
702629　立敦元富56購01,TW25Z7026292,2025/12/15,上櫃,,RWSCCA,
702630　宜鼎元富56購03,TW25Z7026300,2025/12/15,上櫃,,RWSCCA,
702631　旺矽元富56購05,TW25Z7026318,2025/12/15,上櫃,,RWSCCA,
702632　旺矽元富56購06,TW25Z7026326,2025/12/15,上櫃,,RWSCCA,
702633　東浦元富56購01,TW25Z7026334,2025/12/15,上櫃,,RWSCCA,
702634　博智元富56購01,TW25Z7026342,2025/12/15,上櫃,,RWSCCA,
702635　富喬元富56購03,TW25Z7026359,2025/12/15,上櫃,,RWSCCA,
702636　富喬元富56購04,TW25Z7026367,2025/12/15,上櫃,,RWSCCA,
702637　穩懋元富56購08,TW25Z7026375,2025/12/15,上櫃,,RWSCCA,
702638　穩懋元富59購01,TW25Z7026383,2025/12/15,上櫃,,RWSCCA,
702639　IET中信5C購01,TW25Z7026391,2025/12/15,上櫃,,RWSCCE,
702640　博智中信56購01,TW25Z7026409,2025/12/15,上櫃,,RWSCCE,
702641　富喬中信5C購01,TW25Z7026417,2025/12/15,上櫃,,RWSCCE,
702642　穩懋中信5C購01,TW25Z7026425,2025/12/15,上櫃,,RWSCCE,
702643　IET永豐56購02,TW25Z7026433,2025/12/15,上櫃,,RWSCCA,
702644　元太永豐56購01,TW25Z7026441,2025/12/15,上櫃,,RWSCCA,
702645　旺矽永豐59購01,TW25Z7026458,2025/12/15,上櫃,,RWSCCA,
702646　信昌電永豐56購02,TW25Z7026466,2025/12/15,上櫃,,RWSCCA,
702647　富喬永豐56購02,TW25Z7026474,2025/12/15,上櫃,,RWSCCA,
702648　富喬永豐57購01,TW25Z7026482,2025/12/15,上櫃,,RWSCCA,
702649　富喬永豐59購01,TW25Z7026490,2025/12/15,上櫃,,RWSCCA,
702650　群翊永豐57購01,TW25Z7026508,2025/12/15,上櫃,,RWSCCA,
702651　擎亞永豐58購01,TW25Z7026516,2025/12/15,上櫃,,RWSCCA,
702652　世禾群益56購01,TW25Z7026524,2025/12/15,上櫃,,RWSCCA,
702654　光頡群益56購01,TW25Z7026540,2025/12/15,上櫃,,RWSCCA,
702655　竹陞群益58購02,TW25Z7026557,2025/12/15,上櫃,,RWSCCA,
702656　旺矽群益58購02,TW25Z7026565,2025/12/15,上櫃,,RWSCCA,
702657　富喬群益56購02,TW25Z7026573,2025/12/15,上櫃,,RWSCCA,
702658　富喬群益56購03,TW25Z7026581,2025/12/15,上櫃,,RWSCCA,
702659　富喬群益57購01,TW25Z7026599,2025/12/15,上櫃,,RWSCCA,
702660　富喬群益57購02,TW25Z7026607,2025/12/15,上櫃,,RWSCCA,
702663　寬宏群益56購01,TW25Z7026631,2025/12/15,上櫃,,RWSCCA,
702664　台燿元大56購11,TW25Z7026649,2025/12/16,上櫃,,RWSCCA,
702665　光頡元大56購01,TW25Z7026656,2025/12/16,上櫃,,RWSCCA,
702666　宏捷科元大56購02,TW25Z7026664,2025/12/16,上櫃,,RWSCCA,
702667　系統電元大5B購01,TW25Z7026672,2025/12/16,上櫃,,RWSCCA,
702668　金益鼎元大56購02,TW25Z7026680,2025/12/16,上櫃,,RWSCCA,
702669　家登元大56購03,TW25Z7026698,2025/12/16,上櫃,,RWSCCA,
702670　家登元大59購01,TW25Z7026706,2025/12/16,上櫃,,RWSCCA,
702671　高技元大56購01,TW25Z7026714,2025/12/16,上櫃,,RWSCCA,
702672　凱崴元大56購01,TW25Z7026722,2025/12/16,上櫃,,RWSCCA,
702673　鈊象元大56購04,TW25Z7026730,2025/12/16,上櫃,,RWSCCA,
702674　臺慶科元大56購01,TW25Z7026748,2025/12/16,上櫃,,RWSCCA,
702675　穩懋元大56購08,TW25Z7026755,2025/12/16,上櫃,,RWSCCA,
702676　穩懋元大56購09,TW25Z7026763,2025/12/16,上櫃,,RWSCCA,
702677　新應材國泰57購02,TW25Z7026771,2025/12/16,上櫃,,RWSCCA,
702678　立敦富邦58購01,TW25Z7026789,2025/12/16,上櫃,,RWSCCE,
702679　世禾國票57購03,TW25Z7026797,2025/12/16,上櫃,,RWSCCA,
702680　印能國票56購01,TW25Z7026805,2025/12/16,上櫃,,RWSCCA,
702682　沛亨國票57購01,TW25Z7026821,2025/12/16,上櫃,,RWSCCA,
702683　信立國票57購01,TW25Z7026839,2025/12/16,上櫃,,RWSCCA,
702685　家登國票58購01,TW25Z7026854,2025/12/16,上櫃,,RWSCCA,
702686　訊聯國票57購02,TW25Z7026862,2025/12/16,上櫃,,RWSCCA,
702688　元太凱基56購02,TW25Z7026888,2025/12/16,上櫃,,RWSCCA,
702689　世禾凱基57購02,TW25Z7026896,2025/12/16,上櫃,,RWSCCA,
702690　台燿凱基56購06,TW25Z7026904,2025/12/16,上櫃,,RWSCCA,
702691　弘塑凱基56購07,TW25Z7026912,2025/12/16,上櫃,,RWSCCA,
702692　金益鼎凱基56購03,TW25Z7026920,2025/12/16,上櫃,,RWSCCA,
702693　高技凱基57購02,TW25Z7026938,2025/12/16,上櫃,,RWSCCA,
702694　順達凱基57購03,TW25Z7026946,2025/12/16,上櫃,,RWSCCA,
702695　穩懋凱基5A購01,TW25Z7026953,2025/12/16,上櫃,,RWSCCA,
702696　中光電群益56購04,TW25Z7026961,2025/12/16,上櫃,,RWSCCA,
702697　世禾群益56購02,TW25Z7026979,2025/12/16,上櫃,,RWSCCA,
702699　系統電群益58購01,TW25Z7026995,2025/12/16,上櫃,,RWSCCA,
702700　家登群益56購01,TW25Z7027001,2025/12/16,上櫃,,RWSCCA,
702701　順達群益56購03,TW25Z7027019,2025/12/16,上櫃,,RWSCCA,
702702　群翊群益57購01,TW25Z7027027,2025/12/16,上櫃,,RWSCCA,
702703　立敦元富56購02,TW25Z7027035,2025/12/16,上櫃,,RWSCCA,
702704　系統電元富56購02,TW25Z7027043,2025/12/16,上櫃,,RWSCCA,
702705　良維元富56購03,TW25Z7027050,2025/12/16,上櫃,,RWSCCA,
702706　穩懋元富56購09,TW25Z7027068,2025/12/16,上櫃,,RWSCCA,
702707　家登永豐57購01,TW25Z7027076,2025/12/16,上櫃,,RWSCCA,
702709　雙鴻永豐56購03,TW25Z7027092,2025/12/16,上櫃,,RWSCCA,
702710　穩懋永豐57購02,TW25Z7027100,2025/12/16,上櫃,,RWSCCA,
702711　台燿中信56購04,TW25Z7027118,2025/12/16,上櫃,,RWSCCE,
702712　良維中信5B購01,TW25Z7027126,2025/12/16,上櫃,,RWSCCE,
702713　信昌電中信58購01,TW25Z7027134,2025/12/16,上櫃,,RWSCCE,
702714　神準中信57購01,TW25Z7027142,2025/12/16,上櫃,,RWSCCE,
702715　聖暉*中信56購01,TW25Z7027159,2025/12/16,上櫃,,RWSCCE,
702716　世禾元大56購01,TW25Z7027167,2025/12/17,上櫃,,RWSCCA,
702717　台燿元大59購02,TW25Z7027175,2025/12/17,上櫃,,RWSCCA,
702718　光頡元大56購02,TW25Z7027183,2025/12/17,上櫃,,RWSCCA,
702719　系統電元大5C購02,TW25Z7027191,2025/12/17,上櫃,,RWSCCA,
702722　信紘科元大56購01,TW25Z7027225,2025/12/17,上櫃,,RWSCCA,
702723　家登元大56購04,TW25Z7027233,2025/12/17,上櫃,,RWSCCA,
702724　家登元大59購02,TW25Z7027241,2025/12/17,上櫃,,RWSCCA,
702725　高技元大57購01,TW25Z7027258,2025/12/17,上櫃,,RWSCCA,
702726　閎康元大56購01,TW25Z7027266,2025/12/17,上櫃,,RWSCCA,
702727　順達元大56購04,TW25Z7027274,2025/12/17,上櫃,,RWSCCA,
702728　順達元大56購05,TW25Z7027282,2025/12/17,上櫃,,RWSCCA,
702729　順達元大56購06,TW25Z7027290,2025/12/17,上櫃,,RWSCCA,
702730　擎亞元大58購02,TW25Z7027308,2025/12/17,上櫃,,RWSCCA,
702731　穩懋元大56購10,TW25Z7027316,2025/12/17,上櫃,,RWSCCA,
702732　CT債20凱基58購01,TW25Z7027324,2025/12/17,上櫃,,RWBCCA,
702733　台特化凱基56購01,TW25Z7027332,2025/12/17,上櫃,,RWSCCA,
702734　台特化凱基56購02,TW25Z7027340,2025/12/17,上櫃,,RWSCCA,
702735　台特化凱基56購03,TW25Z7027357,2025/12/17,上櫃,,RWSCCA,
702736　系統電凱基56購01,TW25Z7027365,2025/12/17,上櫃,,RWSCCA,
702737　宜鼎凱基56購05,TW25Z7027373,2025/12/17,上櫃,,RWSCCA,
702738　倚強凱基56購01,TW25Z7027381,2025/12/17,上櫃,,RWSCCA,
702739　家登凱基57購01,TW25Z7027399,2025/12/17,上櫃,,RWSCCA,
702741　勤凱凱基56購01,TW25Z7027415,2025/12/17,上櫃,,RWSCCA,
702742　勤凱凱基56購02,TW25Z7027423,2025/12/17,上櫃,,RWSCCA,
702743　勤凱凱基56購03,TW25Z7027431,2025/12/17,上櫃,,RWSCCA,
702744　新應材凱基57購04,TW25Z7027449,2025/12/17,上櫃,,RWSCCA,
702745　聖暉*凱基56購04,TW25Z7027456,2025/12/17,上櫃,,RWSCCA,
702746　精測凱基58購02,TW25Z7027464,2025/12/17,上櫃,,RWSCCA,
702747　威剛國泰57購02,TW25Z7027472,2025/12/17,上櫃,,RWSCCA,
702748　群翊國泰57購01,TW25Z7027480,2025/12/17,上櫃,,RWSCCA,
702749　聖暉*國泰57購01,TW25Z7027498,2025/12/17,上櫃,,RWSCCA,
702751　新應材富邦58購01,TW25Z7027514,2025/12/17,上櫃,,RWSCCE,
702752　台特化統一6C購01,TW25Z7027522,2025/12/17,上櫃,,RWSCCA,
702753　精測統一66購01,TW25Z7027530,2025/12/17,上櫃,,RWSCCA,
702754　台特化國票57購01,TW25Z7027548,2025/12/17,上櫃,,RWSCCA,
702755　台特化國票57購02,TW25Z7027555,2025/12/17,上櫃,,RWSCCA,
702757　台特化群益56購01,TW25Z7027571,2025/12/17,上櫃,,RWSCCA,
702758　台特化群益56購02,TW25Z7027589,2025/12/17,上櫃,,RWSCCA,
702759　台特化群益57購01,TW25Z7027597,2025/12/17,上櫃,,RWSCCA,
702760　台特化群益58購01,TW25Z7027605,2025/12/17,上櫃,,RWSCCA,
702761　信紘科群益56購01,TW25Z7027613,2025/12/17,上櫃,,RWSCCA,
702762　茂迪群益56購02,TW25Z7027621,2025/12/17,上櫃,,RWSCCA,
702763　高技群益58購01,TW25Z7027639,2025/12/17,上櫃,,RWSCCA,
702764　勤凱群益56購02,TW25Z7027647,2025/12/17,上櫃,,RWSCCA,
702765　勤凱群益57購01,TW25Z7027654,2025/12/17,上櫃,,RWSCCA,
702766　聖暉*群益56購01,TW25Z7027662,2025/12/17,上櫃,,RWSCCA,
702767　聖暉*群益57購01,TW25Z7027670,2025/12/17,上櫃,,RWSCCA,
702768　精測群益56購06,TW25Z7027688,2025/12/17,上櫃,,RWSCCA,
702769　中光電永豐57購02,TW25Z7027696,2025/12/17,上櫃,,RWSCCA,
702770　世禾永豐58購01,TW25Z7027704,2025/12/17,上櫃,,RWSCCA,
702771　台特化永豐56購02,TW25Z7027712,2025/12/17,上櫃,,RWSCCA,
702772　台特化永豐57購01,TW25Z7027720,2025/12/17,上櫃,,RWSCCA,
702773　台特化永豐58購01,TW25Z7027738,2025/12/17,上櫃,,RWSCCA,
702774　茂迪永豐57購01,TW25Z7027746,2025/12/17,上櫃,,RWSCCA,
702775　訊聯永豐5C購02,TW25Z7027753,2025/12/17,上櫃,,RWSCCA,
702776　新應材永豐5C購01,TW25Z7027761,2025/12/17,上櫃,,RWSCCA,
702777　精測永豐59購01,TW25Z7027779,2025/12/17,上櫃,,RWSCCA,
702778　廣運永豐57購01,TW25Z7027787,2025/12/17,上櫃,,RWSCCA,
702779　台特化元富56購01,TW25Z7027795,2025/12/17,上櫃,,RWSCCA,
702780　台特化元富56購02,TW25Z7027803,2025/12/17,上櫃,,RWSCCA,
702781　台燿元富56購05,TW25Z7027811,2025/12/17,上櫃,,RWSCCA,
702782　台燿元富56購06,TW25Z7027829,2025/12/17,上櫃,,RWSCCA,
702783　威剛元富56購01,TW25Z7027837,2025/12/17,上櫃,,RWSCCA,
702784　精測元富56購08,TW25Z7027845,2025/12/17,上櫃,,RWSCCA,
702785　雙鴻元富57購02,TW25Z7027852,2025/12/17,上櫃,,RWSCCA,
702786　威剛中信5C購01,TW25Z7027860,2025/12/17,上櫃,,RWSCCE,
702787　精測中信57購01,TW25Z7027878,2025/12/17,上櫃,,RWSCCE,
702788　元太凱基57購01,TW25Z7027886,2025/12/18,上櫃,,RWSCCA,
702789　光頡凱基56購01,TW25Z7027894,2025/12/18,上櫃,,RWSCCA,
702790　宜鼎凱基58購03,TW25Z7027902,2025/12/18,上櫃,,RWSCCA,
702791　信立凱基57購01,TW25Z7027910,2025/12/18,上櫃,,RWSCCA,
702792　信紘科凱基56購01,TW25Z7027928,2025/12/18,上櫃,,RWSCCA,
702794　茂迪凱基56購02,TW25Z7027944,2025/12/18,上櫃,,RWSCCA,
702795　高技凱基56購05,TW25Z7027951,2025/12/18,上櫃,,RWSCCA,
702796　閎康凱基56購01,TW25Z7027969,2025/12/18,上櫃,,RWSCCA,
702797　新復興凱基56購01,TW25Z7027977,2025/12/18,上櫃,,RWSCCA,
702798　新應材凱基56購06,TW25Z7027985,2025/12/18,上櫃,,RWSCCA,
702800　台特化兆豐58購01,TW25Z7028009,2025/12/18,上櫃,,RWSCCA,
702801　台星科元大56購01,TW25Z7028017,2025/12/18,上櫃,,RWSCCA,
702802　台特化元大59購01,TW25Z7028025,2025/12/18,上櫃,,RWSCCA,
702803　台燿元大56購12,TW25Z7028033,2025/12/18,上櫃,,RWSCCA,
702804　良維元大59購01,TW25Z7028041,2025/12/18,上櫃,,RWSCCA,
702805　金山電元大56購02,TW25Z7028058,2025/12/18,上櫃,,RWSCCA,
702806　金益鼎元大56購03,TW25Z7028066,2025/12/18,上櫃,,RWSCCA,
702807　高技元大57購02,TW25Z7028074,2025/12/18,上櫃,,RWSCCA,
702808　高技元大5A購01,TW25Z7028082,2025/12/18,上櫃,,RWSCCA,
702809　順達元大56購07,TW25Z7028090,2025/12/18,上櫃,,RWSCCA,
702810　聖暉*元大59購01,TW25Z7028108,2025/12/18,上櫃,,RWSCCA,
702811　聖暉*元大5A購01,TW25Z7028116,2025/12/18,上櫃,,RWSCCA,
702813　台星科國票58購01,TW25Z7028132,2025/12/18,上櫃,,RWSCCA,
702814　立敦國票58購01,TW25Z7028140,2025/12/18,上櫃,,RWSCCA,
702815　茂迪國票57購01,TW25Z7028157,2025/12/18,上櫃,,RWSCCA,
702816　倚強國票56購01,TW25Z7028165,2025/12/18,上櫃,,RWSCCA,
702817　凱崴國票57購01,TW25Z7028173,2025/12/18,上櫃,,RWSCCA,
702819　華景電國票57購01,TW25Z7028199,2025/12/18,上櫃,,RWSCCA,
702820　漢科國票56購01,TW25Z7028207,2025/12/18,上櫃,,RWSCCA,
702821　漢科國票57購01,TW25Z7028215,2025/12/18,上櫃,,RWSCCA,
702822　穩懋國票57購04,TW25Z7028223,2025/12/18,上櫃,,RWSCCA,
702823　威剛國泰57購03,TW25Z7028231,2025/12/18,上櫃,,RWSCCA,
702824　鈊象國泰57購01,TW25Z7028249,2025/12/18,上櫃,,RWSCCA,
702825　雙鴻國泰57購01,TW25Z7028256,2025/12/18,上櫃,,RWSCCA,
702826　宜鼎富邦59購01,TW25Z7028264,2025/12/18,上櫃,,RWSCCE,
702827　穩懋富邦56購03,TW25Z7028272,2025/12/18,上櫃,,RWSCCE,
702828　勤凱統一5C購01,TW25Z7028280,2025/12/18,上櫃,,RWSCCA,
702829　勤凱統一6C購01,TW25Z7028298,2025/12/18,上櫃,,RWSCCA,
702830　擎亞統一6C購01,TW25Z7028306,2025/12/18,上櫃,,RWSCCA,
702831　宜鼎元富5C購01,TW25Z7028314,2025/12/18,上櫃,,RWSCCA,
702832　威剛元富56購02,TW25Z7028322,2025/12/18,上櫃,,RWSCCA,
702833　高技元富5C購02,TW25Z7028330,2025/12/18,上櫃,,RWSCCA,
702834　勤凱元富56購01,TW25Z7028348,2025/12/18,上櫃,,RWSCCA,
702835　新復興元富56購01,TW25Z7028355,2025/12/18,上櫃,,RWSCCA,
702836　聖暉*元富56購02,TW25Z7028363,2025/12/18,上櫃,,RWSCCA,
702837　雙鴻中信59購03,TW25Z7028371,2025/12/18,上櫃,,RWSCCE,
702838　元太永豐57購01,TW25Z7028389,2025/12/18,上櫃,,RWSCCA,
702841　良維永豐57購01,TW25Z7028413,2025/12/18,上櫃,,RWSCCA,
702842　勤凱永豐58購01,TW25Z7028421,2025/12/18,上櫃,,RWSCCA,
702843　勤凱永豐59購01,TW25Z7028439,2025/12/18,上櫃,,RWSCCA,
702844　新復興永豐56購01,TW25Z7028447,2025/12/18,上櫃,,RWSCCA,
702845　穩懋永豐56購03,TW25Z7028454,2025/12/18,上櫃,,RWSCCA,
702847　家登群益56購02,TW25Z7028470,2025/12/18,上櫃,,RWSCCA,
702848　信紘科國票56購01,TW25Z7028488,2025/12/19,上櫃,,RWSCCA,
702849　信紘科國票57購01,TW25Z7028496,2025/12/19,上櫃,,RWSCCA,
702850　創惟國票59購01,TW25Z7028504,2025/12/19,上櫃,,RWSCCA,
702851　璟德國票58購01,TW25Z7028512,2025/12/19,上櫃,,RWSCCA,
702853　金益鼎凱基56購04,TW25Z7028538,2025/12/19,上櫃,,RWSCCA,
702854　前鼎凱基56購01,TW25Z7028546,2025/12/19,上櫃,,RWSCCA,
702855　茂迪凱基58購01,TW25Z7028553,2025/12/19,上櫃,,RWSCCA,
702856　家登凱基59購01,TW25Z7028561,2025/12/19,上櫃,,RWSCCA,
702857　華景電凱基57購01,TW25Z7028579,2025/12/19,上櫃,,RWSCCA,
702858　順達凱基59購02,TW25Z7028587,2025/12/19,上櫃,,RWSCCA,
702859　鈊象凱基58購01,TW25Z7028595,2025/12/19,上櫃,,RWSCCA,
702860　新復興凱基58購01,TW25Z7028603,2025/12/19,上櫃,,RWSCCA,
702861　新應材凱基57購05,TW25Z7028611,2025/12/19,上櫃,,RWSCCA,
702862　聖暉*凱基56購05,TW25Z7028629,2025/12/19,上櫃,,RWSCCA,
702863　漢科凱基56購01,TW25Z7028637,2025/12/19,上櫃,,RWSCCA,
702864　璟德凱基56購01,TW25Z7028645,2025/12/19,上櫃,,RWSCCA,
702865　擎亞凱基56購01,TW25Z7028652,2025/12/19,上櫃,,RWSCCA,
702866　東捷國泰57購01,TW25Z7028660,2025/12/19,上櫃,,RWSCCA,
702867　聖暉*國泰57購02,TW25Z7028678,2025/12/19,上櫃,,RWSCCA,
702868　華景電富邦56購01,TW25Z7028686,2025/12/19,上櫃,,RWSCCE,
702871　金山電群益56購03,TW25Z7028710,2025/12/19,上櫃,,RWSCCA,
702872　茂迪群益56購03,TW25Z7028728,2025/12/19,上櫃,,RWSCCA,
702873　茂迪群益56購04,TW25Z7028736,2025/12/19,上櫃,,RWSCCA,
702874　高技群益58購02,TW25Z7028744,2025/12/19,上櫃,,RWSCCA,
702875　凱崴群益56購02,TW25Z7028751,2025/12/19,上櫃,,RWSCCA,
702876　凱崴群益57購02,TW25Z7028769,2025/12/19,上櫃,,RWSCCA,
702877　華景電群益56購01,TW25Z7028777,2025/12/19,上櫃,,RWSCCA,
702878　櫃200群益5B購01,TW25Z7028785,2025/12/19,上櫃,,RWICCE,
702879　台星科元大56購02,TW25Z7028793,2025/12/19,上櫃,,RWSCCA,
702880　台燿元大5A購01,TW25Z7028801,2025/12/19,上櫃,,RWSCCA,
702881　沛亨元大56購01,TW25Z7028819,2025/12/19,上櫃,,RWSCCA,
702882　信紘科元大56購02,TW25Z7028827,2025/12/19,上櫃,,RWSCCA,
702883　家登元大58購01,TW25Z7028835,2025/12/19,上櫃,,RWSCCA,
702884　家登元大5C購01,TW25Z7028843,2025/12/19,上櫃,,RWSCCA,
702885　高技元大5A購02,TW25Z7028850,2025/12/19,上櫃,,RWSCCA,
702886　高技元大5B購01,TW25Z7028868,2025/12/19,上櫃,,RWSCCA,
702888　穩懋元大59購05,TW25Z7028884,2025/12/19,上櫃,,RWSCCA,
702889　三聯元富56購01,TW25Z7028892,2025/12/19,上櫃,,RWSCCA,
702890　新復興元富56購02,TW25Z7028900,2025/12/19,上櫃,,RWSCCA,
702891　新復興元富57購01,TW25Z7028918,2025/12/19,上櫃,,RWSCCA,
702892　台特化中信56購01,TW25Z7028926,2025/12/19,上櫃,,RWSCCE,
702893　聖暉*中信56購02,TW25Z7028934,2025/12/19,上櫃,,RWSCCE,
702894　弘塑永豐56購02,TW25Z7028942,2025/12/19,上櫃,,RWSCCA,
702895　茂迪永豐58購01,TW25Z7028959,2025/12/19,上櫃,,RWSCCA,
702896　勤凱永豐56購01,TW25Z7028967,2025/12/19,上櫃,,RWSCCA,
702897　榮剛永豐57購01,TW25Z7028975,2025/12/19,上櫃,,RWSCCA,
702898　穩懋永豐59購02,TW25Z7028983,2025/12/19,上櫃,,RWSCCA,
702899　力旺國票56購03,TW25Z7028991,2025/12/22,上櫃,,RWSCCA,
702901　元山國票57購01,TW25Z7029015,2025/12/22,上櫃,,RWSCCA,
702902　巨漢國票56購01,TW25Z7029023,2025/12/22,上櫃,,RWSCCA,
702903　巨漢國票58購01,TW25Z7029031,2025/12/22,上櫃,,RWSCCA,
702904　系微國票57購01,TW25Z7029049,2025/12/22,上櫃,,RWSCCA,
702905　凱崴國票57購02,TW25Z7029056,2025/12/22,上櫃,,RWSCCA,
702906　華義國票57購01,TW25Z7029064,2025/12/22,上櫃,,RWSCCA,
702907　新復興國票56購01,TW25Z7029072,2025/12/22,上櫃,,RWSCCA,
702908　雍智國票57購02,TW25Z7029080,2025/12/22,上櫃,,RWSCCA,
702909　銳澤國票56購01,TW25Z7029098,2025/12/22,上櫃,,RWSCCA,
702910　群翊兆豐58購01,TW25Z7029106,2025/12/22,上櫃,,RWSCCA,
702911　力旺元大56購06,TW25Z7029114,2025/12/22,上櫃,,RWSCCA,
702912　元太元大59購01,TW25Z7029122,2025/12/22,上櫃,,RWSCCA,
702913　台星科元大56購03,TW25Z7029130,2025/12/22,上櫃,,RWSCCA,
702914　光頡元大56購03,TW25Z7029148,2025/12/22,上櫃,,RWSCCA,
702915　宜鼎元大56購13,TW25Z7029155,2025/12/22,上櫃,,RWSCCA,
702917　金益鼎元大56購04,TW25Z7029171,2025/12/22,上櫃,,RWSCCA,
702918　茂迪元大56購01,TW25Z7029189,2025/12/22,上櫃,,RWSCCA,
702919　高技元大5B購02,TW25Z7029197,2025/12/22,上櫃,,RWSCCA,
702920　凱崴元大56購02,TW25Z7029205,2025/12/22,上櫃,,RWSCCA,
702921　創惟元大56購01,TW25Z7029213,2025/12/22,上櫃,,RWSCCA,
702922　順達元大56購08,TW25Z7029221,2025/12/22,上櫃,,RWSCCA,
702923　順達元大56購09,TW25Z7029239,2025/12/22,上櫃,,RWSCCA,
702924　信紘科國泰57購01,TW25Z7029247,2025/12/22,上櫃,,RWSCCA,
702925　茂迪國泰57購01,TW25Z7029254,2025/12/22,上櫃,,RWSCCA,
702926　力旺富邦58購02,TW25Z7029262,2025/12/22,上櫃,,RWSCCE,
702927　茂迪富邦56購01,TW25Z7029270,2025/12/22,上櫃,,RWSCCE,
702928　高技富邦58購03,TW25Z7029288,2025/12/22,上櫃,,RWSCCE,
702930　台燿凱基56購07,TW25Z7029304,2025/12/22,上櫃,,RWSCCA,
702931　巨漢凱基56購01,TW25Z7029312,2025/12/22,上櫃,,RWSCCA,
702932　合晶凱基56購01,TW25Z7029320,2025/12/22,上櫃,,RWSCCA,
702935　高技凱基58購01,TW25Z7029353,2025/12/22,上櫃,,RWSCCA,
702936　創惟凱基56購01,TW25Z7029361,2025/12/22,上櫃,,RWSCCA,
702937　順達凱基56購03,TW25Z7029379,2025/12/22,上櫃,,RWSCCA,
702938　新復興凱基57購01,TW25Z7029387,2025/12/22,上櫃,,RWSCCA,
702939　銳澤凱基56購01,TW25Z7029395,2025/12/22,上櫃,,RWSCCA,
702940　擎亞凱基5A購01,TW25Z7029403,2025/12/22,上櫃,,RWSCCA,
702941　力旺元富57購08,TW25Z7029411,2025/12/22,上櫃,,RWSCCA,
702942　力旺元富59購01,TW25Z7029429,2025/12/22,上櫃,,RWSCCA,
702943　力旺元富59購02,TW25Z7029437,2025/12/22,上櫃,,RWSCCA,
702944　華景電元富56購02,TW25Z7029445,2025/12/22,上櫃,,RWSCCA,
702945　銳澤元富56購01,TW25Z7029452,2025/12/22,上櫃,,RWSCCA,
702946　弘塑永豐5C購01,TW25Z7029460,2025/12/22,上櫃,,RWSCCA,
702947　合晶永豐56購01,TW25Z7029478,2025/12/22,上櫃,,RWSCCA,
702948　茂迪永豐56購02,TW25Z7029486,2025/12/22,上櫃,,RWSCCA,
702949　順達永豐58購01,TW25Z7029494,2025/12/22,上櫃,,RWSCCA,
702950　新復興永豐57購01,TW25Z7029502,2025/12/22,上櫃,,RWSCCA,
702951　新應材永豐5C購02,TW25Z7029510,2025/12/22,上櫃,,RWSCCA,
702952　璟德永豐56購01,TW25Z7029528,2025/12/22,上櫃,,RWSCCA,
702953　力旺中信5C購01,TW25Z7029536,2025/12/22,上櫃,,RWSCCE,
702954　台燿中信56購05,TW25Z7029544,2025/12/22,上櫃,,RWSCCE,
702957　金益鼎群益57購01,TW25Z7029577,2025/12/22,上櫃,,RWSCCA,
702958　信紘科群益56購02,TW25Z7029585,2025/12/22,上櫃,,RWSCCA,
702959　家登群益56購03,TW25Z7029593,2025/12/22,上櫃,,RWSCCA,
702960　華景電群益56購02,TW25Z7029601,2025/12/22,上櫃,,RWSCCA,
702961　華景電群益58購01,TW25Z7029619,2025/12/22,上櫃,,RWSCCA,
702962　順達群益56購04,TW25Z7029627,2025/12/22,上櫃,,RWSCCA,
702963　萬泰科群益56購01,TW25Z7029635,2025/12/22,上櫃,,RWSCCA,
702964　聖暉*群益56購02,TW25Z7029643,2025/12/22,上櫃,,RWSCCA,
702965　元太凱基56購03,TW25Z7029650,2025/12/23,上櫃,,RWSCCA,
702966　元債20凱基5C購01,TW25Z7029668,2025/12/23,上櫃,,RWBCCA,
702967　台星科凱基56購03,TW25Z7029676,2025/12/23,上櫃,,RWSCCA,
702968　系微凱基59購01,TW25Z7029684,2025/12/23,上櫃,,RWSCCA,
702969　宜鼎凱基5C購01,TW25Z7029692,2025/12/23,上櫃,,RWSCCA,
702970　信紘科凱基56購02,TW25Z7029700,2025/12/23,上櫃,,RWSCCA,
702971　萬泰科凱基56購01,TW25Z7029718,2025/12/23,上櫃,,RWSCCA,
702973　華景電國票57購02,TW25Z7029734,2025/12/23,上櫃,,RWSCCA,
702974　順達國票57購01,TW25Z7029742,2025/12/23,上櫃,,RWSCCA,
702975　中美晶國泰57購01,TW25Z7029759,2025/12/23,上櫃,,RWSCCA,
702976　金山電國泰57購01,TW25Z7029767,2025/12/23,上櫃,,RWSCCA,
702977　新復興國泰57購01,TW25Z7029775,2025/12/23,上櫃,,RWSCCA,
702978　萬潤國泰57購01,TW25Z7029783,2025/12/23,上櫃,,RWSCCA,
702979　順達富邦56購02,TW25Z7029791,2025/12/23,上櫃,,RWSCCE,
702980　訊聯統一6C購01,TW25Z7029809,2025/12/23,上櫃,,RWSCCA,
702981　合晶元大56購01,TW25Z7029817,2025/12/23,上櫃,,RWSCCA,
702982　金益鼎元大56購05,TW25Z7029825,2025/12/23,上櫃,,RWSCCA,
702983　茂迪元大56購02,TW25Z7029833,2025/12/23,上櫃,,RWSCCA,
702984　華景電元大56購02,TW25Z7029841,2025/12/23,上櫃,,RWSCCA,
702985　順達元大56購10,TW25Z7029858,2025/12/23,上櫃,,RWSCCA,
702986　順達元大56購11,TW25Z7029866,2025/12/23,上櫃,,RWSCCA,
702987　穩懋元大5C購03,TW25Z7029874,2025/12/23,上櫃,,RWSCCA,
702988　茂迪元富56購01,TW25Z7029882,2025/12/23,上櫃,,RWSCCA,
702989　華景電元富56購03,TW25Z7029890,2025/12/23,上櫃,,RWSCCA,
702990　華景電元富5C購01,TW25Z7029908,2025/12/23,上櫃,,RWSCCA,
702991　璟德元富56購02,TW25Z7029916,2025/12/23,上櫃,,RWSCCA,
702992　璟德元富56購03,TW25Z7029924,2025/12/23,上櫃,,RWSCCA,
702993　宜鼎中信5A購02,TW25Z7029932,2025/12/23,上櫃,,RWSCCE,
702994　順達中信56購02,TW25Z7029940,2025/12/23,上櫃,,RWSCCE,
702996　立敦永豐58購01,TW25Z7029965,2025/12/23,上櫃,,RWSCCA,
702998　家登永豐57購02,TW25Z7029981,2025/12/23,上櫃,,RWSCCA,
702999　順達永豐57購01,TW25Z7029999,2025/12/23,上櫃,,RWSCCA,
703000　鈊象永豐57購01,TW25Z7030005,2025/12/23,上櫃,,RWSCCA,
703001　新普永豐58購01,TW25Z7030013,2025/12/23,上櫃,,RWSCCA,
703002　新應材永豐5C購03,TW25Z7030021,2025/12/23,上櫃,,RWSCCA,
703003　萬泰科永豐57購01,TW25Z7030039,2025/12/23,上櫃,,RWSCCA,
703004　鑫科永豐5C購01,TW25Z7030047,2025/12/23,上櫃,,RWSCCA,
703006　光頡群益58購01,TW25Z7030062,2025/12/23,上櫃,,RWSCCA,
703007　順達群益56購05,TW25Z7030070,2025/12/23,上櫃,,RWSCCA,
703009　中光電國票56購01,TW25Z7030096,2025/12/24,上櫃,,RWSCCA,
703010　合晶國票56購01,TW25Z7030104,2025/12/24,上櫃,,RWSCCA,
703011　宜特國票5A購01,TW25Z7030112,2025/12/24,上櫃,,RWSCCA,
703012　東浦國票57購01,TW25Z7030120,2025/12/24,上櫃,,RWSCCA,
703013　高技國票57購03,TW25Z7030138,2025/12/24,上櫃,,RWSCCA,
703014　台星科元大56購04,TW25Z7030146,2025/12/24,上櫃,,RWSCCA,
703016　高技元大56購02,TW25Z7030161,2025/12/24,上櫃,,RWSCCA,
703017　順達元大56購12,TW25Z7030179,2025/12/24,上櫃,,RWSCCA,
703018　萬泰科元大56購01,TW25Z7030187,2025/12/24,上櫃,,RWSCCA,
703019　穩懋元大56購13,TW25Z7030195,2025/12/24,上櫃,,RWSCCA,
703021　弘塑國泰57購02,TW25Z7030211,2025/12/24,上櫃,,RWSCCA,
703022　合晶國泰57購01,TW25Z7030229,2025/12/24,上櫃,,RWSCCA,
703023　宜特國泰57購01,TW25Z7030237,2025/12/24,上櫃,,RWSCCA,
703024　順達國泰57購01,TW25Z7030245,2025/12/24,上櫃,,RWSCCA,
703025　弘塑富邦57購03,TW25Z7030252,2025/12/24,上櫃,,RWSCCE,
703026　精材富邦56購02,TW25Z7030260,2025/12/24,上櫃,,RWSCCE,
703027　穩懋富邦57購02,TW25Z7030278,2025/12/24,上櫃,,RWSCCE,
703029　台燿凱基56購08,TW25Z7030294,2025/12/24,上櫃,,RWSCCA,
703030　金益鼎凱基5A購01,TW25Z7030302,2025/12/24,上櫃,,RWSCCA,
703031　順達凱基56購04,TW25Z7030310,2025/12/24,上櫃,,RWSCCA,
703032　順達凱基58購01,TW25Z7030328,2025/12/24,上櫃,,RWSCCA,
703033　新應材凱基56購08,TW25Z7030336,2025/12/24,上櫃,,RWSCCA,
703034　雙鴻凱基56購05,TW25Z7030344,2025/12/24,上櫃,,RWSCCA,
703036　元太群益5B購01,TW25Z7030369,2025/12/24,上櫃,,RWSCCA,
703038　順達群益58購02,TW25Z7030385,2025/12/24,上櫃,,RWSCCA,
703039　雙鴻群益56購05,TW25Z7030393,2025/12/24,上櫃,,RWSCCA,
703040　雙鴻元富56購06,TW25Z7030401,2025/12/24,上櫃,,RWSCCA,
703041　雙鴻元富57購03,TW25Z7030419,2025/12/24,上櫃,,RWSCCA,
703042　世界中信56購01,TW25Z7030427,2025/12/24,上櫃,,RWSCCE,
703043　高技中信5C購01,TW25Z7030435,2025/12/24,上櫃,,RWSCCE,
703044　順達中信56購03,TW25Z7030443,2025/12/24,上櫃,,RWSCCE,
703045　雙鴻中信5C購02,TW25Z7030450,2025/12/24,上櫃,,RWSCCE,
703046　台特化永豐57購02,TW25Z7030468,2025/12/24,上櫃,,RWSCCA,
703047　順達永豐58購02,TW25Z7030476,2025/12/24,上櫃,,RWSCCA,
703048　順達永豐5A購01,TW25Z7030484,2025/12/24,上櫃,,RWSCCA,
703049　順達永豐5C購01,TW25Z7030492,2025/12/24,上櫃,,RWSCCA,
703050　雙鴻永豐56購04,TW25Z7030500,2025/12/24,上櫃,,RWSCCA,
703051　穩得永豐5A購01,TW25Z7030518,2025/12/24,上櫃,,RWSCCA,
703052　世禾國泰57購01,TW25Z7030526,2025/12/26,上櫃,,RWSCCA,
703053　勤凱國泰57購01,TW25Z7030534,2025/12/26,上櫃,,RWSCCA,
703054　新應材國泰57購04,TW25Z7030542,2025/12/26,上櫃,,RWSCCA,
703055　台特化富邦56購01,TW25Z7030559,2025/12/26,上櫃,,RWSCCE,
703056　台燿富邦57購02,TW25Z7030567,2025/12/26,上櫃,,RWSCCE,
703058　台星科國票57購02,TW25Z7030583,2025/12/26,上櫃,,RWSCCA,
703059　台燿國票57購01,TW25Z7030591,2025/12/26,上櫃,,RWSCCA,
703060　璟德國票57購01,TW25Z7030609,2025/12/26,上櫃,,RWSCCA,
703061　中光電凱基56購06,TW25Z7030617,2025/12/26,上櫃,,RWSCCA,
703062　元太凱基5B購01,TW25Z7030625,2025/12/26,上櫃,,RWSCCA,
703063　台燿凱基56購09,TW25Z7030633,2025/12/26,上櫃,,RWSCCA,
703064　合晶凱基56購02,TW25Z7030641,2025/12/26,上櫃,,RWSCCA,
703065　良維凱基57購05,TW25Z7030658,2025/12/26,上櫃,,RWSCCA,
703066　新應材凱基56購09,TW25Z7030666,2025/12/26,上櫃,,RWSCCA,
703067　萬泰科凱基58購01,TW25Z7030674,2025/12/26,上櫃,,RWSCCA,
703068　璟德凱基58購01,TW25Z7030682,2025/12/26,上櫃,,RWSCCA,
703069　雙鴻凱基57購02,TW25Z7030690,2025/12/26,上櫃,,RWSCCA,
703070　穩懋凱基56購06,TW25Z7030708,2025/12/26,上櫃,,RWSCCA,
703071　台燿台新56購01,TW25Z7030716,2025/12/26,上櫃,,RWSCCE,
703072　世禾元大56購02,TW25Z7030724,2025/12/26,上櫃,,RWSCCA,
703073　台特化元大56購02,TW25Z7030732,2025/12/26,上櫃,,RWSCCA,
703074　台特化元大56購03,TW25Z7030740,2025/12/26,上櫃,,RWSCCA,
703075　台特化元大5A購01,TW25Z7030757,2025/12/26,上櫃,,RWSCCA,
703077　沛亨元大56購03,TW25Z7030773,2025/12/26,上櫃,,RWSCCA,
703078　順達元大56購13,TW25Z7030781,2025/12/26,上櫃,,RWSCCA,
703079　順達元大56購15,TW25Z7030799,2025/12/26,上櫃,,RWSCCA,
703080　群翊元大56購01,TW25Z7030807,2025/12/26,上櫃,,RWSCCA,
703082　穩懋元大56購15,TW25Z7030823,2025/12/26,上櫃,,RWSCCA,
703083　穩懋元大58購02,TW25Z7030831,2025/12/26,上櫃,,RWSCCA,
703084　順達群益56購06,TW25Z7030849,2025/12/26,上櫃,,RWSCCA,
703085　廣運群益58購01,TW25Z7030856,2025/12/26,上櫃,,RWSCCA,
703086　璟德群益57購01,TW25Z7030864,2025/12/26,上櫃,,RWSCCA,
703087　雙鴻群益56購06,TW25Z7030872,2025/12/26,上櫃,,RWSCCA,
703089　宏捷科元富56購01,TW25Z7030898,2025/12/26,上櫃,,RWSCCA,
703090　廣運元富56購01,TW25Z7030906,2025/12/26,上櫃,,RWSCCA,
703091　雙鴻元富57購04,TW25Z7030914,2025/12/26,上櫃,,RWSCCA,
703093　順達中信5B購01,TW25Z7030930,2025/12/26,上櫃,,RWSCCE,
703094　璟德中信58購01,TW25Z7030948,2025/12/26,上櫃,,RWSCCE,
703095　元太永豐58購01,TW25Z7030955,2025/12/26,上櫃,,RWSCCA,
703096　台星科永豐56購01,TW25Z7030963,2025/12/26,上櫃,,RWSCCA,
703097　台燿永豐57購03,TW25Z7030971,2025/12/26,上櫃,,RWSCCA,
703098　宏捷科永豐57購01,TW25Z7030989,2025/12/26,上櫃,,RWSCCA,
703099　宜鼎永豐56購02,TW25Z7030997,2025/12/26,上櫃,,RWSCCA,
703100　雙鴻永豐58購02,TW25Z7031003,2025/12/26,上櫃,,RWSCCA,
703101　穩懋永豐56購04,TW25Z7031011,2025/12/26,上櫃,,RWSCCA,
703102　穩懋永豐5C購01,TW25Z7031029,2025/12/26,上櫃,,RWSCCA,
703103　世紀*凱基56購01,TW25Z7031037,2025/12/29,上櫃,,RWSCCA,
703104　世紀*凱基56購02,TW25Z7031045,2025/12/29,上櫃,,RWSCCA,
703105　世紀*凱基56購03,TW25Z7031052,2025/12/29,上櫃,,RWSCCA,
703106　台星科凱基56購04,TW25Z7031060,2025/12/29,上櫃,,RWSCCA,
703107　台特化凱基56購05,TW25Z7031078,2025/12/29,上櫃,,RWSCCA,
703109　沛亨凱基56購02,TW25Z7031094,2025/12/29,上櫃,,RWSCCA,
703110　新應材凱基58購03,TW25Z7031102,2025/12/29,上櫃,,RWSCCA,
703111　廣運凱基58購01,TW25Z7031110,2025/12/29,上櫃,,RWSCCA,
703112　雙鴻凱基59購04,TW25Z7031128,2025/12/29,上櫃,,RWSCCA,
703113　雙鴻凱基5A購01,TW25Z7031136,2025/12/29,上櫃,,RWSCCA,
703114　世紀*國票57購01,TW25Z7031144,2025/12/29,上櫃,,RWSCCA,
703115　台特化國票58購01,TW25Z7031151,2025/12/29,上櫃,,RWSCCA,
703116　新復興國票58購01,TW25Z7031169,2025/12/29,上櫃,,RWSCCA,
703117　新復興國票59購01,TW25Z7031177,2025/12/29,上櫃,,RWSCCA,
703118　廣運國票57購01,TW25Z7031185,2025/12/29,上櫃,,RWSCCA,
703119　順達國泰57購02,TW25Z7031193,2025/12/29,上櫃,,RWSCCA,
703120　雙鴻國泰57購02,TW25Z7031201,2025/12/29,上櫃,,RWSCCA,
703121　世禾元大56購03,TW25Z7031219,2025/12/29,上櫃,,RWSCCA,
703122　世禾元大56購04,TW25Z7031227,2025/12/29,上櫃,,RWSCCA,
703123　台特化元大56購04,TW25Z7031235,2025/12/29,上櫃,,RWSCCA,
703124　台特化元大56購05,TW25Z7031243,2025/12/29,上櫃,,RWSCCA,
703125　台特化元大5A購02,TW25Z7031250,2025/12/29,上櫃,,RWSCCA,
703126　台燿元大56購14,TW25Z7031268,2025/12/29,上櫃,,RWSCCA,
703127　光頡元大56購04,TW25Z7031276,2025/12/29,上櫃,,RWSCCA,
703128　宜鼎元大5C購02,TW25Z7031284,2025/12/29,上櫃,,RWSCCA,
703129　湧德元大56購02,TW25Z7031292,2025/12/29,上櫃,,RWSCCA,
703130　萬泰科元大56購02,TW25Z7031300,2025/12/29,上櫃,,RWSCCA,
703131　聖暉*元大56購02,TW25Z7031318,2025/12/29,上櫃,,RWSCCA,
703132　聖暉*元大5C購01,TW25Z7031326,2025/12/29,上櫃,,RWSCCA,
703133　穩得元大56購01,TW25Z7031334,2025/12/29,上櫃,,RWSCCA,
703134　原相富邦56購01,TW25Z7031342,2025/12/29,上櫃,,RWSCCE,
703135　金山電統一5C購02,TW25Z7031359,2025/12/29,上櫃,,RWSCCA,
703136　博智統一5C購01,TW25Z7031367,2025/12/29,上櫃,,RWSCCA,
703137　璟德統一5C購01,TW25Z7031375,2025/12/29,上櫃,,RWSCCA,
703138　世紀*元富56購01,TW25Z7031383,2025/12/29,上櫃,,RWSCCA,
703139　世紀*元富56購02,TW25Z7031391,2025/12/29,上櫃,,RWSCCA,
703140　台星科元富56購01,TW25Z7031409,2025/12/29,上櫃,,RWSCCA,
703141　新復興元富56購03,TW25Z7031417,2025/12/29,上櫃,,RWSCCA,
703142　鑫科元富56購01,TW25Z7031425,2025/12/29,上櫃,,RWSCCA,
703143　台燿中信56購06,TW25Z7031433,2025/12/29,上櫃,,RWSCCE,
703144　穩懋中信5C購02,TW25Z7031441,2025/12/29,上櫃,,RWSCCE,
703145　千附精永豐59購01,TW25Z7031458,2025/12/29,上櫃,,RWSCCA,
703146　世紀*永豐57購01,TW25Z7031466,2025/12/29,上櫃,,RWSCCA,
703147　撼訊永豐58購01,TW25Z7031474,2025/12/29,上櫃,,RWSCCA,
703149　中光電群益5A購02,TW25Z7031490,2025/12/29,上櫃,,RWSCCA,
703150　元太群益56購03,TW25Z7031508,2025/12/29,上櫃,,RWSCCA,
703151　世紀*群益57購01,TW25Z7031516,2025/12/29,上櫃,,RWSCCA,
703152　台特化群益56購03,TW25Z7031524,2025/12/29,上櫃,,RWSCCA,
703153　弘塑群益59購01,TW25Z7031532,2025/12/29,上櫃,,RWSCCA,
703154　良維群益58購02,TW25Z7031540,2025/12/29,上櫃,,RWSCCA,
703155　訊聯群益57購02,TW25Z7031557,2025/12/29,上櫃,,RWSCCA,
703156　湧德群益58購02,TW25Z7031565,2025/12/29,上櫃,,RWSCCA,
703157　璟德群益56購01,TW25Z7031573,2025/12/29,上櫃,,RWSCCA,
703158　雙鴻群益56購07,TW25Z7031581,2025/12/29,上櫃,,RWSCCA,
703159　雙鴻群益56購08,TW25Z7031599,2025/12/29,上櫃,,RWSCCA,
703160　鑫科群益57購01,TW25Z7031607,2025/12/29,上櫃,,RWSCCA,
703161　穩懋台新56購01,TW25Z7031615,2025/12/30,上櫃,,RWSCCE,
703162　世禾元大56購05,TW25Z7031623,2025/12/30,上櫃,,RWSCCA,
703163　世禾元大56購06,TW25Z7031631,2025/12/30,上櫃,,RWSCCA,
703164　台星科元大56購05,TW25Z7031649,2025/12/30,上櫃,,RWSCCA,
703165　台特化元大56購06,TW25Z7031656,2025/12/30,上櫃,,RWSCCA,
703166　台特化元大56購07,TW25Z7031664,2025/12/30,上櫃,,RWSCCA,
703167　台特化元大56購08,TW25Z7031672,2025/12/30,上櫃,,RWSCCA,
703168　台燿元大56購16,TW25Z7031680,2025/12/30,上櫃,,RWSCCA,
703169　台燿元大56購17,TW25Z7031698,2025/12/30,上櫃,,RWSCCA,
703170　永信建元大56購01,TW25Z7031706,2025/12/30,上櫃,,RWSCCA,
703171　宜鼎元大5C購03,TW25Z7031714,2025/12/30,上櫃,,RWSCCA,
703172　威剛元大56購03,TW25Z7031722,2025/12/30,上櫃,,RWSCCA,
703173　威剛元大58購04,TW25Z7031730,2025/12/30,上櫃,,RWSCCA,
703174　順達元大56購16,TW25Z7031748,2025/12/30,上櫃,,RWSCCA,
703175　順達元大56購17,TW25Z7031755,2025/12/30,上櫃,,RWSCCA,
703176　順達元大56購18,TW25Z7031763,2025/12/30,上櫃,,RWSCCA,
703177　璟德元大56購01,TW25Z7031771,2025/12/30,上櫃,,RWSCCA,
703178　台星科國票59購01,TW25Z7031789,2025/12/30,上櫃,,RWSCCA,
703179　台燿國票57購02,TW25Z7031797,2025/12/30,上櫃,,RWSCCA,
703180　永信建國票57購01,TW25Z7031805,2025/12/30,上櫃,,RWSCCA,
703181　元太凱基59購01,TW25Z7031813,2025/12/30,上櫃,,RWSCCA,
703182　世禾凱基57購03,TW25Z7031821,2025/12/30,上櫃,,RWSCCA,
703183　台星科凱基57購01,TW25Z7031839,2025/12/30,上櫃,,RWSCCA,
703184　台燿凱基57購03,TW25Z7031847,2025/12/30,上櫃,,RWSCCA,
703185　弘塑凱基57購04,TW25Z7031854,2025/12/30,上櫃,,RWSCCA,
703186　光頡凱基58購01,TW25Z7031862,2025/12/30,上櫃,,RWSCCA,
703187　金山電凱基56購02,TW25Z7031870,2025/12/30,上櫃,,RWSCCA,
703188　湧德凱基56購02,TW25Z7031888,2025/12/30,上櫃,,RWSCCA,
703189　精材凱基56購02,TW25Z7031896,2025/12/30,上櫃,,RWSCCA,
703190　璟德凱基56購02,TW25Z7031904,2025/12/30,上櫃,,RWSCCA,
703191　雙鴻凱基57購03,TW25Z7031912,2025/12/30,上櫃,,RWSCCA,
703192　家登國泰57購01,TW25Z7031920,2025/12/30,上櫃,,RWSCCA,
703193　湧德國泰57購02,TW25Z7031938,2025/12/30,上櫃,,RWSCCA,
703194　廣運國泰57購01,TW25Z7031946,2025/12/30,上櫃,,RWSCCA,
703195　雙鴻國泰57購03,TW25Z7031953,2025/12/30,上櫃,,RWSCCA,
703196　穩懋國泰57購04,TW25Z7031961,2025/12/30,上櫃,,RWSCCA,
703197　M31富邦58購02,TW25Z7031979,2025/12/30,上櫃,,RWSCCE,
703198　台星科富邦58購01,TW25Z7031987,2025/12/30,上櫃,,RWSCCE,
703199　家登富邦58購01,TW25Z7031995,2025/12/30,上櫃,,RWSCCE,
703200　智通*富邦58購02,TW25Z7032001,2025/12/30,上櫃,,RWSCCE,
703201　順達富邦56購03,TW25Z7032019,2025/12/30,上櫃,,RWSCCE,
703202　雙鴻富邦58購03,TW25Z7032027,2025/12/30,上櫃,,RWSCCE,
703203　雙鴻富邦58購04,TW25Z7032035,2025/12/30,上櫃,,RWSCCE,
703204　譜瑞富邦58購02,TW25Z7032043,2025/12/30,上櫃,,RWSCCE,
703205　世紀*群益56購01,TW25Z7032050,2025/12/30,上櫃,,RWSCCA,
703206　台星科群益58購01,TW25Z7032068,2025/12/30,上櫃,,RWSCCA,
703207　台燿群益57購02,TW25Z7032076,2025/12/30,上櫃,,RWSCCA,
703208　永信建群益56購01,TW25Z7032084,2025/12/30,上櫃,,RWSCCA,
703209　威剛群益59購01,TW25Z7032092,2025/12/30,上櫃,,RWSCCA,
703210　威剛群益5A購01,TW25Z7032100,2025/12/30,上櫃,,RWSCCA,
703211　榮剛群益56購01,TW25Z7032118,2025/12/30,上櫃,,RWSCCA,
703212　廣運群益58購02,TW25Z7032126,2025/12/30,上櫃,,RWSCCA,
703213　雙鴻群益56購09,TW25Z7032134,2025/12/30,上櫃,,RWSCCA,
703214　台星科元富56購02,TW25Z7032142,2025/12/30,上櫃,,RWSCCA,
703215　台燿元富56購07,TW25Z7032159,2025/12/30,上櫃,,RWSCCA,
703216　台燿中信56購07,TW25Z7032167,2025/12/30,上櫃,,RWSCCE,
703217　欣銓中信59購01,TW25Z7032175,2025/12/30,上櫃,,RWSCCE,
703219　FH中5G永豐57購01,TW25Z7032191,2025/12/30,上櫃,,RWBCCA,
703220　台燿永豐56購06,TW25Z7032209,2025/12/30,上櫃,,RWSCCA,
703221　台燿永豐58購02,TW25Z7032217,2025/12/30,上櫃,,RWSCCA,
703222　湧德永豐57購01,TW25Z7032225,2025/12/30,上櫃,,RWSCCA,
703223　鈊象永豐58購01,TW25Z7032233,2025/12/30,上櫃,,RWSCCA,
703224　新應材永豐59購02,TW25Z7032241,2025/12/30,上櫃,,RWSCCA,
703225　天品台新56購01,TW25Z7032258,2025/12/31,上櫃,,RWSCCE,
703226　欣銓台新56購01,TW25Z7032266,2025/12/31,上櫃,,RWSCCE,
703227　雙鴻台新56購01,TW25Z7032274,2025/12/31,上櫃,,RWSCCE,
703228　世禾凱基56購02,TW25Z7032282,2025/12/31,上櫃,,RWSCCA,
703229　台特化凱基5A購01,TW25Z7032290,2025/12/31,上櫃,,RWSCCA,
703231　聖暉*凱基58購01,TW25Z7032316,2025/12/31,上櫃,,RWSCCA,
703232　廣運凱基58購02,TW25Z7032324,2025/12/31,上櫃,,RWSCCA,
703233　雙鴻凱基56購07,TW25Z7032332,2025/12/31,上櫃,,RWSCCA,
703234　巨漢國票57購02,TW25Z7032340,2025/12/31,上櫃,,RWSCCA,
703235　穩得國票56購02,TW25Z7032357,2025/12/31,上櫃,,RWSCCA,
703236　台星科元大56購06,TW25Z7032365,2025/12/31,上櫃,,RWSCCA,
703237　台燿元大56購18,TW25Z7032373,2025/12/31,上櫃,,RWSCCA,
703238　巨漢元大56購01,TW25Z7032381,2025/12/31,上櫃,,RWSCCA,
703239　宜鼎元大56購15,TW25Z7032399,2025/12/31,上櫃,,RWSCCA,
703240　金山電元大56購03,TW25Z7032407,2025/12/31,上櫃,,RWSCCA,
703241　威剛元大56購04,TW25Z7032415,2025/12/31,上櫃,,RWSCCA,
703242　順達元大56購19,TW25Z7032423,2025/12/31,上櫃,,RWSCCA,
703243　群翊元大56購02,TW25Z7032431,2025/12/31,上櫃,,RWSCCA,
703245　廣明元大56購02,TW25Z7032456,2025/12/31,上櫃,,RWSCCA,
703246　穩懋元大56購16,TW25Z7032464,2025/12/31,上櫃,,RWSCCA,
703247　巨漢群益56購01,TW25Z7032472,2025/12/31,上櫃,,RWSCCA,
703249　湧德群益58購03,TW25Z7032498,2025/12/31,上櫃,,RWSCCA,
703250　精材群益56購02,TW25Z7032506,2025/12/31,上櫃,,RWSCCA,
703251　雙鴻群益56購10,TW25Z7032514,2025/12/31,上櫃,,RWSCCA,
703252　台星科元富56購03,TW25Z7032522,2025/12/31,上櫃,,RWSCCA,
703253　巨漢元富56購01,TW25Z7032530,2025/12/31,上櫃,,RWSCCA,
703254　巨漢元富56購02,TW25Z7032548,2025/12/31,上櫃,,RWSCCA,
703255　巨漢元富56購03,TW25Z7032555,2025/12/31,上櫃,,RWSCCA,
703256　雙鴻元富56購07,TW25Z7032563,2025/12/31,上櫃,,RWSCCA,
703257　台燿中信56購08,TW25Z7032571,2025/12/31,上櫃,,RWSCCE,
703258　弘塑中信56購01,TW25Z7032589,2025/12/31,上櫃,,RWSCCE,
703259　順達中信56購04,TW25Z7032597,2025/12/31,上櫃,,RWSCCE,
703260　雙鴻中信5C購03,TW25Z7032605,2025/12/31,上櫃,,RWSCCE,
703261　巨漢永豐58購01,TW25Z7032613,2025/12/31,上櫃,,RWSCCA,
703263　朋億*永豐58購01,TW25Z7032639,2025/12/31,上櫃,,RWSCCA,
703264　泰茂永豐58購01,TW25Z7032647,2025/12/31,上櫃,,RWSCCA,
703265　智通*永豐58購01,TW25Z7032654,2025/12/31,上櫃,,RWSCCA,
703266　雙鴻永豐59購01,TW25Z7032662,2025/12/31,上櫃,,RWSCCA,
703267　騰雲永豐58購01,TW25Z7032670,2025/12/31,上櫃,,RWSCCA,
703268　台星科國泰57購01,TW25Z7032688,2025/12/31,上櫃,,RWSCCA,
703269　欣銓國泰57購01,TW25Z7032696,2025/12/31,上櫃,,RWSCCA,
703271　湧德統一5C購02,TW25Z7032712,2025/12/31,上櫃,,RWSCCA,
703272　永信建凱基57購01,TW26Z7032728,2026/01/02,上櫃,,RWSCCA,
703273　良維凱基5A購02,TW26Z7032736,2026/01/02,上櫃,,RWSCCA,
703274　欣銓凱基59購01,TW26Z7032744,2026/01/02,上櫃,,RWSCCA,
703275　信驊凱基57購01,TW26Z7032751,2026/01/02,上櫃,,RWSCCA,
703277　順達凱基58購02,TW26Z7032777,2026/01/02,上櫃,,RWSCCA,
703278　榮剛凱基57購01,TW26Z7032785,2026/01/02,上櫃,,RWSCCA,
703279　雙鴻凱基59購05,TW26Z7032793,2026/01/02,上櫃,,RWSCCA,
703280　鑫科凱基57購01,TW26Z7032801,2026/01/02,上櫃,,RWSCCA,
703281　中光電台新57購01,TW26Z7032819,2026/01/02,上櫃,,RWSCCE,
703282　欣銓國票5A購01,TW26Z7032827,2026/01/02,上櫃,,RWSCCA,
703283　佶優國票57購01,TW26Z7032835,2026/01/02,上櫃,,RWSCCA,
703284　信驊國票58購02,TW26Z7032843,2026/01/02,上櫃,,RWSCCA,
703285　信驊國票58購03,TW26Z7032850,2026/01/02,上櫃,,RWSCCA,
703286　倚強國票58購01,TW26Z7032868,2026/01/02,上櫃,,RWSCCA,
703287　湧德國票58購01,TW26Z7032876,2026/01/02,上櫃,,RWSCCA,
703288　華宏國票58購01,TW26Z7032884,2026/01/02,上櫃,,RWSCCA,
703289　順達國票58購01,TW26Z7032892,2026/01/02,上櫃,,RWSCCA,
703290　聖暉*國票58購01,TW26Z7032900,2026/01/02,上櫃,,RWSCCA,
703291　譜瑞國票58購01,TW26Z7032918,2026/01/02,上櫃,,RWSCCA,
703292　鑫科國票59購01,TW26Z7032926,2026/01/02,上櫃,,RWSCCA,
703293　欣銓群益59購01,TW26Z7032934,2026/01/02,上櫃,,RWSCCA,
703294　信驊群益57購03,TW26Z7032942,2026/01/02,上櫃,,RWSCCA,
703295　信驊群益5B購02,TW26Z7032959,2026/01/02,上櫃,,RWSCCA,
703296　威剛群益5B購01,TW26Z7032967,2026/01/02,上櫃,,RWSCCA,
703297　新應材群益57購02,TW26Z7032975,2026/01/02,上櫃,,RWSCCA,
703298　雙鴻群益57購04,TW26Z7032983,2026/01/02,上櫃,,RWSCCA,
703299　台星科元大57購01,TW26Z7032991,2026/01/02,上櫃,,RWSCCA,
703300　沛亨元大57購01,TW26Z7033007,2026/01/02,上櫃,,RWSCCA,
703301　宜鼎元大57購03,TW26Z7033015,2026/01/02,上櫃,,RWSCCA,
703302　欣銓元大57購01,TW26Z7033023,2026/01/02,上櫃,,RWSCCA,
703303　欣銓元大57購02,TW26Z7033031,2026/01/02,上櫃,,RWSCCA,
703305　金益鼎元大57購01,TW26Z7033056,2026/01/02,上櫃,,RWSCCA,
703306　信驊元大57購01,TW26Z7033064,2026/01/02,上櫃,,RWSCCA,
703307　威剛元大59購05,TW26Z7033072,2026/01/02,上櫃,,RWSCCA,
703308　家登元大5B購01,TW26Z7033080,2026/01/02,上櫃,,RWSCCA,
703309　順達元大57購01,TW26Z7033098,2026/01/02,上櫃,,RWSCCA,
703310　順達元大57購02,TW26Z7033106,2026/01/02,上櫃,,RWSCCA,
703311　雍智元大57購02,TW26Z7033114,2026/01/02,上櫃,,RWSCCA,
703312　擎亞元大57購01,TW26Z7033122,2026/01/02,上櫃,,RWSCCA,
703314　欣銓元富57購01,TW26Z7033148,2026/01/02,上櫃,,RWSCCA,
703315　欣銓元富5A購01,TW26Z7033155,2026/01/02,上櫃,,RWSCCA,
703316　信驊元富57購02,TW26Z7033163,2026/01/02,上櫃,,RWSCCA,
703317　信驊元富57購03,TW26Z7033171,2026/01/02,上櫃,,RWSCCA,
703318　鑫科元富57購01,TW26Z7033189,2026/01/02,上櫃,,RWSCCA,
703319　宜鼎中信59購02,TW26Z7033197,2026/01/02,上櫃,,RWSCCE,
703320　鈊象中信61購01,TW26Z7033205,2026/01/02,上櫃,,RWSCCE,
703321　伍豐永豐59購01,TW26Z7033213,2026/01/02,上櫃,,RWSCCA,
703322　東捷永豐57購01,TW26Z7033221,2026/01/02,上櫃,,RWSCCA,
703323　欣銓永豐57購01,TW26Z7033239,2026/01/02,上櫃,,RWSCCA,
703324　金益鼎永豐5A購01,TW26Z7033247,2026/01/02,上櫃,,RWSCCA,
703325　信驊永豐59購02,TW26Z7033254,2026/01/02,上櫃,,RWSCCA,
703326　健喬永豐59購01,TW26Z7033262,2026/01/02,上櫃,,RWSCCA,
703327　順達永豐59購01,TW26Z7033270,2026/01/02,上櫃,,RWSCCA,
703328　聖暉*永豐58購01,TW26Z7033288,2026/01/02,上櫃,,RWSCCA,
703329　雷科永豐59購01,TW26Z7033296,2026/01/02,上櫃,,RWSCCA,
703330　廣明永豐5A購01,TW26Z7033304,2026/01/02,上櫃,,RWSCCA,
703331　德微永豐59購01,TW26Z7033312,2026/01/02,上櫃,,RWSCCA,
703332　雙鴻永豐59購02,TW26Z7033320,2026/01/02,上櫃,,RWSCCA,
703333　東捷國泰58購01,TW26Z7033338,2026/01/02,上櫃,,RWSCCA,
703334　鈊象國泰58購01,TW26Z7033346,2026/01/02,上櫃,,RWSCCA,
703335　群翊國泰58購01,TW26Z7033353,2026/01/02,上櫃,,RWSCCA,
703336　聖暉*國泰58購01,TW26Z7033361,2026/01/02,上櫃,,RWSCCA,
703337　穩懋國泰58購01,TW26Z7033379,2026/01/02,上櫃,,RWSCCA,
703338　世禾富邦57購01,TW26Z7033387,2026/01/02,上櫃,,RWSCCE,
703339　台燿富邦61購01,TW26Z7033395,2026/01/02,上櫃,,RWSCCE,
703340　信驊富邦5A購01,TW26Z7033403,2026/01/02,上櫃,,RWSCCE,
703341　新應材富邦61購01,TW26Z7033411,2026/01/02,上櫃,,RWSCCE,
703342　大宇資凱基57購01,TW26Z7033429,2026/01/05,上櫃,,RWSCCA,
703343　台星科凱基59購01,TW26Z7033437,2026/01/05,上櫃,,RWSCCA,
703344　沛亨凱基57購01,TW26Z7033445,2026/01/05,上櫃,,RWSCCA,
703345　東捷凱基57購02,TW26Z7033452,2026/01/05,上櫃,,RWSCCA,
703346　欣銓凱基57購01,TW26Z7033460,2026/01/05,上櫃,,RWSCCA,
703347　金益鼎凱基58購01,TW26Z7033478,2026/01/05,上櫃,,RWSCCA,
703348　長聖凱基57購01,TW26Z7033486,2026/01/05,上櫃,,RWSCCA,
703349　信驊凱基58購01,TW26Z7033494,2026/01/05,上櫃,,RWSCCA,
703350　倚強凱基58購01,TW26Z7033502,2026/01/05,上櫃,,RWSCCA,
703351　家登凱基59購02,TW26Z7033510,2026/01/05,上櫃,,RWSCCA,
703352　富喬凱基57購02,TW26Z7033528,2026/01/05,上櫃,,RWSCCA,
703353　富喬凱基5A購02,TW26Z7033536,2026/01/05,上櫃,,RWSCCA,
703354　富喬凱基5B購01,TW26Z7033544,2026/01/05,上櫃,,RWSCCA,
703355　富喬凱基61購01,TW26Z7033551,2026/01/05,上櫃,,RWSCCA,
703356　順達凱基57購04,TW26Z7033569,2026/01/05,上櫃,,RWSCCA,
703357　雙鴻凱基58購01,TW26Z7033577,2026/01/05,上櫃,,RWSCCA,
703358　譜瑞凱基57購03,TW26Z7033585,2026/01/05,上櫃,,RWSCCA,
703359　台燿台新57購01,TW26Z7033593,2026/01/05,上櫃,,RWSCCE,
703361　信驊台新57購03,TW26Z7033619,2026/01/05,上櫃,,RWSCCE,
703362　信驊台新57購04,TW26Z7033627,2026/01/05,上櫃,,RWSCCE,
703363　富喬台新57購01,TW26Z7033635,2026/01/05,上櫃,,RWSCCE,
703364　欣銓兆豐59購01,TW26Z7033643,2026/01/05,上櫃,,RWSCCA,
703365　中光電國票58購01,TW26Z7033650,2026/01/05,上櫃,,RWSCCA,
703366　威剛國票58購01,TW26Z7033668,2026/01/05,上櫃,,RWSCCA,
703367　威剛國票58購02,TW26Z7033676,2026/01/05,上櫃,,RWSCCA,
703368　威剛國票59購02,TW26Z7033684,2026/01/05,上櫃,,RWSCCA,
703369　富喬國票57購04,TW26Z7033692,2026/01/05,上櫃,,RWSCCA,
703370　富喬國票58購03,TW26Z7033700,2026/01/05,上櫃,,RWSCCA,
703371　富喬國票5B購01,TW26Z7033718,2026/01/05,上櫃,,RWSCCA,
703372　富喬國票61購01,TW26Z7033726,2026/01/05,上櫃,,RWSCCA,
703373　湧德國票57購01,TW26Z7033734,2026/01/05,上櫃,,RWSCCA,
703374　穩得國票58購01,TW26Z7033742,2026/01/05,上櫃,,RWSCCA,
703375　鑫科國票58購01,TW26Z7033759,2026/01/05,上櫃,,RWSCCA,
703376　伍豐群益57購01,TW26Z7033767,2026/01/05,上櫃,,RWSCCA,
703377　東捷群益57購01,TW26Z7033775,2026/01/05,上櫃,,RWSCCA,
703378　東捷群益59購01,TW26Z7033783,2026/01/05,上櫃,,RWSCCA,
703379　訊聯群益59購01,TW26Z7033791,2026/01/05,上櫃,,RWSCCA,
703380　富喬群益5B購01,TW26Z7033809,2026/01/05,上櫃,,RWSCCA,
703381　威剛國泰58購01,TW26Z7033817,2026/01/05,上櫃,,RWSCCA,
703382　富喬國泰58購01,TW26Z7033825,2026/01/05,上櫃,,RWSCCA,
703383　富喬國泰58購02,TW26Z7033833,2026/01/05,上櫃,,RWSCCA,
703384　廣明國泰58購01,TW26Z7033841,2026/01/05,上櫃,,RWSCCA,
703385　訊聯富邦57購01,TW26Z7033858,2026/01/05,上櫃,,RWSCCE,
703386　富喬富邦5A購01,TW26Z7033866,2026/01/05,上櫃,,RWSCCE,
703387　聖暉*富邦57購01,TW26Z7033874,2026/01/05,上櫃,,RWSCCE,
703388　穩懋富邦58購01,TW26Z7033882,2026/01/05,上櫃,,RWSCCE,
703389　富喬統一65購01,TW26Z7033890,2026/01/05,上櫃,,RWSCCA,
703390　撼訊統一65購01,TW26Z7033908,2026/01/05,上櫃,,RWSCCA,
703391　百德元富57購01,TW26Z7033916,2026/01/05,上櫃,,RWSCCA,
703393　宜鼎元富57購03,TW26Z7033932,2026/01/05,上櫃,,RWSCCA,
703394　佶優元富57購01,TW26Z7033940,2026/01/05,上櫃,,RWSCCA,
703395　信驊元富5A購01,TW26Z7033957,2026/01/05,上櫃,,RWSCCA,
703396　信驊元富5A購02,TW26Z7033965,2026/01/05,上櫃,,RWSCCA,
703397　倉和元富58購01,TW26Z7033973,2026/01/05,上櫃,,RWSCCA,
703398　順達元富57購01,TW26Z7033981,2026/01/05,上櫃,,RWSCCA,
703399　順達元富61購01,TW26Z7033999,2026/01/05,上櫃,,RWSCCA,
703400　信驊中信61購01,TW26Z7034005,2026/01/05,上櫃,,RWSCCE,
703401　富喬中信61購01,TW26Z7034013,2026/01/05,上櫃,,RWSCCE,
703402　新應材中信59購01,TW26Z7034021,2026/01/05,上櫃,,RWSCCE,
703403　明安永豐59購01,TW26Z7034039,2026/01/05,上櫃,,RWSCCA,
703404　信驊永豐58購02,TW26Z7034047,2026/01/05,上櫃,,RWSCCA,
703405　茂迪永豐57購02,TW26Z7034054,2026/01/05,上櫃,,RWSCCA,
703406　富喬永豐57購02,TW26Z7034062,2026/01/05,上櫃,,RWSCCA,
703407　富喬永豐5A購01,TW26Z7034070,2026/01/05,上櫃,,RWSCCA,
703408　雍智永豐57購02,TW26Z7034088,2026/01/05,上櫃,,RWSCCA,
703409　擎亞永豐59購01,TW26Z7034096,2026/01/05,上櫃,,RWSCCA,
703410　鑫科永豐58購01,TW26Z7034104,2026/01/05,上櫃,,RWSCCA,
703411　世界元大57購01,TW26Z7034112,2026/01/05,上櫃,,RWSCCA,
703412　世紀*元大57購01,TW26Z7034120,2026/01/05,上櫃,,RWSCCA,
703413　系微元大57購03,TW26Z7034138,2026/01/05,上櫃,,RWSCCA,
703414　金益鼎元大57購02,TW26Z7034146,2026/01/05,上櫃,,RWSCCA,
703415　富喬元大57購02,TW26Z7034153,2026/01/05,上櫃,,RWSCCA,
703416　富喬元大57購03,TW26Z7034161,2026/01/05,上櫃,,RWSCCA,
703417　富喬元大57購04,TW26Z7034179,2026/01/05,上櫃,,RWSCCA,
703418　富喬元大5B購01,TW26Z7034187,2026/01/05,上櫃,,RWSCCA,
703419　富喬元大5C購01,TW26Z7034195,2026/01/05,上櫃,,RWSCCA,
703420　富喬元大61購02,TW26Z7034203,2026/01/05,上櫃,,RWSCCA,
703421　晶宏元大57購01,TW26Z7034211,2026/01/05,上櫃,,RWSCCA,
703422　勤凱元大57購01,TW26Z7034229,2026/01/05,上櫃,,RWSCCA,
703423　新漢元大57購01,TW26Z7034237,2026/01/05,上櫃,,RWSCCA,
703424　萬潤元大57購03,TW26Z7034245,2026/01/05,上櫃,,RWSCCA,
703425　廣運元大57購01,TW26Z7034252,2026/01/05,上櫃,,RWSCCA,
703426　鑫科元大57購01,TW26Z7034260,2026/01/05,上櫃,,RWSCCA,
703427　台特化凱基59購01,TW26Z7034278,2026/01/06,上櫃,,RWSCCA,
703428　巨漢凱基57購01,TW26Z7034286,2026/01/06,上櫃,,RWSCCA,
703429　伍豐凱基57購01,TW26Z7034294,2026/01/06,上櫃,,RWSCCA,
703430　欣銓凱基57購02,TW26Z7034302,2026/01/06,上櫃,,RWSCCA,
703431　健喬凱基59購01,TW26Z7034310,2026/01/06,上櫃,,RWSCCA,
703432　湧德凱基59購01,TW26Z7034328,2026/01/06,上櫃,,RWSCCA,
703433　萬潤凱基57購02,TW26Z7034336,2026/01/06,上櫃,,RWSCCA,
703434　雷科凱基59購01,TW26Z7034344,2026/01/06,上櫃,,RWSCCA,
703435　穩懋凱基57購03,TW26Z7034351,2026/01/06,上櫃,,RWSCCA,
703436　台特化兆豐59購01,TW26Z7034369,2026/01/06,上櫃,,RWSCCA,
703437　台燿兆豐59購01,TW26Z7034377,2026/01/06,上櫃,,RWSCCA,
703438　欣銓國票59購01,TW26Z7034385,2026/01/06,上櫃,,RWSCCA,
703439　倚強國票59購01,TW26Z7034393,2026/01/06,上櫃,,RWSCCA,
703440　晟田國票57購01,TW26Z7034401,2026/01/06,上櫃,,RWSCCA,
703441　晟田國票59購01,TW26Z7034419,2026/01/06,上櫃,,RWSCCA,
703442　湧德國票59購01,TW26Z7034427,2026/01/06,上櫃,,RWSCCA,
703443　安碁元富61購01,TW26Z7034435,2026/01/06,上櫃,,RWSCCA,
703444　倚強元富57購01,TW26Z7034443,2026/01/06,上櫃,,RWSCCA,
703445　倉和元富57購01,TW26Z7034450,2026/01/06,上櫃,,RWSCCA,
703446　新應材元富57購02,TW26Z7034468,2026/01/06,上櫃,,RWSCCA,
703447　榮剛元富57購01,TW26Z7034476,2026/01/06,上櫃,,RWSCCA,
703448　雙鴻元富57購05,TW26Z7034484,2026/01/06,上櫃,,RWSCCA,
703449　台特化永豐59購01,TW26Z7034492,2026/01/06,上櫃,,RWSCCA,
703450　生合永豐59購01,TW26Z7034500,2026/01/06,上櫃,,RWSCCA,
703451　印能永豐57購01,TW26Z7034518,2026/01/06,上櫃,,RWSCCA,
703453　欣銓永豐57購02,TW26Z7034534,2026/01/06,上櫃,,RWSCCA,
703454　欣銓永豐59購02,TW26Z7034542,2026/01/06,上櫃,,RWSCCA,
703455　捷流永豐59購01,TW26Z7034559,2026/01/06,上櫃,,RWSCCA,
703457　醫揚永豐59購01,TW26Z7034575,2026/01/06,上櫃,,RWSCCA,
703458　寶島科永豐59購01,TW26Z7034583,2026/01/06,上櫃,,RWSCCA,
703459　鏵友益永豐5B購01,TW26Z7034591,2026/01/06,上櫃,,RWSCCA,
703460　倚強國泰58購01,TW26Z7034609,2026/01/06,上櫃,,RWSCCA,
703461　新應材國泰58購01,TW26Z7034617,2026/01/06,上櫃,,RWSCCA,
703462　欣銓富邦58購01,TW26Z7034625,2026/01/06,上櫃,,RWSCCE,
703463　台特化統一62購01,TW26Z7034633,2026/01/06,上櫃,,RWSCCA,
703464　台特化統一63購01,TW26Z7034641,2026/01/06,上櫃,,RWSCCA,
703465　台特化統一71購01,TW26Z7034658,2026/01/06,上櫃,,RWSCCA,
703466　台燿統一5C購03,TW26Z7034666,2026/01/06,上櫃,,RWSCCA,
703467　台燿統一61購02,TW26Z7034674,2026/01/06,上櫃,,RWSCCA,
703468　宏捷科統一71購01,TW26Z7034682,2026/01/06,上櫃,,RWSCCA,
703469　欣銓統一5A購01,TW26Z7034690,2026/01/06,上櫃,,RWSCCA,
703470　欣銓統一5C購01,TW26Z7034708,2026/01/06,上櫃,,RWSCCA,
703471　欣銓統一61購01,TW26Z7034716,2026/01/06,上櫃,,RWSCCA,
703472　欣銓統一65購01,TW26Z7034724,2026/01/06,上櫃,,RWSCCA,
703473　欣銓統一6C購01,TW26Z7034732,2026/01/06,上櫃,,RWSCCA,
703474　金益鼎統一65購01,TW26Z7034740,2026/01/06,上櫃,,RWSCCA,
703475　茂迪統一65購01,TW26Z7034757,2026/01/06,上櫃,,RWSCCA,
703476　神盾統一61購01,TW26Z7034765,2026/01/06,上櫃,,RWSCCA,
703477　雙鴻統一61購04,TW26Z7034773,2026/01/06,上櫃,,RWSCCA,
703478　穩得統一65購01,TW26Z7034781,2026/01/06,上櫃,,RWSCCA,
703479　穩懋統一5B購02,TW26Z7034799,2026/01/06,上櫃,,RWSCCA,
703480　穩懋統一5C購01,TW26Z7034807,2026/01/06,上櫃,,RWSCCA,
703481　穩懋統一5C購02,TW26Z7034815,2026/01/06,上櫃,,RWSCCA,
703482　穩懋統一5C購03,TW26Z7034823,2026/01/06,上櫃,,RWSCCA,
703483　穩懋統一6C購01,TW26Z7034831,2026/01/06,上櫃,,RWSCCA,
703484　世禾元大57購01,TW26Z7034849,2026/01/06,上櫃,,RWSCCA,
703485　世界元大57購02,TW26Z7034856,2026/01/06,上櫃,,RWSCCA,
703486　台星科元大57購02,TW26Z7034864,2026/01/06,上櫃,,RWSCCA,
703487　正德元大57購01,TW26Z7034872,2026/01/06,上櫃,,RWSCCA,
703488　宜鼎元大57購04,TW26Z7034880,2026/01/06,上櫃,,RWSCCA,
703489　東捷元大57購01,TW26Z7034898,2026/01/06,上櫃,,RWSCCA,
703490　東捷元大57購02,TW26Z7034906,2026/01/06,上櫃,,RWSCCA,
703491　東捷元大57購03,TW26Z7034914,2026/01/06,上櫃,,RWSCCA,
703492　茂迪元大57購01,TW26Z7034922,2026/01/06,上櫃,,RWSCCA,
703493　順達元大57購03,TW26Z7034930,2026/01/06,上櫃,,RWSCCA,
703494　群翊元大57購01,TW26Z7034948,2026/01/06,上櫃,,RWSCCA,
703495　穩懋元大57購02,TW26Z7034955,2026/01/06,上櫃,,RWSCCA,
703496　穩懋元大57購03,TW26Z7034963,2026/01/06,上櫃,,RWSCCA,
703497　台星科群益59購01,TW26Z7034971,2026/01/06,上櫃,,RWSCCA,
703498　巨漢群益58購01,TW26Z7034989,2026/01/06,上櫃,,RWSCCA,
703500　欣銓群益59購02,TW26Z7035002,2026/01/06,上櫃,,RWSCCA,
703501　家登群益57購02,TW26Z7035010,2026/01/06,上櫃,,RWSCCA,
703502　高鋒群益57購01,TW26Z7035028,2026/01/06,上櫃,,RWSCCA,
703503　新應材群益57購03,TW26Z7035036,2026/01/06,上櫃,,RWSCCA,
703504　雙鴻群益58購02,TW26Z7035044,2026/01/06,上櫃,,RWSCCA,
703505　中探針國泰58購01,TW26Z7035051,2026/01/07,上櫃,,RWSCCA,
703506　台特化國泰58購01,TW26Z7035069,2026/01/07,上櫃,,RWSCCA,
703507　台特化國泰58購02,TW26Z7035077,2026/01/07,上櫃,,RWSCCA,
703508　弘塑國泰58購01,TW26Z7035085,2026/01/07,上櫃,,RWSCCA,
703509　印能國泰58購01,TW26Z7035093,2026/01/07,上櫃,,RWSCCA,
703510　均華國泰58購01,TW26Z7035101,2026/01/07,上櫃,,RWSCCA,
703511　宜鼎國泰58購01,TW26Z7035119,2026/01/07,上櫃,,RWSCCA,
703512　欣銓國泰58購01,TW26Z7035127,2026/01/07,上櫃,,RWSCCA,
703513　金益鼎國泰58購01,TW26Z7035135,2026/01/07,上櫃,,RWSCCA,
703514　新應材國泰58購02,TW26Z7035143,2026/01/07,上櫃,,RWSCCA,
703515　雍智兆豐61購01,TW26Z7035150,2026/01/07,上櫃,,RWSCCA,
703516　中美晶富邦57購01,TW26Z7035168,2026/01/07,上櫃,,RWSCCE,
703517　台特化富邦57購01,TW26Z7035176,2026/01/07,上櫃,,RWSCCE,
703519　光頡富邦57購01,TW26Z7035192,2026/01/07,上櫃,,RWSCCE,
703520　宜鼎富邦5A購01,TW26Z7035200,2026/01/07,上櫃,,RWSCCE,
703521　欣銓富邦57購01,TW26Z7035218,2026/01/07,上櫃,,RWSCCE,
703522　矽科富邦59購01,TW26Z7035226,2026/01/07,上櫃,,RWSCCE,
703523　能率亞富邦59購01,TW26Z7035234,2026/01/07,上櫃,,RWSCCE,
703524　中探針元大57購01,TW26Z7035242,2026/01/07,上櫃,,RWSCCA,
703525　台星科元大57購03,TW26Z7035259,2026/01/07,上櫃,,RWSCCA,
703526　台星科元大57購04,TW26Z7035267,2026/01/07,上櫃,,RWSCCA,
703527　台星科元大59購01,TW26Z7035275,2026/01/07,上櫃,,RWSCCA,
703528　系統電元大5A購01,TW26Z7035283,2026/01/07,上櫃,,RWSCCA,
703529　亞電元大57購01,TW26Z7035291,2026/01/07,上櫃,,RWSCCA,
703530　東捷元大57購04,TW26Z7035309,2026/01/07,上櫃,,RWSCCA,
703531　欣銓元大57購04,TW26Z7035317,2026/01/07,上櫃,,RWSCCA,
703532　欣銓元大57購05,TW26Z7035325,2026/01/07,上櫃,,RWSCCA,
703533　欣銓元大57購06,TW26Z7035333,2026/01/07,上櫃,,RWSCCA,
703534　欣銓元大59購01,TW26Z7035341,2026/01/07,上櫃,,RWSCCA,
703535　欣銓元大5A購01,TW26Z7035358,2026/01/07,上櫃,,RWSCCA,
703536　長科*元大57購01,TW26Z7035366,2026/01/07,上櫃,,RWSCCA,
703537　長科*元大57購02,TW26Z7035374,2026/01/07,上櫃,,RWSCCA,
703538　青雲元大57購01,TW26Z7035382,2026/01/07,上櫃,,RWSCCA,
703539　是方元大57購01,TW26Z7035390,2026/01/07,上櫃,,RWSCCA,
703540　家登元大57購01,TW26Z7035408,2026/01/07,上櫃,,RWSCCA,
703541　高僑元大57購01,TW26Z7035416,2026/01/07,上櫃,,RWSCCA,
703542　富強鑫元大57購01,TW26Z7035424,2026/01/07,上櫃,,RWSCCA,
703543　華容元大57購01,TW26Z7035432,2026/01/07,上櫃,,RWSCCA,
703544　匯鑽科元大57購01,TW26Z7035440,2026/01/07,上櫃,,RWSCCA,
703545　匯鑽科元大57購02,TW26Z7035457,2026/01/07,上櫃,,RWSCCA,
703546　聖暉*元大57購01,TW26Z7035465,2026/01/07,上櫃,,RWSCCA,
703547　聖暉*元大57購02,TW26Z7035473,2026/01/07,上櫃,,RWSCCA,
703548　聖暉*元大59購02,TW26Z7035481,2026/01/07,上櫃,,RWSCCA,
703549　廣運元大57購02,TW26Z7035499,2026/01/07,上櫃,,RWSCCA,
703550　點序元大57購01,TW26Z7035507,2026/01/07,上櫃,,RWSCCA,
703552　加百裕群益58購01,TW26Z7035523,2026/01/07,上櫃,,RWSCCA,
703553　加百裕群益59購01,TW26Z7035531,2026/01/07,上櫃,,RWSCCA,
703554　台特化群益58購02,TW26Z7035549,2026/01/07,上櫃,,RWSCCA,
703555　台特化群益59購01,TW26Z7035556,2026/01/07,上櫃,,RWSCCA,
703556　亞電群益57購01,TW26Z7035564,2026/01/07,上櫃,,RWSCCA,
703557　長科*群益57購01,TW26Z7035572,2026/01/07,上櫃,,RWSCCA,
703558　捷創群益58購01,TW26Z7035580,2026/01/07,上櫃,,RWSCCA,
703559　創泓群益57購01,TW26Z7035598,2026/01/07,上櫃,,RWSCCA,
703560　富強鑫群益57購01,TW26Z7035606,2026/01/07,上櫃,,RWSCCA,
703561　湧德群益58購04,TW26Z7035614,2026/01/07,上櫃,,RWSCCA,
703562　華容群益57購01,TW26Z7035622,2026/01/07,上櫃,,RWSCCA,
703563　匯鑽科群益57購01,TW26Z7035630,2026/01/07,上櫃,,RWSCCA,
703564　新應材群益58購02,TW26Z7035648,2026/01/07,上櫃,,RWSCCA,
703565　萬潤群益57購01,TW26Z7035655,2026/01/07,上櫃,,RWSCCA,
703566　中探針凱基57購01,TW26Z7035663,2026/01/07,上櫃,,RWSCCA,
703568　元山凱基57購01,TW26Z7035689,2026/01/07,上櫃,,RWSCCA,
703569　光頡凱基57購01,TW26Z7035697,2026/01/07,上櫃,,RWSCCA,
703570　宏觀凱基57購01,TW26Z7035705,2026/01/07,上櫃,,RWSCCA,
703571　矽科凱基57購01,TW26Z7035713,2026/01/07,上櫃,,RWSCCA,
703572　矽科凱基57購02,TW26Z7035721,2026/01/07,上櫃,,RWSCCA,
703573　金益鼎凱基57購01,TW26Z7035739,2026/01/07,上櫃,,RWSCCA,
703574　長科*凱基57購01,TW26Z7035747,2026/01/07,上櫃,,RWSCCA,
703575　佶優凱基57購01,TW26Z7035754,2026/01/07,上櫃,,RWSCCA,
703576　是方凱基57購01,TW26Z7035762,2026/01/07,上櫃,,RWSCCA,
703577　能率亞凱基57購01,TW26Z7035770,2026/01/07,上櫃,,RWSCCA,
703578　捷創凱基57購01,TW26Z7035788,2026/01/07,上櫃,,RWSCCA,
703579　富強鑫凱基57購01,TW26Z7035796,2026/01/07,上櫃,,RWSCCA,
703580　崴寶凱基57購01,TW26Z7035804,2026/01/07,上櫃,,RWSCCA,
703581　臺慶科凱基5C購01,TW26Z7035812,2026/01/07,上櫃,,RWSCCA,
703582　久元元富57購01,TW26Z7035820,2026/01/07,上櫃,,RWSCCA,
703583　久元元富57購02,TW26Z7035838,2026/01/07,上櫃,,RWSCCA,
703584　台特化元富57購01,TW26Z7035846,2026/01/07,上櫃,,RWSCCA,
703585　光頡元富57購01,TW26Z7035853,2026/01/07,上櫃,,RWSCCA,
703586　均豪元富57購01,TW26Z7035861,2026/01/07,上櫃,,RWSCCA,
703587　宜特元富57購01,TW26Z7035879,2026/01/07,上櫃,,RWSCCA,
703588　欣銓元富57購02,TW26Z7035887,2026/01/07,上櫃,,RWSCCA,
703589　佶優元富5A購01,TW26Z7035895,2026/01/07,上櫃,,RWSCCA,
703590　家登元富57購01,TW26Z7035903,2026/01/07,上櫃,,RWSCCA,
703591　晟德元富57購01,TW26Z7035911,2026/01/07,上櫃,,RWSCCA,
703592　創泓元富57購01,TW26Z7035929,2026/01/07,上櫃,,RWSCCA,
703593　匯鑽科元富57購01,TW26Z7035937,2026/01/07,上櫃,,RWSCCA,
703594　台星科中信57購01,TW26Z7035945,2026/01/07,上櫃,,RWSCCE,
703595　台特化中信57購01,TW26Z7035952,2026/01/07,上櫃,,RWSCCE,
703596　家登中信57購01,TW26Z7035960,2026/01/07,上櫃,,RWSCCE,
703597　新應材中信57購03,TW26Z7035978,2026/01/07,上櫃,,RWSCCE,
703598　中探針國票58購01,TW26Z7035986,2026/01/07,上櫃,,RWSCCA,
703599　世禾國票59購01,TW26Z7035994,2026/01/07,上櫃,,RWSCCA,
703600　台特化國票58購02,TW26Z7036000,2026/01/07,上櫃,,RWSCCA,
703601　宏碩國票58購01,TW26Z7036018,2026/01/07,上櫃,,RWSCCA,
703602　亞電國票58購01,TW26Z7036026,2026/01/07,上櫃,,RWSCCA,
703603　宜特國票58購01,TW26Z7036034,2026/01/07,上櫃,,RWSCCA,
703604　欣銓國票61購01,TW26Z7036042,2026/01/07,上櫃,,RWSCCA,
703605　矽科國票58購01,TW26Z7036059,2026/01/07,上櫃,,RWSCCA,
703606　青雲國票58購01,TW26Z7036067,2026/01/07,上櫃,,RWSCCA,
703607　是方國票58購01,TW26Z7036075,2026/01/07,上櫃,,RWSCCA,
703608　能率亞國票58購01,TW26Z7036083,2026/01/07,上櫃,,RWSCCA,
703609　創泓國票58購01,TW26Z7036091,2026/01/07,上櫃,,RWSCCA,
703610　富強鑫國票58購01,TW26Z7036109,2026/01/07,上櫃,,RWSCCA,
703611　崴寶國票58購01,TW26Z7036117,2026/01/07,上櫃,,RWSCCA,
703612　華容國票58購01,TW26Z7036125,2026/01/07,上櫃,,RWSCCA,
703613　匯鑽科國票58購01,TW26Z7036133,2026/01/07,上櫃,,RWSCCA,
703614　新門國票58購01,TW26Z7036141,2026/01/07,上櫃,,RWSCCA,
703615　宜鼎統一61購01,TW26Z7036158,2026/01/07,上櫃,,RWSCCA,
703616　矽科統一6C購01,TW26Z7036166,2026/01/07,上櫃,,RWSCCA,
703617　金益鼎統一6C購01,TW26Z7036174,2026/01/07,上櫃,,RWSCCA,
703618　長科*統一64購01,TW26Z7036182,2026/01/07,上櫃,,RWSCCA,
703619　家登統一6C購01,TW26Z7036190,2026/01/07,上櫃,,RWSCCA,
703620　捷創統一61購01,TW26Z7036208,2026/01/07,上櫃,,RWSCCA,
703621　世禾凱基59購01,TW26Z7036216,2026/01/08,上櫃,,RWSCCA,
703622　台星科凱基59購02,TW26Z7036224,2026/01/08,上櫃,,RWSCCA,
703623　台特化凱基58購01,TW26Z7036232,2026/01/08,上櫃,,RWSCCA,
703624　弘塑凱基57購05,TW26Z7036240,2026/01/08,上櫃,,RWSCCA,
703625　均華凱基57購01,TW26Z7036257,2026/01/08,上櫃,,RWSCCA,
703626　均豪凱基57購01,TW26Z7036265,2026/01/08,上櫃,,RWSCCA,
703627　宜特凱基58購01,TW26Z7036273,2026/01/08,上櫃,,RWSCCA,
703628　博智凱基59購02,TW26Z7036281,2026/01/08,上櫃,,RWSCCA,
703629　新應材凱基58購04,TW26Z7036299,2026/01/08,上櫃,,RWSCCA,
703630　聖暉*凱基59購01,TW26Z7036307,2026/01/08,上櫃,,RWSCCA,
703631　擎亞凱基58購01,TW26Z7036315,2026/01/08,上櫃,,RWSCCA,
703632　穩懋凱基5C購01,TW26Z7036323,2026/01/08,上櫃,,RWSCCA,
703633　台特化國泰58購03,TW26Z7036331,2026/01/08,上櫃,,RWSCCA,
703634　光頡國泰58購01,TW26Z7036349,2026/01/08,上櫃,,RWSCCA,
703635　宜特國泰58購01,TW26Z7036356,2026/01/08,上櫃,,RWSCCA,
703636　漢科國泰58購01,TW26Z7036364,2026/01/08,上櫃,,RWSCCA,
703637　台星科兆豐59購01,TW26Z7036372,2026/01/08,上櫃,,RWSCCA,
703638　萬潤兆豐58購01,TW26Z7036380,2026/01/08,上櫃,,RWSCCA,
703639　台特化國票5A購01,TW26Z7036398,2026/01/08,上櫃,,RWSCCA,
703640　弘塑國票58購02,TW26Z7036406,2026/01/08,上櫃,,RWSCCA,
703641　宜鼎國票58購01,TW26Z7036414,2026/01/08,上櫃,,RWSCCA,
703642　匯鑽科國票59購01,TW26Z7036422,2026/01/08,上櫃,,RWSCCA,
703643　新應材國票5A購01,TW26Z7036430,2026/01/08,上櫃,,RWSCCA,
703644　台特化元大57購01,TW26Z7036448,2026/01/08,上櫃,,RWSCCA,
703645　台特化元大57購02,TW26Z7036455,2026/01/08,上櫃,,RWSCCA,
703646　台燿元大57購05,TW26Z7036463,2026/01/08,上櫃,,RWSCCA,
703647　均豪元大57購01,TW26Z7036471,2026/01/08,上櫃,,RWSCCA,
703648　宜鼎元大5A購02,TW26Z7036489,2026/01/08,上櫃,,RWSCCA,
703649　東捷元大57購05,TW26Z7036497,2026/01/08,上櫃,,RWSCCA,
703650　信紘科元大57購01,TW26Z7036505,2026/01/08,上櫃,,RWSCCA,
703651　家登元大5C購02,TW26Z7036513,2026/01/08,上櫃,,RWSCCA,
703652　湧德元大61購01,TW26Z7036521,2026/01/08,上櫃,,RWSCCA,
703653　順達元大57購04,TW26Z7036539,2026/01/08,上櫃,,RWSCCA,
703654　勤凱元大61購01,TW26Z7036547,2026/01/08,上櫃,,RWSCCA,
703655　新應材元大57購02,TW26Z7036554,2026/01/08,上櫃,,RWSCCA,
703656　新應材元大57購03,TW26Z7036562,2026/01/08,上櫃,,RWSCCA,
703657　群翊元大57購02,TW26Z7036570,2026/01/08,上櫃,,RWSCCA,
703658　群翊元大57購03,TW26Z7036588,2026/01/08,上櫃,,RWSCCA,
703659　聖暉*元大57購03,TW26Z7036596,2026/01/08,上櫃,,RWSCCA,
703660　聖暉*元大5C購02,TW26Z7036604,2026/01/08,上櫃,,RWSCCA,
703661　雍智元大61購01,TW26Z7036612,2026/01/08,上櫃,,RWSCCA,
703662　穩懋元大57購05,TW26Z7036620,2026/01/08,上櫃,,RWSCCA,
703663　旺矽凱基59購01,TW26Z7036638,2026/01/09,上櫃,,RWSCCA,
703664　家登凱基59購03,TW26Z7036646,2026/01/09,上櫃,,RWSCCA,
703665　家登凱基5C購01,TW26Z7036653,2026/01/09,上櫃,,RWSCCA,
703666　湧德凱基57購01,TW26Z7036661,2026/01/09,上櫃,,RWSCCA,
703667　精材凱基57購01,TW26Z7036679,2026/01/09,上櫃,,RWSCCA,
703668　宜鼎台新57購01,TW26Z7036687,2026/01/09,上櫃,,RWSCCE,
703669　中光電元大57購05,TW26Z7036695,2026/01/09,上櫃,,RWSCCA,
703670　世禾元大57購02,TW26Z7036703,2026/01/09,上櫃,,RWSCCA,
703671　世界元大57購03,TW26Z7036711,2026/01/09,上櫃,,RWSCCA,
703672　弘塑元大57購03,TW26Z7036729,2026/01/09,上櫃,,RWSCCA,
703673　弘塑元大57購04,TW26Z7036737,2026/01/09,上櫃,,RWSCCA,
703675　合晶元大57購01,TW26Z7036752,2026/01/09,上櫃,,RWSCCA,
703676　均華元大57購01,TW26Z7036760,2026/01/09,上櫃,,RWSCCA,
703677　均豪元大57購02,TW26Z7036778,2026/01/09,上櫃,,RWSCCA,
703678　旺矽元大57購01,TW26Z7036786,2026/01/09,上櫃,,RWSCCA,
703679　旺矽元大57購02,TW26Z7036794,2026/01/09,上櫃,,RWSCCA,
703681　金山電元大57購01,TW26Z7036810,2026/01/09,上櫃,,RWSCCA,
703682　家登元大5C購03,TW26Z7036828,2026/01/09,上櫃,,RWSCCA,
703683　順達元大57購05,TW26Z7036836,2026/01/09,上櫃,,RWSCCA,
703684　聖暉*元大5A購02,TW26Z7036844,2026/01/09,上櫃,,RWSCCA,
703685　穩懋元大57購06,TW26Z7036851,2026/01/09,上櫃,,RWSCCA,
703686　旺矽國票58購02,TW26Z7036869,2026/01/09,上櫃,,RWSCCA,
703687　東捷國票57購01,TW26Z7036877,2026/01/09,上櫃,,RWSCCA,
703688　金益鼎國票58購01,TW26Z7036885,2026/01/09,上櫃,,RWSCCA,
703689　家登國票57購01,TW26Z7036893,2026/01/09,上櫃,,RWSCCA,
703690　家登國票59購01,TW26Z7036901,2026/01/09,上櫃,,RWSCCA,
703691　華宏國票58購02,TW26Z7036919,2026/01/09,上櫃,,RWSCCA,
703692　萬潤國票58購01,TW26Z7036927,2026/01/09,上櫃,,RWSCCA,
703693　耀勝國票58購01,TW26Z7036935,2026/01/09,上櫃,,RWSCCA,
703694　中探針群益57購01,TW26Z7036943,2026/01/09,上櫃,,RWSCCA,
703695　中探針群益58購01,TW26Z7036950,2026/01/09,上櫃,,RWSCCA,
703696　弘塑群益57購05,TW26Z7036968,2026/01/09,上櫃,,RWSCCA,
703697　合晶群益58購01,TW26Z7036976,2026/01/09,上櫃,,RWSCCA,
703698　宜鼎群益58購01,TW26Z7036984,2026/01/09,上櫃,,RWSCCA,
703699　是方群益57購01,TW26Z7036992,2026/01/09,上櫃,,RWSCCA,
703700　家登群益57購03,TW26Z7037008,2026/01/09,上櫃,,RWSCCA,
703701　高僑群益57購01,TW26Z7037016,2026/01/09,上櫃,,RWSCCA,
703702　富強鑫群益58購01,TW26Z7037024,2026/01/09,上櫃,,RWSCCA,
703703　聖暉*群益57購02,TW26Z7037032,2026/01/09,上櫃,,RWSCCA,
703704　點序群益57購01,TW26Z7037040,2026/01/09,上櫃,,RWSCCA,
703705　M31凱基57購01,TW26Z7037057,2026/01/12,上櫃,,RWSCCA,
703707　系統電凱基57購01,TW26Z7037073,2026/01/12,上櫃,,RWSCCA,
703708　宜鼎凱基57購03,TW26Z7037081,2026/01/12,上櫃,,RWSCCA,
703709　宜鼎凱基57購04,TW26Z7037099,2026/01/12,上櫃,,RWSCCA,
703710　宜鼎凱基58購04,TW26Z7037107,2026/01/12,上櫃,,RWSCCA,
703711　宜鼎凱基58購05,TW26Z7037115,2026/01/12,上櫃,,RWSCCA,
703712　金山電凱基57購01,TW26Z7037123,2026/01/12,上櫃,,RWSCCA,
703713　訊聯凱基5B購01,TW26Z7037131,2026/01/12,上櫃,,RWSCCA,
703714　聖暉*凱基57購01,TW26Z7037149,2026/01/12,上櫃,,RWSCCA,
703716　宜鼎國泰58購02,TW26Z7037164,2026/01/12,上櫃,,RWSCCA,
703717　金山電國泰58購01,TW26Z7037172,2026/01/12,上櫃,,RWSCCA,
703718　湧德國泰58購01,TW26Z7037180,2026/01/12,上櫃,,RWSCCA,
703719　萬潤國泰58購01,TW26Z7037198,2026/01/12,上櫃,,RWSCCA,
703720　精材國泰58購01,TW26Z7037206,2026/01/12,上櫃,,RWSCCA,
703721　廣明國泰58購02,TW26Z7037214,2026/01/12,上櫃,,RWSCCA,
703722　穩懋國泰58購02,TW26Z7037222,2026/01/12,上櫃,,RWSCCA,
703723　元太元大57購02,TW26Z7037230,2026/01/12,上櫃,,RWSCCA,
703724　台燿元大57購06,TW26Z7037248,2026/01/12,上櫃,,RWSCCA,
703725　宜鼎元大5B購01,TW26Z7037255,2026/01/12,上櫃,,RWSCCA,
703726　茂迪元大57購02,TW26Z7037263,2026/01/12,上櫃,,RWSCCA,
703727　湧德元大57購01,TW26Z7037271,2026/01/12,上櫃,,RWSCCA,
703728　順達元大5A購03,TW26Z7037289,2026/01/12,上櫃,,RWSCCA,
703729　聖暉*元大5A購03,TW26Z7037297,2026/01/12,上櫃,,RWSCCA,
703731　譜瑞元大57購02,TW26Z7037313,2026/01/12,上櫃,,RWSCCA,
703732　譜瑞元大57購03,TW26Z7037321,2026/01/12,上櫃,,RWSCCA,
703733　譜瑞元大57購04,TW26Z7037339,2026/01/12,上櫃,,RWSCCA,
703734　合晶群益59購01,TW26Z7037347,2026/01/12,上櫃,,RWSCCA,
703735　亞電群益58購01,TW26Z7037354,2026/01/12,上櫃,,RWSCCA,
703736　宜鼎群益57購02,TW26Z7037362,2026/01/12,上櫃,,RWSCCA,
703737　晟德群益57購01,TW26Z7037370,2026/01/12,上櫃,,RWSCCA,
703738　富強鑫群益58購02,TW26Z7037388,2026/01/12,上櫃,,RWSCCA,
703739　華容群益58購01,TW26Z7037396,2026/01/12,上櫃,,RWSCCA,
703740　精材群益5A購01,TW26Z7037404,2026/01/12,上櫃,,RWSCCA,
703741　精剛群益57購01,TW26Z7037412,2026/01/12,上櫃,,RWSCCA,
703742　M31永豐58購01,TW26Z7037420,2026/01/12,上櫃,,RWSCCA,
703743　中探針永豐59購01,TW26Z7037438,2026/01/12,上櫃,,RWSCCA,
703744　世界永豐59購01,TW26Z7037446,2026/01/12,上櫃,,RWSCCA,
703745　加百裕永豐5A購01,TW26Z7037453,2026/01/12,上櫃,,RWSCCA,
703746　台半永豐58購01,TW26Z7037461,2026/01/12,上櫃,,RWSCCA,
703747　弘塑永豐59購02,TW26Z7037479,2026/01/12,上櫃,,RWSCCA,
703748　亞電永豐57購01,TW26Z7037487,2026/01/12,上櫃,,RWSCCA,
703750　長科*永豐57購01,TW26Z7037503,2026/01/12,上櫃,,RWSCCA,
703751　青雲永豐59購01,TW26Z7037511,2026/01/12,上櫃,,RWSCCA,
703752　佶優永豐57購01,TW26Z7037529,2026/01/12,上櫃,,RWSCCA,
703753　信音永豐57購01,TW26Z7037537,2026/01/12,上櫃,,RWSCCA,
703754　原相永豐59購01,TW26Z7037545,2026/01/12,上櫃,,RWSCCA,
703755　能率亞永豐59購01,TW26Z7037552,2026/01/12,上櫃,,RWSCCA,
703756　捷創永豐57購01,TW26Z7037560,2026/01/12,上櫃,,RWSCCA,
703757　創泓永豐57購01,TW26Z7037578,2026/01/12,上櫃,,RWSCCA,
703758　富強鑫永豐58購01,TW26Z7037586,2026/01/12,上櫃,,RWSCCA,
703759　崴寶永豐59購01,TW26Z7037594,2026/01/12,上櫃,,RWSCCA,
703760　華容永豐57購01,TW26Z7037602,2026/01/12,上櫃,,RWSCCA,
703761　新門永豐57購01,TW26Z7037610,2026/01/12,上櫃,,RWSCCA,
703762　精材永豐59購01,TW26Z7037628,2026/01/12,上櫃,,RWSCCA,
703763　精星永豐58購01,TW26Z7037636,2026/01/12,上櫃,,RWSCCA,
703764　擎亞永豐5A購01,TW26Z7037644,2026/01/12,上櫃,,RWSCCA,
703765　點序永豐59購01,TW26Z7037651,2026/01/12,上櫃,,RWSCCA,
703767　譜瑞永豐59購01,TW26Z7037677,2026/01/12,上櫃,,RWSCCA,
703768　聖暉*台新57購01,TW26Z7037685,2026/01/13,上櫃,,RWSCCE,
703769　M31凱基57購02,TW26Z7037693,2026/01/13,上櫃,,RWSCCA,
703770　世界凱基57購01,TW26Z7037701,2026/01/13,上櫃,,RWSCCA,
703771　系統電凱基5C購01,TW26Z7037719,2026/01/13,上櫃,,RWSCCA,
703772　富強鑫凱基58購01,TW26Z7037727,2026/01/13,上櫃,,RWSCCA,
703773　新復興凱基5A購01,TW26Z7037735,2026/01/13,上櫃,,RWSCCA,
703774　聖暉*凱基57購02,TW26Z7037743,2026/01/13,上櫃,,RWSCCA,
703775　鉅橡凱基57購01,TW26Z7037750,2026/01/13,上櫃,,RWSCCA,
703776　精材凱基58購01,TW26Z7037768,2026/01/13,上櫃,,RWSCCA,
703778　譜瑞凱基57購04,TW26Z7037784,2026/01/13,上櫃,,RWSCCA,
703779　世界兆豐59購01,TW26Z7037792,2026/01/13,上櫃,,RWSCCA,
703780　精材兆豐59購01,TW26Z7037800,2026/01/13,上櫃,,RWSCCA,
703781　弘塑國泰58購02,TW26Z7037818,2026/01/13,上櫃,,RWSCCA,
703782　譜瑞國泰58購01,TW26Z7037826,2026/01/13,上櫃,,RWSCCA,
703783　鑫科國泰58購01,TW26Z7037834,2026/01/13,上櫃,,RWSCCA,
703784　M31國票58購01,TW26Z7037842,2026/01/13,上櫃,,RWSCCA,
703785　世界國票61購01,TW26Z7037859,2026/01/13,上櫃,,RWSCCA,
703786　宏觀國票58購01,TW26Z7037867,2026/01/13,上櫃,,RWSCCA,
703787　訊聯國票59購01,TW26Z7037875,2026/01/13,上櫃,,RWSCCA,
703788　捷創國票58購01,TW26Z7037883,2026/01/13,上櫃,,RWSCCA,
703789　鉅橡國票58購01,TW26Z7037891,2026/01/13,上櫃,,RWSCCA,
703790　精材國票58購01,TW26Z7037909,2026/01/13,上櫃,,RWSCCA,
703791　點序國票57購01,TW26Z7037917,2026/01/13,上櫃,,RWSCCA,
703792　點序國票58購01,TW26Z7037925,2026/01/13,上櫃,,RWSCCA,
703793　點序國票59購01,TW26Z7037933,2026/01/13,上櫃,,RWSCCA,
703794　穩懋國票58購01,TW26Z7037941,2026/01/13,上櫃,,RWSCCA,
703795　M31群益57購01,TW26Z7037958,2026/01/13,上櫃,,RWSCCA,
703796　均華群益57購01,TW26Z7037966,2026/01/13,上櫃,,RWSCCA,
703797　富強鑫群益57購02,TW26Z7037974,2026/01/13,上櫃,,RWSCCA,
703798　聖暉*群益57購03,TW26Z7037982,2026/01/13,上櫃,,RWSCCA,
703799　鉅橡群益57購01,TW26Z7037990,2026/01/13,上櫃,,RWSCCA,
703800　穩懋群益57購03,TW26Z7038006,2026/01/13,上櫃,,RWSCCA,
703801　穩懋群益58購02,TW26Z7038014,2026/01/13,上櫃,,RWSCCA,
703802　穩懋群益59購01,TW26Z7038022,2026/01/13,上櫃,,RWSCCA,
703803　譜瑞群益58購02,TW26Z7038030,2026/01/13,上櫃,,RWSCCA,
703804　譜瑞群益59購01,TW26Z7038048,2026/01/13,上櫃,,RWSCCA,
703805　M31元大57購01,TW26Z7038055,2026/01/13,上櫃,,RWSCCA,
703806　M31元大57購02,TW26Z7038063,2026/01/13,上櫃,,RWSCCA,
703807　M31元大57購03,TW26Z7038071,2026/01/13,上櫃,,RWSCCA,
703808　世紀*元大57購02,TW26Z7038089,2026/01/13,上櫃,,RWSCCA,
703809　合晶元大57購02,TW26Z7038097,2026/01/13,上櫃,,RWSCCA,
703810　合晶元大57購03,TW26Z7038105,2026/01/13,上櫃,,RWSCCA,
703811　湧德元大57購02,TW26Z7038113,2026/01/13,上櫃,,RWSCCA,
703812　順達元大57購06,TW26Z7038121,2026/01/13,上櫃,,RWSCCA,
703813　聖暉*元大5A購04,TW26Z7038139,2026/01/13,上櫃,,RWSCCA,
703814　鉅橡元大57購01,TW26Z7038147,2026/01/13,上櫃,,RWSCCA,
703815　精材元大57購01,TW26Z7038154,2026/01/13,上櫃,,RWSCCA,
703816　精材元大57購02,TW26Z7038162,2026/01/13,上櫃,,RWSCCA,
703817　精材元大57購03,TW26Z7038170,2026/01/13,上櫃,,RWSCCA,
703818　點序元大57購02,TW26Z7038188,2026/01/13,上櫃,,RWSCCA,
703819　點序元大57購03,TW26Z7038196,2026/01/13,上櫃,,RWSCCA,
703820　鉅橡元富57購01,TW26Z7038204,2026/01/13,上櫃,,RWSCCA,
703821　鉅橡元富57購02,TW26Z7038212,2026/01/13,上櫃,,RWSCCA,
703822　世禾永豐59購01,TW26Z7038220,2026/01/13,上櫃,,RWSCCA,
703823　弘塑永豐5A購01,TW26Z7038238,2026/01/13,上櫃,,RWSCCA,
703824　富強鑫永豐59購01,TW26Z7038246,2026/01/13,上櫃,,RWSCCA,
703825　鉅橡永豐58購01,TW26Z7038253,2026/01/13,上櫃,,RWSCCA,
703826　鉅橡永豐59購01,TW26Z7038261,2026/01/13,上櫃,,RWSCCA,
703827　元太富邦59購02,TW26Z7038279,2026/01/13,上櫃,,RWSCCE,
703828　元太富邦59購03,TW26Z7038287,2026/01/13,上櫃,,RWSCCE,
703829　世界富邦5A購01,TW26Z7038295,2026/01/13,上櫃,,RWSCCE,
703831　弘塑富邦59購01,TW26Z7038311,2026/01/13,上櫃,,RWSCCE,
703832　湧德富邦59購01,TW26Z7038329,2026/01/13,上櫃,,RWSCCE,
703833　萬潤富邦59購01,TW26Z7038337,2026/01/13,上櫃,,RWSCCE,
703834　穩懋兆豐58購02,TW26Z7038345,2026/01/14,上櫃,,RWSCCA,
703835　穩懋兆豐59購01,TW26Z7038352,2026/01/14,上櫃,,RWSCCA,
703836　中光電元大57購06,TW26Z7038360,2026/01/14,上櫃,,RWSCCA,
703837　系統電元大5B購02,TW26Z7038378,2026/01/14,上櫃,,RWSCCA,
703838　順達元大5A購04,TW26Z7038386,2026/01/14,上櫃,,RWSCCA,
703839　聖暉*元大5B購01,TW26Z7038394,2026/01/14,上櫃,,RWSCCA,
703840　漢科元大57購01,TW26Z7038402,2026/01/14,上櫃,,RWSCCA,
703841　弘塑台新57購01,TW26Z7038410,2026/01/14,上櫃,,RWSCCE,
703842　世界凱基61購01,TW26Z7038428,2026/01/14,上櫃,,RWSCCA,
703843　合晶凱基57購01,TW26Z7038436,2026/01/14,上櫃,,RWSCCA,
703844　系統電凱基57購02,TW26Z7038444,2026/01/14,上櫃,,RWSCCA,
703845　金山電凱基57購02,TW26Z7038451,2026/01/14,上櫃,,RWSCCA,
703846　晟德凱基57購01,TW26Z7038469,2026/01/14,上櫃,,RWSCCA,
703847　捷創凱基57購02,TW26Z7038477,2026/01/14,上櫃,,RWSCCA,
703848　鉅橡凱基57購02,TW26Z7038485,2026/01/14,上櫃,,RWSCCA,
703849　雙鴻凱基57購05,TW26Z7038493,2026/01/14,上櫃,,RWSCCA,
703850　穩懋凱基57購04,TW26Z7038501,2026/01/14,上櫃,,RWSCCA,
703851　穩懋凱基59購02,TW26Z7038519,2026/01/14,上櫃,,RWSCCA,
703853　均豪國泰58購01,TW26Z7038535,2026/01/14,上櫃,,RWSCCA,
703854　中光電富邦59購03,TW26Z7038543,2026/01/14,上櫃,,RWSCCE,
703855　宏捷科富邦59購01,TW26Z7038550,2026/01/14,上櫃,,RWSCCE,
703856　聖暉*富邦59購01,TW26Z7038568,2026/01/14,上櫃,,RWSCCE,
703857　精材富邦57購01,TW26Z7038576,2026/01/14,上櫃,,RWSCCE,
703858　廣運富邦59購01,TW26Z7038584,2026/01/14,上櫃,,RWSCCE,
703859　擎亞富邦57購01,TW26Z7038592,2026/01/14,上櫃,,RWSCCE,
703860　世界統一61購01,TW26Z7038600,2026/01/14,上櫃,,RWSCCA,
703861　世界統一71購01,TW26Z7038618,2026/01/14,上櫃,,RWSCCA,
703862　巨漢統一61購01,TW26Z7038626,2026/01/14,上櫃,,RWSCCA,
703863　弘塑統一61購01,TW26Z7038634,2026/01/14,上櫃,,RWSCCA,
703864　光頡統一61購01,TW26Z7038642,2026/01/14,上櫃,,RWSCCA,
703865　光頡統一71購01,TW26Z7038659,2026/01/14,上櫃,,RWSCCA,
703866　均豪統一61購02,TW26Z7038667,2026/01/14,上櫃,,RWSCCA,
703867　金山電統一64購01,TW26Z7038675,2026/01/14,上櫃,,RWSCCA,
703868　捷創統一61購02,TW26Z7038683,2026/01/14,上櫃,,RWSCCA,
703869　捷創統一71購01,TW26Z7038691,2026/01/14,上櫃,,RWSCCA,
703870　富強鑫統一61購01,TW26Z7038709,2026/01/14,上櫃,,RWSCCA,
703871　富強鑫統一71購01,TW26Z7038717,2026/01/14,上櫃,,RWSCCA,
703872　富強鑫統一71購02,TW26Z7038725,2026/01/14,上櫃,,RWSCCA,
703873　崴寶統一71購01,TW26Z7038733,2026/01/14,上櫃,,RWSCCA,
703874　鉅橡統一61購01,TW26Z7038741,2026/01/14,上櫃,,RWSCCA,
703875　鉅橡統一61購02,TW26Z7038758,2026/01/14,上櫃,,RWSCCA,
703876　鉅橡統一61購03,TW26Z7038766,2026/01/14,上櫃,,RWSCCA,
703877　鉅橡統一71購01,TW26Z7038774,2026/01/14,上櫃,,RWSCCA,
703878　精材統一71購01,TW26Z7038782,2026/01/14,上櫃,,RWSCCA,
703879　臺慶科統一71購01,TW26Z7038790,2026/01/14,上櫃,,RWSCCA,
703880　穩懋統一61購02,TW26Z7038808,2026/01/14,上櫃,,RWSCCA,
703881　穩懋統一61購03,TW26Z7038816,2026/01/14,上櫃,,RWSCCA,
703882　穩懋統一71購01,TW26Z7038824,2026/01/14,上櫃,,RWSCCA,
703883　富強鑫群益58購03,TW26Z7038832,2026/01/14,上櫃,,RWSCCA,
703884　聖暉*群益58購01,TW26Z7038840,2026/01/14,上櫃,,RWSCCA,
703885　鉅橡群益57購02,TW26Z7038857,2026/01/14,上櫃,,RWSCCA,
703886　精材群益5C購01,TW26Z7038865,2026/01/14,上櫃,,RWSCCA,
703887　耀勝群益5A購01,TW26Z7038873,2026/01/14,上櫃,,RWSCCA,
703888　元太國票58購01,TW26Z7038881,2026/01/14,上櫃,,RWSCCA,
703889　台星科國票58購02,TW26Z7038899,2026/01/14,上櫃,,RWSCCA,
703890　金山電國票58購01,TW26Z7038907,2026/01/14,上櫃,,RWSCCA,
703891　長科*國票58購01,TW26Z7038915,2026/01/14,上櫃,,RWSCCA,
703892　佶優國票58購01,TW26Z7038923,2026/01/14,上櫃,,RWSCCA,
703893　晟德國票58購01,TW26Z7038931,2026/01/14,上櫃,,RWSCCA,
703894　萬泰科國票58購01,TW26Z7038949,2026/01/14,上櫃,,RWSCCA,
703895　穩懋國票5A購02,TW26Z7038956,2026/01/14,上櫃,,RWSCCA,
703896　印能元富57購01,TW26Z7038964,2026/01/14,上櫃,,RWSCCA,
703897　矽科元富57購01,TW26Z7038972,2026/01/14,上櫃,,RWSCCA,
703898　訊聯元富57購01,TW26Z7038980,2026/01/14,上櫃,,RWSCCA,
703900　穩懋元富57購04,TW26Z7039004,2026/01/14,上櫃,,RWSCCA,
703901　世界中信57購01,TW26Z7039012,2026/01/14,上櫃,,RWSCCE,
703902　中美晶永豐5A購01,TW26Z7039020,2026/01/14,上櫃,,RWSCCA,
703903　弘塑永豐57購01,TW26Z7039038,2026/01/14,上櫃,,RWSCCA,
703904　松瑞藥永豐58購01,TW26Z7039046,2026/01/14,上櫃,,RWSCCA,
703905　湧德永豐59購01,TW26Z7039053,2026/01/14,上櫃,,RWSCCA,
703906　鉅橡永豐5A購01,TW26Z7039061,2026/01/14,上櫃,,RWSCCA,
703907　漢科永豐58購01,TW26Z7039079,2026/01/14,上櫃,,RWSCCA,
703908　穩懋永豐58購01,TW26Z7039087,2026/01/14,上櫃,,RWSCCA,
703909　天品凱基57購01,TW26Z7039095,2026/01/15,上櫃,,RWSCCA,
703910　世界凱基57購03,TW26Z7039103,2026/01/15,上櫃,,RWSCCA,
703911　台半凱基57購01,TW26Z7039111,2026/01/15,上櫃,,RWSCCA,
703912　合晶凱基59購01,TW26Z7039129,2026/01/15,上櫃,,RWSCCA,
703913　富強鑫凱基57購02,TW26Z7039137,2026/01/15,上櫃,,RWSCCA,
703914　聖暉*凱基61購01,TW26Z7039145,2026/01/15,上櫃,,RWSCCA,
703917　耀勝凱基5A購01,TW26Z7039178,2026/01/15,上櫃,,RWSCCA,
703918　宇峻國票58購01,TW26Z7039186,2026/01/15,上櫃,,RWSCCA,
703920　系統電國票59購01,TW26Z7039202,2026/01/15,上櫃,,RWSCCA,
703921　神準國票59購01,TW26Z7039210,2026/01/15,上櫃,,RWSCCA,
703922　捷創國票57購01,TW26Z7039228,2026/01/15,上櫃,,RWSCCA,
703923　創惟國票61購01,TW26Z7039236,2026/01/15,上櫃,,RWSCCA,
703924　富強鑫國票58購02,TW26Z7039244,2026/01/15,上櫃,,RWSCCA,
703925　鉅橡國票58購02,TW26Z7039251,2026/01/15,上櫃,,RWSCCA,
703926　耀勝國票58購02,TW26Z7039269,2026/01/15,上櫃,,RWSCCA,
703927　東捷國泰58購02,TW26Z7039277,2026/01/15,上櫃,,RWSCCA,
703928　弘塑富邦59購02,TW26Z7039285,2026/01/15,上櫃,,RWSCCE,
703929　均華富邦58購01,TW26Z7039293,2026/01/15,上櫃,,RWSCCE,
703930　金山電富邦59購01,TW26Z7039301,2026/01/15,上櫃,,RWSCCE,
703931　穩懋富邦57購03,TW26Z7039319,2026/01/15,上櫃,,RWSCCE,
703932　中美晶元大57購01,TW26Z7039327,2026/01/15,上櫃,,RWSCCA,
703933　中美晶元大57購02,TW26Z7039335,2026/01/15,上櫃,,RWSCCA,
703934　台星科元大57購05,TW26Z7039343,2026/01/15,上櫃,,RWSCCA,
703935　宜特元大57購01,TW26Z7039350,2026/01/15,上櫃,,RWSCCA,
703937　信紘科元大57購02,TW26Z7039376,2026/01/15,上櫃,,RWSCCA,
703938　創惟元大57購01,TW26Z7039384,2026/01/15,上櫃,,RWSCCA,
703939　湧德元大58購01,TW26Z7039392,2026/01/15,上櫃,,RWSCCA,
703940　新復興元大57購01,TW26Z7039400,2026/01/15,上櫃,,RWSCCA,
703941　萬泰科元大57購01,TW26Z7039418,2026/01/15,上櫃,,RWSCCA,
703942　聖暉*元大5B購02,TW26Z7039426,2026/01/15,上櫃,,RWSCCA,
703943　穩懋元大57購08,TW26Z7039434,2026/01/15,上櫃,,RWSCCA,
703944　耀勝元大57購01,TW26Z7039442,2026/01/15,上櫃,,RWSCCA,
703945　鑫科元大57購02,TW26Z7039459,2026/01/15,上櫃,,RWSCCA,
703946　矽科群益57購01,TW26Z7039467,2026/01/15,上櫃,,RWSCCA,
703947　華宏群益57購01,TW26Z7039475,2026/01/15,上櫃,,RWSCCA,
703948　鈊象群益57購01,TW26Z7039483,2026/01/15,上櫃,,RWSCCA,
703949　雙鴻群益57購05,TW26Z7039491,2026/01/15,上櫃,,RWSCCA,
703950　雙鴻群益5A購03,TW26Z7039509,2026/01/15,上櫃,,RWSCCA,
703951　穩懋群益57購04,TW26Z7039517,2026/01/15,上櫃,,RWSCCA,
703952　耀勝群益58購01,TW26Z7039525,2026/01/15,上櫃,,RWSCCA,
703953　中美晶永豐58購01,TW26Z7039533,2026/01/15,上櫃,,RWSCCA,
703954　世界永豐5A購01,TW26Z7039541,2026/01/15,上櫃,,RWSCCA,
703955　台半永豐59購01,TW26Z7039558,2026/01/15,上櫃,,RWSCCA,
703956　均華永豐58購01,TW26Z7039566,2026/01/15,上櫃,,RWSCCA,
703957　宜特永豐59購01,TW26Z7039574,2026/01/15,上櫃,,RWSCCA,
703959　精材永豐58購01,TW26Z7039590,2026/01/15,上櫃,,RWSCCA,
703960　雙鴻永豐5A購01,TW26Z7039608,2026/01/15,上櫃,,RWSCCA,
703961　久元統一61購01,TW26Z7039616,2026/01/15,上櫃,,RWSCCA,
703962　中美晶統一61購01,TW26Z7039624,2026/01/15,上櫃,,RWSCCA,
703963　中探針統一71購01,TW26Z7039632,2026/01/15,上櫃,,RWSCCA,
703964　世禾統一65購01,TW26Z7039640,2026/01/15,上櫃,,RWSCCA,
703965　世界統一5B購01,TW26Z7039657,2026/01/15,上櫃,,RWSCCA,
703966　台半統一71購01,TW26Z7039665,2026/01/15,上櫃,,RWSCCA,
703967　台半統一71購02,TW26Z7039673,2026/01/15,上櫃,,RWSCCA,
703968　台星科統一71購01,TW26Z7039681,2026/01/15,上櫃,,RWSCCA,
703969　弘塑統一61購02,TW26Z7039699,2026/01/15,上櫃,,RWSCCA,
703970　弘塑統一61購03,TW26Z7039707,2026/01/15,上櫃,,RWSCCA,
703971　光頡統一61購02,TW26Z7039715,2026/01/15,上櫃,,RWSCCA,
703972　合晶統一5C購03,TW26Z7039723,2026/01/15,上櫃,,RWSCCA,
703973　均華統一5C購03,TW26Z7039731,2026/01/15,上櫃,,RWSCCA,
703974　長科*統一64購02,TW26Z7039749,2026/01/15,上櫃,,RWSCCA,
703975　佶優統一71購01,TW26Z7039756,2026/01/15,上櫃,,RWSCCA,
703976　信昌電統一61購01,TW26Z7039764,2026/01/15,上櫃,,RWSCCA,
703977　捷創統一71購02,TW26Z7039772,2026/01/15,上櫃,,RWSCCA,
703978　富強鑫統一61購02,TW26Z7039780,2026/01/15,上櫃,,RWSCCA,
703979　順達統一5C購05,TW26Z7039798,2026/01/15,上櫃,,RWSCCA,
703980　順達統一61購01,TW26Z7039806,2026/01/15,上櫃,,RWSCCA,
703981　萬潤統一61購01,TW26Z7039814,2026/01/15,上櫃,,RWSCCA,
703982　鉅橡統一64購01,TW26Z7039822,2026/01/15,上櫃,,RWSCCA,
703983　精材統一61購01,TW26Z7039830,2026/01/15,上櫃,,RWSCCA,
703984　廣明統一61購01,TW26Z7039848,2026/01/15,上櫃,,RWSCCA,
703985　穩懋統一63購01,TW26Z7039855,2026/01/15,上櫃,,RWSCCA,
703986　弘塑元富57購03,TW26Z7039863,2026/01/15,上櫃,,RWSCCA,
703987　立端元富57購01,TW26Z7039871,2026/01/15,上櫃,,RWSCCA,
703988　漢科元富57購01,TW26Z7039889,2026/01/15,上櫃,,RWSCCA,
703989　穩懋元富5A購01,TW26Z7039897,2026/01/15,上櫃,,RWSCCA,
703990　中美晶凱基57購01,TW26Z7039905,2026/01/16,上櫃,,RWSCCA,
703991　元債20凱基71購01,TW26Z7039913,2026/01/16,上櫃,,RWBCCA,
703992　台星科凱基58購01,TW26Z7039921,2026/01/16,上櫃,,RWSCCA,
703993　巨漢凱基57購02,TW26Z7039939,2026/01/16,上櫃,,RWSCCA,
703994　均華凱基57購02,TW26Z7039947,2026/01/16,上櫃,,RWSCCA,
703995　均華凱基57購03,TW26Z7039954,2026/01/16,上櫃,,RWSCCA,
703996　金益鼎凱基57購02,TW26Z7039962,2026/01/16,上櫃,,RWSCCA,
703997　信驊凱基58購02,TW26Z7039970,2026/01/16,上櫃,,RWSCCA,
703998　信驊凱基5A購01,TW26Z7039988,2026/01/16,上櫃,,RWSCCA,
703999　鈊象凱基57購02,TW26Z7039996,2026/01/16,上櫃,,RWSCCA,
704000　穩懋凱基59購03,TW26Z7040002,2026/01/16,上櫃,,RWSCCA,
704001　宇峻國泰58購01,TW26Z7040010,2026/01/16,上櫃,,RWSCCA,
704002　創惟國泰58購01,TW26Z7040028,2026/01/16,上櫃,,RWSCCA,
704003　精材國泰58購02,TW26Z7040036,2026/01/16,上櫃,,RWSCCA,
704004　擎亞國泰58購01,TW26Z7040044,2026/01/16,上櫃,,RWSCCA,
704005　穩懋國泰58購03,TW26Z7040051,2026/01/16,上櫃,,RWSCCA,
704006　創惟富邦57購01,TW26Z7040069,2026/01/16,上櫃,,RWSCCE,
704007　精材富邦57購02,TW26Z7040077,2026/01/16,上櫃,,RWSCCE,
704009　中探針統一61購01,TW26Z7040093,2026/01/16,上櫃,,RWSCCA,
704010　中探針統一61購02,TW26Z7040101,2026/01/16,上櫃,,RWSCCA,
704011　元太統一61購01,TW26Z7040119,2026/01/16,上櫃,,RWSCCA,
704012　世禾統一71購01,TW26Z7040127,2026/01/16,上櫃,,RWSCCA,
704013　台半統一61購01,TW26Z7040135,2026/01/16,上櫃,,RWSCCA,
704014　台星科統一61購01,TW26Z7040143,2026/01/16,上櫃,,RWSCCA,
704015　台燿統一71購01,TW26Z7040150,2026/01/16,上櫃,,RWSCCA,
704016　巨漢統一61購02,TW26Z7040168,2026/01/16,上櫃,,RWSCCA,
704017　巨漢統一71購01,TW26Z7040176,2026/01/16,上櫃,,RWSCCA,
704018　光頡統一61購03,TW26Z7040184,2026/01/16,上櫃,,RWSCCA,
704019　均華統一61購01,TW26Z7040192,2026/01/16,上櫃,,RWSCCA,
704020　宏捷科統一61購02,TW26Z7040200,2026/01/16,上櫃,,RWSCCA,
704021　矽科統一61購01,TW26Z7040218,2026/01/16,上櫃,,RWSCCA,
704022　金山電統一61購01,TW26Z7040226,2026/01/16,上櫃,,RWSCCA,
704023　金益鼎統一61購01,TW26Z7040234,2026/01/16,上櫃,,RWSCCA,
704024　佶優統一61購01,TW26Z7040242,2026/01/16,上櫃,,RWSCCA,
704025　創惟統一61購01,TW26Z7040259,2026/01/16,上櫃,,RWSCCA,
704026　精材統一61購02,TW26Z7040267,2026/01/16,上櫃,,RWSCCA,
704027　穩懋統一61購04,TW26Z7040275,2026/01/16,上櫃,,RWSCCA,
704028　穩懋統一65購01,TW26Z7040283,2026/01/16,上櫃,,RWSCCA,
704029　穩懋統一71購02,TW26Z7040291,2026/01/16,上櫃,,RWSCCA,
704030　耀勝統一71購01,TW26Z7040309,2026/01/16,上櫃,,RWSCCA,
704031　世界元大57購04,TW26Z7040317,2026/01/16,上櫃,,RWSCCA,
704032　世紀*元大57購03,TW26Z7040325,2026/01/16,上櫃,,RWSCCA,
704033　台半元大57購01,TW26Z7040333,2026/01/16,上櫃,,RWSCCA,
704034　台星科元大57購06,TW26Z7040341,2026/01/16,上櫃,,RWSCCA,
704035　均豪元大57購03,TW26Z7040358,2026/01/16,上櫃,,RWSCCA,
704036　均豪元大57購04,TW26Z7040366,2026/01/16,上櫃,,RWSCCA,
704037　金益鼎元大57購04,TW26Z7040374,2026/01/16,上櫃,,RWSCCA,
704038　湧德元大5A購01,TW26Z7040382,2026/01/16,上櫃,,RWSCCA,
704039　萬泰科元大57購02,TW26Z7040390,2026/01/16,上櫃,,RWSCCA,
704040　聖暉*元大57購04,TW26Z7040408,2026/01/16,上櫃,,RWSCCA,
704041　聖暉*元大5C購03,TW26Z7040416,2026/01/16,上櫃,,RWSCCA,
704042　穩懋元大57購09,TW26Z7040424,2026/01/16,上櫃,,RWSCCA,
704043　耀勝元大57購02,TW26Z7040432,2026/01/16,上櫃,,RWSCCA,
704044　天品群益57購01,TW26Z7040440,2026/01/16,上櫃,,RWSCCA,
704045　台半群益57購01,TW26Z7040457,2026/01/16,上櫃,,RWSCCA,
704046　台星科群益5A購01,TW26Z7040465,2026/01/16,上櫃,,RWSCCA,
704047　東捷群益57購02,TW26Z7040473,2026/01/16,上櫃,,RWSCCA,
704048　金益鼎群益59購01,TW26Z7040481,2026/01/16,上櫃,,RWSCCA,
704049　佶優群益57購01,TW26Z7040499,2026/01/16,上櫃,,RWSCCA,
704050　信驊群益57購04,TW26Z7040507,2026/01/16,上櫃,,RWSCCA,
704051　信驊群益61購01,TW26Z7040515,2026/01/16,上櫃,,RWSCCA,
704052　訊聯群益57購03,TW26Z7040523,2026/01/16,上櫃,,RWSCCA,
704053　聖暉*群益5A購01,TW26Z7040531,2026/01/16,上櫃,,RWSCCA,
704054　璟德群益58購01,TW26Z7040549,2026/01/16,上櫃,,RWSCCA,
704055　巨漢元富57購01,TW26Z7040556,2026/01/16,上櫃,,RWSCCA,
704056　矽科元富57購02,TW26Z7040564,2026/01/16,上櫃,,RWSCCA,
704058　信驊元富5A購03,TW26Z7040580,2026/01/16,上櫃,,RWSCCA,
704059　富強鑫元富57購01,TW26Z7040598,2026/01/16,上櫃,,RWSCCA,
704060　世界永豐59購02,TW26Z7040606,2026/01/16,上櫃,,RWSCCA,
704061　台半永豐58購02,TW26Z7040614,2026/01/16,上櫃,,RWSCCA,
704062　巨漢永豐59購01,TW26Z7040622,2026/01/16,上櫃,,RWSCCA,
704063　金益鼎永豐59購01,TW26Z7040630,2026/01/16,上櫃,,RWSCCA,
704064　華宏永豐57購01,TW26Z7040648,2026/01/16,上櫃,,RWSCCA,
704065　聖暉*永豐57購03,TW26Z7040655,2026/01/16,上櫃,,RWSCCA,
704066　家登台新57購01,TW26Z7040663,2026/01/19,上櫃,,RWSCCE,
704067　世界凱基59購01,TW26Z7040671,2026/01/19,上櫃,,RWSCCA,
704068　台半凱基59購01,TW26Z7040689,2026/01/19,上櫃,,RWSCCA,
704069　巨漢凱基58購01,TW26Z7040697,2026/01/19,上櫃,,RWSCCA,
704070　均豪凱基57購02,TW26Z7040705,2026/01/19,上櫃,,RWSCCA,
704071　家登凱基57購02,TW26Z7040713,2026/01/19,上櫃,,RWSCCA,
704072　璟德凱基57購01,TW26Z7040721,2026/01/19,上櫃,,RWSCCA,
704073　耀勝凱基57購01,TW26Z7040739,2026/01/19,上櫃,,RWSCCA,
704074　世紀*兆豐59購01,TW26Z7040747,2026/01/19,上櫃,,RWSCCA,
704075　台星科兆豐59購02,TW26Z7040754,2026/01/19,上櫃,,RWSCCA,
704076　台半國泰58購01,TW26Z7040762,2026/01/19,上櫃,,RWSCCA,
704077　均華國泰58購02,TW26Z7040770,2026/01/19,上櫃,,RWSCCA,
704078　家登國泰58購01,TW26Z7040788,2026/01/19,上櫃,,RWSCCA,
704079　博智國泰58購01,TW26Z7040796,2026/01/19,上櫃,,RWSCCA,
704080　世禾富邦5C購01,TW26Z7040804,2026/01/19,上櫃,,RWSCCE,
704081　家登富邦59購02,TW26Z7040812,2026/01/19,上櫃,,RWSCCE,
704082　群翊富邦5A購01,TW26Z7040820,2026/01/19,上櫃,,RWSCCE,
704083　璟德富邦59購01,TW26Z7040838,2026/01/19,上櫃,,RWSCCE,
704084　中探針統一67購01,TW26Z7040846,2026/01/19,上櫃,,RWSCCA,
704085　世界統一61購02,TW26Z7040853,2026/01/19,上櫃,,RWSCCA,
704086　世界統一64購01,TW26Z7040861,2026/01/19,上櫃,,RWSCCA,
704087　世紀*統一71購01,TW26Z7040879,2026/01/19,上櫃,,RWSCCA,
704088　世紀*統一71購02,TW26Z7040887,2026/01/19,上櫃,,RWSCCA,
704089　台半統一61購02,TW26Z7040895,2026/01/19,上櫃,,RWSCCA,
704090　台半統一71購03,TW26Z7040903,2026/01/19,上櫃,,RWSCCA,
704091　巨漢統一71購02,TW26Z7040911,2026/01/19,上櫃,,RWSCCA,
704092　光頡統一64購01,TW26Z7040929,2026/01/19,上櫃,,RWSCCA,
704093　系統電統一71購01,TW26Z7040937,2026/01/19,上櫃,,RWSCCA,
704094　佳邦統一71購01,TW26Z7040945,2026/01/19,上櫃,,RWSCCA,
704095　矽科統一71購01,TW26Z7040952,2026/01/19,上櫃,,RWSCCA,
704096　金山電統一71購01,TW26Z7040960,2026/01/19,上櫃,,RWSCCA,
704097　金益鼎統一71購01,TW26Z7040978,2026/01/19,上櫃,,RWSCCA,
704098　信昌電統一61購02,TW26Z7040986,2026/01/19,上櫃,,RWSCCA,
704099　信昌電統一64購01,TW26Z7040994,2026/01/19,上櫃,,RWSCCA,
704100　信昌電統一71購01,TW26Z7041000,2026/01/19,上櫃,,RWSCCA,
704101　家登統一61購02,TW26Z7041018,2026/01/19,上櫃,,RWSCCA,
704102　能率亞統一61購01,TW26Z7041026,2026/01/19,上櫃,,RWSCCA,
704103　博智統一61購01,TW26Z7041034,2026/01/19,上櫃,,RWSCCA,
704104　湧德統一61購01,TW26Z7041042,2026/01/19,上櫃,,RWSCCA,
704105　精材統一5B購01,TW26Z7041059,2026/01/19,上櫃,,RWSCCA,
704106　精材統一64購01,TW26Z7041067,2026/01/19,上櫃,,RWSCCA,
704107　璟德統一65購01,TW26Z7041075,2026/01/19,上櫃,,RWSCCA,
704108　璟德統一71購01,TW26Z7041083,2026/01/19,上櫃,,RWSCCA,
704109　穩懋統一61購05,TW26Z7041091,2026/01/19,上櫃,,RWSCCA,
704110　鑫科統一71購01,TW26Z7041109,2026/01/19,上櫃,,RWSCCA,
704111　家登永豐59購01,TW26Z7041117,2026/01/19,上櫃,,RWSCCA,
704112　世界國票58購01,TW26Z7041125,2026/01/19,上櫃,,RWSCCA,
704113　台半國票58購01,TW26Z7041133,2026/01/19,上櫃,,RWSCCA,
704114　佳邦國票58購01,TW26Z7041141,2026/01/19,上櫃,,RWSCCA,
704115　金益鼎國票61購01,TW26Z7041158,2026/01/19,上櫃,,RWSCCA,
704116　茂迪國票58購01,TW26Z7041166,2026/01/19,上櫃,,RWSCCA,
704117　高鋒國票58購01,TW26Z7041174,2026/01/19,上櫃,,RWSCCA,
704118　廣閎科國票58購01,TW26Z7041182,2026/01/19,上櫃,,RWSCCA,
704119　廣運國票58購01,TW26Z7041190,2026/01/19,上櫃,,RWSCCA,
704120　璟德國票58購02,TW26Z7041208,2026/01/19,上櫃,,RWSCCA,
704121　擎邦國票58購01,TW26Z7041216,2026/01/19,上櫃,,RWSCCA,
704122　中美晶群益57購03,TW26Z7041224,2026/01/19,上櫃,,RWSCCA,
704123　世界群益57購01,TW26Z7041232,2026/01/19,上櫃,,RWSCCA,
704124　台星科群益57購01,TW26Z7041240,2026/01/19,上櫃,,RWSCCA,
704125　合晶群益59購02,TW26Z7041257,2026/01/19,上櫃,,RWSCCA,
704126　佳邦群益59購01,TW26Z7041265,2026/01/19,上櫃,,RWSCCA,
704127　佳邦群益5A購01,TW26Z7041273,2026/01/19,上櫃,,RWSCCA,
704128　朋程群益57購01,TW26Z7041281,2026/01/19,上櫃,,RWSCCA,
704129　家登群益57購04,TW26Z7041299,2026/01/19,上櫃,,RWSCCA,
704130　華容群益58購02,TW26Z7041307,2026/01/19,上櫃,,RWSCCA,
704131　漢科群益57購01,TW26Z7041315,2026/01/19,上櫃,,RWSCCA,
704132　璟德群益58購02,TW26Z7041323,2026/01/19,上櫃,,RWSCCA,
704133　優群群益57購03,TW26Z7041331,2026/01/19,上櫃,,RWSCCA,
704134　鑫科群益5A購01,TW26Z7041349,2026/01/19,上櫃,,RWSCCA,
704135　世禾元大5A購01,TW26Z7041356,2026/01/19,上櫃,,RWSCCA,
704136　台半元大57購02,TW26Z7041364,2026/01/19,上櫃,,RWSCCA,
704137　巨漢元大57購01,TW26Z7041372,2026/01/19,上櫃,,RWSCCA,
704138　佳邦元大57購01,TW26Z7041380,2026/01/19,上櫃,,RWSCCA,
704139　茂迪元大57購03,TW26Z7041398,2026/01/19,上櫃,,RWSCCA,
704140　茂迪元大57購04,TW26Z7041406,2026/01/19,上櫃,,RWSCCA,
704141　訊聯元大61購01,TW26Z7041414,2026/01/19,上櫃,,RWSCCA,
704142　湧德元大58購02,TW26Z7041422,2026/01/19,上櫃,,RWSCCA,
704143　璟德元大57購01,TW26Z7041430,2026/01/19,上櫃,,RWSCCA,
704144　穩懋元大57購10,TW26Z7041448,2026/01/19,上櫃,,RWSCCA,
704145　穩懋元大5A購02,TW26Z7041455,2026/01/19,上櫃,,RWSCCA,
704146　穩懋元大5B購03,TW26Z7041463,2026/01/19,上櫃,,RWSCCA,
704148　中美晶凱基57購02,TW26Z7041489,2026/01/20,上櫃,,RWSCCA,
704149　世禾凱基57購04,TW26Z7041497,2026/01/20,上櫃,,RWSCCA,
704151　系統電凱基5A購01,TW26Z7041513,2026/01/20,上櫃,,RWSCCA,
704152　佳邦凱基58購01,TW26Z7041521,2026/01/20,上櫃,,RWSCCA,
704153　佶優凱基58購01,TW26Z7041539,2026/01/20,上櫃,,RWSCCA,
704154　高鋒凱基58購01,TW26Z7041547,2026/01/20,上櫃,,RWSCCA,
704155　智通*凱基57購01,TW26Z7041554,2026/01/20,上櫃,,RWSCCA,
704156　萬泰科凱基57購01,TW26Z7041562,2026/01/20,上櫃,,RWSCCA,
704157　聖暉*凱基57購03,TW26Z7041570,2026/01/20,上櫃,,RWSCCA,
704159　漢科凱基57購01,TW26Z7041596,2026/01/20,上櫃,,RWSCCA,
704160　優群凱基57購01,TW26Z7041604,2026/01/20,上櫃,,RWSCCA,
704161　合晶兆豐59購01,TW26Z7041612,2026/01/20,上櫃,,RWSCCA,
704162　旺矽兆豐58購01,TW26Z7041620,2026/01/20,上櫃,,RWSCCA,
704163　旺矽兆豐59購01,TW26Z7041638,2026/01/20,上櫃,,RWSCCA,
704164　華容國票58購02,TW26Z7041646,2026/01/20,上櫃,,RWSCCA,
704165　鑫科國票57購01,TW26Z7041653,2026/01/20,上櫃,,RWSCCA,
704166　鑫科國票58購02,TW26Z7041661,2026/01/20,上櫃,,RWSCCA,
704167　佳邦國泰58購01,TW26Z7041679,2026/01/20,上櫃,,RWSCCA,
704168　璟德國泰58購01,TW26Z7041687,2026/01/20,上櫃,,RWSCCA,
704169　世界元大57購05,TW26Z7041695,2026/01/20,上櫃,,RWSCCA,
704170　世界元大5A購01,TW26Z7041703,2026/01/20,上櫃,,RWSCCA,
704171　系微元大57購04,TW26Z7041711,2026/01/20,上櫃,,RWSCCA,
704172　佳邦元大57購02,TW26Z7041729,2026/01/20,上櫃,,RWSCCA,
704173　宜鼎元大57購05,TW26Z7041737,2026/01/20,上櫃,,RWSCCA,
704174　旺矽元大57購04,TW26Z7041745,2026/01/20,上櫃,,RWSCCA,
704176　勤凱元大5A購01,TW26Z7041760,2026/01/20,上櫃,,RWSCCA,
704177　聖暉*元大57購05,TW26Z7041778,2026/01/20,上櫃,,RWSCCA,
704178　璟德元大57購02,TW26Z7041786,2026/01/20,上櫃,,RWSCCA,
704179　譜瑞元大57購05,TW26Z7041794,2026/01/20,上櫃,,RWSCCA,
704180　鑫科元大5B購01,TW26Z7041802,2026/01/20,上櫃,,RWSCCA,
704181　亞電群益58購02,TW26Z7041810,2026/01/20,上櫃,,RWSCCA,
704182　金山電群益57購01,TW26Z7041828,2026/01/20,上櫃,,RWSCCA,
704183　家登群益57購05,TW26Z7041836,2026/01/20,上櫃,,RWSCCA,
704184　智通*群益58購01,TW26Z7041844,2026/01/20,上櫃,,RWSCCA,
704185　華宏群益57購02,TW26Z7041851,2026/01/20,上櫃,,RWSCCA,
704186　華容群益57購02,TW26Z7041869,2026/01/20,上櫃,,RWSCCA,
704187　台星科元富57購03,TW26Z7041877,2026/01/20,上櫃,,RWSCCA,
704188　旺矽元富5A購01,TW26Z7041885,2026/01/20,上櫃,,RWSCCA,
704189　旺矽元富5A購02,TW26Z7041893,2026/01/20,上櫃,,RWSCCA,
704190　家登元富58購01,TW26Z7041901,2026/01/20,上櫃,,RWSCCA,
704191　家登元富5C購01,TW26Z7041919,2026/01/20,上櫃,,RWSCCA,
704192　華容元富57購01,TW26Z7041927,2026/01/20,上櫃,,RWSCCA,
704193　鑫科元富57購02,TW26Z7041935,2026/01/20,上櫃,,RWSCCA,
704194　佳邦永豐58購01,TW26Z7041943,2026/01/20,上櫃,,RWSCCA,
704196　泓格永豐59購01,TW26Z7041968,2026/01/20,上櫃,,RWSCCA,
704197　家登永豐57購03,TW26Z7041976,2026/01/20,上櫃,,RWSCCA,
704198　華容永豐58購01,TW26Z7041984,2026/01/20,上櫃,,RWSCCA,
704199　璟德永豐57購01,TW26Z7041992,2026/01/20,上櫃,,RWSCCA,
704201　耀勝永豐57購01,TW26Z7042016,2026/01/20,上櫃,,RWSCCA,
704202　鑫科永豐61購01,TW26Z7042024,2026/01/20,上櫃,,RWSCCA,
704203　中美晶統一71購01,TW26Z7042032,2026/01/20,上櫃,,RWSCCA,
704204　元太統一61購02,TW26Z7042040,2026/01/20,上櫃,,RWSCCA,
704205　世紀*統一61購01,TW26Z7042057,2026/01/20,上櫃,,RWSCCA,
704206　世紀*統一71購03,TW26Z7042065,2026/01/20,上櫃,,RWSCCA,
704207　合晶統一71購01,TW26Z7042073,2026/01/20,上櫃,,RWSCCA,
704208　沛亨統一61購01,TW26Z7042081,2026/01/20,上櫃,,RWSCCA,
704209　沛亨統一61購02,TW26Z7042099,2026/01/20,上櫃,,RWSCCA,
704210　宜鼎統一61購02,TW26Z7042107,2026/01/20,上櫃,,RWSCCA,
704211　宜鼎統一63購01,TW26Z7042115,2026/01/20,上櫃,,RWSCCA,
704212　旺矽統一61購02,TW26Z7042123,2026/01/20,上櫃,,RWSCCA,
704213　旺矽統一63購02,TW26Z7042131,2026/01/20,上櫃,,RWSCCA,
704214　旺矽統一71購01,TW26Z7042149,2026/01/20,上櫃,,RWSCCA,
704215　松瑞藥統一61購01,TW26Z7042156,2026/01/20,上櫃,,RWSCCA,
704216　松瑞藥統一71購01,TW26Z7042164,2026/01/20,上櫃,,RWSCCA,
704217　信昌電統一61購03,TW26Z7042172,2026/01/20,上櫃,,RWSCCA,
704218　信昌電統一71購02,TW26Z7042180,2026/01/20,上櫃,,RWSCCA,
704219　家登統一61購03,TW26Z7042198,2026/01/20,上櫃,,RWSCCA,
704220　家登統一71購01,TW26Z7042206,2026/01/20,上櫃,,RWSCCA,
704221　高鋒統一61購01,TW26Z7042214,2026/01/20,上櫃,,RWSCCA,
704222　高鋒統一71購01,TW26Z7042222,2026/01/20,上櫃,,RWSCCA,
704223　湧德統一61購02,TW26Z7042230,2026/01/20,上櫃,,RWSCCA,
704224　新復興統一71購01,TW26Z7042248,2026/01/20,上櫃,,RWSCCA,
704225　廣運統一71購01,TW26Z7042255,2026/01/20,上櫃,,RWSCCA,
704227　世界凱基57購04,TW26Z7042271,2026/01/21,上櫃,,RWSCCA,
704228　富喬凱基57購04,TW26Z7042289,2026/01/21,上櫃,,RWSCCA,
704229　翔名凱基57購01,TW26Z7042297,2026/01/21,上櫃,,RWSCCA,
704230　勤凱凱基61購01,TW26Z7042305,2026/01/21,上櫃,,RWSCCA,
704231　精材凱基57購02,TW26Z7042313,2026/01/21,上櫃,,RWSCCA,
704232　穩懋凱基57購05,TW26Z7042321,2026/01/21,上櫃,,RWSCCA,
704233　譜瑞凱基57購05,TW26Z7042339,2026/01/21,上櫃,,RWSCCA,
704234　中美晶元大57購03,TW26Z7042347,2026/01/21,上櫃,,RWSCCA,
704235　世界元大57購06,TW26Z7042354,2026/01/21,上櫃,,RWSCCA,
704236　世界元大59購01,TW26Z7042362,2026/01/21,上櫃,,RWSCCA,
704237　世界元大5A購02,TW26Z7042370,2026/01/21,上櫃,,RWSCCA,
704238　台星科元大57購07,TW26Z7042388,2026/01/21,上櫃,,RWSCCA,
704239　均豪元大57購05,TW26Z7042396,2026/01/21,上櫃,,RWSCCA,
704240　宜鼎元大57購06,TW26Z7042404,2026/01/21,上櫃,,RWSCCA,
704241　富喬元大57購05,TW26Z7042412,2026/01/21,上櫃,,RWSCCA,
704242　富喬元大57購06,TW26Z7042420,2026/01/21,上櫃,,RWSCCA,
704243　富喬元大57購07,TW26Z7042438,2026/01/21,上櫃,,RWSCCA,
704244　富喬元大5A購01,TW26Z7042446,2026/01/21,上櫃,,RWSCCA,
704245　聖暉*元大57購06,TW26Z7042453,2026/01/21,上櫃,,RWSCCA,
704246　精材元大57購04,TW26Z7042461,2026/01/21,上櫃,,RWSCCA,
704247　精材元大58購01,TW26Z7042479,2026/01/21,上櫃,,RWSCCA,
704248　廣明元大57購03,TW26Z7042487,2026/01/21,上櫃,,RWSCCA,
704249　穩懋元大57購12,TW26Z7042495,2026/01/21,上櫃,,RWSCCA,
704250　世界永豐57購01,TW26Z7042503,2026/01/21,上櫃,,RWSCCA,
704251　世界永豐58購01,TW26Z7042511,2026/01/21,上櫃,,RWSCCA,
704253　佶優永豐58購01,TW26Z7042537,2026/01/21,上櫃,,RWSCCA,
704254　富喬永豐57購03,TW26Z7042545,2026/01/21,上櫃,,RWSCCA,
704255　富喬永豐58購02,TW26Z7042552,2026/01/21,上櫃,,RWSCCA,
704256　富喬永豐5B購01,TW26Z7042560,2026/01/21,上櫃,,RWSCCA,
704257　富喬永豐5C購01,TW26Z7042578,2026/01/21,上櫃,,RWSCCA,
704258　富喬永豐64購01,TW26Z7042586,2026/01/21,上櫃,,RWSCCA,
704259　華容永豐5A購01,TW26Z7042594,2026/01/21,上櫃,,RWSCCA,
704260　聖暉*永豐61購01,TW26Z7042602,2026/01/21,上櫃,,RWSCCA,
704261　世界兆豐59購02,TW26Z7042610,2026/01/21,上櫃,,RWSCCA,
704262　宜鼎兆豐61購01,TW26Z7042628,2026/01/21,上櫃,,RWSCCA,
704263　世界群益57購02,TW26Z7042636,2026/01/21,上櫃,,RWSCCA,
704266　佶優群益57購02,TW26Z7042669,2026/01/21,上櫃,,RWSCCA,
704267　訊聯群益57購04,TW26Z7042677,2026/01/21,上櫃,,RWSCCA,
704268　點序群益59購01,TW26Z7042685,2026/01/21,上櫃,,RWSCCA,
704269　世界國泰58購01,TW26Z7042693,2026/01/21,上櫃,,RWSCCA,
704270　茂迪國泰58購01,TW26Z7042701,2026/01/21,上櫃,,RWSCCA,
704271　富喬國泰58購03,TW26Z7042719,2026/01/21,上櫃,,RWSCCA,
704272　富喬國泰58購04,TW26Z7042727,2026/01/21,上櫃,,RWSCCA,
704273　台星科富邦59購01,TW26Z7042735,2026/01/21,上櫃,,RWSCCE,
704274　合晶富邦59購01,TW26Z7042743,2026/01/21,上櫃,,RWSCCE,
704275　宜鼎富邦5C購01,TW26Z7042750,2026/01/21,上櫃,,RWSCCE,
704276　鈊象富邦59購01,TW26Z7042768,2026/01/21,上櫃,,RWSCCE,
704277　鈊象富邦5A購01,TW26Z7042776,2026/01/21,上櫃,,RWSCCE,
704278　萬潤富邦59購02,TW26Z7042784,2026/01/21,上櫃,,RWSCCE,
704279　廣明富邦59購01,TW26Z7042792,2026/01/21,上櫃,,RWSCCE,
704280　世界統一71購02,TW26Z7042800,2026/01/21,上櫃,,RWSCCA,
704281　台星科統一61購02,TW26Z7042818,2026/01/21,上櫃,,RWSCCA,
704282　宜鼎統一71購01,TW26Z7042826,2026/01/21,上櫃,,RWSCCA,
704283　東捷統一71購01,TW26Z7042834,2026/01/21,上櫃,,RWSCCA,
704284　佶優統一71購02,TW26Z7042842,2026/01/21,上櫃,,RWSCCA,
704285　高鋒統一64購01,TW26Z7042859,2026/01/21,上櫃,,RWSCCA,
704286　高鋒統一67購01,TW26Z7042867,2026/01/21,上櫃,,RWSCCA,
704287　富喬統一61購01,TW26Z7042875,2026/01/21,上櫃,,RWSCCA,
704288　富喬統一61購02,TW26Z7042883,2026/01/21,上櫃,,RWSCCA,
704289　富喬統一61購03,TW26Z7042891,2026/01/21,上櫃,,RWSCCA,
704290　富喬統一61購04,TW26Z7042909,2026/01/21,上櫃,,RWSCCA,
704291　富喬統一64購01,TW26Z7042917,2026/01/21,上櫃,,RWSCCA,
704292　富喬統一65購02,TW26Z7042925,2026/01/21,上櫃,,RWSCCA,
704293　富喬統一6C購01,TW26Z7042933,2026/01/21,上櫃,,RWSCCA,
704294　富喬統一71購01,TW26Z7042941,2026/01/21,上櫃,,RWSCCA,
704295　富喬統一71購02,TW26Z7042958,2026/01/21,上櫃,,RWSCCA,
704296　湧德統一71購01,TW26Z7042966,2026/01/21,上櫃,,RWSCCA,
704297　新復興統一71購02,TW26Z7042974,2026/01/21,上櫃,,RWSCCA,
704298　聖暉*統一67購01,TW26Z7042982,2026/01/21,上櫃,,RWSCCA,
704299　力旺凱基57購03,TW26Z7042990,2026/01/22,上櫃,,RWSCCA,
704300　力旺凱基57購04,TW26Z7043006,2026/01/22,上櫃,,RWSCCA,
704301　元山凱基57購02,TW26Z7043014,2026/01/22,上櫃,,RWSCCA,
704304　宜鼎凱基57購05,TW26Z7043048,2026/01/22,上櫃,,RWSCCA,
704305　佶優凱基57購02,TW26Z7043055,2026/01/22,上櫃,,RWSCCA,
704306　華義凱基57購01,TW26Z7043063,2026/01/22,上櫃,,RWSCCA,
704307　穩懋凱基58購03,TW26Z7043071,2026/01/22,上櫃,,RWSCCA,
704308　鈊象兆豐59購01,TW26Z7043089,2026/01/22,上櫃,,RWSCCA,
704309　中探針元大57購02,TW26Z7043097,2026/01/22,上櫃,,RWSCCA,
704310　中探針元大57購03,TW26Z7043105,2026/01/22,上櫃,,RWSCCA,
704311　世界元大57購07,TW26Z7043113,2026/01/22,上櫃,,RWSCCA,
704312　世界元大58購01,TW26Z7043121,2026/01/22,上櫃,,RWSCCA,
704313　世界元大59購02,TW26Z7043139,2026/01/22,上櫃,,RWSCCA,
704314　均華元大57購02,TW26Z7043147,2026/01/22,上櫃,,RWSCCA,
704315　系統電元大5B購03,TW26Z7043154,2026/01/22,上櫃,,RWSCCA,
704316　宜鼎元大57購07,TW26Z7043162,2026/01/22,上櫃,,RWSCCA,
704317　佶優元大57購01,TW26Z7043170,2026/01/22,上櫃,,RWSCCA,
704318　華容元大57購02,TW26Z7043188,2026/01/22,上櫃,,RWSCCA,
704319　華容元大57購03,TW26Z7043196,2026/01/22,上櫃,,RWSCCA,
704320　鈊象元大5A購01,TW26Z7043204,2026/01/22,上櫃,,RWSCCA,
704321　勤凱元大61購02,TW26Z7043212,2026/01/22,上櫃,,RWSCCA,
704322　聖暉*元大61購01,TW26Z7043220,2026/01/22,上櫃,,RWSCCA,
704323　頎邦元大57購01,TW26Z7043238,2026/01/22,上櫃,,RWSCCA,
704324　精測元大57購01,TW26Z7043246,2026/01/22,上櫃,,RWSCCA,
704325　精測元大5B購01,TW26Z7043253,2026/01/22,上櫃,,RWSCCA,
704327　元山國泰58購01,TW26Z7043279,2026/01/22,上櫃,,RWSCCA,
704328　高鋒國泰58購01,TW26Z7043287,2026/01/22,上櫃,,RWSCCA,
704329　德微國泰58購01,TW26Z7043295,2026/01/22,上櫃,,RWSCCA,
704332　巨有群益57購01,TW26Z7043329,2026/01/22,上櫃,,RWSCCA,
704334　協易機群益57購01,TW26Z7043345,2026/01/22,上櫃,,RWSCCA,
704335　協易機群益57購02,TW26Z7043352,2026/01/22,上櫃,,RWSCCA,
704336　茂迪群益57購01,TW26Z7043360,2026/01/22,上櫃,,RWSCCA,
704337　高鋒群益57購03,TW26Z7043378,2026/01/22,上櫃,,RWSCCA,
704338　精材群益57購01,TW26Z7043386,2026/01/22,上櫃,,RWSCCA,
704339　精測群益59購02,TW26Z7043394,2026/01/22,上櫃,,RWSCCA,
704340　點序群益59購02,TW26Z7043402,2026/01/22,上櫃,,RWSCCA,
704341　力旺富邦59購01,TW26Z7043410,2026/01/22,上櫃,,RWSCCE,
704342　中探針富邦59購01,TW26Z7043428,2026/01/22,上櫃,,RWSCCE,
704343　世界富邦5C購01,TW26Z7043436,2026/01/22,上櫃,,RWSCCE,
704344　捷創富邦59購01,TW26Z7043444,2026/01/22,上櫃,,RWSCCE,
704345　聖暉*富邦58購01,TW26Z7043451,2026/01/22,上櫃,,RWSCCE,
704346　精測富邦59購01,TW26Z7043469,2026/01/22,上櫃,,RWSCCE,
704347　世界統一5C購02,TW26Z7043477,2026/01/22,上櫃,,RWSCCA,
704348　合晶統一61購01,TW26Z7043485,2026/01/22,上櫃,,RWSCCA,
704349　東捷統一71購02,TW26Z7043493,2026/01/22,上櫃,,RWSCCA,
704350　佶優統一71購03,TW26Z7043501,2026/01/22,上櫃,,RWSCCA,
704351　精測統一61購01,TW26Z7043519,2026/01/22,上櫃,,RWSCCA,
704352　精測統一61購02,TW26Z7043527,2026/01/22,上櫃,,RWSCCA,
704353　精測統一71購01,TW26Z7043535,2026/01/22,上櫃,,RWSCCA,
704355　中探針永豐57購01,TW26Z7043550,2026/01/22,上櫃,,RWSCCA,
704356　中探針永豐58購01,TW26Z7043568,2026/01/22,上櫃,,RWSCCA,
704358　竹陞永豐5A購01,TW26Z7043584,2026/01/22,上櫃,,RWSCCA,
704359　宜鼎永豐59購02,TW26Z7043592,2026/01/22,上櫃,,RWSCCA,
704360　訊聯永豐58購01,TW26Z7043600,2026/01/22,上櫃,,RWSCCA,
704361　華容永豐5C購01,TW26Z7043618,2026/01/22,上櫃,,RWSCCA,
704362　雷科永豐59購02,TW26Z7043626,2026/01/22,上櫃,,RWSCCA,
704363　頎邦永豐58購01,TW26Z7043634,2026/01/22,上櫃,,RWSCCA,
704365　精測永豐5A購01,TW26Z7043659,2026/01/22,上櫃,,RWSCCA,
704366　臺慶科永豐58購01,TW26Z7043667,2026/01/22,上櫃,,RWSCCA,
704367　點序永豐59購02,TW26Z7043675,2026/01/22,上櫃,,RWSCCA,
704368　點序永豐61購01,TW26Z7043683,2026/01/22,上櫃,,RWSCCA,
704369　大江國票58購01,TW26Z7043691,2026/01/23,上櫃,,RWSCCA,
704370　世界國票5B購01,TW26Z7043709,2026/01/23,上櫃,,RWSCCA,
704371　宜鼎國票58購02,TW26Z7043717,2026/01/23,上櫃,,RWSCCA,
704372　長科*國票58購02,TW26Z7043725,2026/01/23,上櫃,,RWSCCA,
704373　精測國票5A購01,TW26Z7043733,2026/01/23,上櫃,,RWSCCA,
704374　精測國票5A購02,TW26Z7043741,2026/01/23,上櫃,,RWSCCA,
704375　臺慶科國票58購01,TW26Z7043758,2026/01/23,上櫃,,RWSCCA,
704376　擎邦國票58購02,TW26Z7043766,2026/01/23,上櫃,,RWSCCA,
704377　精測兆豐59購01,TW26Z7043774,2026/01/23,上櫃,,RWSCCA,
704378　力旺台新57購01,TW26Z7043782,2026/01/23,上櫃,,RWSCCE,
704379　中探針凱基59購01,TW26Z7043790,2026/01/23,上櫃,,RWSCCA,
704380　宜鼎凱基5B購01,TW26Z7043808,2026/01/23,上櫃,,RWSCCA,
704381　鈊象凱基5A購01,TW26Z7043816,2026/01/23,上櫃,,RWSCCA,
704382　精測凱基5B購01,TW26Z7043824,2026/01/23,上櫃,,RWSCCA,
704383　擎亞凱基5B購01,TW26Z7043832,2026/01/23,上櫃,,RWSCCA,
704385　信昌電國泰58購01,TW26Z7043857,2026/01/23,上櫃,,RWSCCA,
704386　信昌電國泰58購02,TW26Z7043865,2026/01/23,上櫃,,RWSCCA,
704387　家登國泰58購02,TW26Z7043873,2026/01/23,上櫃,,RWSCCA,
704388　中探針元大5B購01,TW26Z7043881,2026/01/23,上櫃,,RWSCCA,
704389　世界元大57購08,TW26Z7043899,2026/01/23,上櫃,,RWSCCA,
704390　世界元大58購02,TW26Z7043907,2026/01/23,上櫃,,RWSCCA,
704391　世界元大5B購01,TW26Z7043915,2026/01/23,上櫃,,RWSCCA,
704392　台星科元大57購08,TW26Z7043923,2026/01/23,上櫃,,RWSCCA,
704393　宏捷科元大57購01,TW26Z7043931,2026/01/23,上櫃,,RWSCCA,
704394　系統電元大61購01,TW26Z7043949,2026/01/23,上櫃,,RWSCCA,
704395　長科*元大57購03,TW26Z7043956,2026/01/23,上櫃,,RWSCCA,
704396　順達元大5A購05,TW26Z7043964,2026/01/23,上櫃,,RWSCCA,
704397　精測元大57購03,TW26Z7043972,2026/01/23,上櫃,,RWSCCA,
704398　廣明元大57購05,TW26Z7043980,2026/01/23,上櫃,,RWSCCA,
704399　廣運元大57購03,TW26Z7043998,2026/01/23,上櫃,,RWSCCA,
704400　宜鼎富邦61購01,TW26Z7044004,2026/01/23,上櫃,,RWSCCE,
704401　信昌電富邦5C購01,TW26Z7044012,2026/01/23,上櫃,,RWSCCE,
704402　穩懋富邦59購01,TW26Z7044020,2026/01/23,上櫃,,RWSCCE,
704403　高鋒統一61購02,TW26Z7044038,2026/01/23,上櫃,,RWSCCA,
704404　精測統一5C購01,TW26Z7044046,2026/01/23,上櫃,,RWSCCA,
704405　尼克森永豐59購01,TW26Z7044053,2026/01/23,上櫃,,RWSCCA,
704406　亞電永豐59購01,TW26Z7044061,2026/01/23,上櫃,,RWSCCA,
704407　長科*永豐58購01,TW26Z7044079,2026/01/23,上櫃,,RWSCCA,
704408　能率亞永豐58購01,TW26Z7044087,2026/01/23,上櫃,,RWSCCA,
704409　精測永豐5A購02,TW26Z7044095,2026/01/23,上櫃,,RWSCCA,
704410　FH中5G群益57購01,TW26Z7044103,2026/01/23,上櫃,,RWBCCA,
704412　大中群益59購01,TW26Z7044129,2026/01/23,上櫃,,RWSCCA,
704413　台半群益57購02,TW26Z7044137,2026/01/23,上櫃,,RWSCCA,
704414　宏捷科群益57購01,TW26Z7044145,2026/01/23,上櫃,,RWSCCA,
704415　常珵群益57購01,TW26Z7044152,2026/01/23,上櫃,,RWSCCA,
704416　創惟群益59購01,TW26Z7044160,2026/01/23,上櫃,,RWSCCA,
704417　鈊象群益57購02,TW26Z7044178,2026/01/23,上櫃,,RWSCCA,
704418　精測群益59購03,TW26Z7044186,2026/01/23,上櫃,,RWSCCA,
704419　力旺元大5A購01,TW26Z7044194,2026/01/26,上櫃,,RWSCCA,
704420　中美晶元大57購04,TW26Z7044202,2026/01/26,上櫃,,RWSCCA,
704421　中美晶元大5C購01,TW26Z7044210,2026/01/26,上櫃,,RWSCCA,
704422　世界元大57購09,TW26Z7044228,2026/01/26,上櫃,,RWSCCA,
704423　家登元大57購02,TW26Z7044236,2026/01/26,上櫃,,RWSCCA,
704424　湧德元大61購02,TW26Z7044244,2026/01/26,上櫃,,RWSCCA,
704426　精材元大5B購01,TW26Z7044269,2026/01/26,上櫃,,RWSCCA,
704427　精材元大61購02,TW26Z7044277,2026/01/26,上櫃,,RWSCCA,
704428　廣明元大57購06,TW26Z7044285,2026/01/26,上櫃,,RWSCCA,
704429　FH中5G凱基57購02,TW26Z7044293,2026/01/26,上櫃,,RWBCCA,
704430　大中凱基59購01,TW26Z7044301,2026/01/26,上櫃,,RWSCCA,
704431　中光電凱基57購03,TW26Z7044319,2026/01/26,上櫃,,RWSCCA,
704432　中美晶凱基57購03,TW26Z7044327,2026/01/26,上櫃,,RWSCCA,
704433　世界凱基57購05,TW26Z7044335,2026/01/26,上櫃,,RWSCCA,
704434　宏捷科凱基58購02,TW26Z7044343,2026/01/26,上櫃,,RWSCCA,
704435　長科*凱基57購02,TW26Z7044350,2026/01/26,上櫃,,RWSCCA,
704436　湧德凱基58購01,TW26Z7044368,2026/01/26,上櫃,,RWSCCA,
704437　勤凱凱基57購01,TW26Z7044376,2026/01/26,上櫃,,RWSCCA,
704438　頎邦凱基57購01,TW26Z7044384,2026/01/26,上櫃,,RWSCCA,
704439　穩得凱基58購01,TW26Z7044392,2026/01/26,上櫃,,RWSCCA,
704440　久元國票58購01,TW26Z7044400,2026/01/26,上櫃,,RWSCCA,
704441　台星科國票58購03,TW26Z7044418,2026/01/26,上櫃,,RWSCCA,
704442　系統電國票58購01,TW26Z7044426,2026/01/26,上櫃,,RWSCCA,
704443　能率亞國票58購02,TW26Z7044434,2026/01/26,上櫃,,RWSCCA,
704444　高僑國票58購01,TW26Z7044442,2026/01/26,上櫃,,RWSCCA,
704445　健亞國票58購01,TW26Z7044459,2026/01/26,上櫃,,RWSCCA,
704446　群翊國票58購01,TW26Z7044467,2026/01/26,上櫃,,RWSCCA,
704447　頎邦國票58購01,TW26Z7044475,2026/01/26,上櫃,,RWSCCA,
704448　新復興富邦59購01,TW26Z7044483,2026/01/26,上櫃,,RWSCCE,
704450　系統電元富59購01,TW26Z7044509,2026/01/26,上櫃,,RWSCCA,
704451　博大元富57購01,TW26Z7044517,2026/01/26,上櫃,,RWSCCA,
704452　大江永豐58購01,TW26Z7044525,2026/01/26,上櫃,,RWSCCA,
704453　東捷永豐59購01,TW26Z7044533,2026/01/26,上櫃,,RWSCCA,
704454　盈正永豐57購01,TW26Z7044541,2026/01/26,上櫃,,RWSCCA,
704455　陽程永豐57購01,TW26Z7044558,2026/01/26,上櫃,,RWSCCA,
704456　擎邦永豐57購01,TW26Z7044566,2026/01/26,上櫃,,RWSCCA,
704457　中光電群益57購01,TW26Z7044574,2026/01/26,上櫃,,RWSCCA,
704458　弘塑群益57購08,TW26Z7044582,2026/01/26,上櫃,,RWSCCA,
704459　長科*群益58購01,TW26Z7044590,2026/01/26,上櫃,,RWSCCA,
704460　盈正群益57購01,TW26Z7044608,2026/01/26,上櫃,,RWSCCA,
704461　大中凱基57購01,TW26Z7044616,2026/01/27,上櫃,,RWSCCA,
704462　台半凱基57購02,TW26Z7044624,2026/01/27,上櫃,,RWSCCA,
704463　長科*凱基58購01,TW26Z7044632,2026/01/27,上櫃,,RWSCCA,
704464　信昌電凱基58購01,TW26Z7044640,2026/01/27,上櫃,,RWSCCA,
704465　能率亞凱基58購01,TW26Z7044657,2026/01/27,上櫃,,RWSCCA,
704466　勤凱凱基58購01,TW26Z7044665,2026/01/27,上櫃,,RWSCCA,
704467　精材凱基57購03,TW26Z7044673,2026/01/27,上櫃,,RWSCCA,
704468　穩懋凱基57購06,TW26Z7044681,2026/01/27,上櫃,,RWSCCA,
704469　凡甲國票58購01,TW26Z7044699,2026/01/27,上櫃,,RWSCCA,
704470　大中國票57購01,TW26Z7044707,2026/01/27,上櫃,,RWSCCA,
704471　大中國票58購01,TW26Z7044715,2026/01/27,上櫃,,RWSCCA,
704472　台半國票58購02,TW26Z7044723,2026/01/27,上櫃,,RWSCCA,
704473　系統電國票58購02,TW26Z7044731,2026/01/27,上櫃,,RWSCCA,
704474　亞電國票57購01,TW26Z7044749,2026/01/27,上櫃,,RWSCCA,
704475　亞電國票58購02,TW26Z7044756,2026/01/28,上櫃,,RWSCCA,
704476　高鋒國票58購02,TW26Z7044764,2026/01/27,上櫃,,RWSCCA,
704477　博磊國票58購01,TW26Z7044772,2026/01/27,上櫃,,RWSCCA,
704478　穩懋國票58購02,TW26Z7044780,2026/01/27,上櫃,,RWSCCA,
704479　力旺元大5A購02,TW26Z7044798,2026/01/27,上櫃,,RWSCCA,
704480　中美晶元大57購05,TW26Z7044806,2026/01/27,上櫃,,RWSCCA,
704481　中探針元大61購01,TW26Z7044814,2026/01/27,上櫃,,RWSCCA,
704482　元太元大61購01,TW26Z7044822,2026/01/27,上櫃,,RWSCCA,
704483　台半元大57購03,TW26Z7044830,2026/01/27,上櫃,,RWSCCA,
704484　台半元大57購04,TW26Z7044848,2026/01/27,上櫃,,RWSCCA,
704485　合晶元大57購04,TW26Z7044855,2026/01/27,上櫃,,RWSCCA,
704486　合晶元大57購05,TW26Z7044863,2026/01/27,上櫃,,RWSCCA,
704487　亞電元大57購02,TW26Z7044871,2026/01/27,上櫃,,RWSCCA,
704488　佳邦元大57購04,TW26Z7044889,2026/01/27,上櫃,,RWSCCA,
704489　信音元大57購01,TW26Z7044897,2026/01/27,上櫃,,RWSCCA,
704490　家登元大57購03,TW26Z7044905,2026/01/27,上櫃,,RWSCCA,
704491　湧德元大5B購01,TW26Z7044913,2026/01/27,上櫃,,RWSCCA,
704492　鈊象元大5B購01,TW26Z7044921,2026/01/27,上櫃,,RWSCCA,
704494　精材元大5A購01,TW26Z7044947,2026/01/27,上櫃,,RWSCCA,
704495　精材元大5B購02,TW26Z7044954,2026/01/27,上櫃,,RWSCCA,
704496　精材元大61購03,TW26Z7044962,2026/01/27,上櫃,,RWSCCA,
704497　穩懋元大57購13,TW26Z7044970,2026/01/27,上櫃,,RWSCCA,
704498　中光電國泰58購01,TW26Z7044988,2026/01/27,上櫃,,RWSCCA,
704499　勤凱國泰58購01,TW26Z7044996,2026/01/27,上櫃,,RWSCCA,
704500　中光電富邦58購01,TW26Z7045001,2026/01/27,上櫃,,RWSCCE,
704501　系統電富邦58購01,TW26Z7045019,2026/01/27,上櫃,,RWSCCE,
704502　大中永豐59購01,TW26Z7045027,2026/01/27,上櫃,,RWSCCA,
704503　中光電永豐58購01,TW26Z7045035,2026/01/27,上櫃,,RWSCCA,
704505　加百裕永豐58購01,TW26Z7045050,2026/01/27,上櫃,,RWSCCA,
704506　系統電永豐5C購01,TW26Z7045068,2026/01/27,上櫃,,RWSCCA,
704507　亞電永豐5B購01,TW26Z7045076,2026/01/27,上櫃,,RWSCCA,
704508　東捷永豐5B購01,TW26Z7045084,2026/01/27,上櫃,,RWSCCA,
704509　博磊永豐58購01,TW26Z7045092,2026/01/27,上櫃,,RWSCCA,
704510　順達永豐57購02,TW26Z7045100,2026/01/27,上櫃,,RWSCCA,
704511　萬泰科永豐59購01,TW26Z7045118,2026/01/27,上櫃,,RWSCCA,
704512　聖暉*永豐58購02,TW26Z7045126,2026/01/27,上櫃,,RWSCCA,
704513　中光電元富57購01,TW26Z7045134,2026/01/27,上櫃,,RWSCCA,
704515　亞電元富57購01,TW26Z7045159,2026/01/27,上櫃,,RWSCCA,
704516　亞電元富57購02,TW26Z7045167,2026/01/28,上櫃,,RWSCCA,
704517　亞電元富57購03,TW26Z7045175,2026/01/28,上櫃,,RWSCCA,
704518　富強鑫元富57購02,TW26Z7045183,2026/01/27,上櫃,,RWSCCA,
704519　凡甲群益57購01,TW26Z7045191,2026/01/27,上櫃,,RWSCCA,
704520　大江群益57購01,TW26Z7045209,2026/01/27,上櫃,,RWSCCA,
704521　中光電群益58購03,TW26Z7045217,2026/01/27,上櫃,,RWSCCA,
704522　中美晶群益57購04,TW26Z7045225,2026/01/27,上櫃,,RWSCCA,
704523　世界群益57購03,TW26Z7045233,2026/01/27,上櫃,,RWSCCA,
704524　宏捷科群益57購02,TW26Z7045241,2026/01/27,上櫃,,RWSCCA,
704525　亞電群益58購03,TW26Z7045258,2026/01/27,上櫃,,RWSCCA,
704526　能率群益59購01,TW26Z7045266,2026/01/27,上櫃,,RWSCCA,
704527　博智群益57購01,TW26Z7045274,2026/01/27,上櫃,,RWSCCA,
704528　博磊群益57購01,TW26Z7045282,2026/01/27,上櫃,,RWSCCA,
704529　擎亞群益59購01,TW26Z7045290,2026/01/27,上櫃,,RWSCCA,
704530　雙鴻群益57購06,TW26Z7045308,2026/01/27,上櫃,,RWSCCA,
704531　穩懋群益57購05,TW26Z7045316,2026/01/27,上櫃,,RWSCCA,
704532　大中統一5C購01,TW26Z7045324,2026/01/27,上櫃,,RWSCCA,
704533　大中統一71購01,TW26Z7045332,2026/01/27,上櫃,,RWSCCA,
704534　台半統一5C購04,TW26Z7045340,2026/01/27,上櫃,,RWSCCA,
704535　台燿統一66購01,TW26Z7045357,2026/01/27,上櫃,,RWSCCA,
704536　尼克森統一5B購01,TW26Z7045365,2026/01/27,上櫃,,RWSCCA,
704537　巨漢統一5C購01,TW26Z7045373,2026/01/27,上櫃,,RWSCCA,
704538　合晶統一61購02,TW26Z7045381,2026/01/27,上櫃,,RWSCCA,
704539　竹陞統一64購01,TW26Z7045399,2026/01/27,上櫃,,RWSCCA,
704540　宏捷科統一61購03,TW26Z7045407,2026/01/27,上櫃,,RWSCCA,
704541　系統電統一64購01,TW26Z7045415,2026/01/27,上櫃,,RWSCCA,
704542　宜鼎統一5B購01,TW26Z7045423,2026/01/27,上櫃,,RWSCCA,
704543　宜鼎統一66購01,TW26Z7045431,2026/01/27,上櫃,,RWSCCA,
704544　宜鼎統一71購02,TW26Z7045449,2026/01/27,上櫃,,RWSCCA,
704545　東捷統一64購01,TW26Z7045456,2026/01/27,上櫃,,RWSCCA,
704546　長科*統一71購01,TW26Z7045464,2026/01/27,上櫃,,RWSCCA,
704547　佶優統一61購02,TW26Z7045472,2026/01/27,上櫃,,RWSCCA,
704548　昱展統一61購01,TW26Z7045480,2026/01/27,上櫃,,RWSCCA,
704549　茂迪統一5B購01,TW26Z7045498,2026/01/27,上櫃,,RWSCCA,
704550　能率亞統一61購02,TW26Z7045506,2026/01/27,上櫃,,RWSCCA,
704551　能率亞統一71購01,TW26Z7045514,2026/01/27,上櫃,,RWSCCA,
704552　順達統一63購01,TW26Z7045522,2026/01/27,上櫃,,RWSCCA,
704553　雍智統一71購01,TW26Z7045530,2026/01/27,上櫃,,RWSCCA,
704554　博智元富57購01,TW26Z7045548,2026/01/28,上櫃,,RWSCCA,
704555　華義元富57購01,TW26Z7045555,2026/01/28,上櫃,,RWSCCA,
704556　力旺凱基5A購01,TW26Z7045563,2026/01/28,上櫃,,RWSCCA,
704557　中光電凱基57購05,TW26Z7045571,2026/01/28,上櫃,,RWSCCA,
704558　元太凱基57購02,TW26Z7045589,2026/01/28,上櫃,,RWSCCA,
704560　系統電凱基5B購01,TW26Z7045605,2026/01/28,上櫃,,RWSCCA,
704561　創惟凱基57購01,TW26Z7045613,2026/01/28,上櫃,,RWSCCA,
704562　博智凱基59購04,TW26Z7045621,2026/01/28,上櫃,,RWSCCA,
704563　順達凱基58購03,TW26Z7045639,2026/01/28,上櫃,,RWSCCA,
704564　雙鴻凱基57購06,TW26Z7045647,2026/01/28,上櫃,,RWSCCA,
704565　穩得凱基57購01,TW26Z7045654,2026/01/28,上櫃,,RWSCCA,
704566　天品永豐59購01,TW26Z7045662,2026/01/28,上櫃,,RWSCCA,
704567　萬泰科永豐5B購01,TW26Z7045670,2026/01/28,上櫃,,RWSCCA,
704568　雍智永豐5C購01,TW26Z7045688,2026/01/28,上櫃,,RWSCCA,
704569　穩懋永豐5A購01,TW26Z7045696,2026/01/28,上櫃,,RWSCCA,
704570　加百裕群益57購01,TW26Z7045704,2026/01/28,上櫃,,RWSCCA,
704571　亞信群益57購01,TW26Z7045712,2026/01/28,上櫃,,RWSCCA,
704572　家登群益59購01,TW26Z7045720,2026/01/28,上櫃,,RWSCCA,
704573　高鋒群益57購04,TW26Z7045738,2026/01/28,上櫃,,RWSCCA,
704574　力旺元大57購02,TW26Z7045746,2026/01/28,上櫃,,RWSCCA,
704576　大江元大57購01,TW26Z7045761,2026/01/28,上櫃,,RWSCCA,
704577　元太元大57購03,TW26Z7045779,2026/01/28,上櫃,,RWSCCA,
704578　元太元大61購02,TW26Z7045787,2026/01/28,上櫃,,RWSCCA,
704579　合晶元大5A購01,TW26Z7045795,2026/01/28,上櫃,,RWSCCA,
704580　長科*元大57購04,TW26Z7045803,2026/01/28,上櫃,,RWSCCA,
704581　原相元大57購01,TW26Z7045811,2026/01/28,上櫃,,RWSCCA,
704582　高鋒元大57購01,TW26Z7045829,2026/01/28,上櫃,,RWSCCA,
704583　精材元大57購05,TW26Z7045837,2026/01/28,上櫃,,RWSCCA,
704584　精材元大5A購02,TW26Z7045845,2026/01/28,上櫃,,RWSCCA,
704585　廣明元大57購07,TW26Z7045852,2026/01/28,上櫃,,RWSCCA,
704586　廣明元大57購08,TW26Z7045860,2026/01/28,上櫃,,RWSCCA,
704587　力旺國泰58購01,TW26Z7045878,2026/01/28,上櫃,,RWSCCA,
704588　長科*富邦58購01,TW26Z7045886,2026/01/28,上櫃,,RWSCCE,
704589　順達富邦58購01,TW26Z7045894,2026/01/28,上櫃,,RWSCCE,
704590　能率亞統一63購01,TW26Z7045902,2026/01/28,上櫃,,RWSCCA,
704591　能率亞統一71購02,TW26Z7045910,2026/01/28,上櫃,,RWSCCA,
704592　能率統一71購01,TW26Z7045928,2026/01/28,上櫃,,RWSCCA,
704593　旺矽國票58購03,TW26Z7045936,2026/01/29,上櫃,,RWSCCA,
704597　台半元大57購05,TW26Z7045977,2026/01/29,上櫃,,RWSCCA,
704598　合晶元大57購06,TW26Z7045985,2026/01/29,上櫃,,RWSCCA,
704599　均華元大57購03,TW26Z7045993,2026/01/29,上櫃,,RWSCCA,
704601　旺矽元大57購07,TW26Z7046017,2026/01/29,上櫃,,RWSCCA,
704602　智通*元大57購02,TW26Z7046025,2026/01/29,上櫃,,RWSCCA,
704603　智通*元大57購03,TW26Z7046033,2026/01/29,上櫃,,RWSCCA,
704604　廣運元大57購04,TW26Z7046041,2026/01/29,上櫃,,RWSCCA,
704605　系統電凱基5B購02,TW26Z7046058,2026/01/29,上櫃,,RWSCCA,
704606　旺矽凱基57購01,TW26Z7046066,2026/01/29,上櫃,,RWSCCA,
704607　原相凱基5A購01,TW26Z7046074,2026/01/29,上櫃,,RWSCCA,
704608　精材凱基57購04,TW26Z7046082,2026/01/29,上櫃,,RWSCCA,
704609　力旺群益59購01,TW26Z7046090,2026/01/29,上櫃,,RWSCCA,
704610　中光電群益58購04,TW26Z7046108,2026/01/29,上櫃,,RWSCCA,
704612　台燿群益58購04,TW26Z7046124,2026/01/29,上櫃,,RWSCCA,
704613　尼克森群益57購01,TW26Z7046132,2026/01/29,上櫃,,RWSCCA,
704614　尼克森群益57購02,TW26Z7046140,2026/01/29,上櫃,,RWSCCA,
704615　弘塑群益57購09,TW26Z7046157,2026/01/29,上櫃,,RWSCCA,
704617　宜鼎群益58購02,TW26Z7046173,2026/01/29,上櫃,,RWSCCA,
704618　宜鼎群益59購01,TW26Z7046181,2026/01/29,上櫃,,RWSCCA,
704619　旺矽群益59購01,TW26Z7046199,2026/01/29,上櫃,,RWSCCA,
704620　博智群益5B購01,TW26Z7046207,2026/01/29,上櫃,,RWSCCA,
704621　智通*群益58購02,TW26Z7046215,2026/01/29,上櫃,,RWSCCA,
704622　萬泰科群益58購01,TW26Z7046223,2026/01/29,上櫃,,RWSCCA,
704623　雙鴻群益57購07,TW26Z7046231,2026/01/29,上櫃,,RWSCCA,
704624　旺矽國泰58購01,TW26Z7046249,2026/01/29,上櫃,,RWSCCA,
704625　旺矽國泰58購02,TW26Z7046256,2026/01/29,上櫃,,RWSCCA,
704626　東捷國泰58購03,TW26Z7046264,2026/01/29,上櫃,,RWSCCA,
704627　雍智國泰58購01,TW26Z7046272,2026/01/29,上櫃,,RWSCCA,
704628　中光電統一61購01,TW26Z7046280,2026/01/29,上櫃,,RWSCCA,
704629　智通*統一61購01,TW26Z7046298,2026/01/29,上櫃,,RWSCCA,
704630　旺矽元富58購03,TW26Z7046306,2026/01/29,上櫃,,RWSCCA,
704632　台燿永豐57購04,TW26Z7046322,2026/01/29,上櫃,,RWSCCA,
704633　弘塑永豐58購02,TW26Z7046330,2026/01/29,上櫃,,RWSCCA,
704634　旺矽永豐57購02,TW26Z7046348,2026/01/29,上櫃,,RWSCCA,
704635　金山電永豐57購01,TW26Z7046355,2026/01/29,上櫃,,RWSCCA,
704636　博智永豐59購01,TW26Z7046363,2026/01/29,上櫃,,RWSCCA,
704637　智通*永豐59購01,TW26Z7046371,2026/01/29,上櫃,,RWSCCA,
704638　廣運永豐61購01,TW26Z7046389,2026/01/29,上櫃,,RWSCCA,
704639　驊訊永豐58購01,TW26Z7046397,2026/01/29,上櫃,,RWSCCA,
704640　中光電凱基57購06,TW26Z7046405,2026/01/30,上櫃,,RWSCCA,
704641　中探針凱基59購02,TW26Z7046413,2026/01/30,上櫃,,RWSCCA,
704642　世界凱基58購01,TW26Z7046421,2026/01/30,上櫃,,RWSCCA,
704643　台星科凱基57購02,TW26Z7046439,2026/01/30,上櫃,,RWSCCA,
704645　尼克森凱基57購01,TW26Z7046454,2026/01/30,上櫃,,RWSCCA,
704646　巨有凱基57購01,TW26Z7046462,2026/01/30,上櫃,,RWSCCA,
704647　合晶凱基57購02,TW26Z7046470,2026/01/30,上櫃,,RWSCCA,
704648　竹陞凱基57購04,TW26Z7046488,2026/01/30,上櫃,,RWSCCA,
704649　宜鼎凱基59購03,TW26Z7046496,2026/01/30,上櫃,,RWSCCA,
704650　聖暉*凱基5B購01,TW26Z7046504,2026/01/30,上櫃,,RWSCCA,
704651　精材凱基57購05,TW26Z7046512,2026/01/30,上櫃,,RWSCCA,
704652　廣明凱基57購03,TW26Z7046520,2026/01/30,上櫃,,RWSCCA,
704653　台燿兆豐59購02,TW26Z7046538,2026/01/30,上櫃,,RWSCCA,
704654　宜鼎國泰58購03,TW26Z7046546,2026/01/30,上櫃,,RWSCCA,
704655　臺慶科國泰58購01,TW26Z7046553,2026/01/30,上櫃,,RWSCCA,
704656　中美晶元大57購06,TW26Z7046561,2026/01/30,上櫃,,RWSCCA,
704657　中美晶元大57購07,TW26Z7046579,2026/01/30,上櫃,,RWSCCA,
704658　世界元大57購10,TW26Z7046587,2026/01/30,上櫃,,RWSCCA,
704659　合晶元大57購07,TW26Z7046595,2026/01/30,上櫃,,RWSCCA,
704661　宜特元大57購02,TW26Z7046611,2026/01/30,上櫃,,RWSCCA,
704662　博智元大57購01,TW26Z7046629,2026/01/30,上櫃,,RWSCCA,
704664　智通*元大57購05,TW26Z7046645,2026/01/30,上櫃,,RWSCCA,
704665　鈊象元大5C購01,TW26Z7046652,2026/01/30,上櫃,,RWSCCA,
704666　萬泰科元大57購03,TW26Z7046660,2026/01/30,上櫃,,RWSCCA,
704667　精材元大58購02,TW26Z7046678,2026/01/30,上櫃,,RWSCCA,
704668　穩得元大5B購01,TW26Z7046686,2026/01/30,上櫃,,RWSCCA,
704669　台星科群益58購02,TW26Z7046694,2026/01/30,上櫃,,RWSCCA,
704671　系統電群益57購02,TW26Z7046710,2026/01/30,上櫃,,RWSCCA,
704672　原相群益57購01,TW26Z7046728,2026/01/30,上櫃,,RWSCCA,
704673　博智群益61購01,TW26Z7046736,2026/01/30,上櫃,,RWSCCA,
704674　精材群益57購02,TW26Z7046744,2026/01/30,上櫃,,RWSCCA,
704675　擎亞群益57購02,TW26Z7046751,2026/01/30,上櫃,,RWSCCA,
704676　點序群益57購02,TW26Z7046769,2026/01/30,上櫃,,RWSCCA,
704677　穩得群益57購01,TW26Z7046777,2026/01/30,上櫃,,RWSCCA,
704678　中光電永豐59購01,TW26Z7046785,2026/01/30,上櫃,,RWSCCA,
704679　中美晶永豐59購01,TW26Z7046793,2026/01/30,上櫃,,RWSCCA,
704680　世界永豐58購02,TW26Z7046801,2026/01/30,上櫃,,RWSCCA,
704681　弘塑永豐58購03,TW26Z7046819,2026/01/30,上櫃,,RWSCCA,
704683　擎亞永豐59購02,TW26Z7046835,2026/01/30,上櫃,,RWSCCA,
704684　點序永豐57購01,TW26Z7046843,2026/01/30,上櫃,,RWSCCA,
704685　穩懋永豐5A購02,TW26Z7046850,2026/01/30,上櫃,,RWSCCA,
704686　世界兆豐5A購01,TW26Z7046868,2026/02/02,上櫃,,RWSCCA,
704687　M31凱基5A購01,TW26Z7046876,2026/02/02,上櫃,,RWSCCA,
704688　弘塑凱基58購02,TW26Z7046884,2026/02/02,上櫃,,RWSCCA,
704689　印能凱基58購01,TW26Z7046892,2026/02/02,上櫃,,RWSCCA,
704690　竹陞凱基59購01,TW26Z7046900,2026/02/02,上櫃,,RWSCCA,
704691　均華凱基58購01,TW26Z7046918,2026/02/02,上櫃,,RWSCCA,
704692　博智凱基58購02,TW26Z7046926,2026/02/02,上櫃,,RWSCCA,
704693　智通*凱基58購01,TW26Z7046934,2026/02/02,上櫃,,RWSCCA,
704694　雍智凱基5C購01,TW26Z7046942,2026/02/02,上櫃,,RWSCCA,
704695　擎亞凱基58購03,TW26Z7046959,2026/02/02,上櫃,,RWSCCA,
704696　穩懋凱基59購06,TW26Z7046967,2026/02/02,上櫃,,RWSCCA,
704697　鑫聯凱基58購01,TW26Z7046975,2026/02/02,上櫃,,RWSCCA,
704698　M31元大58購01,TW26Z7046983,2026/02/02,上櫃,,RWSCCA,
704699　中美晶元大58購01,TW26Z7046991,2026/02/02,上櫃,,RWSCCA,
704700　合晶元大58購01,TW26Z7047007,2026/02/02,上櫃,,RWSCCA,
704702　竹陞元大5A購01,TW26Z7047023,2026/02/02,上櫃,,RWSCCA,
704703　均華元大58購01,TW26Z7047031,2026/02/02,上櫃,,RWSCCA,
704704　宏捷科元大58購01,TW26Z7047049,2026/02/02,上櫃,,RWSCCA,
704705　宏捷科元大58購02,TW26Z7047056,2026/02/02,上櫃,,RWSCCA,
704706　家登元大58購02,TW26Z7047064,2026/02/02,上櫃,,RWSCCA,
704707　家登元大5A購01,TW26Z7047072,2026/02/02,上櫃,,RWSCCA,
704708　閎康元大58購01,TW26Z7047080,2026/02/02,上櫃,,RWSCCA,
704709　萬潤元大58購01,TW26Z7047098,2026/02/02,上櫃,,RWSCCA,
704710　精材元大58購03,TW26Z7047106,2026/02/02,上櫃,,RWSCCA,
704711　精材元大59購01,TW26Z7047114,2026/02/02,上櫃,,RWSCCA,
704712　精材元大61購04,TW26Z7047122,2026/02/02,上櫃,,RWSCCA,
704713　穩懋元大58購03,TW26Z7047130,2026/02/02,上櫃,,RWSCCA,
704714　譜瑞元大58購02,TW26Z7047148,2026/02/02,上櫃,,RWSCCA,
704715　M31永豐5A購01,TW26Z7047155,2026/02/02,上櫃,,RWSCCA,
704716　大樹永豐59購01,TW26Z7047163,2026/02/02,上櫃,,RWSCCA,
704717　中光電永豐58購02,TW26Z7047171,2026/02/02,上櫃,,RWSCCA,
704719　世界永豐5B購01,TW26Z7047197,2026/02/02,上櫃,,RWSCCA,
704720　世紀*永豐59購01,TW26Z7047205,2026/02/02,上櫃,,RWSCCA,
704721　台燿永豐5A購02,TW26Z7047213,2026/02/02,上櫃,,RWSCCA,
704722　巨漢永豐58購02,TW26Z7047221,2026/02/02,上櫃,,RWSCCA,
704723　竹陞永豐59購02,TW26Z7047239,2026/02/02,上櫃,,RWSCCA,
704724　沛亨永豐59購01,TW26Z7047247,2026/02/02,上櫃,,RWSCCA,
704725　家登永豐5B購01,TW26Z7047254,2026/02/02,上櫃,,RWSCCA,
704726　高鋒永豐59購01,TW26Z7047262,2026/02/02,上櫃,,RWSCCA,
704727　萬泰科永豐59購02,TW26Z7047270,2026/02/02,上櫃,,RWSCCA,
704728　精材永豐5A購01,TW26Z7047288,2026/02/02,上櫃,,RWSCCA,
704729　廣明永豐59購01,TW26Z7047296,2026/02/02,上櫃,,RWSCCA,
704730　廣明永豐5A購02,TW26Z7047304,2026/02/02,上櫃,,RWSCCA,
704731　點序永豐5A購01,TW26Z7047312,2026/02/02,上櫃,,RWSCCA,
704732　鑫聯永豐58購01,TW26Z7047320,2026/02/02,上櫃,,RWSCCA,
704733　鑫聯永豐5A購01,TW26Z7047338,2026/02/02,上櫃,,RWSCCA,
704734　大樹凱基58購01,TW26Z7047346,2026/02/03,上櫃,,RWSCCA,
704735　中美晶凱基58購01,TW26Z7047353,2026/02/03,上櫃,,RWSCCA,
704736　印能凱基5A購01,TW26Z7047361,2026/02/03,上櫃,,RWSCCA,
704737　合晶凱基58購01,TW26Z7047379,2026/02/03,上櫃,,RWSCCA,
704738　竹陞凱基58購01,TW26Z7047387,2026/02/03,上櫃,,RWSCCA,
704739　博智凱基59購05,TW26Z7047395,2026/02/03,上櫃,,RWSCCA,
704740　閎康凱基58購01,TW26Z7047403,2026/02/03,上櫃,,RWSCCA,
704741　萬泰科凱基58購02,TW26Z7047411,2026/02/03,上櫃,,RWSCCA,
704742　精材凱基5B購01,TW26Z7047429,2026/02/03,上櫃,,RWSCCA,
704743　竹陞國票59購01,TW26Z7047437,2026/02/03,上櫃,,RWSCCA,
704744　沛亨國票59購01,TW26Z7047445,2026/02/03,上櫃,,RWSCCA,
704745　宜特國票5B購01,TW26Z7047452,2026/02/03,上櫃,,RWSCCA,
704746　長科*國票59購01,TW26Z7047460,2026/02/03,上櫃,,RWSCCA,
704748　博智國票59購02,TW26Z7047486,2026/02/03,上櫃,,RWSCCA,
704749　榮剛國票59購01,TW26Z7047494,2026/02/03,上櫃,,RWSCCA,
704750　系統電兆豐5A購01,TW26Z7047502,2026/02/03,上櫃,,RWSCCA,
704751　穩懋兆豐5A購01,TW26Z7047510,2026/02/03,上櫃,,RWSCCA,
704752　中美晶元大58購02,TW26Z7047528,2026/02/03,上櫃,,RWSCCA,
704753　中美晶元大58購03,TW26Z7047536,2026/02/03,上櫃,,RWSCCA,
704754　世界元大58購03,TW26Z7047544,2026/02/03,上櫃,,RWSCCA,
704755　世紀*元大58購01,TW26Z7047551,2026/02/03,上櫃,,RWSCCA,
704756　弘塑元大59購02,TW26Z7047569,2026/02/03,上櫃,,RWSCCA,
704757　印能元大58購01,TW26Z7047577,2026/02/03,上櫃,,RWSCCA,
704758　竹陞元大58購02,TW26Z7047585,2026/02/03,上櫃,,RWSCCA,
704759　宜特元大58購01,TW26Z7047593,2026/02/03,上櫃,,RWSCCA,
704760　宜鼎元大5A購03,TW26Z7047601,2026/02/03,上櫃,,RWSCCA,
704761　長科*元大58購01,TW26Z7047619,2026/02/03,上櫃,,RWSCCA,
704762　博智元大59購01,TW26Z7047627,2026/02/03,上櫃,,RWSCCA,
704764　精材元大58購04,TW26Z7047643,2026/02/03,上櫃,,RWSCCA,
704765　精材元大58購05,TW26Z7047650,2026/02/03,上櫃,,RWSCCA,
704766　精材元大61購05,TW26Z7047668,2026/02/03,上櫃,,RWSCCA,
704767　印能永豐5A購01,TW26Z7047676,2026/02/03,上櫃,,RWSCCA,
704768　沛亨永豐59購02,TW26Z7047684,2026/02/03,上櫃,,RWSCCA,
704769　系統電永豐59購01,TW26Z7047692,2026/02/03,上櫃,,RWSCCA,
704770　宜特永豐59購02,TW26Z7047700,2026/02/03,上櫃,,RWSCCA,
704771　東浦永豐5A購01,TW26Z7047718,2026/02/03,上櫃,,RWSCCA,
704772　榮剛永豐59購01,TW26Z7047726,2026/02/03,上櫃,,RWSCCA,
704773　大樹群益62購01,TW26Z7047734,2026/02/03,上櫃,,RWSCCA,
704774　系統電群益58購02,TW26Z7047742,2026/02/03,上櫃,,RWSCCA,
704775　博智群益62購01,TW26Z7047759,2026/02/03,上櫃,,RWSCCA,
704776　閎康群益58購01,TW26Z7047767,2026/02/03,上櫃,,RWSCCA,
704778　榮剛群益5A購01,TW26Z7047783,2026/02/03,上櫃,,RWSCCA,
704779　精材群益58購01,TW26Z7047791,2026/02/03,上櫃,,RWSCCA,
704780　精剛群益58購01,TW26Z7047809,2026/02/03,上櫃,,RWSCCA,
704781　點序群益62購01,TW26Z7047817,2026/02/03,上櫃,,RWSCCA,
704782　鑫聯群益58購01,TW26Z7047825,2026/02/03,上櫃,,RWSCCA,
704783　世紀*凱基58購01,TW26Z7047833,2026/02/04,上櫃,,RWSCCA,
704784　沛亨凱基59購01,TW26Z7047841,2026/02/04,上櫃,,RWSCCA,
704785　宜特凱基58購02,TW26Z7047858,2026/02/04,上櫃,,RWSCCA,
704786　信驊凱基5A購02,TW26Z7047866,2026/02/04,上櫃,,RWSCCA,
704787　信驊凱基61購01,TW26Z7047874,2026/02/04,上櫃,,RWSCCA,
704788　萬潤凱基59購01,TW26Z7047882,2026/02/04,上櫃,,RWSCCA,
704789　雍智凱基5A購01,TW26Z7047890,2026/02/04,上櫃,,RWSCCA,
704790　榮剛凱基59購01,TW26Z7047908,2026/02/04,上櫃,,RWSCCA,
704791　擎亞凱基58購04,TW26Z7047916,2026/02/04,上櫃,,RWSCCA,
704792　雍智永豐59購01,TW26Z7047924,2026/02/04,上櫃,,RWSCCA,
704793　擎亞永豐5A購02,TW26Z7047932,2026/02/04,上櫃,,RWSCCA,
704794　擎亞永豐5B購01,TW26Z7047940,2026/02/04,上櫃,,RWSCCA,
704795　世紀*群益59購01,TW26Z7047957,2026/02/04,上櫃,,RWSCCA,
704796　沛亨群益58購01,TW26Z7047965,2026/02/04,上櫃,,RWSCCA,
704797　信驊群益58購01,TW26Z7047973,2026/02/04,上櫃,,RWSCCA,
704798　世界元大58購05,TW26Z7047981,2026/02/04,上櫃,,RWSCCA,
704799　世界元大58購06,TW26Z7047999,2026/02/04,上櫃,,RWSCCA,
704800　世界元大58購07,TW26Z7048005,2026/02/04,上櫃,,RWSCCA,
704801　世紀*元大58購02,TW26Z7048013,2026/02/04,上櫃,,RWSCCA,
704802　弘塑元大58購01,TW26Z7048021,2026/02/04,上櫃,,RWSCCA,
704803　弘塑元大58購02,TW26Z7048039,2026/02/04,上櫃,,RWSCCA,
704804　弘塑元大59購03,TW26Z7048047,2026/02/04,上櫃,,RWSCCA,
704805　均華元大58購02,TW26Z7048054,2026/02/04,上櫃,,RWSCCA,
704806　宜特元大58購02,TW26Z7048062,2026/02/04,上櫃,,RWSCCA,
704807　宜鼎元大5A購04,TW26Z7048070,2026/02/04,上櫃,,RWSCCA,
704808　信驊元大58購01,TW26Z7048088,2026/02/04,上櫃,,RWSCCA,
704809　信驊元大58購04,TW26Z7048096,2026/02/04,上櫃,,RWSCCA,
704810　智通*元大58購01,TW26Z7048104,2026/02/04,上櫃,,RWSCCA,
704811　聖暉*元大58購01,TW26Z7048112,2026/02/04,上櫃,,RWSCCA,
704812　雍智元大58購04,TW26Z7048120,2026/02/04,上櫃,,RWSCCA,
704814　精材元大58購06,TW26Z7048146,2026/02/04,上櫃,,RWSCCA,
704815　擎亞元大58購03,TW26Z7048153,2026/02/04,上櫃,,RWSCCA,
704816　雙鴻元大58購04,TW26Z7048161,2026/02/04,上櫃,,RWSCCA,
704817　雙鴻元大58購05,TW26Z7048179,2026/02/04,上櫃,,RWSCCA,
704818　雙鴻元大58購06,TW26Z7048187,2026/02/04,上櫃,,RWSCCA,
704819　譜瑞元大58購03,TW26Z7048195,2026/02/04,上櫃,,RWSCCA,
704820　印能國泰59購01,TW26Z7048203,2026/02/04,上櫃,,RWSCCA,
704821　宜特國泰59購01,TW26Z7048211,2026/02/04,上櫃,,RWSCCA,
704822　雍智國泰59購01,TW26Z7048229,2026/02/04,上櫃,,RWSCCA,
704823　穩得國泰59購01,TW26Z7048237,2026/02/04,上櫃,,RWSCCA,
704824　大樹國票59購01,TW26Z7048245,2026/02/04,上櫃,,RWSCCA,
704825　世紀*國票59購01,TW26Z7048252,2026/02/04,上櫃,,RWSCCA,
704826　宏觀國票59購01,TW26Z7048260,2026/02/04,上櫃,,RWSCCA,
704827　系統電國票59購02,TW26Z7048278,2026/02/04,上櫃,,RWSCCA,
704828　亞電國票58購03,TW26Z7048286,2026/02/04,上櫃,,RWSCCA,
704829　信驊國票59購04,TW26Z7048294,2026/02/04,上櫃,,RWSCCA,
704830　信驊國票5B購02,TW26Z7048302,2026/02/04,上櫃,,RWSCCA,
704831　信驊國票5C購01,TW26Z7048310,2026/02/04,上櫃,,RWSCCA,
704832　新鉅科國票59購01,TW26Z7048328,2026/02/04,上櫃,,RWSCCA,
704833　鉅橡國票59購01,TW26Z7048336,2026/02/04,上櫃,,RWSCCA,
704834　雍智國票59購01,TW26Z7048344,2026/02/04,上櫃,,RWSCCA,
704835　雍智國票59購02,TW26Z7048351,2026/02/04,上櫃,,RWSCCA,
704837　磐儀國票59購01,TW26Z7048377,2026/02/04,上櫃,,RWSCCA,
704838　擎亞國票58購03,TW26Z7048385,2026/02/04,上櫃,,RWSCCA,
704839　擎亞國票5A購01,TW26Z7048393,2026/02/04,上櫃,,RWSCCA,
704840　鑫聯國票59購01,TW26Z7048401,2026/02/04,上櫃,,RWSCCA,
704841　台半富邦5B購01,TW26Z7048419,2026/02/04,上櫃,,RWSCCE,
704842　台星科富邦5B購01,TW26Z7048427,2026/02/04,上櫃,,RWSCCE,
704843　合晶富邦5B購01,TW26Z7048435,2026/02/04,上櫃,,RWSCCE,
704844　宜特富邦5A購01,TW26Z7048443,2026/02/04,上櫃,,RWSCCE,
704845　信驊富邦5B購01,TW26Z7048450,2026/02/04,上櫃,,RWSCCE,
704846　智通*富邦5A購01,TW26Z7048468,2026/02/04,上櫃,,RWSCCE,
704847　智通*富邦5B購01,TW26Z7048476,2026/02/04,上櫃,,RWSCCE,
704848　順達富邦5A購01,TW26Z7048484,2026/02/04,上櫃,,RWSCCE,
704849　廣明富邦5B購01,TW26Z7048492,2026/02/04,上櫃,,RWSCCE,
704850　廣運富邦5B購01,TW26Z7048500,2026/02/04,上櫃,,RWSCCE,
704851　擎亞富邦59購01,TW26Z7048518,2026/02/04,上櫃,,RWSCCE,
704852　雙鴻富邦5A購01,TW26Z7048526,2026/02/04,上櫃,,RWSCCE,
704854　世界凱基58購02,TW26Z7048542,2026/02/05,上櫃,,RWSCCA,
704855　世紀*凱基58購02,TW26Z7048559,2026/02/05,上櫃,,RWSCCA,
704856　均華凱基58購02,TW26Z7048567,2026/02/05,上櫃,,RWSCCA,
704858　東捷凱基5A購01,TW26Z7048583,2026/02/05,上櫃,,RWSCCA,
704859　智通*凱基58購02,TW26Z7048591,2026/02/05,上櫃,,RWSCCA,
704860　聖暉*凱基58購02,TW26Z7048609,2026/02/05,上櫃,,RWSCCA,
704861　精材凱基58購02,TW26Z7048617,2026/02/05,上櫃,,RWSCCA,
704862　雙鴻凱基58購02,TW26Z7048625,2026/02/05,上櫃,,RWSCCA,
704863　譜瑞凱基58購01,TW26Z7048633,2026/02/05,上櫃,,RWSCCA,
704864　鑫科凱基58購02,TW26Z7048641,2026/02/05,上櫃,,RWSCCA,
704866　中光電元大58購05,TW26Z7048666,2026/02/05,上櫃,,RWSCCA,
704867　中光電元大58購06,TW26Z7048674,2026/02/05,上櫃,,RWSCCA,
704868　世界元大58購08,TW26Z7048682,2026/02/05,上櫃,,RWSCCA,
704869　世界元大58購09,TW26Z7048690,2026/02/05,上櫃,,RWSCCA,
704870　世紀*元大58購03,TW26Z7048708,2026/02/05,上櫃,,RWSCCA,
704871　加百裕元大58購01,TW26Z7048716,2026/02/05,上櫃,,RWSCCA,
704872　合晶元大58購02,TW26Z7048724,2026/02/05,上櫃,,RWSCCA,
704873　協易機元大58購01,TW26Z7048732,2026/02/05,上櫃,,RWSCCA,
704876　萬潤元大59購02,TW26Z7048765,2026/02/05,上櫃,,RWSCCA,
704877　弘塑國泰59購01,TW26Z7048773,2026/02/05,上櫃,,RWSCCA,
704878　智通國泰59購01,TW26Z7048781,2026/02/05,上櫃,,RWSCCA,
704879　聖暉國泰59購01,TW26Z7048799,2026/02/05,上櫃,,RWSCCA,
704880　榮剛富邦5A購01,TW26Z7048807,2026/02/05,上櫃,,RWSCCE,
704881　譜瑞兆豐62購01,TW26Z7048815,2026/02/05,上櫃,,RWSCCA,
704882　朋億*國票59購01,TW26Z7048823,2026/02/05,上櫃,,RWSCCA,
704883　能率國票59購01,TW26Z7048831,2026/02/05,上櫃,,RWSCCA,
704884　廣運國票59購01,TW26Z7048849,2026/02/05,上櫃,,RWSCCA,
704885　雙鴻國票59購02,TW26Z7048856,2026/02/05,上櫃,,RWSCCA,
704886　譜瑞國票59購01,TW26Z7048864,2026/02/05,上櫃,,RWSCCA,
704887　協易機群益58購01,TW26Z7048872,2026/02/05,上櫃,,RWSCCA,
704888　聖暉*群益58購02,TW26Z7048880,2026/02/05,上櫃,,RWSCCA,
704892　點序元富58購01,TW26Z7048922,2026/02/05,上櫃,,RWSCCA,
704893　青雲永豐5A購01,TW26Z7048930,2026/02/05,上櫃,,RWSCCA,
704894　穩得永豐58購01,TW26Z7048948,2026/02/05,上櫃,,RWSCCA,
704895　世界統一62購01,TW26Z7048955,2026/02/05,上櫃,,RWSCCA,
704896　台星科統一62購01,TW26Z7048963,2026/02/05,上櫃,,RWSCCA,
704897　台燿統一62購01,TW26Z7048971,2026/02/05,上櫃,,RWSCCA,
704898　光頡統一5C購02,TW26Z7048989,2026/02/05,上櫃,,RWSCCA,
704899　長科*統一61購01,TW26Z7048997,2026/02/05,上櫃,,RWSCCA,
704900　茂達統一62購01,TW26Z7049003,2026/02/05,上櫃,,RWSCCA,
704901　茂達統一62購02,TW26Z7049011,2026/02/05,上櫃,,RWSCCA,
704902　訊聯統一72購01,TW26Z7049029,2026/02/05,上櫃,,RWSCCA,
704903　智通*統一68購01,TW26Z7049037,2026/02/05,上櫃,,RWSCCA,
704904　新復興統一72購01,TW26Z7049045,2026/02/05,上櫃,,RWSCCA,
704905　穩懋統一72購01,TW26Z7049052,2026/02/05,上櫃,,RWSCCA,
704906　穩懋統一72購02,TW26Z7049060,2026/02/05,上櫃,,RWSCCA,
704907　鑫聯統一62購01,TW26Z7049078,2026/02/05,上櫃,,RWSCCA,
704908　弘塑凱基58購03,TW26Z7049086,2026/02/06,上櫃,,RWSCCA,
704909　印能凱基58購02,TW26Z7049094,2026/02/06,上櫃,,RWSCCA,
704910　宏觀凱基59購01,TW26Z7049102,2026/02/06,上櫃,,RWSCCA,
704911　宜鼎凱基5A購02,TW26Z7049110,2026/02/06,上櫃,,RWSCCA,
704912　萬潤凱基58購01,TW26Z7049128,2026/02/06,上櫃,,RWSCCA,
704913　群翊凱基58購01,TW26Z7049136,2026/02/06,上櫃,,RWSCCA,
704914　廣運凱基58購03,TW26Z7049144,2026/02/06,上櫃,,RWSCCA,
704915　穩懋凱基5B購02,TW26Z7049151,2026/02/06,上櫃,,RWSCCA,
704916　中光電元大58購07,TW26Z7049169,2026/02/06,上櫃,,RWSCCA,
704918　中光電元大58購09,TW26Z7049185,2026/02/06,上櫃,,RWSCCA,
704919　世界元大58購10,TW26Z7049193,2026/02/06,上櫃,,RWSCCA,
704920　世界元大58購11,TW26Z7049201,2026/02/06,上櫃,,RWSCCA,
704921　印能元大58購02,TW26Z7049219,2026/02/06,上櫃,,RWSCCA,
704922　均華元大58購03,TW26Z7049227,2026/02/06,上櫃,,RWSCCA,
704924　宏觀元大58購01,TW26Z7049243,2026/02/06,上櫃,,RWSCCA,
704925　系統電元大62購01,TW26Z7049250,2026/02/06,上櫃,,RWSCCA,
704926　宜鼎元大58購05,TW26Z7049268,2026/02/06,上櫃,,RWSCCA,
704927　智通*元大58購02,TW26Z7049276,2026/02/06,上櫃,,RWSCCA,
704928　智通*元大58購03,TW26Z7049284,2026/02/06,上櫃,,RWSCCA,
704929　勤凱元大5A購02,TW26Z7049292,2026/02/06,上櫃,,RWSCCA,
704930　雙鴻元大58購07,TW26Z7049300,2026/02/06,上櫃,,RWSCCA,
704931　雙鴻元大58購08,TW26Z7049318,2026/02/06,上櫃,,RWSCCA,
704932　雙鴻元大58購09,TW26Z7049326,2026/02/06,上櫃,,RWSCCA,
704933　鑫聯元大58購01,TW26Z7049334,2026/02/06,上櫃,,RWSCCA,
704934　聖暉*國泰59購02,TW26Z7049342,2026/02/06,上櫃,,RWSCCA,
704935　雙鴻國泰59購01,TW26Z7049359,2026/02/06,上櫃,,RWSCCA,
704936　良維富邦59購01,TW26Z7049367,2026/02/06,上櫃,,RWSCCE,
704937　茂迪富邦61購01,TW26Z7049375,2026/02/06,上櫃,,RWSCCE,
704940　印能國票59購01,TW26Z7049409,2026/02/06,上櫃,,RWSCCA,
704941　印能國票5A購01,TW26Z7049417,2026/02/06,上櫃,,RWSCCA,
704942　青雲國票59購01,TW26Z7049425,2026/02/06,上櫃,,RWSCCA,
704943　昱展國票59購01,TW26Z7049433,2026/02/06,上櫃,,RWSCCA,
704944　印能統一65購01,TW26Z7049441,2026/02/06,上櫃,,RWSCCA,
704945　良維統一5C購01,TW26Z7049458,2026/02/06,上櫃,,RWSCCA,
704946　閎康統一72購01,TW26Z7049466,2026/02/06,上櫃,,RWSCCA,
704947　順達統一65購01,TW26Z7049474,2026/02/06,上櫃,,RWSCCA,
704948　雙鴻統一5C購01,TW26Z7049482,2026/02/06,上櫃,,RWSCCA,
704949　雙鴻統一65購01,TW26Z7049490,2026/02/06,上櫃,,RWSCCA,
704950　耀勝統一5C購03,TW26Z7049508,2026/02/06,上櫃,,RWSCCA,
704951　鑫科統一72購01,TW26Z7049516,2026/02/06,上櫃,,RWSCCA,
704952　鑫聯統一72購01,TW26Z7049524,2026/02/06,上櫃,,RWSCCA,
704953　鑫聯統一72購02,TW26Z7049532,2026/02/06,上櫃,,RWSCCA,
704954　系微兆豐62購01,TW26Z7049540,2026/02/06,上櫃,,RWSCCA,
704955　正淩永豐59購01,TW26Z7049557,2026/02/06,上櫃,,RWSCCA,
704956　宏觀永豐58購01,TW26Z7049565,2026/02/06,上櫃,,RWSCCA,
704957　雙鴻永豐5A購02,TW26Z7049573,2026/02/06,上櫃,,RWSCCA,
704958　中探針群益5C購01,TW26Z7049581,2026/02/06,上櫃,,RWSCCA,
704959　天品群益58購01,TW26Z7049599,2026/02/06,上櫃,,RWSCCA,
704960　巨有群益58購01,TW26Z7049607,2026/02/06,上櫃,,RWSCCA,
704961　均華群益58購01,TW26Z7049615,2026/02/06,上櫃,,RWSCCA,
704962　宏觀群益59購01,TW26Z7049623,2026/02/06,上櫃,,RWSCCA,
704963　協易機群益5A購01,TW26Z7049631,2026/02/06,上櫃,,RWSCCA,
704964　金山電群益58購01,TW26Z7049649,2026/02/06,上櫃,,RWSCCA,
704965　佶優群益58購01,TW26Z7049656,2026/02/06,上櫃,,RWSCCA,
704966　訊聯群益5A購01,TW26Z7049664,2026/02/06,上櫃,,RWSCCA,
704968　精材群益5A購02,TW26Z7049680,2026/02/06,上櫃,,RWSCCA,
704969　雙鴻群益58購03,TW26Z7049698,2026/02/06,上櫃,,RWSCCA,
704970　雙鴻群益58購04,TW26Z7049706,2026/02/06,上櫃,,RWSCCA,
704971　中美晶元富58購01,TW26Z7049714,2026/02/06,上櫃,,RWSCCA,
704972　中探針元富58購01,TW26Z7049722,2026/02/06,上櫃,,RWSCCA,
704973　弘塑元富58購02,TW26Z7049730,2026/02/06,上櫃,,RWSCCA,
704974　印能元富58購02,TW26Z7049748,2026/02/06,上櫃,,RWSCCA,
704975　印能元富58購03,TW26Z7049755,2026/02/06,上櫃,,RWSCCA,
704976　均華元富58購02,TW26Z7049763,2026/02/06,上櫃,,RWSCCA,
704977　宜鼎元富58購01,TW26Z7049771,2026/02/06,上櫃,,RWSCCA,
704978　宜鼎元富58購02,TW26Z7049789,2026/02/06,上櫃,,RWSCCA,
704980　茂迪元富58購01,TW26Z7049805,2026/02/06,上櫃,,RWSCCA,
704981　勤凱元富58購01,TW26Z7049813,2026/02/06,上櫃,,RWSCCA,
704982　聖暉*元富58購01,TW26Z7049821,2026/02/06,上櫃,,RWSCCA,
704983　雙鴻元富5A購02,TW26Z7049839,2026/02/06,上櫃,,RWSCCA,
704984　雙鴻元富5A購03,TW26Z7049847,2026/02/06,上櫃,,RWSCCA,
704986　中光電元大58購11,TW26Z7049862,2026/02/09,上櫃,,RWSCCA,
704987　中光電元大58購12,TW26Z7049870,2026/02/09,上櫃,,RWSCCA,
704988　世界元大58購12,TW26Z7049888,2026/02/09,上櫃,,RWSCCA,
704989　宏觀元大58購02,TW26Z7049896,2026/02/09,上櫃,,RWSCCA,
704990　宜特元大58購03,TW26Z7049904,2026/02/09,上櫃,,RWSCCA,
704991　鈊象元大58購03,TW26Z7049912,2026/02/09,上櫃,,RWSCCA,
704992　萬潤元大58購04,TW26Z7049920,2026/02/09,上櫃,,RWSCCA,
704993　萬潤元大58購05,TW26Z7049938,2026/02/09,上櫃,,RWSCCA,
704995　鉅橡元大59購01,TW26Z7049953,2026/02/09,上櫃,,RWSCCA,
704996　雙鴻元大58購10,TW26Z7049961,2026/02/09,上櫃,,RWSCCA,
704997　雙鴻元大5B購01,TW26Z7049979,2026/02/09,上櫃,,RWSCCA,
704998　雙鴻元大61購02,TW26Z7049987,2026/02/09,上櫃,,RWSCCA,
704999　凡甲國泰59購01,TW26Z7049995,2026/02/09,上櫃,,RWSCCA,
705000　世紀*國泰59購01,TW26Z7050001,2026/02/09,上櫃,,RWSCCA,
705001　良維國泰59購01,TW26Z7050019,2026/02/09,上櫃,,RWSCCA,
705002　世界富邦5C購02,TW26Z7050027,2026/02/09,上櫃,,RWSCCE,
705003　世界統一72購01,TW26Z7050035,2026/02/09,上櫃,,RWSCCA,
705004　宏觀統一62購01,TW26Z7050043,2026/02/09,上櫃,,RWSCCA,
705005　茂迪統一72購01,TW26Z7050050,2026/02/09,上櫃,,RWSCCA,
705006　茂達統一61購02,TW26Z7050068,2026/02/09,上櫃,,RWSCCA,
705007　智通*統一62購01,TW26Z7050076,2026/02/09,上櫃,,RWSCCA,
705008　湧德統一61購03,TW26Z7050084,2026/02/09,上櫃,,RWSCCA,
705009　穩懋統一72購03,TW26Z7050092,2026/02/09,上櫃,,RWSCCA,
705010　穩懋統一72購04,TW26Z7050100,2026/02/09,上櫃,,RWSCCA,
705011　鑫聯統一61購01,TW26Z7050118,2026/02/09,上櫃,,RWSCCA,
705012　台燿永豐5C購01,TW26Z7050126,2026/02/09,上櫃,,RWSCCA,
705013　台燿永豐61購01,TW26Z7050134,2026/02/09,上櫃,,RWSCCA,
705014　宏捷科永豐5A購01,TW26Z7050142,2026/02/09,上櫃,,RWSCCA,
705015　穩懋永豐59購04,TW26Z7050159,2026/02/09,上櫃,,RWSCCA,
705016　凡甲凱基58購01,TW26Z7050167,2026/02/09,上櫃,,RWSCCA,
705017　世界凱基58購03,TW26Z7050175,2026/02/09,上櫃,,RWSCCA,
705018　弘塑凱基58購04,TW26Z7050183,2026/02/09,上櫃,,RWSCCA,
705019　宏觀凱基58購01,TW26Z7050191,2026/02/09,上櫃,,RWSCCA,
705020　宜特凱基58購03,TW26Z7050209,2026/02/09,上櫃,,RWSCCA,
705021　茂迪凱基58購02,TW26Z7050217,2026/02/09,上櫃,,RWSCCA,
705022　智通*凱基58購03,TW26Z7050225,2026/02/09,上櫃,,RWSCCA,
705023　雙鴻凱基5C購01,TW26Z7050233,2026/02/09,上櫃,,RWSCCA,
705024　台燿群益58購05,TW26Z7050241,2026/02/09,上櫃,,RWSCCA,
705026　宏觀群益58購01,TW26Z7050266,2026/02/09,上櫃,,RWSCCA,
705027　系統電群益5A購01,TW26Z7050274,2026/02/09,上櫃,,RWSCCA,
705028　宜特群益5A購01,TW26Z7050282,2026/02/09,上櫃,,RWSCCA,
705029　金山電群益5A購01,TW26Z7050290,2026/02/09,上櫃,,RWSCCA,
705030　茂迪群益59購01,TW26Z7050308,2026/02/09,上櫃,,RWSCCA,
705031　訊聯群益5A購02,TW26Z7050316,2026/02/09,上櫃,,RWSCCA,
705032　鈊象群益58購01,TW26Z7050324,2026/02/09,上櫃,,RWSCCA,
705033　萬潤群益58購03,TW26Z7050332,2026/02/09,上櫃,,RWSCCA,
705034　精材群益5A購03,TW26Z7050340,2026/02/09,上櫃,,RWSCCA,
705035　穩懋群益58購03,TW26Z7050357,2026/02/09,上櫃,,RWSCCA,
705036　鑫聯群益58購02,TW26Z7050365,2026/02/09,上櫃,,RWSCCA,
705037　台燿國票59購01,TW26Z7050373,2026/02/09,上櫃,,RWSCCA,
705038　宏觀國票5C購01,TW26Z7050381,2026/02/09,上櫃,,RWSCCA,
705039　青雲國票58購02,TW26Z7050399,2026/02/09,上櫃,,RWSCCA,
705040　青雲國票58購03,TW26Z7050407,2026/02/09,上櫃,,RWSCCA,
705041　茂迪國票59購01,TW26Z7050415,2026/02/09,上櫃,,RWSCCA,
705042　博大國票59購01,TW26Z7050423,2026/02/09,上櫃,,RWSCCA,
705043　鑫聯國票59購02,TW26Z7050431,2026/02/09,上櫃,,RWSCCA,
705044　山富國票59購01,TW26Z7050449,2026/02/10,上櫃,,RWSCCA,
705045　五福國票59購01,TW26Z7050456,2026/02/10,上櫃,,RWSCCA,
705046　世界國票59購02,TW26Z7050464,2026/02/10,上櫃,,RWSCCA,
705047　世界國票59購05,TW26Z7050472,2026/02/10,上櫃,,RWSCCA,
705048　系微國票59購01,TW26Z7050480,2026/02/10,上櫃,,RWSCCA,
705049　宜鼎國票59購01,TW26Z7050498,2026/02/10,上櫃,,RWSCCA,
705050　茂迪國票59購02,TW26Z7050506,2026/02/10,上櫃,,RWSCCA,
705051　精材國票59購02,TW26Z7050514,2026/02/10,上櫃,,RWSCCA,
705052　精測國票59購05,TW26Z7050522,2026/02/10,上櫃,,RWSCCA,
705053　精測國票59購06,TW26Z7050530,2026/02/10,上櫃,,RWSCCA,
705054　精測國票59購07,TW26Z7050548,2026/02/10,上櫃,,RWSCCA,
705055　宜鼎元大58購06,TW26Z7050555,2026/02/10,上櫃,,RWSCCA,
705056　茂迪元大58購01,TW26Z7050563,2026/02/10,上櫃,,RWSCCA,
705057　精測元大58購02,TW26Z7050571,2026/02/10,上櫃,,RWSCCA,
705058　精測元大58購03,TW26Z7050589,2026/02/10,上櫃,,RWSCCA,
705059　雙鴻元大58購11,TW26Z7050597,2026/02/10,上櫃,,RWSCCA,
705060　雙鴻元大58購12,TW26Z7050605,2026/02/10,上櫃,,RWSCCA,
705061　穩懋元大58購04,TW26Z7050613,2026/02/10,上櫃,,RWSCCA,
705062　穩懋元大58購05,TW26Z7050621,2026/02/10,上櫃,,RWSCCA,
705063　穩懋元大61購02,TW26Z7050639,2026/02/10,上櫃,,RWSCCA,
705064　鑫聯元大58購02,TW26Z7050647,2026/02/10,上櫃,,RWSCCA,
705065　新應材台新58購01,TW26Z7050654,2026/02/10,上櫃,,RWSCCE,
705066　中光電凱基58購04,TW26Z7050662,2026/02/10,上櫃,,RWSCCA,
705068　鈊象凱基58購02,TW26Z7050688,2026/02/10,上櫃,,RWSCCA,
705069　新鉅科凱基59購01,TW26Z7050696,2026/02/10,上櫃,,RWSCCA,
705070　新應材凱基58購05,TW26Z7050704,2026/02/10,上櫃,,RWSCCA,
705071　新應材凱基58購06,TW26Z7050712,2026/02/10,上櫃,,RWSCCA,
705072　新應材凱基5A購01,TW26Z7050720,2026/02/10,上櫃,,RWSCCA,
705074　精測凱基58購03,TW26Z7050746,2026/02/10,上櫃,,RWSCCA,
705075　精測凱基58購04,TW26Z7050753,2026/02/10,上櫃,,RWSCCA,
705076　精測凱基58購05,TW26Z7050761,2026/02/10,上櫃,,RWSCCA,
705077　穩懋凱基59購07,TW26Z7050779,2026/02/10,上櫃,,RWSCCA,
705078　鑫聯凱基58購02,TW26Z7050787,2026/02/10,上櫃,,RWSCCA,
705079　弘塑群益58購02,TW26Z7050795,2026/02/10,上櫃,,RWSCCA,
705080　茂迪群益58購01,TW26Z7050803,2026/02/10,上櫃,,RWSCCA,
705081　閎康群益5A購01,TW26Z7050811,2026/02/10,上櫃,,RWSCCA,
705082　新應材群益58購03,TW26Z7050829,2026/02/10,上櫃,,RWSCCA,
705083　精測群益5A購01,TW26Z7050837,2026/02/10,上櫃,,RWSCCA,
705084　精測群益62購03,TW26Z7050845,2026/02/10,上櫃,,RWSCCA,
705085　茂迪國泰59購01,TW26Z7050852,2026/02/10,上櫃,,RWSCCA,
705086　新應材國泰59購01,TW26Z7050860,2026/02/10,上櫃,,RWSCCA,
705087　世界富邦5C購03,TW26Z7050878,2026/02/10,上櫃,,RWSCCE,
705088　新應材富邦59購01,TW26Z7050886,2026/02/10,上櫃,,RWSCCE,
705089　新應材富邦63購01,TW26Z7050894,2026/02/10,上櫃,,RWSCCE,
705090　精測富邦5A購01,TW26Z7050902,2026/02/10,上櫃,,RWSCCE,
705091　正淩統一62購01,TW26Z7050910,2026/02/10,上櫃,,RWSCCA,
705092　正淩統一65購01,TW26Z7050928,2026/02/10,上櫃,,RWSCCA,
705093　宏觀統一72購01,TW26Z7050936,2026/02/10,上櫃,,RWSCCA,
705094　宜特統一62購01,TW26Z7050944,2026/02/10,上櫃,,RWSCCA,
705095　新復興統一62購01,TW26Z7050951,2026/02/10,上櫃,,RWSCCA,
705096　精測統一62購01,TW26Z7050969,2026/02/10,上櫃,,RWSCCA,
705097　精測統一64購02,TW26Z7050977,2026/02/10,上櫃,,RWSCCA,
705098　精測統一72購01,TW26Z7050985,2026/02/10,上櫃,,RWSCCA,
705099　雙鴻統一62購03,TW26Z7050993,2026/02/10,上櫃,,RWSCCA,
705100　鑫科統一62購01,TW26Z7051009,2026/02/10,上櫃,,RWSCCA,
705101　世界中信5B購01,TW26Z7051017,2026/02/10,上櫃,,RWSCCE,
705102　弘塑元富5A購01,TW26Z7051025,2026/02/10,上櫃,,RWSCCA,
705103　弘塑元富5A購02,TW26Z7051033,2026/02/10,上櫃,,RWSCCA,
705104　茂迪元富58購02,TW26Z7051041,2026/02/10,上櫃,,RWSCCA,
705105　茂迪元富58購03,TW26Z7051058,2026/02/10,上櫃,,RWSCCA,
705106　精測元富58購01,TW26Z7051066,2026/02/10,上櫃,,RWSCCA,
705107　精測元富58購02,TW26Z7051074,2026/02/10,上櫃,,RWSCCA,
705108　精測元富5B購01,TW26Z7051082,2026/02/10,上櫃,,RWSCCA,
705109　精測元富5B購02,TW26Z7051090,2026/02/10,上櫃,,RWSCCA,
705110　精測元富5B購03,TW26Z7051108,2026/02/10,上櫃,,RWSCCA,
705111　系統電永豐61購01,TW26Z7051116,2026/02/10,上櫃,,RWSCCA,
705112　茂迪永豐5A購01,TW26Z7051124,2026/02/10,上櫃,,RWSCCA,
705113　閎康永豐58購01,TW26Z7051132,2026/02/10,上櫃,,RWSCCA,
705114　新應材永豐61購01,TW26Z7051140,2026/02/10,上櫃,,RWSCCA,
705115　雙鴻台新58購01,TW26Z7051157,2026/02/11,上櫃,,RWSCCE,
705116　弘塑凱基58購05,TW26Z7051165,2026/02/11,上櫃,,RWSCCA,
705117　系統電凱基5A購02,TW26Z7051173,2026/02/11,上櫃,,RWSCCA,
705118　茂迪凱基58購03,TW26Z7051181,2026/02/11,上櫃,,RWSCCA,
705120　湧德凱基58購02,TW26Z7051207,2026/02/11,上櫃,,RWSCCA,
705121　閎康凱基59購01,TW26Z7051215,2026/02/11,上櫃,,RWSCCA,
705123　雙鴻凱基59購06,TW26Z7051231,2026/02/11,上櫃,,RWSCCA,
705124　訊聯國泰59購01,TW26Z7051249,2026/02/11,上櫃,,RWSCCA,
705125　博智富邦59購01,TW26Z7051256,2026/02/11,上櫃,,RWSCCE,
705126　大中統一62購01,TW26Z7051264,2026/02/11,上櫃,,RWSCCA,
705127　宏觀統一72購02,TW26Z7051272,2026/02/11,上櫃,,RWSCCA,
705128　良維統一72購01,TW26Z7051280,2026/02/11,上櫃,,RWSCCA,
705129　宜特統一72購01,TW26Z7051298,2026/02/11,上櫃,,RWSCCA,
705130　長科*統一72購01,TW26Z7051306,2026/02/11,上櫃,,RWSCCA,
705131　茂迪統一61購01,TW26Z7051314,2026/02/11,上櫃,,RWSCCA,
705132　茂迪統一72購02,TW26Z7051322,2026/02/11,上櫃,,RWSCCA,
705133　博智統一62購01,TW26Z7051330,2026/02/11,上櫃,,RWSCCA,
705134　博智統一62購02,TW26Z7051348,2026/02/11,上櫃,,RWSCCA,
705135　穩懋統一72購05,TW26Z7051355,2026/02/11,上櫃,,RWSCCA,
705136　鏵友益統一72購01,TW26Z7051363,2026/02/11,上櫃,,RWSCCA,
705137　台燿中信5A購01,TW26Z7051371,2026/02/11,上櫃,,RWSCCE,
705138　良維中信5C購01,TW26Z7051389,2026/02/11,上櫃,,RWSCCE,
705140　元太元富58購01,TW26Z7051405,2026/02/11,上櫃,,RWSCCA,
705141　新應材永豐58購01,TW26Z7051413,2026/02/11,上櫃,,RWSCCA,
705142　新應材永豐5B購01,TW26Z7051421,2026/02/11,上櫃,,RWSCCA,
705143　正淩國票5B購01,TW26Z7051439,2026/02/11,上櫃,,RWSCCA,
705144　岳豐國票59購01,TW26Z7051447,2026/02/11,上櫃,,RWSCCA,
705145　長佳智國票59購01,TW26Z7051454,2026/02/11,上櫃,,RWSCCA,
705146　前鼎國票59購01,TW26Z7051462,2026/02/11,上櫃,,RWSCCA,
705147　崴寶國票59購01,TW26Z7051470,2026/02/11,上櫃,,RWSCCA,
705148　廣明國票59購01,TW26Z7051488,2026/02/11,上櫃,,RWSCCA,
705149　德勝國票59購01,TW26Z7051496,2026/02/11,上櫃,,RWSCCA,
705150　加百裕元大58購02,TW26Z7051504,2026/02/11,上櫃,,RWSCCA,
705152　宜特元大58購04,TW26Z7051520,2026/02/11,上櫃,,RWSCCA,
705153　宜鼎元大58購07,TW26Z7051538,2026/02/11,上櫃,,RWSCCA,
705155　鈊象元大58購04,TW26Z7051553,2026/02/11,上櫃,,RWSCCA,
705156　鈊象元大58購05,TW26Z7051561,2026/02/11,上櫃,,RWSCCA,
705157　勤凱元大58購01,TW26Z7051579,2026/02/11,上櫃,,RWSCCA,
705159　雙鴻元大58購14,TW26Z7051595,2026/02/11,上櫃,,RWSCCA,
705160　雙鴻元大58購15,TW26Z7051603,2026/02/11,上櫃,,RWSCCA,
705161　雙鴻元大61購03,TW26Z7051611,2026/02/11,上櫃,,RWSCCA,
705162　穩懋元大61購03,TW26Z7051629,2026/02/11,上櫃,,RWSCCA,
705163　鑫聯元大58購03,TW26Z7051637,2026/02/11,上櫃,,RWSCCA,
705164　中光電群益58購05,TW26Z7051645,2026/02/11,上櫃,,RWSCCA,
705165　台燿群益58購06,TW26Z7051652,2026/02/11,上櫃,,RWSCCA,
705167　茂迪台新58購01,TW26Z7051678,2026/02/23,上櫃,,RWSCCE,
705168　台燿凱基59購01,TW26Z7051686,2026/02/23,上櫃,,RWSCCA,
705169　正淩凱基5B購01,TW26Z7051694,2026/02/23,上櫃,,RWSCCA,
705170　均華凱基58購04,TW26Z7051702,2026/02/23,上櫃,,RWSCCA,
705171　系統電凱基61購01,TW26Z7051710,2026/02/23,上櫃,,RWSCCA,
705172　良維凱基59購01,TW26Z7051728,2026/02/23,上櫃,,RWSCCA,
705173　宜鼎凱基59購04,TW26Z7051736,2026/02/23,上櫃,,RWSCCA,
705174　信立凱基58購01,TW26Z7051744,2026/02/23,上櫃,,RWSCCA,
705175　崴寶凱基59購01,TW26Z7051751,2026/02/23,上櫃,,RWSCCA,
705176　鈊象凱基58購03,TW26Z7051769,2026/02/23,上櫃,,RWSCCA,
705177　新漢凱基58購01,TW26Z7051777,2026/02/23,上櫃,,RWSCCA,
705178　萬潤凱基58購03,TW26Z7051785,2026/02/23,上櫃,,RWSCCA,
705179　雙鴻凱基5C購02,TW26Z7051793,2026/02/23,上櫃,,RWSCCA,
705180　穩懋凱基59購08,TW26Z7051801,2026/02/23,上櫃,,RWSCCA,
705181　家登國泰59購01,TW26Z7051819,2026/02/23,上櫃,,RWSCCA,
705182　雙鴻國泰59購02,TW26Z7051827,2026/02/23,上櫃,,RWSCCA,
705183　雙鴻國泰59購03,TW26Z7051835,2026/02/23,上櫃,,RWSCCA,
705184　中美晶富邦58購01,TW26Z7051843,2026/02/23,上櫃,,RWSCCE,
705185　弘塑富邦59購03,TW26Z7051850,2026/02/23,上櫃,,RWSCCE,
705186　閎康富邦5A購01,TW26Z7051868,2026/02/23,上櫃,,RWSCCE,
705187　精材富邦58購01,TW26Z7051876,2026/02/23,上櫃,,RWSCCE,
705188　元太統一62購01,TW26Z7051884,2026/02/23,上櫃,,RWSCCA,
705189　弘塑統一62購01,TW26Z7051892,2026/02/23,上櫃,,RWSCCA,
705190　弘塑統一72購01,TW26Z7051900,2026/02/23,上櫃,,RWSCCA,
705191　正淩統一72購01,TW26Z7051918,2026/02/23,上櫃,,RWSCCA,
705192　沛亨統一72購01,TW26Z7051926,2026/02/23,上櫃,,RWSCCA,
705193　宜鼎統一72購01,TW26Z7051934,2026/02/23,上櫃,,RWSCCA,
705194　崴寶統一64購01,TW26Z7051942,2026/02/23,上櫃,,RWSCCA,
705195　崴寶統一72購01,TW26Z7051959,2026/02/23,上櫃,,RWSCCA,
705196　雙鴻統一72購01,TW26Z7051967,2026/02/23,上櫃,,RWSCCA,
705197　鑫聯統一65購01,TW26Z7051975,2026/02/23,上櫃,,RWSCCA,
705198　九豪國票58購01,TW26Z7051983,2026/02/23,上櫃,,RWSCCA,
705199　凡甲國票59購01,TW26Z7051991,2026/02/23,上櫃,,RWSCCA,
705200　加百裕國票58購01,TW26Z7052007,2026/02/23,上櫃,,RWSCCA,
705201　加百裕國票59購01,TW26Z7052015,2026/02/23,上櫃,,RWSCCA,
705202　匯鑽科國票58購02,TW26Z7052023,2026/02/23,上櫃,,RWSCCA,
705203　匯鑽科國票59購02,TW26Z7052031,2026/02/23,上櫃,,RWSCCA,
705204　鈺太國票58購01,TW26Z7052049,2026/02/23,上櫃,,RWSCCA,
705205　鑫聯國票59購03,TW26Z7052056,2026/02/23,上櫃,,RWSCCA,
705206　九豪元大58購01,TW26Z7052064,2026/02/23,上櫃,,RWSCCA,
705207　茂迪元大58購02,TW26Z7052072,2026/02/23,上櫃,,RWSCCA,
705208　鈊象元大58購06,TW26Z7052080,2026/02/23,上櫃,,RWSCCA,
705209　雙鴻元大58購16,TW26Z7052098,2026/02/23,上櫃,,RWSCCA,
705210　雙鴻元大58購17,TW26Z7052106,2026/02/23,上櫃,,RWSCCA,
705211　雙鴻元大58購18,TW26Z7052114,2026/02/23,上櫃,,RWSCCA,
705212　雙鴻元大5C購01,TW26Z7052122,2026/02/23,上櫃,,RWSCCA,
705213　雙鴻元大61購04,TW26Z7052130,2026/02/23,上櫃,,RWSCCA,
705214　神盾永豐5B購01,TW26Z7052148,2026/02/23,上櫃,,RWSCCA,
705215　崴寶永豐5B購01,TW26Z7052155,2026/02/23,上櫃,,RWSCCA,
705216　雙鴻永豐61購01,TW26Z7052163,2026/02/23,上櫃,,RWSCCA,
705217　沛亨元富58購01,TW26Z7052171,2026/02/23,上櫃,,RWSCCA,
705218　新應材元富58購01,TW26Z7052189,2026/02/23,上櫃,,RWSCCA,
705219　新應材元富58購02,TW26Z7052197,2026/02/23,上櫃,,RWSCCA,
705220　萬潤元富58購01,TW26Z7052205,2026/02/23,上櫃,,RWSCCA,
705221　雙鴻元富5A購04,TW26Z7052213,2026/02/23,上櫃,,RWSCCA,
705222　雙鴻元富5A購05,TW26Z7052221,2026/02/23,上櫃,,RWSCCA,
705223　雙鴻元富5A購06,TW26Z7052239,2026/02/23,上櫃,,RWSCCA,
705224　穩懋元富5A購02,TW26Z7052247,2026/02/23,上櫃,,RWSCCA,
705225　穩懋元富5A購03,TW26Z7052254,2026/02/23,上櫃,,RWSCCA,
705226　凡甲群益58購01,TW26Z7052262,2026/02/23,上櫃,,RWSCCA,
705228　宜鼎群益59購02,TW26Z7052288,2026/02/23,上櫃,,RWSCCA,
705230　雙鴻群益58購05,TW26Z7052304,2026/02/23,上櫃,,RWSCCA,
705231　雙鴻群益58購06,TW26Z7052312,2026/02/23,上櫃,,RWSCCA,
705232　力旺台新58購01,TW26Z7052320,2026/02/24,上櫃,,RWSCCE,
705233　力旺凱基58購02,TW26Z7052338,2026/02/24,上櫃,,RWSCCA,
705234　力旺凱基5A購02,TW26Z7052346,2026/02/24,上櫃,,RWSCCA,
705235　力旺凱基5B購01,TW26Z7052353,2026/02/24,上櫃,,RWSCCA,
705236　凡甲凱基59購01,TW26Z7052361,2026/02/24,上櫃,,RWSCCA,
705237　東捷凱基58購01,TW26Z7052379,2026/02/24,上櫃,,RWSCCA,
705238　穩懋凱基61購01,TW26Z7052387,2026/02/24,上櫃,,RWSCCA,
705239　鑫聯凱基58購03,TW26Z7052395,2026/02/24,上櫃,,RWSCCA,
705240　力旺永豐58購03,TW26Z7052403,2026/02/24,上櫃,,RWSCCA,
705241　力旺永豐59購01,TW26Z7052411,2026/02/24,上櫃,,RWSCCA,
705242　宸曜永豐59購01,TW26Z7052429,2026/02/24,上櫃,,RWSCCA,
705243　萬潤永豐62購01,TW26Z7052437,2026/02/24,上櫃,,RWSCCA,
705244　力旺元富58購01,TW26Z7052445,2026/02/24,上櫃,,RWSCCA,
705245　力旺元富58購02,TW26Z7052452,2026/02/24,上櫃,,RWSCCA,
705246　力旺元富5A購01,TW26Z7052460,2026/02/24,上櫃,,RWSCCA,
705247　系統電元富58購01,TW26Z7052478,2026/02/24,上櫃,,RWSCCA,
705248　新應材元富58購03,TW26Z7052486,2026/02/24,上櫃,,RWSCCA,
705249　力旺國泰59購01,TW26Z7052494,2026/02/24,上櫃,,RWSCCA,
705250　凡甲國泰59購02,TW26Z7052502,2026/02/24,上櫃,,RWSCCA,
705251　中美晶國泰59購01,TW26Z7052510,2026/02/24,上櫃,,RWSCCA,
705252　神盾國泰59購01,TW26Z7052528,2026/02/24,上櫃,,RWSCCA,
705253　穩懋國泰59購01,TW26Z7052536,2026/02/24,上櫃,,RWSCCA,
705254　雙鴻富邦5A購02,TW26Z7052544,2026/02/24,上櫃,,RWSCCE,
705255　雙鴻富邦5A購03,TW26Z7052551,2026/02/24,上櫃,,RWSCCE,
705256　穩懋富邦59購03,TW26Z7052569,2026/02/24,上櫃,,RWSCCE,
705257　力旺統一65購01,TW26Z7052577,2026/02/24,上櫃,,RWSCCA,
705258　力旺統一72購01,TW26Z7052585,2026/02/24,上櫃,,RWSCCA,
705259　凡甲統一72購01,TW26Z7052593,2026/02/24,上櫃,,RWSCCA,
705260　凡甲統一72購02,TW26Z7052601,2026/02/24,上櫃,,RWSCCA,
705261　元太統一62購02,TW26Z7052619,2026/02/24,上櫃,,RWSCCA,
705262　元太統一72購01,TW26Z7052627,2026/02/24,上櫃,,RWSCCA,
705263　弘塑統一72購02,TW26Z7052635,2026/02/24,上櫃,,RWSCCA,
705264　正淩統一72購02,TW26Z7052643,2026/02/24,上櫃,,RWSCCA,
705265　沛亨統一72購02,TW26Z7052650,2026/02/24,上櫃,,RWSCCA,
705266　博智統一72購01,TW26Z7052668,2026/02/24,上櫃,,RWSCCA,
705267　閎康統一72購02,TW26Z7052676,2026/02/24,上櫃,,RWSCCA,
705268　雙鴻統一62購04,TW26Z7052684,2026/02/24,上櫃,,RWSCCA,
705269　穩懋統一65購02,TW26Z7052692,2026/02/24,上櫃,,RWSCCA,
705272　世紀*國票59購02,TW26Z7052726,2026/02/24,上櫃,,RWSCCA,
705273　穩懋國票59購02,TW26Z7052734,2026/02/24,上櫃,,RWSCCA,
705276　力旺群益5A購01,TW26Z7052767,2026/02/24,上櫃,,RWSCCA,
705278　弘塑群益58購03,TW26Z7052783,2026/02/24,上櫃,,RWSCCA,
705279　良維群益5C購01,TW26Z7052791,2026/02/24,上櫃,,RWSCCA,
705280　萬潤群益58購06,TW26Z7052809,2026/02/24,上櫃,,RWSCCA,
705281　雙鴻群益58購07,TW26Z7052817,2026/02/24,上櫃,,RWSCCA,
705282　力旺元大58購03,TW26Z7052825,2026/02/24,上櫃,,RWSCCA,
705283　力旺元大59購02,TW26Z7052833,2026/02/24,上櫃,,RWSCCA,
705284　力旺元大5A購03,TW26Z7052841,2026/02/24,上櫃,,RWSCCA,
705285　正淩元大58購01,TW26Z7052858,2026/02/24,上櫃,,RWSCCA,
705286　長科*元大58購02,TW26Z7052866,2026/02/24,上櫃,,RWSCCA,
705287　閎康元大58購02,TW26Z7052874,2026/02/24,上櫃,,RWSCCA,
705288　鈊象元大58購07,TW26Z7052882,2026/02/24,上櫃,,RWSCCA,
705289　鈊象元大5C購02,TW26Z7052890,2026/02/24,上櫃,,RWSCCA,
705290　勤凱元大58購02,TW26Z7052908,2026/02/24,上櫃,,RWSCCA,
705291　世紀*凱基59購01,TW26Z7052916,2026/02/25,上櫃,,RWSCCA,
705292　宏觀凱基5B購01,TW26Z7052924,2026/02/25,上櫃,,RWSCCA,
705293　亞泰凱基58購01,TW26Z7052932,2026/02/26,上櫃,,RWSCCA,
705294　亞泰凱基58購02,TW26Z7052940,2026/02/25,上櫃,,RWSCCA,
705295　泰茂凱基58購01,TW26Z7052957,2026/02/25,上櫃,,RWSCCA,
705296　富喬凱基58購02,TW26Z7052965,2026/02/25,上櫃,,RWSCCA,
705297　富喬凱基58購03,TW26Z7052973,2026/02/25,上櫃,,RWSCCA,
705298　富喬凱基58購04,TW26Z7052981,2026/02/25,上櫃,,RWSCCA,
705299　閎康凱基58購02,TW26Z7052999,2026/02/25,上櫃,,RWSCCA,
705300　鈊象凱基61購01,TW26Z7053005,2026/02/25,上櫃,,RWSCCA,
705301　雙鴻凱基58購04,TW26Z7053013,2026/02/25,上櫃,,RWSCCA,
705302　雙鴻凱基59購07,TW26Z7053021,2026/02/25,上櫃,,RWSCCA,
705303　台星科富邦5A購01,TW26Z7053039,2026/02/25,上櫃,,RWSCCE,
705304　台燿富邦5C購02,TW26Z7053047,2026/02/25,上櫃,,RWSCCE,
705305　宏觀富邦5A購01,TW26Z7053054,2026/02/25,上櫃,,RWSCCE,
705306　良維富邦59購02,TW26Z7053062,2026/02/25,上櫃,,RWSCCE,
705307　富喬富邦5B購01,TW26Z7053070,2026/02/25,上櫃,,RWSCCE,
705308　亞泰統一64購01,TW26Z7053088,2026/02/26,上櫃,,RWSCCA,
705309　亞泰統一72購01,TW26Z7053096,2026/02/25,上櫃,,RWSCCA,
705310　博智統一72購02,TW26Z7053104,2026/02/25,上櫃,,RWSCCA,
705311　富喬統一62購01,TW26Z7053112,2026/02/25,上櫃,,RWSCCA,
705312　富喬統一62購02,TW26Z7053120,2026/02/25,上櫃,,RWSCCA,
705313　精材統一65購01,TW26Z7053138,2026/02/25,上櫃,,RWSCCA,
705314　精材統一72購01,TW26Z7053146,2026/02/25,上櫃,,RWSCCA,
705315　鑫科統一72購02,TW26Z7053153,2026/02/25,上櫃,,RWSCCA,
705316　沛亨國票59購02,TW26Z7053161,2026/02/25,上櫃,,RWSCCA,
705317　亞泰國票58購01,TW26Z7053179,2026/02/25,上櫃,,RWSCCA,
705318　宜鼎國票5A購01,TW26Z7053187,2026/02/25,上櫃,,RWSCCA,
705319　泰茂國票59購01,TW26Z7053195,2026/02/25,上櫃,,RWSCCA,
705320　泰茂國票59購02,TW26Z7053203,2026/02/25,上櫃,,RWSCCA,
705321　富強鑫國票59購01,TW26Z7053211,2026/02/25,上櫃,,RWSCCA,
705322　富喬國票58購04,TW26Z7053229,2026/02/25,上櫃,,RWSCCA,
705323　富喬國票59購02,TW26Z7053237,2026/02/25,上櫃,,RWSCCA,
705324　富喬國票5A購01,TW26Z7053245,2026/02/25,上櫃,,RWSCCA,
705325　聚和國票59購01,TW26Z7053252,2026/02/25,上櫃,,RWSCCA,
705326　寶雅國票59購01,TW26Z7053260,2026/02/25,上櫃,,RWSCCA,
705327　富喬元大58購01,TW26Z7053278,2026/02/25,上櫃,,RWSCCA,
705328　富喬元大58購02,TW26Z7053286,2026/02/25,上櫃,,RWSCCA,
705329　富喬元大58購03,TW26Z7053294,2026/02/25,上櫃,,RWSCCA,
705330　富喬元大59購01,TW26Z7053302,2026/02/25,上櫃,,RWSCCA,
705331　富喬元大5B購02,TW26Z7053310,2026/02/25,上櫃,,RWSCCA,
705332　鈊象元大58購08,TW26Z7053328,2026/02/25,上櫃,,RWSCCA,
705333　鈊象元大5C購03,TW26Z7053336,2026/02/25,上櫃,,RWSCCA,
705334　勤凱元大58購03,TW26Z7053344,2026/02/25,上櫃,,RWSCCA,
705335　穩懋元大58購06,TW26Z7053351,2026/02/25,上櫃,,RWSCCA,
705337　穩懋元大61購04,TW26Z7053377,2026/02/25,上櫃,,RWSCCA,
705338　富喬群益58購01,TW26Z7053385,2026/02/25,上櫃,,RWSCCA,
705339　富喬群益58購02,TW26Z7053393,2026/02/25,上櫃,,RWSCCA,
705340　富喬群益59購01,TW26Z7053401,2026/02/25,上櫃,,RWSCCA,
705341　富喬群益5A購01,TW26Z7053419,2026/02/25,上櫃,,RWSCCA,
705342　世紀*永豐58購01,TW26Z7053427,2026/02/25,上櫃,,RWSCCA,
705343　弘塑永豐5B購01,TW26Z7053435,2026/02/25,上櫃,,RWSCCA,
705344　富喬永豐58購04,TW26Z7053443,2026/02/25,上櫃,,RWSCCA,
705345　富喬永豐58購05,TW26Z7053450,2026/02/25,上櫃,,RWSCCA,
705346　富喬永豐5A購02,TW26Z7053468,2026/02/25,上櫃,,RWSCCA,
705347　富喬永豐61購01,TW26Z7053476,2026/02/25,上櫃,,RWSCCA,
705348　富喬永豐65購01,TW26Z7053484,2026/02/25,上櫃,,RWSCCA,
705349　雙鴻永豐5B購01,TW26Z7053492,2026/02/25,上櫃,,RWSCCA,
705350　亞泰元富58購01,TW26Z7053500,2026/02/25,上櫃,,RWSCCA,
705351　久元凱基58購01,TW26Z7053518,2026/02/26,上櫃,,RWSCCA,
705352　台特化凱基58購02,TW26Z7053526,2026/02/26,上櫃,,RWSCCA,
705353　台特化凱基58購03,TW26Z7053534,2026/02/26,上櫃,,RWSCCA,
705354　湧德凱基58購03,TW26Z7053542,2026/02/26,上櫃,,RWSCCA,
705355　萬潤凱基58購04,TW26Z7053559,2026/02/26,上櫃,,RWSCCA,
705356　穩懋凱基58購04,TW26Z7053567,2026/02/26,上櫃,,RWSCCA,
705357　穩懋凱基61購02,TW26Z7053575,2026/02/26,上櫃,,RWSCCA,
705358　良維兆豐5A購01,TW26Z7053583,2026/02/26,上櫃,,RWSCCA,
705360　中美晶元大5B購01,TW26Z7053609,2026/02/26,上櫃,,RWSCCA,
705361　中探針元大5A購01,TW26Z7053617,2026/02/26,上櫃,,RWSCCA,
705362　世紀*元大58購04,TW26Z7053625,2026/02/26,上櫃,,RWSCCA,
705363　宏觀元大58購03,TW26Z7053633,2026/02/26,上櫃,,RWSCCA,
705364　臺慶科元大58購01,TW26Z7053641,2026/02/26,上櫃,,RWSCCA,
705365　雙鴻元大5B購02,TW26Z7053658,2026/02/26,上櫃,,RWSCCA,
705366　雙鴻元大5C購02,TW26Z7053666,2026/02/26,上櫃,,RWSCCA,
705367　穩懋元大58購08,TW26Z7053674,2026/02/26,上櫃,,RWSCCA,
705368　穩懋元大58購09,TW26Z7053682,2026/02/26,上櫃,,RWSCCA,
705369　穩懋元大58購10,TW26Z7053690,2026/02/26,上櫃,,RWSCCA,
705370　穩懋元大61購05,TW26Z7053708,2026/02/26,上櫃,,RWSCCA,
705371　穩懋富邦59購04,TW26Z7053716,2026/02/26,上櫃,,RWSCCE,
705372　力致統一64購01,TW26Z7053724,2026/02/26,上櫃,,RWSCCA,
705373　凡甲統一61購01,TW26Z7053732,2026/02/26,上櫃,,RWSCCA,
705374　元太統一72購02,TW26Z7053740,2026/02/26,上櫃,,RWSCCA,
705375　台燿統一62購02,TW26Z7053757,2026/02/26,上櫃,,RWSCCA,
705376　正基統一64購01,TW26Z7053765,2026/02/26,上櫃,,RWSCCA,
705377　兆利統一64購01,TW26Z7053773,2026/02/26,上櫃,,RWSCCA,
705378　宏捷科統一61購04,TW26Z7053781,2026/02/26,上櫃,,RWSCCA,
705379　沛亨統一68購01,TW26Z7053799,2026/02/26,上櫃,,RWSCCA,
705380　系統電統一5C購02,TW26Z7053807,2026/02/26,上櫃,,RWSCCA,
705381　系微統一64購01,TW26Z7053815,2026/02/26,上櫃,,RWSCCA,
705382　亞泰統一72購02,TW26Z7053823,2026/02/26,上櫃,,RWSCCA,
705383　宜特統一65購01,TW26Z7053831,2026/02/26,上櫃,,RWSCCA,
705384　東捷統一72購01,TW26Z7053849,2026/02/26,上櫃,,RWSCCA,
705385　前鼎統一72購01,TW26Z7053856,2026/02/26,上櫃,,RWSCCA,
705386　茂達統一72購01,TW26Z7053864,2026/02/26,上櫃,,RWSCCA,
705387　原相統一64購01,TW26Z7053872,2026/02/26,上櫃,,RWSCCA,
705388　能率統一72購01,TW26Z7053880,2026/02/26,上櫃,,RWSCCA,
705389　富強鑫統一72購01,TW26Z7053898,2026/02/26,上櫃,,RWSCCA,
705390　新漢統一64購02,TW26Z7053906,2026/02/26,上櫃,,RWSCCA,
705391　新漢統一72購01,TW26Z7053914,2026/02/26,上櫃,,RWSCCA,
705392　萬潤統一62購01,TW26Z7053922,2026/02/26,上櫃,,RWSCCA,
705393　鈺太統一64購01,TW26Z7053930,2026/02/26,上櫃,,RWSCCA,
705394　精材統一5C購02,TW26Z7053948,2026/02/26,上櫃,,RWSCCA,
705395　聚和統一64購01,TW26Z7053955,2026/02/26,上櫃,,RWSCCA,
705396　廣明統一72購01,TW26Z7053963,2026/02/26,上櫃,,RWSCCA,
705397　穩得統一72購01,TW26Z7053971,2026/02/26,上櫃,,RWSCCA,
705398　穩懋統一61購06,TW26Z7053989,2026/02/26,上櫃,,RWSCCA,
705399　穩懋統一62購01,TW26Z7053997,2026/02/26,上櫃,,RWSCCA,
705400　穩懋統一62購02,TW26Z7054003,2026/02/26,上櫃,,RWSCCA,
705401　穩懋統一62購03,TW26Z7054011,2026/02/26,上櫃,,RWSCCA,
705402　耀勝統一64購01,TW26Z7054029,2026/02/26,上櫃,,RWSCCA,
705403　耀勝統一72購01,TW26Z7054037,2026/02/26,上櫃,,RWSCCA,
705404　鑫科統一72購03,TW26Z7054045,2026/02/26,上櫃,,RWSCCA,
705405　正基國票59購01,TW26Z7054052,2026/02/26,上櫃,,RWSCCA,
705406　昱展國票59購02,TW26Z7054060,2026/02/26,上櫃,,RWSCCA,
705407　聖暉*國票59購01,TW26Z7054078,2026/02/26,上櫃,,RWSCCA,
705408　台星科永豐58購01,TW26Z7054086,2026/02/26,上櫃,,RWSCCA,
705409　台星科永豐59購01,TW26Z7054094,2026/02/26,上櫃,,RWSCCA,
705410　沛亨永豐5B購01,TW26Z7054102,2026/02/26,上櫃,,RWSCCA,
705411　良維永豐59購01,TW26Z7054110,2026/02/26,上櫃,,RWSCCA,
705412　萬潤永豐59購01,TW26Z7054128,2026/02/26,上櫃,,RWSCCA,
705413　鉅橡永豐5A購02,TW26Z7054136,2026/02/26,上櫃,,RWSCCA,
705414　譜瑞永豐58購01,TW26Z7054144,2026/02/26,上櫃,,RWSCCA,
705415　鑫科永豐59購01,TW26Z7054151,2026/02/26,上櫃,,RWSCCA,
705416　台星科元富58購01,TW26Z7054169,2026/02/26,上櫃,,RWSCCA,
705417　茂迪元富58購04,TW26Z7054177,2026/02/26,上櫃,,RWSCCA,
705418　新應材元富58購05,TW26Z7054185,2026/02/26,上櫃,,RWSCCA,
705419　鉅橡元富58購01,TW26Z7054193,2026/02/26,上櫃,,RWSCCA,
705420　穩懋元富58購01,TW26Z7054201,2026/02/26,上櫃,,RWSCCA,
705421　穩懋元富58購02,TW26Z7054219,2026/02/26,上櫃,,RWSCCA,
705422　大中群益59購02,TW26Z7054227,2026/02/26,上櫃,,RWSCCA,
705423　台特化群益58購03,TW26Z7054235,2026/02/26,上櫃,,RWSCCA,
705424　亞泰群益58購01,TW26Z7054243,2026/02/26,上櫃,,RWSCCA,
705425　翔名群益59購01,TW26Z7054250,2026/02/26,上櫃,,RWSCCA,
705426　勤凱群益5A購01,TW26Z7054268,2026/02/26,上櫃,,RWSCCA,
705427　新應材群益58購05,TW26Z7054276,2026/02/26,上櫃,,RWSCCA,
705428　萬潤群益59購01,TW26Z7054284,2026/02/26,上櫃,,RWSCCA,
705429　德微群益58購01,TW26Z7054292,2026/02/26,上櫃,,RWSCCA,
705430　穩懋群益58購04,TW26Z7054300,2026/02/26,上櫃,,RWSCCA,
705431　世界台新59購01,TW26Z7054318,2026/03/02,上櫃,,RWSCCE,
705432　中光電凱基59購02,TW26Z7054326,2026/03/02,上櫃,,RWSCCA,
705433　中美晶凱基5C購01,TW26Z7054334,2026/03/02,上櫃,,RWSCCA,
705434　世界凱基59購02,TW26Z7054342,2026/03/02,上櫃,,RWSCCA,
705435　世界凱基59購03,TW26Z7054359,2026/03/02,上櫃,,RWSCCA,
705436　世紀*凱基59購02,TW26Z7054367,2026/03/02,上櫃,,RWSCCA,
705437　弘塑凱基5C購01,TW26Z7054375,2026/03/02,上櫃,,RWSCCA,
705438　沛亨凱基5A購01,TW26Z7054383,2026/03/02,上櫃,,RWSCCA,
705439　信驊凱基5A購03,TW26Z7054391,2026/03/02,上櫃,,RWSCCA,
705440　前鼎凱基59購01,TW26Z7054409,2026/03/02,上櫃,,RWSCCA,
705441　雙鴻凱基59購08,TW26Z7054417,2026/03/02,上櫃,,RWSCCA,
705442　台特化兆豐5B購01,TW26Z7054425,2026/03/02,上櫃,,RWSCCA,
705443　新應材兆豐5B購01,TW26Z7054433,2026/03/02,上櫃,,RWSCCA,
705444　良維國票62購01,TW26Z7054441,2026/03/02,上櫃,,RWSCCA,
705445　東浦國票5A購01,TW26Z7054458,2026/03/02,上櫃,,RWSCCA,
705446　信驊國票62購01,TW26Z7054466,2026/03/02,上櫃,,RWSCCA,
705447　博智國票5A購01,TW26Z7054474,2026/03/02,上櫃,,RWSCCA,
705448　萬潤國票5A購01,TW26Z7054482,2026/03/02,上櫃,,RWSCCA,
705449　鉅橡國票5B購01,TW26Z7054490,2026/03/02,上櫃,,RWSCCA,
705450　鈺太國票59購01,TW26Z7054508,2026/03/02,上櫃,,RWSCCA,
705451　穩懋國票5A購03,TW26Z7054516,2026/03/02,上櫃,,RWSCCA,
705452　世界國泰5A購01,TW26Z7054524,2026/03/02,上櫃,,RWSCCA,
705453　宏捷科國泰5A購01,TW26Z7054532,2026/03/02,上櫃,,RWSCCA,
705454　中探針富邦5B購01,TW26Z7054540,2026/03/02,上櫃,,RWSCCE,
705455　世界群益5B購02,TW26Z7054557,2026/03/02,上櫃,,RWSCCA,
705456　宏捷科群益59購01,TW26Z7054565,2026/03/02,上櫃,,RWSCCA,
705457　宏捷科群益5A購01,TW26Z7054573,2026/03/02,上櫃,,RWSCCA,
705458　良維群益5B購01,TW26Z7054581,2026/03/02,上櫃,,RWSCCA,
705459　信驊群益59購03,TW26Z7054599,2026/03/02,上櫃,,RWSCCA,
705460　信驊群益5B購04,TW26Z7054607,2026/03/02,上櫃,,RWSCCA,
705461　湧德群益61購01,TW26Z7054615,2026/03/02,上櫃,,RWSCCA,
705462　順達群益5B購01,TW26Z7054623,2026/03/02,上櫃,,RWSCCA,
705463　穩懋群益59購03,TW26Z7054631,2026/03/02,上櫃,,RWSCCA,
705464　耀勝群益59購01,TW26Z7054649,2026/03/02,上櫃,,RWSCCA,
705465　中探針元大59購01,TW26Z7054656,2026/03/02,上櫃,,RWSCCA,
705466　世界元大59購03,TW26Z7054664,2026/03/02,上櫃,,RWSCCA,
705467　協易機元大59購01,TW26Z7054672,2026/03/02,上櫃,,RWSCCA,
705468　信昌電元大59購01,TW26Z7054680,2026/03/02,上櫃,,RWSCCA,
705469　創惟元大59購01,TW26Z7054698,2026/03/02,上櫃,,RWSCCA,
705470　博智元大5B購01,TW26Z7054706,2026/03/02,上櫃,,RWSCCA,
705471　新復興元大59購01,TW26Z7054714,2026/03/02,上櫃,,RWSCCA,
705472　臺慶科元大59購01,TW26Z7054722,2026/03/02,上櫃,,RWSCCA,
705473　德微元大59購01,TW26Z7054730,2026/03/02,上櫃,,RWSCCA,
705474　雙鴻元大59購02,TW26Z7054748,2026/03/02,上櫃,,RWSCCA,
705475　雙鴻元大5C購03,TW26Z7054755,2026/03/02,上櫃,,RWSCCA,
705476　雙鴻元大61購05,TW26Z7054763,2026/03/02,上櫃,,RWSCCA,
705477　台特化統一63購02,TW26Z7054771,2026/03/02,上櫃,,RWSCCA,
705478　台特化統一73購01,TW26Z7054789,2026/03/02,上櫃,,RWSCCA,
705479　良維統一61購01,TW26Z7054797,2026/03/02,上櫃,,RWSCCA,
705480　良維統一63購01,TW26Z7054805,2026/03/02,上櫃,,RWSCCA,
705481　亞泰統一62購01,TW26Z7054813,2026/03/02,上櫃,,RWSCCA,
705482　信昌電統一61購04,TW26Z7054821,2026/03/02,上櫃,,RWSCCA,
705483　新應材統一62購02,TW26Z7054839,2026/03/02,上櫃,,RWSCCA,
705484　萬潤統一62購02,TW26Z7054847,2026/03/02,上櫃,,RWSCCA,
705485　萬潤統一73購01,TW26Z7054854,2026/03/02,上櫃,,RWSCCA,
705486　德微統一63購01,TW26Z7054862,2026/03/02,上櫃,,RWSCCA,
705487　穩懋統一66購01,TW26Z7054870,2026/03/02,上櫃,,RWSCCA,
705488　穩懋統一73購01,TW26Z7054888,2026/03/02,上櫃,,RWSCCA,
705489　穩懋統一73購02,TW26Z7054896,2026/03/02,上櫃,,RWSCCA,
705490　世界永豐59購03,TW26Z7054904,2026/03/02,上櫃,,RWSCCA,
705491　世界永豐5A購02,TW26Z7054912,2026/03/02,上櫃,,RWSCCA,
705492　世界永豐5B購02,TW26Z7054920,2026/03/02,上櫃,,RWSCCA,
705493　台特化永豐5A購01,TW26Z7054938,2026/03/02,上櫃,,RWSCCA,
705494　台特化永豐5B購01,TW26Z7054946,2026/03/02,上櫃,,RWSCCA,
705495　弘塑永豐61購01,TW26Z7054953,2026/03/02,上櫃,,RWSCCA,
705496　光頡永豐5A購01,TW26Z7054961,2026/03/02,上櫃,,RWSCCA,
705497　宜鼎永豐5A購02,TW26Z7054979,2026/03/02,上櫃,,RWSCCA,
705498　信昌電永豐59購01,TW26Z7054987,2026/03/02,上櫃,,RWSCCA,
705499　信驊永豐5A購02,TW26Z7054995,2026/03/02,上櫃,,RWSCCA,
705500　原相永豐5B購01,TW26Z7055000,2026/03/02,上櫃,,RWSCCA,
705501　新復興永豐59購01,TW26Z7055018,2026/03/02,上櫃,,RWSCCA,
705502　萬潤永豐5B購01,TW26Z7055026,2026/03/02,上櫃,,RWSCCA,
705503　德微永豐5A購01,TW26Z7055034,2026/03/02,上櫃,,RWSCCA,
705504　雙鴻永豐5C購01,TW26Z7055042,2026/03/02,上櫃,,RWSCCA,
705505　穩懋永豐5A購03,TW26Z7055059,2026/03/02,上櫃,,RWSCCA,
705506　台星科元富59購01,TW26Z7055067,2026/03/02,上櫃,,RWSCCA,
705507　宏捷科元富59購02,TW26Z7055075,2026/03/02,上櫃,,RWSCCA,
705508　宜特元富5A購01,TW26Z7055083,2026/03/02,上櫃,,RWSCCA,
705509　信驊元富5A購04,TW26Z7055091,2026/03/02,上櫃,,RWSCCA,
705510　茂迪元富59購01,TW26Z7055109,2026/03/02,上櫃,,RWSCCA,
705511　順達元富59購01,TW26Z7055117,2026/03/02,上櫃,,RWSCCA,
705512　萬泰科元富59購01,TW26Z7055125,2026/03/02,上櫃,,RWSCCA,
705513　萬泰科元富59購02,TW26Z7055133,2026/03/02,上櫃,,RWSCCA,
705514　德微元富59購01,TW26Z7055141,2026/03/02,上櫃,,RWSCCA,
705515　穩懋元富59購02,TW26Z7055158,2026/03/02,上櫃,,RWSCCA,
705516　穩懋元富59購03,TW26Z7055166,2026/03/02,上櫃,,RWSCCA,
705517　台特化台新59購01,TW26Z7055174,2026/03/03,上櫃,,RWSCCE,
705518　環球晶台新59購01,TW26Z7055182,2026/03/03,上櫃,,RWSCCE,
705519　均華兆豐63購01,TW26Z7055190,2026/03/03,上櫃,,RWSCCA,
705520　宜鼎兆豐63購01,TW26Z7055208,2026/03/03,上櫃,,RWSCCA,
705521　順達兆豐5B購01,TW26Z7055216,2026/03/03,上櫃,,RWSCCA,
705522　雙鴻兆豐5B購01,TW26Z7055224,2026/03/03,上櫃,,RWSCCA,
705523　中探針凱基59購03,TW26Z7055232,2026/03/03,上櫃,,RWSCCA,
705524　宏捷科凱基59購02,TW26Z7055240,2026/03/03,上櫃,,RWSCCA,
705525　良維凱基5B購02,TW26Z7055257,2026/03/03,上櫃,,RWSCCA,
705526　鈊象凱基59購01,TW26Z7055265,2026/03/03,上櫃,,RWSCCA,
705527　萬潤凱基5B購01,TW26Z7055273,2026/03/03,上櫃,,RWSCCA,
705528　德微凱基59購01,TW26Z7055281,2026/03/03,上櫃,,RWSCCA,
705529　環球晶凱基59購03,TW26Z7055299,2026/03/03,上櫃,,RWSCCA,
705530　環球晶凱基59購04,TW26Z7055307,2026/03/03,上櫃,,RWSCCA,
705531　環球晶凱基59購05,TW26Z7055315,2026/03/03,上櫃,,RWSCCA,
705532　環球晶凱基59購06,TW26Z7055323,2026/03/03,上櫃,,RWSCCA,
705533　雙鴻凱基59購09,TW26Z7055331,2026/03/03,上櫃,,RWSCCA,
705534　雙鴻凱基5B購01,TW26Z7055349,2026/03/03,上櫃,,RWSCCA,
705535　穩懋凱基59購09,TW26Z7055356,2026/03/03,上櫃,,RWSCCA,
705536　穩懋凱基59購10,TW26Z7055364,2026/03/03,上櫃,,RWSCCA,
705537　穩懋凱基59購11,TW26Z7055372,2026/03/03,上櫃,,RWSCCA,
705538　中探針元大59購02,TW26Z7055380,2026/03/03,上櫃,,RWSCCA,
705539　中探針元大5A購02,TW26Z7055398,2026/03/03,上櫃,,RWSCCA,
705540　沛亨元大59購01,TW26Z7055406,2026/03/03,上櫃,,RWSCCA,
705541　茂迪元大59購01,TW26Z7055414,2026/03/03,上櫃,,RWSCCA,
705542　萬潤元大59購03,TW26Z7055422,2026/03/03,上櫃,,RWSCCA,
705543　萬潤元大5A購01,TW26Z7055430,2026/03/03,上櫃,,RWSCCA,
705544　萬潤元大5B購01,TW26Z7055448,2026/03/03,上櫃,,RWSCCA,
705545　德微元大59購02,TW26Z7055455,2026/03/03,上櫃,,RWSCCA,
705546　雙鴻元大59購03,TW26Z7055463,2026/03/03,上櫃,,RWSCCA,
705547　雙鴻元大59購04,TW26Z7055471,2026/03/03,上櫃,,RWSCCA,
705548　雙鴻元大61購06,TW26Z7055489,2026/03/03,上櫃,,RWSCCA,
705549　穩懋元大59購06,TW26Z7055497,2026/03/03,上櫃,,RWSCCA,
705550　穩懋元大59購07,TW26Z7055505,2026/03/03,上櫃,,RWSCCA,
705551　穩懋元大5A購03,TW26Z7055513,2026/03/03,上櫃,,RWSCCA,
705552　穩懋元大5B購04,TW26Z7055521,2026/03/03,上櫃,,RWSCCA,
705553　穩懋元大5C購04,TW26Z7055539,2026/03/03,上櫃,,RWSCCA,
705554　宜鼎富邦5C購02,TW26Z7055547,2026/03/03,上櫃,,RWSCCE,
705555　中探針永豐5C購01,TW26Z7055554,2026/03/03,上櫃,,RWSCCA,
705556　正基永豐5A購01,TW26Z7055562,2026/03/03,上櫃,,RWSCCA,
705557　茂迪永豐5C購01,TW26Z7055570,2026/03/03,上櫃,,RWSCCA,
705558　神盾永豐5C購01,TW26Z7055588,2026/03/03,上櫃,,RWSCCA,
705559　博智永豐5B購01,TW26Z7055596,2026/03/03,上櫃,,RWSCCA,
705560　萬潤永豐5C購01,TW26Z7055604,2026/03/03,上櫃,,RWSCCA,
705561　環球晶永豐59購01,TW26Z7055612,2026/03/03,上櫃,,RWSCCA,
705562　環球晶永豐5B購01,TW26Z7055620,2026/03/03,上櫃,,RWSCCA,
705563　雙鴻永豐59購03,TW26Z7055638,2026/03/03,上櫃,,RWSCCA,
705564　雙鴻永豐5A購03,TW26Z7055646,2026/03/03,上櫃,,RWSCCA,
705565　穩懋永豐5C購02,TW26Z7055653,2026/03/03,上櫃,,RWSCCA,
705566　耀勝永豐5C購01,TW26Z7055661,2026/03/03,上櫃,,RWSCCA,
705567　宏觀國泰5A購01,TW26Z7055679,2026/03/03,上櫃,,RWSCCA,
705568　沛亨國泰5A購01,TW26Z7055687,2026/03/03,上櫃,,RWSCCA,
705569　宜鼎國泰5A購01,TW26Z7055695,2026/03/03,上櫃,,RWSCCA,
705570　世界凱基5C購01,TW26Z7055703,2026/03/04,上櫃,,RWSCCA,
705571　弘塑凱基59購03,TW26Z7055711,2026/03/04,上櫃,,RWSCCA,
705572　旺矽凱基5A購02,TW26Z7055729,2026/03/04,上櫃,,RWSCCA,
705573　旺矽凱基5A購03,TW26Z7055737,2026/03/04,上櫃,,RWSCCA,
705574　矽科凱基59購01,TW26Z7055745,2026/03/04,上櫃,,RWSCCA,
705575　原相凱基5B購01,TW26Z7055752,2026/03/04,上櫃,,RWSCCA,
705576　聖暉*凱基59購02,TW26Z7055760,2026/03/04,上櫃,,RWSCCA,
705577　鉅橡凱基5B購01,TW26Z7055778,2026/03/04,上櫃,,RWSCCA,
705578　鈺太凱基59購01,TW26Z7055786,2026/03/04,上櫃,,RWSCCA,
705579　弘塑永豐5A購02,TW26Z7055794,2026/03/04,上櫃,,RWSCCA,
705580　宏觀永豐5A購01,TW26Z7055802,2026/03/04,上櫃,,RWSCCA,
705581　良維永豐5B購01,TW26Z7055810,2026/03/04,上櫃,,RWSCCA,
705582　旺矽永豐59購02,TW26Z7055828,2026/03/04,上櫃,,RWSCCA,
705583　旺矽永豐5A購01,TW26Z7055836,2026/03/04,上櫃,,RWSCCA,
705584　旺矽永豐5B購01,TW26Z7055844,2026/03/04,上櫃,,RWSCCA,
705585　博磊永豐5A購01,TW26Z7055851,2026/03/04,上櫃,,RWSCCA,
705586　群翊永豐59購01,TW26Z7055869,2026/03/04,上櫃,,RWSCCA,
705587　精材永豐5B購01,TW26Z7055877,2026/03/04,上櫃,,RWSCCA,
705588　精星永豐59購01,TW26Z7055885,2026/03/04,上櫃,,RWSCCA,
705589　鏵友益永豐5C購01,TW26Z7055893,2026/03/04,上櫃,,RWSCCA,
705590　鑫聯永豐5C購01,TW26Z7055901,2026/03/04,上櫃,,RWSCCA,
705591　凡甲元大59購01,TW26Z7055919,2026/03/04,上櫃,,RWSCCA,
705592　均華元大59購01,TW26Z7055927,2026/03/04,上櫃,,RWSCCA,
705593　旺矽元大59購03,TW26Z7055935,2026/03/04,上櫃,,RWSCCA,
705594　旺矽元大59購04,TW26Z7055943,2026/03/04,上櫃,,RWSCCA,
705595　閎康元大59購01,TW26Z7055950,2026/03/04,上櫃,,RWSCCA,
705596　鈺太元大59購01,TW26Z7055968,2026/03/04,上櫃,,RWSCCA,
705597　雙鴻元大59購05,TW26Z7055976,2026/03/04,上櫃,,RWSCCA,
705598　雙鴻元大59購06,TW26Z7055984,2026/03/04,上櫃,,RWSCCA,
705599　雙鴻元大61購07,TW26Z7055992,2026/03/04,上櫃,,RWSCCA,
705600　凡甲國泰5A購01,TW26Z7056008,2026/03/04,上櫃,,RWSCCA,
705601　旺矽國泰5A購01,TW26Z7056016,2026/03/04,上櫃,,RWSCCA,
705602　鑫聯國泰5A購01,TW26Z7056024,2026/03/04,上櫃,,RWSCCA,
705603　元太國票5A購01,TW26Z7056032,2026/03/04,上櫃,,RWSCCA,
705604　良維國票67購01,TW26Z7056040,2026/03/04,上櫃,,RWSCCA,
705605　亞信國票5A購01,TW26Z7056057,2026/03/04,上櫃,,RWSCCA,
705606　旺矽國票61購01,TW26Z7056065,2026/03/04,上櫃,,RWSCCA,
705607　前鼎國票5A購01,TW26Z7056073,2026/03/04,上櫃,,RWSCCA,
705608　是方國票5A購01,TW26Z7056081,2026/03/04,上櫃,,RWSCCA,
705609　聖暉*國票5A購01,TW26Z7056099,2026/03/04,上櫃,,RWSCCA,
705610　精材國票5C購01,TW26Z7056107,2026/03/04,上櫃,,RWSCCA,
705611　雙鴻國票5C購01,TW26Z7056115,2026/03/04,上櫃,,RWSCCA,
705612　中光電群益59購01,TW26Z7056123,2026/03/04,上櫃,,RWSCCA,
705613　中美晶群益59購01,TW26Z7056131,2026/03/04,上櫃,,RWSCCA,
705614　弘塑群益5A購02,TW26Z7056149,2026/03/04,上櫃,,RWSCCA,
705615　正基群益5A購01,TW26Z7056156,2026/03/04,上櫃,,RWSCCA,
705616　宏捷科群益5A購02,TW26Z7056164,2026/03/04,上櫃,,RWSCCA,
705617　良維群益5B購02,TW26Z7056172,2026/03/04,上櫃,,RWSCCA,
705618　亞信群益59購01,TW26Z7056180,2026/03/04,上櫃,,RWSCCA,
705619　亞信群益5A購01,TW26Z7056198,2026/03/04,上櫃,,RWSCCA,
705620　宜鼎群益5A購01,TW26Z7056206,2026/03/04,上櫃,,RWSCCA,
705621　旺矽群益5B購01,TW26Z7056214,2026/03/04,上櫃,,RWSCCA,
705622　順達群益5A購01,TW26Z7056222,2026/03/04,上櫃,,RWSCCA,
705623　聖暉*群益59購01,TW26Z7056230,2026/03/04,上櫃,,RWSCCA,
705624　環球晶群益59購02,TW26Z7056248,2026/03/04,上櫃,,RWSCCA,
705625　環球晶群益59購03,TW26Z7056255,2026/03/04,上櫃,,RWSCCA,
705626　環球晶群益59購04,TW26Z7056263,2026/03/04,上櫃,,RWSCCA,
705627　環球晶群益5A購01,TW26Z7056271,2026/03/04,上櫃,,RWSCCA,
705628　雙鴻群益59購02,TW26Z7056289,2026/03/04,上櫃,,RWSCCA,
705629　雙鴻群益59購03,TW26Z7056297,2026/03/04,上櫃,,RWSCCA,
705630　旺矽兆豐5B購01,TW26Z7056305,2026/03/05,上櫃,,RWSCCA,
705631　大綜永豐5A購01,TW26Z7056313,2026/03/05,上櫃,,RWSCCA,
705632　茂迪永豐59購01,TW26Z7056321,2026/03/05,上櫃,,RWSCCA,
705633　順達永豐5B購01,TW26Z7056339,2026/03/05,上櫃,,RWSCCA,
705634　新復興永豐5B購01,TW26Z7056347,2026/03/05,上櫃,,RWSCCA,
705635　穩得永豐59購01,TW26Z7056354,2026/03/05,上櫃,,RWSCCA,
705636　大宇資群益59購02,TW26Z7056362,2026/03/05,上櫃,,RWSCCA,
705637　系統電群益5A購02,TW26Z7056370,2026/03/05,上櫃,,RWSCCA,
705638　宜鼎群益5B購01,TW26Z7056388,2026/03/05,上櫃,,RWSCCA,
705639　旺矽群益59購02,TW26Z7056396,2026/03/05,上櫃,,RWSCCA,
705640　旺矽群益59購03,TW26Z7056404,2026/03/05,上櫃,,RWSCCA,
705641　前鼎群益59購01,TW26Z7056412,2026/03/05,上櫃,,RWSCCA,
705642　茂迪群益59購02,TW26Z7056420,2026/03/05,上櫃,,RWSCCA,
705643　茂迪群益5A購01,TW26Z7056438,2026/03/05,上櫃,,RWSCCA,
705644　原相群益5C購01,TW26Z7056446,2026/03/05,上櫃,,RWSCCA,
705645　聖暉*群益59購02,TW26Z7056453,2026/03/05,上櫃,,RWSCCA,
705646　鉅橡群益59購01,TW26Z7056461,2026/03/05,上櫃,,RWSCCA,
705647　台特化凱基59購02,TW26Z7056479,2026/03/05,上櫃,,RWSCCA,
705648　正基凱基5A購01,TW26Z7056487,2026/03/05,上櫃,,RWSCCA,
705649　印能凱基59購01,TW26Z7056495,2026/03/05,上櫃,,RWSCCA,
705650　印能凱基59購02,TW26Z7056503,2026/03/05,上櫃,,RWSCCA,
705651　良維凱基59購02,TW26Z7056511,2026/03/05,上櫃,,RWSCCA,
705652　宜鼎凱基5A購03,TW26Z7056529,2026/03/05,上櫃,,RWSCCA,
705653　前鼎凱基5A購01,TW26Z7056537,2026/03/05,上櫃,,RWSCCA,
705654　茂迪凱基59購02,TW26Z7056545,2026/03/05,上櫃,,RWSCCA,
705655　萬泰科凱基59購01,TW26Z7056552,2026/03/05,上櫃,,RWSCCA,
705656　鉅橡凱基5A購01,TW26Z7056560,2026/03/05,上櫃,,RWSCCA,
705657　巨漢元大59購01,TW26Z7056578,2026/03/05,上櫃,,RWSCCA,
705658　印能元大59購01,TW26Z7056586,2026/03/05,上櫃,,RWSCCA,
705659　印能元大5C購01,TW26Z7056594,2026/03/05,上櫃,,RWSCCA,
705660　茂迪元大59購03,TW26Z7056602,2026/03/05,上櫃,,RWSCCA,
705661　茂迪元大59購04,TW26Z7056610,2026/03/05,上櫃,,RWSCCA,
705662　茂迪元大59購05,TW26Z7056628,2026/03/05,上櫃,,RWSCCA,
705663　茂迪元大59購06,TW26Z7056636,2026/03/05,上櫃,,RWSCCA,
705664　閎康元大59購02,TW26Z7056644,2026/03/05,上櫃,,RWSCCA,
705665　環球晶元大61購01,TW26Z7056651,2026/03/05,上櫃,,RWSCCA,
705666　鑫聯元大61購01,TW26Z7056669,2026/03/05,上櫃,,RWSCCA,
705667　萬泰科國泰5A購01,TW26Z7056677,2026/03/05,上櫃,,RWSCCA,
705668　鉅橡國泰5A購01,TW26Z7056685,2026/03/05,上櫃,,RWSCCA,
705669　旺矽富邦5A購01,TW26Z7056693,2026/03/05,上櫃,,RWSCCE,
705670　旺矽富邦5B購01,TW26Z7056701,2026/03/05,上櫃,,RWSCCE,
705671　鈊象富邦5B購01,TW26Z7056719,2026/03/05,上櫃,,RWSCCE,
705672　聖暉*富邦5B購01,TW26Z7056727,2026/03/05,上櫃,,RWSCCE,
705673　精材富邦59購01,TW26Z7056735,2026/03/05,上櫃,,RWSCCE,
705674　環球晶富邦5C購01,TW26Z7056743,2026/03/05,上櫃,,RWSCCE,
705675　雙鴻富邦5C購01,TW26Z7056750,2026/03/05,上櫃,,RWSCCE,
705676　雙鴻富邦5C購02,TW26Z7056768,2026/03/05,上櫃,,RWSCCE,
705677　譜瑞富邦5C購01,TW26Z7056776,2026/03/05,上櫃,,RWSCCE,
705678　九豪國票59購01,TW26Z7056784,2026/03/05,上櫃,,RWSCCA,
705679　九豪國票5A購01,TW26Z7056792,2026/03/05,上櫃,,RWSCCA,
705680　正基國票5A購01,TW26Z7056800,2026/03/05,上櫃,,RWSCCA,
705681　沛亨國票5A購01,TW26Z7056818,2026/03/05,上櫃,,RWSCCA,
705682　宜鼎國票5A購02,TW26Z7056826,2026/03/05,上櫃,,RWSCCA,
705683　岳豐國票5A購01,TW26Z7056834,2026/03/05,上櫃,,RWSCCA,
705684　茂迪國票5A購01,TW26Z7056842,2026/03/05,上櫃,,RWSCCA,
705685　茂迪國票5A購02,TW26Z7056859,2026/03/05,上櫃,,RWSCCA,
705686　晟德國票5A購01,TW26Z7056867,2026/03/05,上櫃,,RWSCCA,
705687　健亞國票5A購01,TW26Z7056875,2026/03/05,上櫃,,RWSCCA,
705688　博智國票59購03,TW26Z7056883,2026/03/05,上櫃,,RWSCCA,
705689　華義國票5A購01,TW26Z7056891,2026/03/05,上櫃,,RWSCCA,
705690　僑威國票5A購01,TW26Z7056909,2026/03/05,上櫃,,RWSCCA,
705691　聚和國票5A購01,TW26Z7056917,2026/03/05,上櫃,,RWSCCA,
705692　臺慶科國票5A購02,TW26Z7056925,2026/03/05,上櫃,,RWSCCA,
705693　雙鴻台新59購01,TW26Z7056933,2026/03/06,上櫃,,RWSCCE,
705694　正基凱基5A購02,TW26Z7056941,2026/03/06,上櫃,,RWSCCA,
705695　前鼎凱基59購02,TW26Z7056958,2026/03/06,上櫃,,RWSCCA,
705696　國金10凱基59購01,TW26Z7056966,2026/03/06,上櫃,,RWBCCA,
705697　新復興凱基5B購01,TW26Z7056974,2026/03/06,上櫃,,RWSCCA,
705698　鉅橡凱基5A購02,TW26Z7056982,2026/03/06,上櫃,,RWSCCA,
705699　聚和凱基5A購01,TW26Z7056990,2026/03/06,上櫃,,RWSCCA,
705700　寶雅凱基5A購01,TW26Z7057006,2026/03/06,上櫃,,RWSCCA,
705701　正基國票5B購01,TW26Z7057014,2026/03/06,上櫃,,RWSCCA,
705702　宏捷科國票62購01,TW26Z7057022,2026/03/06,上櫃,,RWSCCA,
705703　亞泰國票59購01,TW26Z7057030,2026/03/06,上櫃,,RWSCCA,
705704　昱展國票5A購01,TW26Z7057048,2026/03/06,上櫃,,RWSCCA,
705705　新復興國票5B購01,TW26Z7057055,2026/03/06,上櫃,,RWSCCA,
705706　萬泰科國票5A購01,TW26Z7057063,2026/03/06,上櫃,,RWSCCA,
705707　德勝國票5A購01,TW26Z7057071,2026/03/06,上櫃,,RWSCCA,
705708　正基國泰5A購01,TW26Z7057089,2026/03/06,上櫃,,RWSCCA,
705709　勤凱國泰5A購01,TW26Z7057097,2026/03/06,上櫃,,RWSCCA,
705710　世界元大59購04,TW26Z7057105,2026/03/06,上櫃,,RWSCCA,
705711　台特化元大5C購01,TW26Z7057113,2026/03/06,上櫃,,RWSCCA,
705712　台燿元大61購03,TW26Z7057121,2026/03/06,上櫃,,RWSCCA,
705713　弘塑元大59購04,TW26Z7057139,2026/03/06,上櫃,,RWSCCA,
705714　正基元大59購01,TW26Z7057147,2026/03/06,上櫃,,RWSCCA,
705715　正基元大59購02,TW26Z7057154,2026/03/06,上櫃,,RWSCCA,
705716　正基元大59購03,TW26Z7057162,2026/03/06,上櫃,,RWSCCA,
705717　印能元大59購02,TW26Z7057170,2026/03/06,上櫃,,RWSCCA,
705718　宜鼎元大5C購04,TW26Z7057188,2026/03/06,上櫃,,RWSCCA,
705719　宜鼎元大61購02,TW26Z7057196,2026/03/06,上櫃,,RWSCCA,
705720　旺矽元大59購05,TW26Z7057204,2026/03/06,上櫃,,RWSCCA,
705721　新復興元大59購02,TW26Z7057212,2026/03/06,上櫃,,RWSCCA,
705722　新復興元大59購03,TW26Z7057220,2026/03/06,上櫃,,RWSCCA,
705723　新復興元大59購04,TW26Z7057238,2026/03/06,上櫃,,RWSCCA,
705724　新復興元大59購05,TW26Z7057246,2026/03/06,上櫃,,RWSCCA,
705725　環球晶元大59購01,TW26Z7057253,2026/03/06,上櫃,,RWSCCA,
705726　雙鴻元大61購08,TW26Z7057261,2026/03/06,上櫃,,RWSCCA,
705727　九豪群益5A購01,TW26Z7057279,2026/03/06,上櫃,,RWSCCA,
705728　台特化群益62購01,TW26Z7057287,2026/03/06,上櫃,,RWSCCA,
705729　正基群益5A購02,TW26Z7057295,2026/03/06,上櫃,,RWSCCA,
705730　印能群益59購01,TW26Z7057303,2026/03/06,上櫃,,RWSCCA,
705731　宏捷科群益59購02,TW26Z7057311,2026/03/06,上櫃,,RWSCCA,
705732　宏捷科群益59購03,TW26Z7057329,2026/03/06,上櫃,,RWSCCA,
705733　宜特群益5B購01,TW26Z7057337,2026/03/06,上櫃,,RWSCCA,
705734　新復興群益59購01,TW26Z7057345,2026/03/06,上櫃,,RWSCCA,
705735　鑫聯群益59購01,TW26Z7057352,2026/03/06,上櫃,,RWSCCA,
705736　正基永豐5B購01,TW26Z7057360,2026/03/06,上櫃,,RWSCCA,
705737　印能永豐5C購01,TW26Z7057378,2026/03/06,上櫃,,RWSCCA,
705738　宏捷科永豐59購01,TW26Z7057386,2026/03/06,上櫃,,RWSCCA,
705739　系統電永豐64購01,TW26Z7057394,2026/03/06,上櫃,,RWSCCA,
705740　陽程永豐5A購01,TW26Z7057402,2026/03/06,上櫃,,RWSCCA,
705741　正淩元富59購01,TW26Z7057410,2026/03/06,上櫃,,RWSCCA,
705742　穩得元富59購01,TW26Z7057428,2026/03/06,上櫃,,RWSCCA,
705743　世界凱基5A購01,TW26Z7057436,2026/03/09,上櫃,,RWSCCA,
705744　台特化凱基59購03,TW26Z7057444,2026/03/09,上櫃,,RWSCCA,
705745　弘塑凱基59購04,TW26Z7057451,2026/03/09,上櫃,,RWSCCA,
705746　印能凱基59購03,TW26Z7057469,2026/03/09,上櫃,,RWSCCA,
705747　宏捷科凱基59購03,TW26Z7057477,2026/03/09,上櫃,,RWSCCA,
705748　亞信凱基59購01,TW26Z7057485,2026/03/09,上櫃,,RWSCCA,
705749　宜特凱基59購02,TW26Z7057493,2026/03/09,上櫃,,RWSCCA,
705750　宜鼎凱基59購05,TW26Z7057501,2026/03/09,上櫃,,RWSCCA,
705751　宜鼎凱基5B購02,TW26Z7057519,2026/03/09,上櫃,,RWSCCA,
705752　旺矽凱基59購03,TW26Z7057527,2026/03/09,上櫃,,RWSCCA,
705753　晟德凱基5A購01,TW26Z7057535,2026/03/09,上櫃,,RWSCCA,
705754　精材凱基61購01,TW26Z7057543,2026/03/09,上櫃,,RWSCCA,
705755　雙鴻凱基5C購03,TW26Z7057550,2026/03/09,上櫃,,RWSCCA,
705756　穩得凱基59購01,TW26Z7057568,2026/03/09,上櫃,,RWSCCA,
705757　世界元大59購05,TW26Z7057576,2026/03/09,上櫃,,RWSCCA,
705758　世界元大5C購01,TW26Z7057584,2026/03/09,上櫃,,RWSCCA,
705759　台特化元大5C購02,TW26Z7057592,2026/03/09,上櫃,,RWSCCA,
705760　弘塑元大59購05,TW26Z7057600,2026/03/09,上櫃,,RWSCCA,
705761　弘塑元大5B購01,TW26Z7057618,2026/03/09,上櫃,,RWSCCA,
705762　宏捷科元大59購01,TW26Z7057626,2026/03/09,上櫃,,RWSCCA,
705763　良維元大59購02,TW26Z7057634,2026/03/09,上櫃,,RWSCCA,
705764　良維元大59購03,TW26Z7057642,2026/03/09,上櫃,,RWSCCA,
705765　旺矽元大59購06,TW26Z7057659,2026/03/09,上櫃,,RWSCCA,
705766　前鼎元大59購01,TW26Z7057667,2026/03/09,上櫃,,RWSCCA,
705767　閎康元大59購03,TW26Z7057675,2026/03/09,上櫃,,RWSCCA,
705768　新應材元大59購01,TW26Z7057683,2026/03/09,上櫃,,RWSCCA,
705769　新應材元大5A購01,TW26Z7057691,2026/03/09,上櫃,,RWSCCA,
705770　新應材元大61購01,TW26Z7057709,2026/03/09,上櫃,,RWSCCA,
705771　環球晶元大59購02,TW26Z7057717,2026/03/09,上櫃,,RWSCCA,
705772　環球晶元大5C購01,TW26Z7057725,2026/03/09,上櫃,,RWSCCA,
705773　雙鴻元大59購07,TW26Z7057733,2026/03/09,上櫃,,RWSCCA,
705774　雙鴻元大61購09,TW26Z7057741,2026/03/09,上櫃,,RWSCCA,
705775　宜特國票5A購02,TW26Z7057758,2026/03/09,上櫃,,RWSCCA,
705776　前鼎國票5B購01,TW26Z7057766,2026/03/09,上櫃,,RWSCCA,
705777　閎康國票5A購01,TW26Z7057774,2026/03/09,上櫃,,RWSCCA,
705778　鈊象國票5A購01,TW26Z7057782,2026/03/09,上櫃,,RWSCCA,
705779　榮剛國票5A購01,TW26Z7057790,2026/03/09,上櫃,,RWSCCA,
705780　鏵友益國票59購01,TW26Z7057808,2026/03/09,上櫃,,RWSCCA,
705781　鏵友益國票5B購01,TW26Z7057816,2026/03/09,上櫃,,RWSCCA,
705782　鑫聯國票5A購01,TW26Z7057824,2026/03/09,上櫃,,RWSCCA,
705783　良維中信61購01,TW26Z7057832,2026/03/09,上櫃,,RWSCCE,
705784　環球晶中信59購01,TW26Z7057840,2026/03/09,上櫃,,RWSCCE,
705785　新應材永豐63購01,TW26Z7057857,2026/03/09,上櫃,,RWSCCA,
705786　中美晶元富59購01,TW26Z7057865,2026/03/09,上櫃,,RWSCCA,
705787　世界元富59購01,TW26Z7057873,2026/03/09,上櫃,,RWSCCA,
705788　弘塑元富59購01,TW26Z7057881,2026/03/09,上櫃,,RWSCCA,
705789　印能元富59購01,TW26Z7057899,2026/03/09,上櫃,,RWSCCA,
705790　印能元富59購02,TW26Z7057907,2026/03/09,上櫃,,RWSCCA,
705791　宏捷科元富5C購01,TW26Z7057915,2026/03/09,上櫃,,RWSCCA,
705792　新漢元富59購01,TW26Z7057923,2026/03/09,上櫃,,RWSCCA,
705793　聚和元富59購01,TW26Z7057931,2026/03/09,上櫃,,RWSCCA,
705794　聚和元富59購02,TW26Z7057949,2026/03/09,上櫃,,RWSCCA,
705795　廣明元富59購01,TW26Z7057956,2026/03/09,上櫃,,RWSCCA,
705796　廣運元富59購02,TW26Z7057964,2026/03/09,上櫃,,RWSCCA,
705797　雙鴻元富59購02,TW26Z7057972,2026/03/09,上櫃,,RWSCCA,
705798　雙鴻元富59購03,TW26Z7057980,2026/03/09,上櫃,,RWSCCA,
705799　雙鴻元富59購04,TW26Z7057998,2026/03/09,上櫃,,RWSCCA,
705800　大綜統一73購01,TW26Z7058004,2026/03/09,上櫃,,RWSCCA,
705801　印能統一62購01,TW26Z7058012,2026/03/09,上櫃,,RWSCCA,
705802　旺矽統一63購03,TW26Z7058020,2026/03/09,上櫃,,RWSCCA,
705803　前鼎統一62購01,TW26Z7058038,2026/03/09,上櫃,,RWSCCA,
705804　環球晶統一63購01,TW26Z7058046,2026/03/09,上櫃,,RWSCCA,
705805　環球晶統一63購02,TW26Z7058053,2026/03/09,上櫃,,RWSCCA,
705806　環球晶統一73購01,TW26Z7058061,2026/03/09,上櫃,,RWSCCA,
705807　環球晶統一73購02,TW26Z7058079,2026/03/09,上櫃,,RWSCCA,
705808　前鼎國泰5A購01,TW26Z7058087,2026/03/09,上櫃,,RWSCCA,
705809　元太國票5A購02,TW26Z7058095,2026/03/10,上櫃,,RWSCCA,
705810　岳豐國票5A購02,TW26Z7058103,2026/03/10,上櫃,,RWSCCA,
705811　長佳智國票5A購01,TW26Z7058111,2026/03/10,上櫃,,RWSCCA,
705812　前鼎國票61購01,TW26Z7058129,2026/03/10,上櫃,,RWSCCA,
705813　晟德國票5A購02,TW26Z7058137,2026/03/10,上櫃,,RWSCCA,
705814　精星國票5A購01,TW26Z7058145,2026/03/10,上櫃,,RWSCCA,
705815　優群國票59購01,TW26Z7058152,2026/03/10,上櫃,,RWSCCA,
705816　寶雅國票5A購01,TW26Z7058160,2026/03/10,上櫃,,RWSCCA,
705817　台特化中信59購01,TW26Z7058178,2026/03/10,上櫃,,RWSCCE,
705818　凡甲永豐5B購01,TW26Z7058186,2026/03/10,上櫃,,RWSCCA,
705819　台星科永豐5C購01,TW26Z7058194,2026/03/10,上櫃,,RWSCCA,
705820　宜特永豐5C購01,TW26Z7058202,2026/03/10,上櫃,,RWSCCA,
705821　信驊永豐5B購02,TW26Z7058210,2026/03/10,上櫃,,RWSCCA,
705822　前鼎永豐5B購01,TW26Z7058228,2026/03/10,上櫃,,RWSCCA,
705823　前鼎永豐5C購01,TW26Z7058236,2026/03/10,上櫃,,RWSCCA,
705824　能率永豐5C購01,TW26Z7058244,2026/03/10,上櫃,,RWSCCA,
705825　順達永豐59購02,TW26Z7058251,2026/03/10,上櫃,,RWSCCA,
705826　順達永豐61購01,TW26Z7058269,2026/03/10,上櫃,,RWSCCA,
705827　良維兆豐5B購01,TW26Z7058277,2026/03/10,上櫃,,RWSCCA,
705828　雙鴻兆豐5B購02,TW26Z7058285,2026/03/10,上櫃,,RWSCCA,
705829　天品元富59購01,TW26Z7058293,2026/03/10,上櫃,,RWSCCA,
705830　台燿元富59購01,TW26Z7058301,2026/03/10,上櫃,,RWSCCA,
705831　弘塑元富59購02,TW26Z7058319,2026/03/10,上櫃,,RWSCCA,
705832　系統電元富59購02,TW26Z7058327,2026/03/10,上櫃,,RWSCCA,
705833　旺矽元富59購01,TW26Z7058335,2026/03/10,上櫃,,RWSCCA,
705834　旺矽元富59購02,TW26Z7058343,2026/03/10,上櫃,,RWSCCA,
705835　旺矽元富59購03,TW26Z7058350,2026/03/10,上櫃,,RWSCCA,
705836　信驊元富59購04,TW26Z7058368,2026/03/10,上櫃,,RWSCCA,
705837　信驊元富59購05,TW26Z7058376,2026/03/10,上櫃,,RWSCCA,
705838　信驊元富59購06,TW26Z7058384,2026/03/10,上櫃,,RWSCCA,
705839　新應材元富59購01,TW26Z7058392,2026/03/10,上櫃,,RWSCCA,
705840　聖暉*元富59購01,TW26Z7058400,2026/03/10,上櫃,,RWSCCA,
705841　元太元大5B購01,TW26Z7058418,2026/03/10,上櫃,,RWSCCA,
705842　世界元大59購06,TW26Z7058426,2026/03/10,上櫃,,RWSCCA,
705843　台特化元大59購02,TW26Z7058434,2026/03/10,上櫃,,RWSCCA,
705844　台特化元大59購03,TW26Z7058442,2026/03/10,上櫃,,RWSCCA,
705845　信驊元大5C購01,TW26Z7058459,2026/03/10,上櫃,,RWSCCA,
705846　新應材元大5A購02,TW26Z7058467,2026/03/10,上櫃,,RWSCCA,
705847　新應材元大61購02,TW26Z7058475,2026/03/10,上櫃,,RWSCCA,
705848　臺慶科元大59購02,TW26Z7058483,2026/03/10,上櫃,,RWSCCA,
705849　優群元大59購01,TW26Z7058491,2026/03/10,上櫃,,RWSCCA,
705850　環球晶元大5C購02,TW26Z7058509,2026/03/10,上櫃,,RWSCCA,
705851　雙鴻元大59購08,TW26Z7058517,2026/03/10,上櫃,,RWSCCA,
705852　雙鴻元大59購09,TW26Z7058525,2026/03/10,上櫃,,RWSCCA,
705853　雙鴻元大61購10,TW26Z7058533,2026/03/10,上櫃,,RWSCCA,
705854　台特化統一63購03,TW26Z7058541,2026/03/10,上櫃,,RWSCCA,
705855　弘塑統一73購01,TW26Z7058558,2026/03/10,上櫃,,RWSCCA,
705856　印能統一73購01,TW26Z7058566,2026/03/10,上櫃,,RWSCCA,
705857　沛亨統一73購01,TW26Z7058574,2026/03/10,上櫃,,RWSCCA,
705858　良維統一73購01,TW26Z7058582,2026/03/10,上櫃,,RWSCCA,
705859　旺矽統一73購01,TW26Z7058590,2026/03/10,上櫃,,RWSCCA,
705860　順達統一73購01,TW26Z7058608,2026/03/10,上櫃,,RWSCCA,
705861　新應材統一73購01,TW26Z7058616,2026/03/10,上櫃,,RWSCCA,
705862　萬泰科統一62購01,TW26Z7058624,2026/03/10,上櫃,,RWSCCA,
705863　德微統一73購01,TW26Z7058632,2026/03/10,上櫃,,RWSCCA,
705864　環球晶統一62購01,TW26Z7058640,2026/03/10,上櫃,,RWSCCA,
705865　穩得統一73購01,TW26Z7058657,2026/03/10,上櫃,,RWSCCA,
705866　良維凱基59購03,TW26Z7058665,2026/03/10,上櫃,,RWSCCA,
705867　旺矽凱基59購04,TW26Z7058673,2026/03/10,上櫃,,RWSCCA,
705868　信驊凱基59購03,TW26Z7058681,2026/03/10,上櫃,,RWSCCA,
705869　信驊凱基59購04,TW26Z7058699,2026/03/10,上櫃,,RWSCCA,
705870　信驊凱基5B購01,TW26Z7058707,2026/03/10,上櫃,,RWSCCA,
705871　信驊凱基61購02,TW26Z7058715,2026/03/10,上櫃,,RWSCCA,
705872　信驊凱基61購03,TW26Z7058723,2026/03/10,上櫃,,RWSCCA,
705873　閎康凱基59購02,TW26Z7058731,2026/03/10,上櫃,,RWSCCA,
705874　鈊象凱基61購02,TW26Z7058749,2026/03/10,上櫃,,RWSCCA,
705875　新應材凱基61購01,TW26Z7058756,2026/03/10,上櫃,,RWSCCA,
705876　榮剛凱基5A購01,TW26Z7058764,2026/03/10,上櫃,,RWSCCA,
705877　環球晶凱基61購01,TW26Z7058772,2026/03/10,上櫃,,RWSCCA,
705878　弘塑富邦5B購01,TW26Z7058780,2026/03/10,上櫃,,RWSCCE,
705879　良維富邦5B購01,TW26Z7058798,2026/03/10,上櫃,,RWSCCE,
705880　新應材富邦63購02,TW26Z7058806,2026/03/10,上櫃,,RWSCCE,
705881　雙鴻國泰5A購01,TW26Z7058814,2026/03/10,上櫃,,RWSCCA,
705882　台特化群益59購02,TW26Z7058822,2026/03/10,上櫃,,RWSCCA,
705883　弘塑群益59購02,TW26Z7058830,2026/03/10,上櫃,,RWSCCA,
705884　旺矽群益59購05,TW26Z7058848,2026/03/10,上櫃,,RWSCCA,
705885　旺矽群益59購06,TW26Z7058855,2026/03/10,上櫃,,RWSCCA,
705886　鈊象群益59購01,TW26Z7058863,2026/03/10,上櫃,,RWSCCA,
705887　新應材群益5A購01,TW26Z7058871,2026/03/10,上櫃,,RWSCCA,
705888　漢科群益59購01,TW26Z7058889,2026/03/10,上櫃,,RWSCCA,
705889　精材群益59購01,TW26Z7058897,2026/03/10,上櫃,,RWSCCA,
705890　精材群益59購02,TW26Z7058905,2026/03/10,上櫃,,RWSCCA,
705891　雙鴻群益59購05,TW26Z7058913,2026/03/10,上櫃,,RWSCCA,
705892　雙鴻群益59購06,TW26Z7058921,2026/03/10,上櫃,,RWSCCA,
705893　鑫聯群益59購02,TW26Z7058939,2026/03/10,上櫃,,RWSCCA,
705894　元太凱基5B購02,TW26Z7058947,2026/03/11,上櫃,,RWSCCA,
705895　世界凱基59購04,TW26Z7058954,2026/03/11,上櫃,,RWSCCA,
705896　台特化凱基5C購01,TW26Z7058962,2026/03/11,上櫃,,RWSCCA,
705897　巨漢凱基59購01,TW26Z7058970,2026/03/11,上櫃,,RWSCCA,
705898　弘塑凱基5C購02,TW26Z7058988,2026/03/11,上櫃,,RWSCCA,
705899　旺矽凱基5B購01,TW26Z7058996,2026/03/11,上櫃,,RWSCCA,
705900　新普凱基59購01,TW26Z7059002,2026/03/11,上櫃,,RWSCCA,
705901　新應材凱基5A購02,TW26Z7059010,2026/03/11,上櫃,,RWSCCA,
705902　聖暉*凱基59購03,TW26Z7059028,2026/03/11,上櫃,,RWSCCA,
705903　精材凱基61購02,TW26Z7059036,2026/03/11,上櫃,,RWSCCA,
705904　寬宏凱基59購01,TW26Z7059044,2026/03/11,上櫃,,RWSCCA,
705905　雙鴻凱基59購10,TW26Z7059051,2026/03/11,上櫃,,RWSCCA,
705906　雙鴻凱基59購11,TW26Z7059069,2026/03/11,上櫃,,RWSCCA,
705907　鑫聯凱基59購01,TW26Z7059077,2026/03/11,上櫃,,RWSCCA,
705908　旺矽兆豐5B購02,TW26Z7059085,2026/03/11,上櫃,,RWSCCA,
705909　新應材兆豐5B購02,TW26Z7059093,2026/03/11,上櫃,,RWSCCA,
705910　弘塑群益59購03,TW26Z7059101,2026/03/11,上櫃,,RWSCCA,
705911　均華群益59購01,TW26Z7059119,2026/03/11,上櫃,,RWSCCA,
705912　宜鼎群益59購03,TW26Z7059127,2026/03/11,上櫃,,RWSCCA,
705913　宜鼎群益5B購02,TW26Z7059135,2026/03/11,上櫃,,RWSCCA,
705914　晟德群益59購01,TW26Z7059143,2026/03/11,上櫃,,RWSCCA,
705915　新普群益59購01,TW26Z7059150,2026/03/11,上櫃,,RWSCCA,
705916　雙鴻群益59購08,TW26Z7059168,2026/03/11,上櫃,,RWSCCA,
705917　雙鴻群益63購01,TW26Z7059176,2026/03/11,上櫃,,RWSCCA,
705918　世界元富59購03,TW26Z7059184,2026/03/11,上櫃,,RWSCCA,
705919　勤凱元富59購01,TW26Z7059192,2026/03/11,上櫃,,RWSCCA,
705920　新應材元富59購02,TW26Z7059200,2026/03/11,上櫃,,RWSCCA,
705921　譜瑞元富59購01,TW26Z7059218,2026/03/11,上櫃,,RWSCCA,
705922　旺矽中信59購01,TW26Z7059226,2026/03/11,上櫃,,RWSCCE,
705923　弘塑永豐5B購02,TW26Z7059234,2026/03/11,上櫃,,RWSCCA,
705924　匯鑽科永豐5A購01,TW26Z7059242,2026/03/11,上櫃,,RWSCCA,
705925　新應材永豐5A購01,TW26Z7059259,2026/03/11,上櫃,,RWSCCA,
705926　新應材永豐5C購04,TW26Z7059267,2026/03/11,上櫃,,RWSCCA,
705927　新應材永豐63購02,TW26Z7059275,2026/03/11,上櫃,,RWSCCA,
705928　雙鴻永豐63購01,TW26Z7059283,2026/03/11,上櫃,,RWSCCA,
705929　新應材國泰5A購02,TW26Z7059291,2026/03/11,上櫃,,RWSCCA,
705930　力領國票5A購01,TW26Z7059309,2026/03/11,上櫃,,RWSCCA,
705931　台半國票5A購01,TW26Z7059317,2026/03/11,上櫃,,RWSCCA,
705932　弘塑國票5A購01,TW26Z7059325,2026/03/11,上櫃,,RWSCCA,
705933　宜鼎國票5C購01,TW26Z7059333,2026/03/11,上櫃,,RWSCCA,
705934　松瑞藥國票5A購01,TW26Z7059341,2026/03/11,上櫃,,RWSCCA,
705935　胡連國票5A購01,TW26Z7059358,2026/03/11,上櫃,,RWSCCA,
705936　順達國票5A購01,TW26Z7059366,2026/03/11,上櫃,,RWSCCA,
705937　新應材國票59購01,TW26Z7059374,2026/03/11,上櫃,,RWSCCA,
705938　新應材國票5A購02,TW26Z7059382,2026/03/11,上櫃,,RWSCCA,
705939　新應材國票5B購01,TW26Z7059390,2026/03/11,上櫃,,RWSCCA,
705940　新應材國票5C購01,TW26Z7059408,2026/03/11,上櫃,,RWSCCA,
705941　群翊國票5A購01,TW26Z7059416,2026/03/11,上櫃,,RWSCCA,
705942　聖暉*國票5A購02,TW26Z7059424,2026/03/11,上櫃,,RWSCCA,
705943　德微國票5A購01,TW26Z7059432,2026/03/11,上櫃,,RWSCCA,
705944　新應材富邦5C購02,TW26Z7059440,2026/03/11,上櫃,,RWSCCE,
705945　均豪統一73購01,TW26Z7059457,2026/03/11,上櫃,,RWSCCA,
705946　宏捷科統一63購01,TW26Z7059465,2026/03/11,上櫃,,RWSCCA,
705947　系微統一73購01,TW26Z7059473,2026/03/11,上櫃,,RWSCCA,
705948　良維統一63購02,TW26Z7059481,2026/03/11,上櫃,,RWSCCA,
705949　良維統一73購02,TW26Z7059499,2026/03/11,上櫃,,RWSCCA,
705950　宜特統一73購01,TW26Z7059507,2026/03/11,上櫃,,RWSCCA,
705951　信紘科統一63購01,TW26Z7059515,2026/03/11,上櫃,,RWSCCA,
705952　前鼎統一73購01,TW26Z7059523,2026/03/11,上櫃,,RWSCCA,
705953　鉅橡統一73購01,TW26Z7059531,2026/03/11,上櫃,,RWSCCA,
705954　鈺太統一66購01,TW26Z7059549,2026/03/11,上櫃,,RWSCCA,
705955　世界元大59購07,TW26Z7059556,2026/03/11,上櫃,,RWSCCA,
705956　台特化元大59購04,TW26Z7059564,2026/03/11,上櫃,,RWSCCA,
705957　良維元大59購04,TW26Z7059572,2026/03/11,上櫃,,RWSCCA,
705958　良維元大59購05,TW26Z7059580,2026/03/11,上櫃,,RWSCCA,
705959　良維元大59購06,TW26Z7059598,2026/03/11,上櫃,,RWSCCA,
705960　宜鼎元大59購04,TW26Z7059606,2026/03/11,上櫃,,RWSCCA,
705961　宜鼎元大59購05,TW26Z7059614,2026/03/11,上櫃,,RWSCCA,
705962　旺矽元大59購07,TW26Z7059622,2026/03/11,上櫃,,RWSCCA,
705963　博智元大59購02,TW26Z7059630,2026/03/11,上櫃,,RWSCCA,
705964　博智元大5C購01,TW26Z7059648,2026/03/11,上櫃,,RWSCCA,
705965　新應材元大59購02,TW26Z7059655,2026/03/11,上櫃,,RWSCCA,
705966　新應材元大59購03,TW26Z7059663,2026/03/11,上櫃,,RWSCCA,
705967　新應材元大59購04,TW26Z7059671,2026/03/11,上櫃,,RWSCCA,
705968　新應材元大5A購03,TW26Z7059689,2026/03/11,上櫃,,RWSCCA,
705969　新應材元大61購03,TW26Z7059697,2026/03/11,上櫃,,RWSCCA,
705970　宜鼎凱基59購06,TW26Z7059705,2026/03/12,上櫃,,RWSCCA,
705971　蜜望實凱基59購01,TW26Z7059713,2026/03/12,上櫃,,RWSCCA,
705972　雙鴻凱基59購13,TW26Z7059721,2026/03/12,上櫃,,RWSCCA,
705973　世界元大59購08,TW26Z7059739,2026/03/12,上櫃,,RWSCCA,
705974　台特化元大59購05,TW26Z7059747,2026/03/12,上櫃,,RWSCCA,
705975　台特化元大59購06,TW26Z7059754,2026/03/12,上櫃,,RWSCCA,
705976　台燿元大59購03,TW26Z7059762,2026/03/12,上櫃,,RWSCCA,
705977　印能元大59購03,TW26Z7059770,2026/03/12,上櫃,,RWSCCA,
705978　宜鼎元大59購06,TW26Z7059788,2026/03/12,上櫃,,RWSCCA,
705979　宜鼎元大59購07,TW26Z7059796,2026/03/12,上櫃,,RWSCCA,
705980　宜鼎元大61購03,TW26Z7059804,2026/03/12,上櫃,,RWSCCA,
705981　旺矽元大59購08,TW26Z7059812,2026/03/12,上櫃,,RWSCCA,
705982　旺矽元大59購09,TW26Z7059820,2026/03/12,上櫃,,RWSCCA,
705983　旺矽元大59購10,TW26Z7059838,2026/03/12,上櫃,,RWSCCA,
705984　博智元大5C購02,TW26Z7059846,2026/03/12,上櫃,,RWSCCA,
705985　鈊象元大59購01,TW26Z7059853,2026/03/12,上櫃,,RWSCCA,
705986　世紀*國票5A購01,TW26Z7059861,2026/03/12,上櫃,,RWSCCA,
705987　台特化國票5A購03,TW26Z7059879,2026/03/12,上櫃,,RWSCCA,
705988　閎康國票5A購02,TW26Z7059887,2026/03/12,上櫃,,RWSCCA,
705989　雙鴻國票5A購02,TW26Z7059895,2026/03/12,上櫃,,RWSCCA,
705990　穩得國票59購01,TW26Z7059903,2026/03/12,上櫃,,RWSCCA,
705991　弘塑國泰5A購01,TW26Z7059911,2026/03/12,上櫃,,RWSCCA,
705992　均華國泰5A購01,TW26Z7059929,2026/03/12,上櫃,,RWSCCA,
705993　宜鼎富邦63購01,TW26Z7059937,2026/03/12,上櫃,,RWSCCE,
705994　蜜望實統一63購01,TW26Z7059945,2026/03/12,上櫃,,RWSCCA,
705995　蜜望實統一73購01,TW26Z7059952,2026/03/12,上櫃,,RWSCCA,
705996　世界群益5B購03,TW26Z7059960,2026/03/12,上櫃,,RWSCCA,
705997　旺矽群益5B購02,TW26Z7059978,2026/03/12,上櫃,,RWSCCA,
705998　神盾群益5B購01,TW26Z7059986,2026/03/12,上櫃,,RWSCCA,
705999　閎康群益5B購01,TW26Z7059994,2026/03/12,上櫃,,RWSCCA,
706000　勤凱群益59購01,TW26Z7060000,2026/03/12,上櫃,,RWSCCA,
706001　雙鴻群益5B購03,TW26Z7060018,2026/03/12,上櫃,,RWSCCA,
706002　中美晶中信59購01,TW26Z7060026,2026/03/12,上櫃,,RWSCCE,
706003　世界中信59購01,TW26Z7060034,2026/03/12,上櫃,,RWSCCE,
706004　精材中信61購01,TW26Z7060042,2026/03/12,上櫃,,RWSCCE,
706005　蜜望實永豐5B購01,TW26Z7060059,2026/03/12,上櫃,,RWSCCA,
706006　穩得永豐5B購01,TW26Z7060067,2026/03/12,上櫃,,RWSCCA,
706007　印能凱基5A購02,TW26Z7060075,2026/03/13,上櫃,,RWSCCA,
706008　均華凱基59購01,TW26Z7060083,2026/03/13,上櫃,,RWSCCA,
706009　宜鼎凱基59購07,TW26Z7060091,2026/03/13,上櫃,,RWSCCA,
706010　旺矽凱基5C購01,TW26Z7060109,2026/03/13,上櫃,,RWSCCA,
706011　博智凱基5C購01,TW26Z7060117,2026/03/13,上櫃,,RWSCCA,
706012　雙鴻台新59購02,TW26Z7060125,2026/03/13,上櫃,,RWSCCE,
706013　台燿國票5A購01,TW26Z7060133,2026/03/13,上櫃,,RWSCCA,
706014　巨漢國票59購01,TW26Z7060141,2026/03/13,上櫃,,RWSCCA,
706015　緯軟國票5B購01,TW26Z7060158,2026/03/13,上櫃,,RWSCCA,
706016　雙鴻國票5A購03,TW26Z7060166,2026/03/13,上櫃,,RWSCCA,
706017　宜鼎中信61購01,TW26Z7060174,2026/03/13,上櫃,,RWSCCE,
706018　弘塑永豐63購01,TW26Z7060182,2026/03/13,上櫃,,RWSCCA,
706019　均華永豐5B購01,TW26Z7060190,2026/03/13,上櫃,,RWSCCA,
706020　旺矽永豐61購01,TW26Z7060208,2026/03/13,上櫃,,RWSCCA,
706021　鈊象永豐5A購01,TW26Z7060216,2026/03/13,上櫃,,RWSCCA,
706022　勤凱永豐5C購01,TW26Z7060224,2026/03/13,上櫃,,RWSCCA,
706023　寬宏永豐59購01,TW26Z7060232,2026/03/13,上櫃,,RWSCCA,
706024　弘塑元富59購03,TW26Z7060240,2026/03/13,上櫃,,RWSCCA,
706025　前鼎元富59購01,TW26Z7060257,2026/03/13,上櫃,,RWSCCA,
706026　聚和元富59購03,TW26Z7060265,2026/03/13,上櫃,,RWSCCA,
706027　大中統一73購01,TW26Z7060273,2026/03/13,上櫃,,RWSCCA,
706028　台特化統一66購01,TW26Z7060281,2026/03/13,上櫃,,RWSCCA,
706029　台特化統一68購01,TW26Z7060299,2026/03/13,上櫃,,RWSCCA,
706030　均華統一62購01,TW26Z7060307,2026/03/13,上櫃,,RWSCCA,
706031　均華統一63購03,TW26Z7060315,2026/03/13,上櫃,,RWSCCA,
706032　均華統一73購01,TW26Z7060323,2026/03/13,上櫃,,RWSCCA,
706033　均豪統一63購01,TW26Z7060331,2026/03/13,上櫃,,RWSCCA,
706034　宜鼎統一62購01,TW26Z7060349,2026/03/13,上櫃,,RWSCCA,
706035　旺矽統一63購04,TW26Z7060356,2026/03/13,上櫃,,RWSCCA,
706036　新普統一63購01,TW26Z7060364,2026/03/13,上櫃,,RWSCCA,
706037　新普統一73購01,TW26Z7060372,2026/03/13,上櫃,,RWSCCA,
706038　聖暉*統一61購01,TW26Z7060380,2026/03/13,上櫃,,RWSCCA,
706039　蜜望實統一62購01,TW26Z7060398,2026/03/13,上櫃,,RWSCCA,
706040　鑫聯統一62購02,TW26Z7060406,2026/03/13,上櫃,,RWSCCA,
706041　加百裕群益59購02,TW26Z7060414,2026/03/13,上櫃,,RWSCCA,
706042　博智群益59購01,TW26Z7060422,2026/03/13,上櫃,,RWSCCA,
706043　富強鑫群益59購01,TW26Z7060430,2026/03/13,上櫃,,RWSCCA,
706044　鈺太群益5A購01,TW26Z7060448,2026/03/13,上櫃,,RWSCCA,
706045　耀勝群益59購02,TW26Z7060455,2026/03/13,上櫃,,RWSCCA,
706046　中美晶富邦59購01,TW26Z7060463,2026/03/13,上櫃,,RWSCCE,
706047　台燿富邦63購01,TW26Z7060471,2026/03/13,上櫃,,RWSCCE,
706048　原相富邦59購01,TW26Z7060489,2026/03/13,上櫃,,RWSCCE,
706049　博智富邦5B購01,TW26Z7060497,2026/03/13,上櫃,,RWSCCE,
706050　蜜望實富邦5B購01,TW26Z7060505,2026/03/13,上櫃,,RWSCCE,
706051　印能國泰5A購01,TW26Z7060513,2026/03/13,上櫃,,RWSCCA,
706052　均華國泰5A購02,TW26Z7060521,2026/03/13,上櫃,,RWSCCA,
706053　鈊象國泰5A購01,TW26Z7060539,2026/03/13,上櫃,,RWSCCA,
706054　台特化元大5B購01,TW26Z7060547,2026/03/13,上櫃,,RWSCCA,
706055　台特化元大63購01,TW26Z7060554,2026/03/13,上櫃,,RWSCCA,
706056　台燿元大59購04,TW26Z7060562,2026/03/13,上櫃,,RWSCCA,
706057　台燿元大59購05,TW26Z7060570,2026/03/13,上櫃,,RWSCCA,
706058　巨漢元大59購02,TW26Z7060588,2026/03/13,上櫃,,RWSCCA,
706059　弘塑元大5A購01,TW26Z7060596,2026/03/13,上櫃,,RWSCCA,
706060　弘塑元大63購02,TW26Z7060604,2026/03/13,上櫃,,RWSCCA,
706061　印能元大59購04,TW26Z7060612,2026/03/13,上櫃,,RWSCCA,
706062　宏觀元大59購01,TW26Z7060620,2026/03/13,上櫃,,RWSCCA,
706063　宏觀元大59購02,TW26Z7060638,2026/03/13,上櫃,,RWSCCA,
706064　宜鼎元大59購08,TW26Z7060646,2026/03/13,上櫃,,RWSCCA,
706065　旺矽元大59購11,TW26Z7060653,2026/03/13,上櫃,,RWSCCA,
706066　智通*元大59購02,TW26Z7060661,2026/03/13,上櫃,,RWSCCA,
706067　智通*元大59購03,TW26Z7060679,2026/03/13,上櫃,,RWSCCA,
706068　湧德元大59購01,TW26Z7060687,2026/03/13,上櫃,,RWSCCA,
706069　雙鴻元大59購11,TW26Z7060695,2026/03/13,上櫃,,RWSCCA,
706070　雙鴻元大59購12,TW26Z7060703,2026/03/13,上櫃,,RWSCCA,
706071　雙鴻元大63購01,TW26Z7060711,2026/03/13,上櫃,,RWSCCA,
706072　弘塑凱基5A購01,TW26Z7060729,2026/03/16,上櫃,,RWSCCA,
706073　宜鼎凱基5A購04,TW26Z7060737,2026/03/16,上櫃,,RWSCCA,
706074　鈊象凱基5C購01,TW26Z7060745,2026/03/16,上櫃,,RWSCCA,
706075　勤凱凱基59購01,TW26Z7060752,2026/03/16,上櫃,,RWSCCA,
706076　雙鴻凱基59購14,TW26Z7060760,2026/03/16,上櫃,,RWSCCA,
706077　鑫科凱基59購01,TW26Z7060778,2026/03/16,上櫃,,RWSCCA,
706078　元太中信59購01,TW26Z7060786,2026/03/16,上櫃,,RWSCCE,
706079　台燿中信59購02,TW26Z7060794,2026/03/16,上櫃,,RWSCCE,
706080　宏捷科中信59購01,TW26Z7060802,2026/03/16,上櫃,,RWSCCE,
706081　雙鴻中信63購01,TW26Z7060810,2026/03/16,上櫃,,RWSCCE,
706082　力致元富59購01,TW26Z7060828,2026/03/16,上櫃,,RWSCCA,
706083　印能元富59購03,TW26Z7060836,2026/03/16,上櫃,,RWSCCA,
706084　廣閎科元富59購01,TW26Z7060844,2026/03/16,上櫃,,RWSCCA,
706085　旺矽永豐59購03,TW26Z7060851,2026/03/16,上櫃,,RWSCCA,
706086　旺矽永豐5A購02,TW26Z7060869,2026/03/16,上櫃,,RWSCCA,
706087　旺矽永豐61購02,TW26Z7060877,2026/03/16,上櫃,,RWSCCA,
706088　旺矽永豐64購01,TW26Z7060885,2026/03/16,上櫃,,RWSCCA,
706089　茂迪永豐61購01,TW26Z7060893,2026/03/16,上櫃,,RWSCCA,
706090　萬泰科永豐5C購01,TW26Z7060901,2026/03/16,上櫃,,RWSCCA,
706091　雙鴻永豐59購04,TW26Z7060919,2026/03/16,上櫃,,RWSCCA,
706092　力致國泰5A購01,TW26Z7060927,2026/03/16,上櫃,,RWSCCA,
706093　弘塑國泰5A購02,TW26Z7060935,2026/03/16,上櫃,,RWSCCA,
706094　均豪國泰5A購01,TW26Z7060943,2026/03/16,上櫃,,RWSCCA,
706095　系統電國泰5A購01,TW26Z7060950,2026/03/16,上櫃,,RWSCCA,
706096　東捷國泰5A購01,TW26Z7060968,2026/03/16,上櫃,,RWSCCA,
706097　弘塑富邦5C購01,TW26Z7060976,2026/03/16,上櫃,,RWSCCE,
706098　宜鼎富邦5C購03,TW26Z7060984,2026/03/16,上櫃,,RWSCCE,
706099　旺矽富邦5B購02,TW26Z7060992,2026/03/16,上櫃,,RWSCCE,
706100　旺矽富邦63購01,TW26Z7061008,2026/03/16,上櫃,,RWSCCE,
706101　茂迪富邦63購01,TW26Z7061016,2026/03/16,上櫃,,RWSCCE,
706102　世界元大59購09,TW26Z7061024,2026/03/16,上櫃,,RWSCCA,
706103　台特化元大63購02,TW26Z7061032,2026/03/16,上櫃,,RWSCCA,
706104　印能元大59購05,TW26Z7061040,2026/03/16,上櫃,,RWSCCA,
706105　宏捷科元大5C購01,TW26Z7061057,2026/03/16,上櫃,,RWSCCA,
706106　良維元大59購07,TW26Z7061065,2026/03/16,上櫃,,RWSCCA,
706107　良維元大59購08,TW26Z7061073,2026/03/16,上櫃,,RWSCCA,
706108　宜鼎元大59購09,TW26Z7061081,2026/03/16,上櫃,,RWSCCA,
706109　宜鼎元大59購10,TW26Z7061099,2026/03/16,上櫃,,RWSCCA,
706110　茂迪元大59購07,TW26Z7061107,2026/03/16,上櫃,,RWSCCA,
706111　環球晶元大59購03,TW26Z7061115,2026/03/16,上櫃,,RWSCCA,
706112　環球晶元大59購04,TW26Z7061123,2026/03/16,上櫃,,RWSCCA,
706113　雙鴻元大59購13,TW26Z7061131,2026/03/16,上櫃,,RWSCCA,
706114　雙鴻元大59購14,TW26Z7061149,2026/03/16,上櫃,,RWSCCA,
706115　雙鴻元大63購02,TW26Z7061156,2026/03/16,上櫃,,RWSCCA,
706116　力致國票5A購01,TW26Z7061164,2026/03/16,上櫃,,RWSCCA,
706117　台半國票5A購02,TW26Z7061172,2026/03/16,上櫃,,RWSCCA,
706118　台星科國票61購01,TW26Z7061180,2026/03/16,上櫃,,RWSCCA,
706119　宏捷科國票5A購01,TW26Z7061198,2026/03/16,上櫃,,RWSCCA,
706120　良維國票5A購01,TW26Z7061206,2026/03/16,上櫃,,RWSCCA,
706121　宜鼎國票5A購03,TW26Z7061214,2026/03/16,上櫃,,RWSCCA,
706122　旺矽國票5B購02,TW26Z7061222,2026/03/16,上櫃,,RWSCCA,
706123　聖暉*國票5A購03,TW26Z7061230,2026/03/16,上櫃,,RWSCCA,
706124　臺慶科國票61購01,TW26Z7061248,2026/03/16,上櫃,,RWSCCA,
706125　鑫聯國票5C購01,TW26Z7061255,2026/03/16,上櫃,,RWSCCA,
706126　大綜統一63購01,TW26Z7061263,2026/03/16,上櫃,,RWSCCA,
706127　大綜統一66購01,TW26Z7061271,2026/03/16,上櫃,,RWSCCA,
706128　台特化統一62購02,TW26Z7061289,2026/03/16,上櫃,,RWSCCA,
706129　巨漢統一63購01,TW26Z7061297,2026/03/16,上櫃,,RWSCCA,
706130　正基統一62購01,TW26Z7061305,2026/03/16,上櫃,,RWSCCA,
706131　正基統一63購01,TW26Z7061313,2026/03/16,上櫃,,RWSCCA,
706132　正基統一63購02,TW26Z7061321,2026/03/16,上櫃,,RWSCCA,
706133　均豪統一66購01,TW26Z7061339,2026/03/16,上櫃,,RWSCCA,
706134　宜鼎統一63購02,TW26Z7061347,2026/03/16,上櫃,,RWSCCA,
706135　宜鼎統一63購03,TW26Z7061354,2026/03/16,上櫃,,RWSCCA,
706136　宜鼎統一66購02,TW26Z7061362,2026/03/16,上櫃,,RWSCCA,
706137　宜鼎統一73購01,TW26Z7061370,2026/03/16,上櫃,,RWSCCA,
706138　茂迪統一67購01,TW26Z7061388,2026/03/16,上櫃,,RWSCCA,
706139　聚和統一73購01,TW26Z7061396,2026/03/16,上櫃,,RWSCCA,
706140　蜜望實統一66購01,TW26Z7061404,2026/03/16,上櫃,,RWSCCA,
706141　蜜望實統一68購01,TW26Z7061412,2026/03/16,上櫃,,RWSCCA,
706142　雙鴻統一63購01,TW26Z7061420,2026/03/16,上櫃,,RWSCCA,
706143　元太群益59購01,TW26Z7061438,2026/03/16,上櫃,,RWSCCA,
706144　元太群益59購02,TW26Z7061446,2026/03/16,上櫃,,RWSCCA,
706145　元太群益59購03,TW26Z7061453,2026/03/16,上櫃,,RWSCCA,
706146　台特化群益5A購01,TW26Z7061461,2026/03/16,上櫃,,RWSCCA,
706147　宜鼎群益59購04,TW26Z7061479,2026/03/16,上櫃,,RWSCCA,
706148　宜鼎群益59購05,TW26Z7061487,2026/03/16,上櫃,,RWSCCA,
706149　宜鼎群益59購06,TW26Z7061495,2026/03/16,上櫃,,RWSCCA,
706150　旺矽群益63購01,TW26Z7061503,2026/03/16,上櫃,,RWSCCA,
706151　東捷群益63購01,TW26Z7061511,2026/03/16,上櫃,,RWSCCA,
706152　博智群益59購02,TW26Z7061529,2026/03/16,上櫃,,RWSCCA,
706153　德微群益63購01,TW26Z7061537,2026/03/16,上櫃,,RWSCCA,
706154　雙鴻群益63購02,TW26Z7061545,2026/03/16,上櫃,,RWSCCA,
706155　台特化凱基5C購02,TW26Z7061552,2026/03/17,上櫃,,RWSCCA,
706156　印能凱基59購04,TW26Z7061560,2026/03/17,上櫃,,RWSCCA,
706157　均華凱基59購02,TW26Z7061578,2026/03/17,上櫃,,RWSCCA,
706158　良維凱基59購04,TW26Z7061586,2026/03/17,上櫃,,RWSCCA,
706159　亞泰凱基59購01,TW26Z7061594,2026/03/17,上櫃,,RWSCCA,
706160　宜鼎凱基5C購02,TW26Z7061602,2026/03/17,上櫃,,RWSCCA,
706161　旺矽凱基63購01,TW26Z7061610,2026/03/17,上櫃,,RWSCCA,
706162　旺矽凱基63購02,TW26Z7061628,2026/03/17,上櫃,,RWSCCA,
706163　東捷凱基63購01,TW26Z7061636,2026/03/17,上櫃,,RWSCCA,
706164　聖暉*凱基59購04,TW26Z7061644,2026/03/17,上櫃,,RWSCCA,
706165　精測凱基59購02,TW26Z7061651,2026/03/17,上櫃,,RWSCCA,
706166　德微凱基5A購01,TW26Z7061669,2026/03/17,上櫃,,RWSCCA,
706167　環球晶凱基59購08,TW26Z7061677,2026/03/17,上櫃,,RWSCCA,
706168　雙鴻凱基63購01,TW26Z7061685,2026/03/17,上櫃,,RWSCCA,
706169　弘塑群益59購04,TW26Z7061693,2026/03/17,上櫃,,RWSCCA,
706170　良維群益5C購02,TW26Z7061701,2026/03/17,上櫃,,RWSCCA,
706171　旺矽群益59購08,TW26Z7061719,2026/03/17,上櫃,,RWSCCA,
706172　精測群益59購04,TW26Z7061727,2026/03/17,上櫃,,RWSCCA,
706173　精測群益5B購01,TW26Z7061735,2026/03/17,上櫃,,RWSCCA,
706174　雙鴻群益59購09,TW26Z7061743,2026/03/17,上櫃,,RWSCCA,
706175　宜鼎國泰5A購02,TW26Z7061750,2026/03/17,上櫃,,RWSCCA,
706176　宜鼎國泰61購01,TW26Z7061768,2026/03/17,上櫃,,RWSCCA,
706177　旺矽國泰5A購02,TW26Z7061776,2026/03/17,上櫃,,RWSCCA,
706178　弘塑富邦63購01,TW26Z7061784,2026/03/17,上櫃,,RWSCCE,
706179　均華富邦5B購01,TW26Z7061792,2026/03/17,上櫃,,RWSCCE,
706180　均華統一63購04,TW26Z7061800,2026/03/17,上櫃,,RWSCCA,
706181　良維統一63購03,TW26Z7061818,2026/03/17,上櫃,,RWSCCA,
706182　旺矽統一63購05,TW26Z7061826,2026/03/17,上櫃,,RWSCCA,
706183　茂迪統一63購01,TW26Z7061834,2026/03/17,上櫃,,RWSCCA,
706184　台特化元大63購03,TW26Z7061842,2026/03/17,上櫃,,RWSCCA,
706185　均華元大5C購01,TW26Z7061859,2026/03/17,上櫃,,RWSCCA,
706186　宏捷科元大5C購02,TW26Z7061867,2026/03/17,上櫃,,RWSCCA,
706187　良維元大59購09,TW26Z7061875,2026/03/17,上櫃,,RWSCCA,
706188　良維元大59購10,TW26Z7061883,2026/03/17,上櫃,,RWSCCA,
706189　宜鼎元大59購11,TW26Z7061891,2026/03/17,上櫃,,RWSCCA,
706190　宜鼎元大59購12,TW26Z7061909,2026/03/17,上櫃,,RWSCCA,
706191　宜鼎元大59購13,TW26Z7061917,2026/03/17,上櫃,,RWSCCA,
706192　旺矽元大59購12,TW26Z7061925,2026/03/17,上櫃,,RWSCCA,
706193　旺矽元大59購13,TW26Z7061933,2026/03/17,上櫃,,RWSCCA,
706194　旺矽元大59購14,TW26Z7061941,2026/03/17,上櫃,,RWSCCA,
706195　陽程元大59購01,TW26Z7061958,2026/03/17,上櫃,,RWSCCA,
706196　精測元大59購01,TW26Z7061966,2026/03/17,上櫃,,RWSCCA,
706197　精測元大59購02,TW26Z7061974,2026/03/17,上櫃,,RWSCCA,
706198　精測元大5C購02,TW26Z7061982,2026/03/17,上櫃,,RWSCCA,
706199　雙鴻元大59購15,TW26Z7061990,2026/03/17,上櫃,,RWSCCA,
706200　雙鴻元大59購16,TW26Z7062006,2026/03/17,上櫃,,RWSCCA,
706201　雙鴻元大59購17,TW26Z7062014,2026/03/17,上櫃,,RWSCCA,
706202　鑫科元大59購01,TW26Z7062022,2026/03/17,上櫃,,RWSCCA,
706203　鑫聯元大63購01,TW26Z7062030,2026/03/17,上櫃,,RWSCCA,
706204　中美晶國票61購01,TW26Z7062048,2026/03/17,上櫃,,RWSCCA,
706205　均華國票59購01,TW26Z7062055,2026/03/17,上櫃,,RWSCCA,
706206　均華國票5B購01,TW26Z7062063,2026/03/17,上櫃,,RWSCCA,
706207　宜鼎國票65購01,TW26Z7062071,2026/03/17,上櫃,,RWSCCA,
706208　旺矽國票5C購01,TW26Z7062089,2026/03/17,上櫃,,RWSCCA,
706209　旺矽國票67購01,TW26Z7062097,2026/03/17,上櫃,,RWSCCA,
706210　德微國票65購01,TW26Z7062105,2026/03/17,上櫃,,RWSCCA,
706211　弘塑中信59購01,TW26Z7062113,2026/03/17,上櫃,,RWSCCE,
706212　精測中信59購01,TW26Z7062121,2026/03/17,上櫃,,RWSCCE,
706213　精測中信5B購01,TW26Z7062139,2026/03/17,上櫃,,RWSCCE,
706214　宜鼎永豐5B購01,TW26Z7062147,2026/03/17,上櫃,,RWSCCA,
706215　旺矽永豐5C購01,TW26Z7062154,2026/03/17,上櫃,,RWSCCA,
706216　東捷永豐61購01,TW26Z7062162,2026/03/17,上櫃,,RWSCCA,
706217　精測永豐59購02,TW26Z7062170,2026/03/17,上櫃,,RWSCCA,
706218　精測永豐5B購01,TW26Z7062188,2026/03/17,上櫃,,RWSCCA,
706219　精測永豐61購01,TW26Z7062196,2026/03/17,上櫃,,RWSCCA,
706220　鑫科永豐5C購02,TW26Z7062204,2026/03/17,上櫃,,RWSCCA,
706221　台特化元富59購01,TW26Z7062212,2026/03/17,上櫃,,RWSCCA,
706222　台燿元富59購02,TW26Z7062220,2026/03/17,上櫃,,RWSCCA,
706223　弘塑元富5C購01,TW26Z7062238,2026/03/17,上櫃,,RWSCCA,
706224　均華元富59購01,TW26Z7062246,2026/03/17,上櫃,,RWSCCA,
706225　宏捷科元富5C購02,TW26Z7062253,2026/03/17,上櫃,,RWSCCA,
706226　旺矽元富59購04,TW26Z7062261,2026/03/17,上櫃,,RWSCCA,
706227　旺矽元富59購05,TW26Z7062279,2026/03/17,上櫃,,RWSCCA,
706228　旺矽元富59購06,TW26Z7062287,2026/03/17,上櫃,,RWSCCA,
706229　聖暉*元富59購02,TW26Z7062295,2026/03/17,上櫃,,RWSCCA,
706230　頎邦元富59購01,TW26Z7062303,2026/03/17,上櫃,,RWSCCA,
706231　精測元富59購07,TW26Z7062311,2026/03/17,上櫃,,RWSCCA,
706232　精測元富59購08,TW26Z7062329,2026/03/17,上櫃,,RWSCCA,
706233　德微元富59購02,TW26Z7062337,2026/03/17,上櫃,,RWSCCA,
706234　德微元富59購03,TW26Z7062345,2026/03/17,上櫃,,RWSCCA,
706235　雙鴻元富59購05,TW26Z7062352,2026/03/17,上櫃,,RWSCCA,
706236　雙鴻元富59購06,TW26Z7062360,2026/03/17,上櫃,,RWSCCA,
706237　雙鴻元富59購07,TW26Z7062378,2026/03/17,上櫃,,RWSCCA,
706238　鑫科元富59購01,TW26Z7062386,2026/03/17,上櫃,,RWSCCA,
706239　中美晶兆豐63購01,TW26Z7062394,2026/03/17,上櫃,,RWSCCA,
706240　元太兆豐63購01,TW26Z7062402,2026/03/17,上櫃,,RWSCCA,
706241　環球晶兆豐5B購01,TW26Z7062410,2026/03/17,上櫃,,RWSCCA,
706242　M31凱基59購01,TW26Z7062428,2026/03/18,上櫃,,RWSCCA,
706243　M31凱基59購02,TW26Z7062436,2026/03/18,上櫃,,RWSCCA,
706244　M31凱基59購03,TW26Z7062444,2026/03/18,上櫃,,RWSCCA,
706245　M31凱基5B購01,TW26Z7062451,2026/03/18,上櫃,,RWSCCA,
706246　台燿凱基61購01,TW26Z7062469,2026/03/18,上櫃,,RWSCCA,
706247　巨漢凱基59購02,TW26Z7062477,2026/03/18,上櫃,,RWSCCA,
706248　弘塑凱基5A購02,TW26Z7062485,2026/03/18,上櫃,,RWSCCA,
706249　宏捷科凱基5C購01,TW26Z7062493,2026/03/18,上櫃,,RWSCCA,
706250　信驊凱基59購05,TW26Z7062501,2026/03/18,上櫃,,RWSCCA,
706251　信驊凱基59購06,TW26Z7062519,2026/03/18,上櫃,,RWSCCA,
706252　信驊凱基5B購02,TW26Z7062527,2026/03/18,上櫃,,RWSCCA,
706253　信驊凱基5C購01,TW26Z7062535,2026/03/18,上櫃,,RWSCCA,
706254　博智凱基5C購02,TW26Z7062543,2026/03/18,上櫃,,RWSCCA,
706255　優群凱基59購01,TW26Z7062550,2026/03/18,上櫃,,RWSCCA,
706256　譜瑞凱基59購03,TW26Z7062568,2026/03/18,上櫃,,RWSCCA,
706257　台燿中信59購04,TW26Z7062576,2026/03/18,上櫃,,RWSCCE,
706258　信驊中信59購01,TW26Z7062584,2026/03/18,上櫃,,RWSCCE,
706259　M31永豐5B購01,TW26Z7062592,2026/03/18,上櫃,,RWSCCA,
706260　M31永豐5C購01,TW26Z7062600,2026/03/18,上櫃,,RWSCCA,
706261　大中永豐5B購01,TW26Z7062618,2026/03/18,上櫃,,RWSCCA,
706262　台燿永豐59購02,TW26Z7062626,2026/03/18,上櫃,,RWSCCA,
706263　台燿永豐59購03,TW26Z7062634,2026/03/18,上櫃,,RWSCCA,
706264　台燿永豐5B購01,TW26Z7062642,2026/03/18,上櫃,,RWSCCA,
706265　良維永豐5B購02,TW26Z7062659,2026/03/18,上櫃,,RWSCCA,
706266　信驊永豐59購03,TW26Z7062667,2026/03/18,上櫃,,RWSCCA,
706267　M31元富59購01,TW26Z7062675,2026/03/18,上櫃,,RWSCCA,
706268　M31元富59購02,TW26Z7062683,2026/03/18,上櫃,,RWSCCA,
706269　M31元富5A購01,TW26Z7062691,2026/03/18,上櫃,,RWSCCA,
706270　亞泰元富59購01,TW26Z7062709,2026/03/18,上櫃,,RWSCCA,
706271　M31群益59購01,TW26Z7062717,2026/03/18,上櫃,,RWSCCA,
706272　大中群益59購03,TW26Z7062725,2026/03/18,上櫃,,RWSCCA,
706273　台燿群益59購01,TW26Z7062733,2026/03/18,上櫃,,RWSCCA,
706274　良維群益5C購03,TW26Z7062741,2026/03/18,上櫃,,RWSCCA,
706275　信驊群益5B購05,TW26Z7062758,2026/03/18,上櫃,,RWSCCA,
706276　聖暉*群益61購01,TW26Z7062766,2026/03/18,上櫃,,RWSCCA,
706277　環球晶群益59購05,TW26Z7062774,2026/03/18,上櫃,,RWSCCA,
706278　雙鴻群益59購10,TW26Z7062782,2026/03/18,上櫃,,RWSCCA,
706279　台燿國泰5A購01,TW26Z7062790,2026/03/18,上櫃,,RWSCCA,
706280　台燿國泰5A購02,TW26Z7062808,2026/03/18,上櫃,,RWSCCA,
706281　德微國泰5A購01,TW26Z7062816,2026/03/18,上櫃,,RWSCCA,
706282　M31統一63購03,TW26Z7062824,2026/03/18,上櫃,,RWSCCA,
706283　M31富邦5B購01,TW26Z7062832,2026/03/18,上櫃,,RWSCCE,
706284　台特化富邦5C購01,TW26Z7062840,2026/03/18,上櫃,,RWSCCE,
706285　信驊富邦5C購01,TW26Z7062857,2026/03/18,上櫃,,RWSCCE,
706286　茂迪富邦5C購01,TW26Z7062865,2026/03/18,上櫃,,RWSCCE,
706287　雙鴻富邦5C購03,TW26Z7062873,2026/03/18,上櫃,,RWSCCE,
706288　M31國票5A購01,TW26Z7062881,2026/03/18,上櫃,,RWSCCA,
706289　天品國票59購01,TW26Z7062899,2026/03/18,上櫃,,RWSCCA,
706290　台燿國票5B購01,TW26Z7062907,2026/03/18,上櫃,,RWSCCA,
706291　均豪國票59購01,TW26Z7062915,2026/03/18,上櫃,,RWSCCA,
706292　宏觀國票5C購02,TW26Z7062923,2026/03/18,上櫃,,RWSCCA,
706293　沛亨國票5A購02,TW26Z7062931,2026/03/18,上櫃,,RWSCCA,
706294　信驊國票5B購03,TW26Z7062949,2026/03/18,上櫃,,RWSCCA,
706295　陽程國票59購01,TW26Z7062956,2026/03/18,上櫃,,RWSCCA,
706296　環球晶國票59購01,TW26Z7062964,2026/03/18,上櫃,,RWSCCA,
706297　環球晶國票5A購01,TW26Z7062972,2026/03/18,上櫃,,RWSCCA,
706298　鑫科國票5A購01,TW26Z7062980,2026/03/18,上櫃,,RWSCCA,
706299　M31元大59購02,TW26Z7062998,2026/03/18,上櫃,,RWSCCA,
706300　M31元大59購03,TW26Z7063004,2026/03/18,上櫃,,RWSCCA,
706301　巨漢元大59購03,TW26Z7063012,2026/03/18,上櫃,,RWSCCA,
706302　沛亨元大59購02,TW26Z7063020,2026/03/18,上櫃,,RWSCCA,
706303　良維元大59購11,TW26Z7063038,2026/03/18,上櫃,,RWSCCA,
706304　良維元大59購12,TW26Z7063046,2026/03/18,上櫃,,RWSCCA,
706305　亞泰元大59購01,TW26Z7063053,2026/03/18,上櫃,,RWSCCA,
706306　東捷元大59購01,TW26Z7063061,2026/03/18,上櫃,,RWSCCA,
706307　信驊元大59購02,TW26Z7063079,2026/03/18,上櫃,,RWSCCA,
706308　信驊元大59購03,TW26Z7063087,2026/03/18,上櫃,,RWSCCA,
706309　前鼎元大59購02,TW26Z7063095,2026/03/18,上櫃,,RWSCCA,
706310　湧德元大59購02,TW26Z7063103,2026/03/18,上櫃,,RWSCCA,
706311　雙鴻元大59購18,TW26Z7063111,2026/03/18,上櫃,,RWSCCA,
706312　雙鴻元大59購19,TW26Z7063129,2026/03/18,上櫃,,RWSCCA,
706313　雙鴻元大5C購04,TW26Z7063137,2026/03/18,上櫃,,RWSCCA,
706314　鑫科元大59購02,TW26Z7063145,2026/03/18,上櫃,,RWSCCA,
706315　台燿台新59購01,TW26Z7063152,2026/03/19,上櫃,,RWSCCE,
706316　台燿兆豐5B購01,TW26Z7063160,2026/03/19,上櫃,,RWSCCA,
706317　弘塑兆豐5B購01,TW26Z7063178,2026/03/19,上櫃,,RWSCCA,
706318　聖暉*兆豐5B購01,TW26Z7063186,2026/03/19,上櫃,,RWSCCA,
706319　印能凱基5B購01,TW26Z7063194,2026/03/19,上櫃,,RWSCCA,
706320　均豪凱基59購01,TW26Z7063202,2026/03/19,上櫃,,RWSCCA,
706321　沛亨凱基59購02,TW26Z7063210,2026/03/19,上櫃,,RWSCCA,
706322　亞泰凱基5A購01,TW26Z7063228,2026/03/19,上櫃,,RWSCCA,
706323　博智凱基59購06,TW26Z7063236,2026/03/19,上櫃,,RWSCCA,
706324　聖暉*凱基5B購02,TW26Z7063244,2026/03/19,上櫃,,RWSCCA,
706325　環球晶凱基5C購01,TW26Z7063251,2026/03/19,上櫃,,RWSCCA,
706326　雙鴻凱基59購15,TW26Z7063269,2026/03/19,上櫃,,RWSCCA,
706327　穩得凱基5C購01,TW26Z7063277,2026/03/19,上櫃,,RWSCCA,
706328　弘塑國票65購01,TW26Z7063285,2026/03/19,上櫃,,RWSCCA,
706329　正德國票59購01,TW26Z7063293,2026/03/19,上櫃,,RWSCCA,
706330　亞泰國票59購02,TW26Z7063301,2026/03/19,上櫃,,RWSCCA,
706331　亞泰國票5A購01,TW26Z7063319,2026/03/19,上櫃,,RWSCCA,
706332　華宏國票5A購01,TW26Z7063327,2026/03/19,上櫃,,RWSCCA,
706333　印能元大59購06,TW26Z7063335,2026/03/19,上櫃,,RWSCCA,
706334　良維元大59購13,TW26Z7063343,2026/03/19,上櫃,,RWSCCA,
706335　前鼎元大59購03,TW26Z7063350,2026/03/19,上櫃,,RWSCCA,
706336　茂迪元大5C購01,TW26Z7063368,2026/03/19,上櫃,,RWSCCA,
706337　雙鴻元大59購20,TW26Z7063376,2026/03/19,上櫃,,RWSCCA,
706338　雙鴻元大59購21,TW26Z7063384,2026/03/19,上櫃,,RWSCCA,
706339　雙鴻元大5C購05,TW26Z7063392,2026/03/19,上櫃,,RWSCCA,
706340　穩得元大63購01,TW26Z7063400,2026/03/19,上櫃,,RWSCCA,
706341　鑫聯元大63購02,TW26Z7063418,2026/03/19,上櫃,,RWSCCA,
706342　雙鴻國泰61購01,TW26Z7063426,2026/03/19,上櫃,,RWSCCA,
706343　台燿富邦63購02,TW26Z7063434,2026/03/19,上櫃,,RWSCCE,
706344　德微富邦5C購01,TW26Z7063442,2026/03/19,上櫃,,RWSCCE,
706345　世界統一63購01,TW26Z7063459,2026/03/19,上櫃,,RWSCCA,
706346　台特化統一63購04,TW26Z7063467,2026/03/19,上櫃,,RWSCCA,
706347　印能統一63購01,TW26Z7063475,2026/03/19,上櫃,,RWSCCA,
706348　亞泰統一62購02,TW26Z7063483,2026/03/19,上櫃,,RWSCCA,
706349　博智統一63購01,TW26Z7063491,2026/03/19,上櫃,,RWSCCA,
706350　鈺太統一63購01,TW26Z7063509,2026/03/19,上櫃,,RWSCCA,
706351　弘塑永豐5C購03,TW26Z7063517,2026/03/19,上櫃,,RWSCCA,
706352　印能永豐5B購01,TW26Z7063525,2026/03/19,上櫃,,RWSCCA,
706353　均豪永豐59購01,TW26Z7063533,2026/03/19,上櫃,,RWSCCA,
706354　雙鴻永豐61購02,TW26Z7063541,2026/03/19,上櫃,,RWSCCA,
706355　雙鴻永豐64購01,TW26Z7063558,2026/03/19,上櫃,,RWSCCA,
706356　台燿元富59購03,TW26Z7063566,2026/03/19,上櫃,,RWSCCA,
706357　印能元富59購04,TW26Z7063574,2026/03/19,上櫃,,RWSCCA,
706358　亞泰元富59購02,TW26Z7063582,2026/03/19,上櫃,,RWSCCA,
706359　亞泰元富59購03,TW26Z7063590,2026/03/19,上櫃,,RWSCCA,
706360　鑫聯元富59購01,TW26Z7063608,2026/03/19,上櫃,,RWSCCA,
706361　台燿群益59購02,TW26Z7063616,2026/03/19,上櫃,,RWSCCA,
706362　弘塑群益59購05,TW26Z7063624,2026/03/19,上櫃,,RWSCCA,
706363　宏捷科群益59購04,TW26Z7063632,2026/03/19,上櫃,,RWSCCA,
706364　宏觀群益59購02,TW26Z7063640,2026/03/19,上櫃,,RWSCCA,
706365　宏觀群益59購03,TW26Z7063657,2026/03/19,上櫃,,RWSCCA,
706366　優群群益59購01,TW26Z7063665,2026/03/19,上櫃,,RWSCCA,
706367　譜瑞群益59購02,TW26Z7063673,2026/03/19,上櫃,,RWSCCA,
706368　天品凱基59購01,TW26Z7063681,2026/03/20,上櫃,,RWSCCA,
706369　台燿凱基59購02,TW26Z7063699,2026/03/20,上櫃,,RWSCCA,
706370　弘塑凱基59購06,TW26Z7063707,2026/03/20,上櫃,,RWSCCA,
706371　良維凱基61購01,TW26Z7063715,2026/03/20,上櫃,,RWSCCA,
706372　茂迪凱基59購03,TW26Z7063723,2026/03/20,上櫃,,RWSCCA,
706373　華義凱基59購01,TW26Z7063731,2026/03/20,上櫃,,RWSCCA,
706374　頎邦凱基59購01,TW26Z7063749,2026/03/20,上櫃,,RWSCCA,
706375　譜瑞凱基59購04,TW26Z7063756,2026/03/20,上櫃,,RWSCCA,
706376　鑫聯凱基59購02,TW26Z7063764,2026/03/20,上櫃,,RWSCCA,
706377　弘塑永豐59購04,TW26Z7063772,2026/03/20,上櫃,,RWSCCA,
706378　正淩永豐5B購01,TW26Z7063780,2026/03/20,上櫃,,RWSCCA,
706379　東捷永豐5A購01,TW26Z7063798,2026/03/20,上櫃,,RWSCCA,
706380　信紘科永豐59購01,TW26Z7063806,2026/03/20,上櫃,,RWSCCA,
706381　頎邦永豐5B購01,TW26Z7063814,2026/03/20,上櫃,,RWSCCA,
706382　中美晶元富59購02,TW26Z7063822,2026/03/20,上櫃,,RWSCCA,
706383　均豪元富59購01,TW26Z7063830,2026/03/20,上櫃,,RWSCCA,
706384　華宏元富59購01,TW26Z7063848,2026/03/20,上櫃,,RWSCCA,
706385　華宏元富59購02,TW26Z7063855,2026/03/20,上櫃,,RWSCCA,
706386　頎邦元富59購02,TW26Z7063863,2026/03/20,上櫃,,RWSCCA,
706387　廣運元富59購03,TW26Z7063871,2026/03/20,上櫃,,RWSCCA,
706388　雙鴻元富59購08,TW26Z7063889,2026/03/20,上櫃,,RWSCCA,
706389　美琪瑪群益5A購01,TW26Z7063897,2026/03/20,上櫃,,RWSCCA,
706390　湧德群益5B購01,TW26Z7063905,2026/03/20,上櫃,,RWSCCA,
706391　環球晶群益59購06,TW26Z7063913,2026/03/20,上櫃,,RWSCCA,
706392　雙鴻群益5B購04,TW26Z7063921,2026/03/20,上櫃,,RWSCCA,
706393　雙鴻群益5B購05,TW26Z7063939,2026/03/20,上櫃,,RWSCCA,
706394　宏觀國泰5A購02,TW26Z7063947,2026/03/20,上櫃,,RWSCCA,
706395　大學光國票59購01,TW26Z7063954,2026/03/20,上櫃,,RWSCCA,
706396　東捷國票59購01,TW26Z7063962,2026/03/20,上櫃,,RWSCCA,
706397　東捷國票5A購01,TW26Z7063970,2026/03/20,上櫃,,RWSCCA,
706398　原相國票59購01,TW26Z7063988,2026/03/20,上櫃,,RWSCCA,
706399　華義國票5A購02,TW26Z7063996,2026/03/20,上櫃,,RWSCCA,
706400　陽程國票59購02,TW26Z7064002,2026/03/20,上櫃,,RWSCCA,
706401　頎邦國票5A購01,TW26Z7064010,2026/03/20,上櫃,,RWSCCA,
706402　聚和國票5A購02,TW26Z7064028,2026/03/20,上櫃,,RWSCCA,
706403　正淩元大59購01,TW26Z7064036,2026/03/20,上櫃,,RWSCCA,
706404　均豪元大59購01,TW26Z7064044,2026/03/20,上櫃,,RWSCCA,
706405　均豪元大59購02,TW26Z7064051,2026/03/20,上櫃,,RWSCCA,
706406　良維元大59購14,TW26Z7064069,2026/03/20,上櫃,,RWSCCA,
706407　良維元大59購15,TW26Z7064077,2026/03/20,上櫃,,RWSCCA,
706408　良維元大59購16,TW26Z7064085,2026/03/20,上櫃,,RWSCCA,
706409　前鼎元大59購04,TW26Z7064093,2026/03/20,上櫃,,RWSCCA,
706410　雙鴻元大59購22,TW26Z7064101,2026/03/20,上櫃,,RWSCCA,
706411　中美晶凱基5A購01,TW26Z7064119,2026/03/23,上櫃,,RWSCCA,
706412　弘塑凱基5B購01,TW26Z7064127,2026/03/23,上櫃,,RWSCCA,
706413　印能凱基5B購02,TW26Z7064135,2026/03/23,上櫃,,RWSCCA,
706414　湧德凱基5A購01,TW26Z7064143,2026/03/23,上櫃,,RWSCCA,
706415　閎康凱基5B購01,TW26Z7064150,2026/03/23,上櫃,,RWSCCA,
706416　鈺太凱基59購02,TW26Z7064168,2026/03/23,上櫃,,RWSCCA,
706417　雙鴻凱基59購16,TW26Z7064176,2026/03/23,上櫃,,RWSCCA,
706418　精材國泰5A購01,TW26Z7064184,2026/03/23,上櫃,,RWSCCA,
706419　弘塑富邦61購01,TW26Z7064192,2026/03/23,上櫃,,RWSCCE,
706420　宏捷科富邦5B購01,TW26Z7064200,2026/03/23,上櫃,,RWSCCE,
706421　宏捷科富邦5C購01,TW26Z7064218,2026/03/23,上櫃,,RWSCCE,
706422　家登富邦5B購01,TW26Z7064226,2026/03/23,上櫃,,RWSCCE,
706423　智通*富邦5B購02,TW26Z7064234,2026/03/23,上櫃,,RWSCCE,
706424　環球晶富邦5A購01,TW26Z7064242,2026/03/23,上櫃,,RWSCCE,
706425　雙鴻富邦5C購04,TW26Z7064259,2026/03/23,上櫃,,RWSCCE,
706426　弘塑元大59購06,TW26Z7064267,2026/03/23,上櫃,,RWSCCA,
706427　弘塑元大59購07,TW26Z7064275,2026/03/23,上櫃,,RWSCCA,
706428　印能元大59購07,TW26Z7064283,2026/03/23,上櫃,,RWSCCA,
706429　良維元大59購17,TW26Z7064291,2026/03/23,上櫃,,RWSCCA,
706430　前鼎元大59購05,TW26Z7064309,2026/03/23,上櫃,,RWSCCA,
706431　茂迪元大59購08,TW26Z7064317,2026/03/23,上櫃,,RWSCCA,
706432　茂迪元大63購05,TW26Z7064325,2026/03/23,上櫃,,RWSCCA,
706433　華宏元大59購01,TW26Z7064333,2026/03/23,上櫃,,RWSCCA,
706434　萬泰科元大59購01,TW26Z7064341,2026/03/23,上櫃,,RWSCCA,
706435　頎邦元大59購01,TW26Z7064358,2026/03/23,上櫃,,RWSCCA,
706436　臺慶科元大59購03,TW26Z7064366,2026/03/23,上櫃,,RWSCCA,
706437　雙鴻元大59購23,TW26Z7064374,2026/03/23,上櫃,,RWSCCA,
706438　雙鴻元大59購24,TW26Z7064382,2026/03/23,上櫃,,RWSCCA,
706439　穩得元大5A購01,TW26Z7064390,2026/03/23,上櫃,,RWSCCA,
706440　台燿群益59購03,TW26Z7064408,2026/03/23,上櫃,,RWSCCA,
706441　弘塑群益5A購03,TW26Z7064416,2026/03/23,上櫃,,RWSCCA,
706442　印能群益5B購01,TW26Z7064424,2026/03/23,上櫃,,RWSCCA,
706443　系微群益59購01,TW26Z7064432,2026/03/23,上櫃,,RWSCCA,
706444　系微群益59購02,TW26Z7064440,2026/03/23,上櫃,,RWSCCA,
706445　良維群益59購02,TW26Z7064457,2026/03/23,上櫃,,RWSCCA,
706446　湧德群益5C購01,TW26Z7064465,2026/03/23,上櫃,,RWSCCA,
706447　華宏群益59購01,TW26Z7064473,2026/03/23,上櫃,,RWSCCA,
706448　環球晶群益5A購02,TW26Z7064481,2026/03/23,上櫃,,RWSCCA,
706449　穩得群益5A購01,TW26Z7064499,2026/03/23,上櫃,,RWSCCA,
706450　環球晶中信59購02,TW26Z7064507,2026/03/23,上櫃,,RWSCCE,
706451　中美晶永豐5A購02,TW26Z7064515,2026/03/23,上櫃,,RWSCCA,
706452　中美晶永豐5C購01,TW26Z7064523,2026/03/23,上櫃,,RWSCCA,
706453　弘塑永豐63購02,TW26Z7064531,2026/03/23,上櫃,,RWSCCA,
706454　合晶永豐59購01,TW26Z7064549,2026/03/23,上櫃,,RWSCCA,
706455　系微永豐5C購01,TW26Z7064556,2026/03/23,上櫃,,RWSCCA,
706456　博智永豐5C購01,TW26Z7064564,2026/03/23,上櫃,,RWSCCA,
706457　華宏永豐5A購01,TW26Z7064572,2026/03/23,上櫃,,RWSCCA,
706458　華義永豐59購01,TW26Z7064580,2026/03/23,上櫃,,RWSCCA,
706459　鴻呈永豐59購01,TW26Z7064598,2026/03/23,上櫃,,RWSCCA,
706460　雙鴻永豐5B購02,TW26Z7064606,2026/03/23,上櫃,,RWSCCA,
706461　鑫聯永豐61購01,TW26Z7064614,2026/03/23,上櫃,,RWSCCA,
706462　中美晶元富59購03,TW26Z7064622,2026/03/23,上櫃,,RWSCCA,
706463　台特化元富59購02,TW26Z7064630,2026/03/23,上櫃,,RWSCCA,
706464　台燿元富63購01,TW26Z7064648,2026/03/23,上櫃,,RWSCCA,
706465　弘塑元富59購04,TW26Z7064655,2026/03/23,上櫃,,RWSCCA,
706466　宏觀元富59購01,TW26Z7064663,2026/03/23,上櫃,,RWSCCA,
706467　信昌電元富59購01,TW26Z7064671,2026/03/23,上櫃,,RWSCCA,
706468　華宏元富5B購01,TW26Z7064689,2026/03/23,上櫃,,RWSCCA,
706469　頎邦元富59購04,TW26Z7064697,2026/03/23,上櫃,,RWSCCA,
706470　頎邦元富59購05,TW26Z7064705,2026/03/23,上櫃,,RWSCCA,
706471　力致凱基59購01,TW26Z7064713,2026/03/24,上櫃,,RWSCCA,
706472　中美晶凱基61購01,TW26Z7064721,2026/03/24,上櫃,,RWSCCA,
706473　台燿凱基59購03,TW26Z7064739,2026/03/24,上櫃,,RWSCCA,
706474　沛亨凱基5B購01,TW26Z7064747,2026/03/24,上櫃,,RWSCCA,
706475　系微凱基59購02,TW26Z7064754,2026/03/24,上櫃,,RWSCCA,
706476　良維凱基5C購01,TW26Z7064762,2026/03/24,上櫃,,RWSCCA,
706477　宜特凱基59購03,TW26Z7064770,2026/03/24,上櫃,,RWSCCA,
706478　前鼎凱基59購03,TW26Z7064788,2026/03/24,上櫃,,RWSCCA,
706479　博智凱基61購01,TW26Z7064796,2026/03/24,上櫃,,RWSCCA,
706480　湧德凱基5B購01,TW26Z7064804,2026/03/24,上櫃,,RWSCCA,
706481　閎康凱基5A購01,TW26Z7064812,2026/03/24,上櫃,,RWSCCA,
706482　萬泰科凱基59購02,TW26Z7064820,2026/03/24,上櫃,,RWSCCA,
706483　精材凱基5A購01,TW26Z7064838,2026/03/24,上櫃,,RWSCCA,
706484　臺慶科凱基5A購01,TW26Z7064846,2026/03/24,上櫃,,RWSCCA,
706485　雙鴻凱基5C購04,TW26Z7064853,2026/03/24,上櫃,,RWSCCA,
706486　九豪國票59購02,TW26Z7064861,2026/03/24,上櫃,,RWSCCA,
706487　台燿國票5A購02,TW26Z7064879,2026/03/24,上櫃,,RWSCCA,
706488　合晶國票5A購01,TW26Z7064887,2026/03/24,上櫃,,RWSCCA,
706489　均豪國票5A購01,TW26Z7064895,2026/03/24,上櫃,,RWSCCA,
706490　頎邦國票5A購02,TW26Z7064903,2026/03/24,上櫃,,RWSCCA,
706491　鑫聯國票5A購04,TW26Z7064911,2026/03/24,上櫃,,RWSCCA,
706492　廣明兆豐63購01,TW26Z7064929,2026/03/24,上櫃,,RWSCCA,
706493　九豪群益59購01,TW26Z7064937,2026/03/24,上櫃,,RWSCCA,
706494　台燿群益59購04,TW26Z7064945,2026/03/24,上櫃,,RWSCCA,
706495　台燿群益59購05,TW26Z7064952,2026/03/24,上櫃,,RWSCCA,
706496　宜特群益63購01,TW26Z7064960,2026/03/24,上櫃,,RWSCCA,
706497　博智群益69購01,TW26Z7064978,2026/03/24,上櫃,,RWSCCA,
706498　閎康群益63購02,TW26Z7064986,2026/03/24,上櫃,,RWSCCA,
706499　頎邦群益59購01,TW26Z7064994,2026/03/24,上櫃,,RWSCCA,
706500　中美晶國泰5A購01,TW26Z7065009,2026/03/24,上櫃,,RWSCCA,
706501　合晶國泰5A購01,TW26Z7065017,2026/03/24,上櫃,,RWSCCA,
706502　良維國泰5A購01,TW26Z7065025,2026/03/24,上櫃,,RWSCCA,
706503　世界富邦61購01,TW26Z7065033,2026/03/24,上櫃,,RWSCCE,
706504　台特化富邦5A購01,TW26Z7065041,2026/03/24,上櫃,,RWSCCE,
706505　台燿富邦63購03,TW26Z7065058,2026/03/24,上櫃,,RWSCCE,
706506　中美晶元大59購01,TW26Z7065066,2026/03/24,上櫃,,RWSCCA,
706507　中美晶元大5C購02,TW26Z7065074,2026/03/24,上櫃,,RWSCCA,
706508　中美晶元大63購01,TW26Z7065082,2026/03/24,上櫃,,RWSCCA,
706509　台特化元大5A購03,TW26Z7065090,2026/03/24,上櫃,,RWSCCA,
706510　宜特元大59購01,TW26Z7065108,2026/03/24,上櫃,,RWSCCA,
706511　宜特元大59購02,TW26Z7065116,2026/03/24,上櫃,,RWSCCA,
706512　博智元大59購03,TW26Z7065124,2026/03/24,上櫃,,RWSCCA,
706513　博智元大63購01,TW26Z7065132,2026/03/24,上櫃,,RWSCCA,
706514　湧德元大59購03,TW26Z7065140,2026/03/24,上櫃,,RWSCCA,
706515　湧德元大59購04,TW26Z7065157,2026/03/24,上櫃,,RWSCCA,
706516　湧德元大59購05,TW26Z7065165,2026/03/24,上櫃,,RWSCCA,
706517　萬泰科元大5C購01,TW26Z7065173,2026/03/24,上櫃,,RWSCCA,
706518　頎邦元大59購02,TW26Z7065181,2026/03/24,上櫃,,RWSCCA,
706519　環球晶元大59購05,TW26Z7065199,2026/03/24,上櫃,,RWSCCA,
706520　環球晶元大59購06,TW26Z7065207,2026/03/24,上櫃,,RWSCCA,
706521　雙鴻元大59購25,TW26Z7065215,2026/03/24,上櫃,,RWSCCA,
706522　台燿中信59購05,TW26Z7065223,2026/03/24,上櫃,,RWSCCE,
706523　博智中信59購01,TW26Z7065231,2026/03/24,上櫃,,RWSCCE,
706524　雙鴻中信63購02,TW26Z7065249,2026/03/24,上櫃,,RWSCCE,
706525　台燿永豐59購04,TW26Z7065256,2026/03/24,上櫃,,RWSCCA,
706526　均豪永豐59購02,TW26Z7065264,2026/03/24,上櫃,,RWSCCA,
706527　前鼎永豐59購01,TW26Z7065272,2026/03/24,上櫃,,RWSCCA,
706528　勤凱永豐5C購02,TW26Z7065280,2026/03/24,上櫃,,RWSCCA,
706529　天品國票59購02,TW26Z7065298,2026/03/25,上櫃,,RWSCCA,
706530　合晶國票59購01,TW26Z7065306,2026/03/25,上櫃,,RWSCCA,
706531　均豪國票59購02,TW26Z7065314,2026/03/25,上櫃,,RWSCCA,
706532　系微國票5A購01,TW26Z7065322,2026/03/25,上櫃,,RWSCCA,
706533　佶優國票59購01,TW26Z7065330,2026/03/25,上櫃,,RWSCCA,
706534　前鼎國票61購02,TW26Z7065348,2026/03/25,上櫃,,RWSCCA,
706535　閎康國票5A購03,TW26Z7065355,2026/03/25,上櫃,,RWSCCA,
706536　順達國票5A購02,TW26Z7065363,2026/03/25,上櫃,,RWSCCA,
706537　鈺太國票59購02,TW26Z7065371,2026/03/25,上櫃,,RWSCCA,
706538　鈺太國票5A購01,TW26Z7065389,2026/03/25,上櫃,,RWSCCA,
706539　點序國票59購02,TW26Z7065397,2026/03/25,上櫃,,RWSCCA,
706540　台特化凱基59購05,TW26Z7065405,2026/03/25,上櫃,,RWSCCA,
706541　台燿凱基59購04,TW26Z7065413,2026/03/25,上櫃,,RWSCCA,
706542　合晶凱基59購02,TW26Z7065421,2026/03/25,上櫃,,RWSCCA,
706543　均豪凱基59購02,TW26Z7065439,2026/03/25,上櫃,,RWSCCA,
706544　博智凱基59購07,TW26Z7065447,2026/03/25,上櫃,,RWSCCA,
706545　閎康凱基61購01,TW26Z7065454,2026/03/25,上櫃,,RWSCCA,
706546　頎邦凱基59購02,TW26Z7065462,2026/03/25,上櫃,,RWSCCA,
706547　精測凱基59購03,TW26Z7065470,2026/03/25,上櫃,,RWSCCA,
706548　雙鴻凱基5A購03,TW26Z7065488,2026/03/25,上櫃,,RWSCCA,
706549　穩得凱基63購01,TW26Z7065496,2026/03/25,上櫃,,RWSCCA,
706550　鑫聯凱基61購01,TW26Z7065504,2026/03/25,上櫃,,RWSCCA,
706551　聚和中信59購01,TW26Z7065512,2026/03/25,上櫃,,RWSCCE,
706552　台燿永豐5C購02,TW26Z7065520,2026/03/25,上櫃,,RWSCCA,
706553　台燿永豐64購01,TW26Z7065538,2026/03/25,上櫃,,RWSCCA,
706554　宏觀永豐59購01,TW26Z7065546,2026/03/25,上櫃,,RWSCCA,
706555　系微永豐5A購01,TW26Z7065553,2026/03/25,上櫃,,RWSCCA,
706556　聖暉*永豐5A購02,TW26Z7065561,2026/03/25,上櫃,,RWSCCA,
706557　聖暉*永豐5B購01,TW26Z7065579,2026/03/25,上櫃,,RWSCCA,
706558　聚和永豐5B購01,TW26Z7065587,2026/03/25,上櫃,,RWSCCA,
706559　博智元富59購01,TW26Z7065595,2026/03/25,上櫃,,RWSCCA,
706560　台燿國泰5A購03,TW26Z7065603,2026/03/25,上櫃,,RWSCCA,
706561　宜特國泰5A購01,TW26Z7065611,2026/03/25,上櫃,,RWSCCA,
706562　鑫聯國泰5A購02,TW26Z7065629,2026/03/25,上櫃,,RWSCCA,
706563　台燿富邦73購01,TW26Z7065637,2026/03/25,上櫃,,RWSCCE,
706564　良維富邦5C購01,TW26Z7065645,2026/03/25,上櫃,,RWSCCE,
706565　博智富邦61購01,TW26Z7065652,2026/03/25,上櫃,,RWSCCE,
706566　順達富邦5C購01,TW26Z7065660,2026/03/25,上櫃,,RWSCCE,
706567　精測富邦5B購01,TW26Z7065678,2026/03/25,上櫃,,RWSCCE,
706568　力致群益59購01,TW26Z7065686,2026/03/25,上櫃,,RWSCCA,
706569　中美晶群益5B購01,TW26Z7065694,2026/03/25,上櫃,,RWSCCA,
706570　永信建群益59購01,TW26Z7065702,2026/03/25,上櫃,,RWSCCA,
706571　宏觀群益59購04,TW26Z7065710,2026/03/25,上櫃,,RWSCCA,
706572　良維群益61購01,TW26Z7065728,2026/03/25,上櫃,,RWSCCA,
706573　博智群益63購01,TW26Z7065736,2026/03/25,上櫃,,RWSCCA,
706574　閎康群益5B購02,TW26Z7065744,2026/03/25,上櫃,,RWSCCA,
706575　閎康群益5B購03,TW26Z7065751,2026/03/25,上櫃,,RWSCCA,
706576　順達群益5C購01,TW26Z7065769,2026/03/25,上櫃,,RWSCCA,
706577　精材群益59購03,TW26Z7065777,2026/03/25,上櫃,,RWSCCA,
706578　精測群益59購05,TW26Z7065785,2026/03/25,上櫃,,RWSCCA,
706579　精測群益63購01,TW26Z7065793,2026/03/25,上櫃,,RWSCCA,
706580　雙鴻群益59購11,TW26Z7065801,2026/03/25,上櫃,,RWSCCA,
706581　九豪元大59購01,TW26Z7065819,2026/03/25,上櫃,,RWSCCA,
706582　台燿元大59購06,TW26Z7065827,2026/03/25,上櫃,,RWSCCA,
706583　台燿元大59購07,TW26Z7065835,2026/03/25,上櫃,,RWSCCA,
706584　台燿元大59購08,TW26Z7065843,2026/03/25,上櫃,,RWSCCA,
706585　宏捷科元大59購02,TW26Z7065850,2026/03/25,上櫃,,RWSCCA,
706586　博智元大59購04,TW26Z7065868,2026/03/25,上櫃,,RWSCCA,
706587　博智元大59購05,TW26Z7065876,2026/03/25,上櫃,,RWSCCA,
706588　博智元大63購02,TW26Z7065884,2026/03/25,上櫃,,RWSCCA,
706589　閎康元大59購04,TW26Z7065892,2026/03/25,上櫃,,RWSCCA,
706590　萬泰科元大5C購02,TW26Z7065900,2026/03/25,上櫃,,RWSCCA,
706591　鈺太元大59購02,TW26Z7065918,2026/03/25,上櫃,,RWSCCA,
706592　鈺太元大59購03,TW26Z7065926,2026/03/25,上櫃,,RWSCCA,
706593　精測元大59購03,TW26Z7065934,2026/03/25,上櫃,,RWSCCA,
706594　精測元大5C購03,TW26Z7065942,2026/03/25,上櫃,,RWSCCA,
706595　雙鴻台新59購04,TW26Z7065959,2026/03/26,上櫃,,RWSCCE,
706596　中美晶凱基5B購01,TW26Z7065967,2026/03/26,上櫃,,RWSCCA,
706597　元太凱基59購02,TW26Z7065975,2026/03/26,上櫃,,RWSCCA,
706598　台燿凱基5A購01,TW26Z7065983,2026/03/26,上櫃,,RWSCCA,
706599　弘塑凱基59購07,TW26Z7065991,2026/03/26,上櫃,,RWSCCA,
706600　永信建凱基59購01,TW26Z7066007,2026/03/26,上櫃,,RWSCCA,
706601　系微凱基5A購01,TW26Z7066015,2026/03/26,上櫃,,RWSCCA,
706602　良維凱基5C購02,TW26Z7066023,2026/03/26,上櫃,,RWSCCA,
706603　宜特凱基59購04,TW26Z7066031,2026/03/26,上櫃,,RWSCCA,
706604　華電網凱基59購01,TW26Z7066049,2026/03/26,上櫃,,RWSCCA,
706605　華電網凱基5B購01,TW26Z7066056,2026/03/26,上櫃,,RWSCCA,
706606　華電網凱基61購01,TW26Z7066064,2026/03/26,上櫃,,RWSCCA,
706607　閎康凱基5A購02,TW26Z7066072,2026/03/26,上櫃,,RWSCCA,
706608　順達凱基5A購01,TW26Z7066080,2026/03/26,上櫃,,RWSCCA,
706609　鈺太凱基59購03,TW26Z7066098,2026/03/26,上櫃,,RWSCCA,
706610　精材凱基59購02,TW26Z7066106,2026/03/26,上櫃,,RWSCCA,
706611　元太國票5A購03,TW26Z7066114,2026/03/26,上櫃,,RWSCCA,
706612　弘塑國票5C購01,TW26Z7066122,2026/03/26,上櫃,,RWSCCA,
706613　弘塑國票63購01,TW26Z7066130,2026/03/26,上櫃,,RWSCCA,
706614　印能國票59購03,TW26Z7066148,2026/03/26,上櫃,,RWSCCA,
706615　宏觀國票5A購02,TW26Z7066155,2026/03/26,上櫃,,RWSCCA,
706616　系微國票5A購02,TW26Z7066163,2026/03/26,上櫃,,RWSCCA,
706617　美琪瑪國票5A購01,TW26Z7066171,2026/03/26,上櫃,,RWSCCA,
706618　神盾國票5A購01,TW26Z7066189,2026/03/26,上櫃,,RWSCCA,
706619　常珵國票59購01,TW26Z7066197,2026/03/26,上櫃,,RWSCCA,
706620　創泓國票59購01,TW26Z7066205,2026/03/26,上櫃,,RWSCCA,
706621　華電網國票59購02,TW26Z7066213,2026/03/26,上櫃,,RWSCCA,
706622　鈊象國票5A購02,TW26Z7066221,2026/03/26,上櫃,,RWSCCA,
706623　萬泰科國票5A購03,TW26Z7066239,2026/03/26,上櫃,,RWSCCA,
706624　穩得國票5A購01,TW26Z7066247,2026/03/26,上櫃,,RWSCCA,
706625　譜瑞國票5A購01,TW26Z7066254,2026/03/26,上櫃,,RWSCCA,
706626　元太元大59購02,TW26Z7066262,2026/03/26,上櫃,,RWSCCA,
706627　台特化元大59購07,TW26Z7066270,2026/03/26,上櫃,,RWSCCA,
706628　台燿元大59購09,TW26Z7066288,2026/03/26,上櫃,,RWSCCA,
706629　台燿元大59購10,TW26Z7066296,2026/03/26,上櫃,,RWSCCA,
706630　台燿元大59購11,TW26Z7066304,2026/03/26,上櫃,,RWSCCA,
706631　弘塑元大59購08,TW26Z7066312,2026/03/26,上櫃,,RWSCCA,
706632　弘塑元大59購09,TW26Z7066320,2026/03/26,上櫃,,RWSCCA,
706633　弘塑元大59購10,TW26Z7066338,2026/03/26,上櫃,,RWSCCA,
706634　弘塑元大59購11,TW26Z7066346,2026/03/26,上櫃,,RWSCCA,
706635　弘塑元大59購12,TW26Z7066353,2026/03/26,上櫃,,RWSCCA,
706636　弘塑元大59購13,TW26Z7066361,2026/03/26,上櫃,,RWSCCA,
706637　弘塑元大59購14,TW26Z7066379,2026/03/26,上櫃,,RWSCCA,
706638　弘塑元大59購15,TW26Z7066387,2026/03/26,上櫃,,RWSCCA,
706639　系微元大59購03,TW26Z7066395,2026/03/26,上櫃,,RWSCCA,
706640　系微元大59購04,TW26Z7066403,2026/03/26,上櫃,,RWSCCA,
706641　系微元大59購05,TW26Z7066411,2026/03/26,上櫃,,RWSCCA,
706642　系微元大59購06,TW26Z7066429,2026/03/26,上櫃,,RWSCCA,
706643　佶優元大59購01,TW26Z7066437,2026/03/26,上櫃,,RWSCCA,
706644　前鼎元大59購06,TW26Z7066445,2026/03/26,上櫃,,RWSCCA,
706645　華電網元大59購01,TW26Z7066452,2026/03/26,上櫃,,RWSCCA,
706646　台特化群益59購03,TW26Z7066460,2026/03/26,上櫃,,RWSCCA,
706647　弘塑群益5B購02,TW26Z7066478,2026/03/26,上櫃,,RWSCCA,
706648　沛亨群益59購01,TW26Z7066486,2026/03/26,上櫃,,RWSCCA,
706649　華電網群益59購01,TW26Z7066494,2026/03/26,上櫃,,RWSCCA,
706650　雙鴻群益59購12,TW26Z7066502,2026/03/26,上櫃,,RWSCCA,
706651　台燿中信59購06,TW26Z7066510,2026/03/26,上櫃,,RWSCCE,
706652　華電網中信59購01,TW26Z7066528,2026/03/26,上櫃,,RWSCCE,
706653　弘塑國泰5A購03,TW26Z7066536,2026/03/26,上櫃,,RWSCCA,
706654　弘塑國泰5A購04,TW26Z7066544,2026/03/26,上櫃,,RWSCCA,
706655　系微國泰5A購01,TW26Z7066551,2026/03/26,上櫃,,RWSCCA,
706656　佶優國泰5A購01,TW26Z7066569,2026/03/26,上櫃,,RWSCCA,
706657　順達國泰5A購01,TW26Z7066577,2026/03/26,上櫃,,RWSCCA,
706658　中美晶富邦63購01,TW26Z7066585,2026/03/26,上櫃,,RWSCCE,
706659　弘塑富邦61購02,TW26Z7066593,2026/03/26,上櫃,,RWSCCE,
706660　均豪富邦61購01,TW26Z7066601,2026/03/26,上櫃,,RWSCCE,
706661　宏觀富邦5B購01,TW26Z7066619,2026/03/26,上櫃,,RWSCCE,
706662　沛亨富邦61購01,TW26Z7066627,2026/03/26,上櫃,,RWSCCE,
706663　華電網富邦5C購01,TW26Z7066635,2026/03/26,上櫃,,RWSCCE,
706664　系微永豐5C購02,TW26Z7066643,2026/03/26,上櫃,,RWSCCA,
706665　長佳智永豐59購01,TW26Z7066650,2026/03/26,上櫃,,RWSCCA,
706666　華電網永豐5A購01,TW26Z7066668,2026/03/26,上櫃,,RWSCCA,
706667　閎康永豐5B購01,TW26Z7066676,2026/03/26,上櫃,,RWSCCA,
706668　聖暉*永豐5A購03,TW26Z7066684,2026/03/26,上櫃,,RWSCCA,
706669　聚和永豐59購01,TW26Z7066692,2026/03/26,上櫃,,RWSCCA,
706670　友輝元富59購01,TW26Z7066700,2026/03/26,上櫃,,RWSCCA,
706671　友輝元富59購02,TW26Z7066718,2026/03/26,上櫃,,RWSCCA,
706672　友輝元富59購03,TW26Z7066726,2026/03/26,上櫃,,RWSCCA,
706673　弘塑元富5C購02,TW26Z7066734,2026/03/26,上櫃,,RWSCCA,
706674　華義元富5A購01,TW26Z7066742,2026/03/26,上櫃,,RWSCCA,
706675　鑫聯元富59購02,TW26Z7066759,2026/03/26,上櫃,,RWSCCA,
706676　台特化兆豐5B購02,TW26Z7066767,2026/03/27,上櫃,,RWSCCA,
706677　順達兆豐5B購02,TW26Z7066775,2026/03/27,上櫃,,RWSCCA,
706678　雙鴻兆豐5B購03,TW26Z7066783,2026/03/27,上櫃,,RWSCCA,
706679　立碁群益59購01,TW26Z7066791,2026/03/27,上櫃,,RWSCCA,
706680　茂迪群益59購03,TW26Z7066809,2026/03/27,上櫃,,RWSCCA,
706681　華電網群益59購02,TW26Z7066817,2026/03/27,上櫃,,RWSCCA,
706682　精材群益59購04,TW26Z7066825,2026/03/27,上櫃,,RWSCCA,
706683　家登國泰5A購01,TW26Z7066833,2026/03/27,上櫃,,RWSCCA,
706684　閎康國泰5A購01,TW26Z7066841,2026/03/27,上櫃,,RWSCCA,
706685　元太富邦5B購01,TW26Z7066858,2026/03/27,上櫃,,RWSCCE,
706686　頎邦富邦5B購01,TW26Z7066866,2026/03/27,上櫃,,RWSCCE,
706687　台特化凱基63購01,TW26Z7066874,2026/03/27,上櫃,,RWSCCA,
706688　印能凱基59購05,TW26Z7066882,2026/03/27,上櫃,,RWSCCA,
706689　邑錡凱基59購01,TW26Z7066890,2026/03/27,上櫃,,RWSCCA,
706690　朋億*凱基59購01,TW26Z7066908,2026/03/27,上櫃,,RWSCCA,
706691　美琪瑪凱基5A購01,TW26Z7066916,2026/03/27,上櫃,,RWSCCA,
706692　茂迪凱基59購04,TW26Z7066924,2026/03/27,上櫃,,RWSCCA,
706693　家登凱基5C購02,TW26Z7066932,2026/03/27,上櫃,,RWSCCA,
706694　雙鴻凱基59購17,TW26Z7066940,2026/03/27,上櫃,,RWSCCA,
706695　立碁永豐5A購01,TW26Z7066957,2026/03/27,上櫃,,RWSCCA,
706696　立碁永豐5B購01,TW26Z7066965,2026/03/27,上櫃,,RWSCCA,
706697　捷創永豐59購01,TW26Z7066973,2026/03/27,上櫃,,RWSCCA,
706698　穩得永豐61購01,TW26Z7066981,2026/03/27,上櫃,,RWSCCA,
706699　立碁元富59購01,TW26Z7066999,2026/03/27,上櫃,,RWSCCA,
706700　立碁元富59購02,TW26Z7067005,2026/03/27,上櫃,,RWSCCA,
706701　立碁元富59購03,TW26Z7067013,2026/03/27,上櫃,,RWSCCA,
706702　系統電元富59購03,TW26Z7067021,2026/03/27,上櫃,,RWSCCA,
706703　鈊象中信5C購01,TW26Z7067039,2026/03/27,上櫃,,RWSCCE,
706704　聖暉*中信59購01,TW26Z7067047,2026/03/27,上櫃,,RWSCCE,
706705　立碁國票5A購01,TW26Z7067054,2026/03/27,上櫃,,RWSCCA,
706706　印能國票5A購02,TW26Z7067062,2026/03/27,上櫃,,RWSCCA,
706707　邑錡國票59購01,TW26Z7067070,2026/03/27,上櫃,,RWSCCA,
706708　閎康國票61購01,TW26Z7067088,2026/03/27,上櫃,,RWSCCA,
706709　台燿統一61購03,TW26Z7067096,2026/03/27,上櫃,,RWSCCA,
706710　良維統一62購02,TW26Z7067104,2026/03/27,上櫃,,RWSCCA,
706711　宜特統一62購02,TW26Z7067112,2026/03/27,上櫃,,RWSCCA,
706712　信紘科統一63購02,TW26Z7067120,2026/03/27,上櫃,,RWSCCA,
706713　前鼎統一63購01,TW26Z7067138,2026/03/27,上櫃,,RWSCCA,
706714　閎康統一63購01,TW26Z7067146,2026/03/27,上櫃,,RWSCCA,
706715　萬泰科統一62購02,TW26Z7067153,2026/03/27,上櫃,,RWSCCA,
706716　中美晶元大59購02,TW26Z7067161,2026/03/27,上櫃,,RWSCCA,
706717　世紀*元大59購01,TW26Z7067179,2026/03/27,上櫃,,RWSCCA,
706718　台燿元大59購12,TW26Z7067187,2026/03/27,上櫃,,RWSCCA,
706719　台燿元大59購13,TW26Z7067195,2026/03/27,上櫃,,RWSCCA,
706720　台燿元大59購14,TW26Z7067203,2026/03/27,上櫃,,RWSCCA,
706721　立碁元大59購01,TW26Z7067211,2026/03/27,上櫃,,RWSCCA,
706722　印能元大59購08,TW26Z7067229,2026/03/27,上櫃,,RWSCCA,
706723　均豪元大59購03,TW26Z7067237,2026/03/27,上櫃,,RWSCCA,
706724　良維元大59購18,TW26Z7067245,2026/03/27,上櫃,,RWSCCA,
706725　良維元大59購19,TW26Z7067252,2026/03/27,上櫃,,RWSCCA,
706726　宜特元大59購03,TW26Z7067260,2026/03/27,上櫃,,RWSCCA,
706727　宜特元大5C購01,TW26Z7067278,2026/03/27,上櫃,,RWSCCA,
706728　前鼎元大59購07,TW26Z7067286,2026/03/27,上櫃,,RWSCCA,
706729　閎康元大59購05,TW26Z7067294,2026/03/27,上櫃,,RWSCCA,
706730　閎康元大59購07,TW26Z7067302,2026/03/27,上櫃,,RWSCCA,
706731　閎康元大59購08,TW26Z7067310,2026/03/27,上櫃,,RWSCCA,
706732　閎康元大5A購01,TW26Z7067328,2026/03/27,上櫃,,RWSCCA,
706733　閎康元大63購03,TW26Z7067336,2026/03/27,上櫃,,RWSCCA,
706734　雷科元大59購01,TW26Z7067344,2026/03/27,上櫃,,RWSCCA,
706735　雙鴻元大59購26,TW26Z7067351,2026/03/27,上櫃,,RWSCCA,
706736　譜瑞元大59購03,TW26Z7067369,2026/03/27,上櫃,,RWSCCA,
706737　中美晶凱基59購02,TW26Z7067377,2026/03/30,上櫃,,RWSCCA,
706738　世紀*凱基59購03,TW26Z7067385,2026/03/30,上櫃,,RWSCCA,
706739　台燿凱基59購06,TW26Z7067393,2026/03/30,上櫃,,RWSCCA,
706740　立碁凱基59購01,TW26Z7067401,2026/03/30,上櫃,,RWSCCA,
706741　均豪凱基59購03,TW26Z7067419,2026/03/30,上櫃,,RWSCCA,
706742　宜特凱基59購05,TW26Z7067427,2026/03/30,上櫃,,RWSCCA,
706743　前鼎凱基61購01,TW26Z7067435,2026/03/30,上櫃,,RWSCCA,
706744　順達凱基59購03,TW26Z7067443,2026/03/30,上櫃,,RWSCCA,
706745　聖暉*凱基5A購01,TW26Z7067450,2026/03/30,上櫃,,RWSCCA,
706746　頎邦凱基59購03,TW26Z7067468,2026/03/30,上櫃,,RWSCCA,
706747　精材凱基59購03,TW26Z7067476,2026/03/30,上櫃,,RWSCCA,
706748　聚和凱基5A購02,TW26Z7067484,2026/03/30,上櫃,,RWSCCA,
706749　雙鴻凱基61購01,TW26Z7067492,2026/03/30,上櫃,,RWSCCA,
706750　鑫聯凱基59購03,TW26Z7067500,2026/03/30,上櫃,,RWSCCA,
706751　聖暉*兆豐5B購02,TW26Z7067518,2026/03/30,上櫃,,RWSCCA,
706752　久元國票5A購01,TW26Z7067526,2026/03/30,上櫃,,RWSCCA,
706753　元債20國票59購01,TW26Z7067534,2026/03/30,上櫃,,RWBCCA,
706754　世紀*國票5A購02,TW26Z7067542,2026/03/30,上櫃,,RWSCCA,
706755　矽科國票5A購01,TW26Z7067559,2026/03/30,上櫃,,RWSCCA,
706756　矽科國票5A購02,TW26Z7067567,2026/03/30,上櫃,,RWSCCA,
706757　常珵國票59購02,TW26Z7067575,2026/03/30,上櫃,,RWSCCA,
706758　捷創國票59購01,TW26Z7067583,2026/03/30,上櫃,,RWSCCA,
706759　捷創國票5A購01,TW26Z7067591,2026/03/30,上櫃,,RWSCCA,
706760　順達國票5B購01,TW26Z7067609,2026/03/30,上櫃,,RWSCCA,
706761　聖暉*國票5A購04,TW26Z7067617,2026/03/30,上櫃,,RWSCCA,
706762　久元元大59購01,TW26Z7067625,2026/03/30,上櫃,,RWSCCA,
706763　台燿元大59購15,TW26Z7067633,2026/03/30,上櫃,,RWSCCA,
706764　台燿元大59購16,TW26Z7067641,2026/03/30,上櫃,,RWSCCA,
706765　巨漢元大59購04,TW26Z7067658,2026/03/30,上櫃,,RWSCCA,
706766　立碁元大59購02,TW26Z7067666,2026/03/30,上櫃,,RWSCCA,
706767　宏捷科元大59購03,TW26Z7067674,2026/03/30,上櫃,,RWSCCA,
706768　良維元大59購20,TW26Z7067682,2026/03/30,上櫃,,RWSCCA,
706769　協易機元大59購02,TW26Z7067690,2026/03/30,上櫃,,RWSCCA,
706770　矽科元大59購01,TW26Z7067708,2026/03/30,上櫃,,RWSCCA,
706771　矽科元大59購02,TW26Z7067716,2026/03/30,上櫃,,RWSCCA,
706772　捷創元大59購01,TW26Z7067724,2026/03/30,上櫃,,RWSCCA,
706773　捷創元大59購02,TW26Z7067732,2026/03/30,上櫃,,RWSCCA,
706774　順達元大59購03,TW26Z7067740,2026/03/30,上櫃,,RWSCCA,
706775　順達元大59購04,TW26Z7067757,2026/03/30,上櫃,,RWSCCA,
706776　順達元大59購05,TW26Z7067765,2026/03/30,上櫃,,RWSCCA,
706777　順達元大59購06,TW26Z7067773,2026/03/30,上櫃,,RWSCCA,
706778　頎邦元大5C購01,TW26Z7067781,2026/03/30,上櫃,,RWSCCA,
706779　精材元大59購02,TW26Z7067799,2026/03/30,上櫃,,RWSCCA,
706780　臺慶科元大59購04,TW26Z7067807,2026/03/30,上櫃,,RWSCCA,
706781　雙鴻元大59購27,TW26Z7067815,2026/03/30,上櫃,,RWSCCA,
706782　印能國泰5A購02,TW26Z7067823,2026/03/30,上櫃,,RWSCCA,
706783　前鼎國泰5A購02,TW26Z7067831,2026/03/30,上櫃,,RWSCCA,
706784　聖暉*國泰5A購01,TW26Z7067849,2026/03/30,上櫃,,RWSCCA,
706785　聖暉*國泰5A購02,TW26Z7067856,2026/03/30,上櫃,,RWSCCA,
706786　世界群益59購03,TW26Z7067864,2026/03/30,上櫃,,RWSCCA,
706787　台特化群益5A購02,TW26Z7067872,2026/03/30,上櫃,,RWSCCA,
706788　宜特群益59購02,TW26Z7067880,2026/03/30,上櫃,,RWSCCA,
706789　前鼎群益5B購01,TW26Z7067898,2026/03/30,上櫃,,RWSCCA,
706790　順達群益5B購02,TW26Z7067906,2026/03/30,上櫃,,RWSCCA,
706791　萬泰科群益5A購01,TW26Z7067914,2026/03/30,上櫃,,RWSCCA,
706792　雙鴻群益59購13,TW26Z7067922,2026/03/30,上櫃,,RWSCCA,
706793　元太富邦5B購02,TW26Z7067930,2026/03/30,上櫃,,RWSCCE,
706794　宜特富邦5B購01,TW26Z7067948,2026/03/30,上櫃,,RWSCCE,
706795　前鼎富邦5B購01,TW26Z7067955,2026/03/30,上櫃,,RWSCCE,
706796　鈊象富邦5B購02,TW26Z7067963,2026/03/30,上櫃,,RWSCCE,
706797　頎邦富邦5C購01,TW26Z7067971,2026/03/30,上櫃,,RWSCCE,
706798　雙鴻富邦5B購01,TW26Z7067989,2026/03/30,上櫃,,RWSCCE,
706799　立碁統一63購01,TW26Z7067997,2026/03/30,上櫃,,RWSCCA,
706800　立碁統一66購01,TW26Z7068003,2026/03/30,上櫃,,RWSCCA,
706801　順達統一63購02,TW26Z7068011,2026/03/30,上櫃,,RWSCCA,
706802　順達統一66購01,TW26Z7068029,2026/03/30,上櫃,,RWSCCA,
706803　聖暉*統一65購01,TW26Z7068037,2026/03/30,上櫃,,RWSCCA,
706804　雙鴻統一66購01,TW26Z7068045,2026/03/30,上櫃,,RWSCCA,
706805　順達中信59購01,TW26Z7068052,2026/03/30,上櫃,,RWSCCE,
706806　世界永豐59購04,TW26Z7068060,2026/03/30,上櫃,,RWSCCA,
706807　矽科永豐5B購01,TW26Z7068078,2026/03/30,上櫃,,RWSCCA,
706808　聖暉*永豐5B購02,TW26Z7068086,2026/03/30,上櫃,,RWSCCA,
706809　頎邦永豐5A購01,TW26Z7068094,2026/03/30,上櫃,,RWSCCA,
706810　久元元富59購01,TW26Z7068102,2026/03/30,上櫃,,RWSCCA,
706811　台燿元富59購05,TW26Z7068110,2026/03/30,上櫃,,RWSCCA,
706812　前鼎元富59購02,TW26Z7068128,2026/03/30,上櫃,,RWSCCA,
706813　勤凱元富59購02,TW26Z7068136,2026/03/30,上櫃,,RWSCCA,
706814　聖暉*元富59購03,TW26Z7068144,2026/03/30,上櫃,,RWSCCA,
706815　鑫聯元富59購03,TW26Z7068151,2026/03/30,上櫃,,RWSCCA,
706816　聖暉*台新59購01,TW26Z7068169,2026/03/31,上櫃,,RWSCCE,
706817　久元凱基59購01,TW26Z7068177,2026/03/31,上櫃,,RWSCCA,
706818　世界凱基5C購02,TW26Z7068185,2026/03/31,上櫃,,RWSCCA,
706819　台特化凱基59購06,TW26Z7068193,2026/03/31,上櫃,,RWSCCA,
706820　台燿凱基59購07,TW26Z7068201,2026/03/31,上櫃,,RWSCCA,
706821　巨漢凱基59購03,TW26Z7068219,2026/03/31,上櫃,,RWSCCA,
706822　良維凱基59購05,TW26Z7068227,2026/03/31,上櫃,,RWSCCA,
706823　東捷凱基59購02,TW26Z7068235,2026/03/31,上櫃,,RWSCCA,
706824　東捷凱基5A購02,TW26Z7068243,2026/03/31,上櫃,,RWSCCA,
706825　前鼎凱基5B購01,TW26Z7068250,2026/03/31,上櫃,,RWSCCA,
706826　順達凱基5B購02,TW26Z7068268,2026/03/31,上櫃,,RWSCCA,
706827　聚和康和59購01,TW26Z7068276,2026/03/31,上櫃,,RWSCCA,
706828　凡甲元大59購02,TW26Z7068284,2026/03/31,上櫃,,RWSCCA,
706829　元債20元大5B購02,TW26Z7068292,2026/03/31,上櫃,,RWBCCA,
706830　元債20元大62購01,TW26Z7068300,2026/03/31,上櫃,,RWBCCA,
706831　元債20元大65購01,TW26Z7068318,2026/03/31,上櫃,,RWBCCA,
706832　台燿元大59購17,TW26Z7068326,2026/03/31,上櫃,,RWSCCA,
706833　台燿元大59購18,TW26Z7068334,2026/03/31,上櫃,,RWSCCA,
706834　台燿元大59購19,TW26Z7068342,2026/03/31,上櫃,,RWSCCA,
706835　台燿元大59購20,TW26Z7068359,2026/03/31,上櫃,,RWSCCA,
706836　宏捷科元大59購04,TW26Z7068367,2026/03/31,上櫃,,RWSCCA,
706837　良維元大59購21,TW26Z7068375,2026/03/31,上櫃,,RWSCCA,
706838　良維元大59購22,TW26Z7068383,2026/03/31,上櫃,,RWSCCA,
706839　宜特元大59購04,TW26Z7068391,2026/03/31,上櫃,,RWSCCA,
706840　東捷元大59購02,TW26Z7068409,2026/03/31,上櫃,,RWSCCA,
706841　華電網元大5C購01,TW26Z7068417,2026/03/31,上櫃,,RWSCCA,
706842　鈊象元大59購02,TW26Z7068425,2026/03/31,上櫃,,RWSCCA,
706843　鈊象元大5C購04,TW26Z7068433,2026/03/31,上櫃,,RWSCCA,
706844　鈊象元大63購04,TW26Z7068441,2026/03/31,上櫃,,RWSCCA,
706845　萬泰科元大63購01,TW26Z7068458,2026/03/31,上櫃,,RWSCCA,
706846　雙鴻元大59購28,TW26Z7068466,2026/03/31,上櫃,,RWSCCA,
706847　雙鴻元大59購29,TW26Z7068474,2026/03/31,上櫃,,RWSCCA,
706848　台燿中信59購07,TW26Z7068482,2026/03/31,上櫃,,RWSCCE,
706849　台燿永豐5B購02,TW26Z7068490,2026/03/31,上櫃,,RWSCCA,
706850　東捷永豐5C購01,TW26Z7068508,2026/03/31,上櫃,,RWSCCA,
706851　前鼎永豐5B購02,TW26Z7068516,2026/03/31,上櫃,,RWSCCA,
706852　鈊象永豐5B購01,TW26Z7068524,2026/03/31,上櫃,,RWSCCA,
706853　東捷國泰5A購02,TW26Z7068532,2026/03/31,上櫃,,RWSCCA,
706854　台燿元富59購06,TW26Z7068540,2026/03/31,上櫃,,RWSCCA,
706855　宜特元富59購01,TW26Z7068557,2026/03/31,上櫃,,RWSCCA,
706856　宜特元富5C購01,TW26Z7068565,2026/03/31,上櫃,,RWSCCA,
706857　匯鑽科元富5A購01,TW26Z7068573,2026/03/31,上櫃,,RWSCCA,
706858　聖暉*元富59購04,TW26Z7068581,2026/03/31,上櫃,,RWSCCA,
706859　漢科元富5A購01,TW26Z7068599,2026/03/31,上櫃,,RWSCCA,
706860　廣運元富5C購01,TW26Z7068607,2026/03/31,上櫃,,RWSCCA,
706861　德微元富59購04,TW26Z7068615,2026/03/31,上櫃,,RWSCCA,
706862　穩得元富59購02,TW26Z7068623,2026/03/31,上櫃,,RWSCCA,
706863　中美晶群益62購01,TW26Z7068631,2026/03/31,上櫃,,RWSCCA,
706864　台燿群益59購06,TW26Z7068649,2026/03/31,上櫃,,RWSCCA,
706865　東捷群益62購01,TW26Z7068656,2026/03/31,上櫃,,RWSCCA,
706866　東捷群益63購02,TW26Z7068664,2026/03/31,上櫃,,RWSCCA,
706867　前鼎群益5B購02,TW26Z7068672,2026/03/31,上櫃,,RWSCCA,
706868　順達群益5A購02,TW26Z7068680,2026/03/31,上櫃,,RWSCCA,
706869　鈊象群益59購02,TW26Z7068698,2026/03/31,上櫃,,RWSCCA,
706870　鈊象群益59購03,TW26Z7068706,2026/03/31,上櫃,,RWSCCA,
706871　鈊象群益5B購01,TW26Z7068714,2026/03/31,上櫃,,RWSCCA,
706872　聖暉*群益5C購01,TW26Z7068722,2026/03/31,上櫃,,RWSCCA,
706873　精材群益59購05,TW26Z7068730,2026/03/31,上櫃,,RWSCCA,
706874　雙鴻群益59購14,TW26Z7068748,2026/03/31,上櫃,,RWSCCA,
706875　鑫科群益5B購01,TW26Z7068755,2026/03/31,上櫃,,RWSCCA,
706876　久元國票5A購02,TW26Z7068763,2026/03/31,上櫃,,RWSCCA,
706877　美琪瑪國票5A購02,TW26Z7068771,2026/03/31,上櫃,,RWSCCA,
706878　神盾國票62購01,TW26Z7068789,2026/03/31,上櫃,,RWSCCA,
706879　鈊象國票5A購03,TW26Z7068797,2026/03/31,上櫃,,RWSCCA,
706880　頎邦國票5A購03,TW26Z7068805,2026/03/31,上櫃,,RWSCCA,
706881　世紀*元大59購02,TW26Z7068813,2026/04/01,上櫃,,RWSCCA,
706882　台燿元大59購21,TW26Z7068821,2026/04/01,上櫃,,RWSCCA,
706883　台燿元大59購22,TW26Z7068839,2026/04/01,上櫃,,RWSCCA,
706884　台燿元大59購23,TW26Z7068847,2026/04/01,上櫃,,RWSCCA,
706885　台燿元大59購24,TW26Z7068854,2026/04/01,上櫃,,RWSCCA,
706886　良維元大59購23,TW26Z7068862,2026/04/01,上櫃,,RWSCCA,
706887　東捷元大5C購01,TW26Z7068870,2026/04/01,上櫃,,RWSCCA,
706888　前鼎元大5C購01,TW26Z7068888,2026/04/01,上櫃,,RWSCCA,
706889　順達元大59購07,TW26Z7068896,2026/04/01,上櫃,,RWSCCA,
706890　順達元大59購08,TW26Z7068904,2026/04/01,上櫃,,RWSCCA,
706891　順達元大59購09,TW26Z7068912,2026/04/01,上櫃,,RWSCCA,
706892　鈊象元大63購05,TW26Z7068920,2026/04/01,上櫃,,RWSCCA,
706893　頎邦元大59購03,TW26Z7068938,2026/04/01,上櫃,,RWSCCA,
706894　頎邦元大63購05,TW26Z7068946,2026/04/01,上櫃,,RWSCCA,
706895　均豪國泰5B購01,TW26Z7068953,2026/04/01,上櫃,,RWSCCA,
706896　宏觀富邦5B購02,TW26Z7068961,2026/04/01,上櫃,,RWSCCE,
706897　凡甲凱基59購02,TW26Z7068979,2026/04/01,上櫃,,RWSCCA,
706898　元債20凱基5B購01,TW26Z7068987,2026/04/01,上櫃,,RWBCCA,
706899　宜特凱基59購06,TW26Z7068995,2026/04/01,上櫃,,RWSCCA,
706900　鈊象凱基5B購01,TW26Z7069001,2026/04/01,上櫃,,RWSCCA,
706901　聖暉*凱基5B購03,TW26Z7069019,2026/04/01,上櫃,,RWSCCA,
706902　雙鴻凱基59購18,TW26Z7069027,2026/04/01,上櫃,,RWSCCA,
706903　台燿國票5B購02,TW26Z7069035,2026/04/01,上櫃,,RWSCCA,
706904　信音國票59購01,TW26Z7069043,2026/04/01,上櫃,,RWSCCA,
706905　宣德國票5B購01,TW26Z7069050,2026/04/01,上櫃,,RWSCCA,
706906　蜜望實國票59購01,TW26Z7069068,2026/04/01,上櫃,,RWSCCA,
706907　雙鴻國票5B購02,TW26Z7069076,2026/04/01,上櫃,,RWSCCA,
706908　台燿群益59購07,TW26Z7069084,2026/04/01,上櫃,,RWSCCA,
706909　順達群益59購01,TW26Z7069092,2026/04/01,上櫃,,RWSCCA,
706910　元太元富63購01,TW26Z7069100,2026/04/01,上櫃,,RWSCCA,
706911　台燿元富59購07,TW26Z7069118,2026/04/01,上櫃,,RWSCCA,
706912　神盾元富59購01,TW26Z7069126,2026/04/01,上櫃,,RWSCCA,
706913　神盾元富59購02,TW26Z7069134,2026/04/01,上櫃,,RWSCCA,
706914　鈊象中信63購01,TW26Z7069142,2026/04/01,上櫃,,RWSCCE,
706915　中光電永豐5B購01,TW26Z7069159,2026/04/01,上櫃,,RWSCCA,
706916　元太永豐5B購01,TW26Z7069167,2026/04/01,上櫃,,RWSCCA,
706917　宜特永豐59購03,TW26Z7069175,2026/04/01,上櫃,,RWSCCA,
706918　環球晶永豐5B購02,TW26Z7069183,2026/04/01,上櫃,,RWSCCA,
706919　雙鴻永豐5C購02,TW26Z7069191,2026/04/01,上櫃,,RWSCCA,
706920　久元永豐5A購01,TW26Z7069209,2026/04/02,上櫃,,RWSCCA,
706921　協易機永豐5C購01,TW26Z7069217,2026/04/02,上櫃,,RWSCCA,
706922　宜特永豐5C購02,TW26Z7069225,2026/04/02,上櫃,,RWSCCA,
706923　信音永豐5C購01,TW26Z7069233,2026/04/02,上櫃,,RWSCCA,
706924　勤凱永豐61購01,TW26Z7069241,2026/04/02,上櫃,,RWSCCA,
706925　匯鑽科永豐61購01,TW26Z7069258,2026/04/02,上櫃,,RWSCCA,
706926　精星永豐5B購01,TW26Z7069266,2026/04/02,上櫃,,RWSCCA,
706927　廣閎科永豐5C購01,TW26Z7069274,2026/04/02,上櫃,,RWSCCA,
706928　台燿凱基5B購03,TW26Z7069282,2026/04/02,上櫃,,RWSCCA,
706929　宏觀凱基5A購01,TW26Z7069290,2026/04/02,上櫃,,RWSCCA,
706930　良維凱基5A購03,TW26Z7069308,2026/04/02,上櫃,,RWSCCA,
706931　前鼎凱基5A購02,TW26Z7069316,2026/04/02,上櫃,,RWSCCA,
706932　順達凱基5A購02,TW26Z7069324,2026/04/02,上櫃,,RWSCCA,
706933　頎邦凱基5A購01,TW26Z7069332,2026/04/02,上櫃,,RWSCCA,
706934　千附國票5B購01,TW26Z7069340,2026/04/02,上櫃,,RWSCCA,
706935　千附精國票5B購01,TW26Z7069357,2026/04/02,上櫃,,RWSCCA,
706936　盈正國票5B購01,TW26Z7069365,2026/04/02,上櫃,,RWSCCA,
706937　寬宏國票5A購01,TW26Z7069373,2026/04/02,上櫃,,RWSCCA,
706938　廣閎科國票5B購01,TW26Z7069381,2026/04/02,上櫃,,RWSCCA,
706939　久元國泰5B購01,TW26Z7069399,2026/04/02,上櫃,,RWSCCA,
706940　華電網國泰5B購01,TW26Z7069407,2026/04/02,上櫃,,RWSCCA,
706941　精材國泰5B購01,TW26Z7069415,2026/04/02,上櫃,,RWSCCA,
706942　久元富邦5C購01,TW26Z7069423,2026/04/02,上櫃,,RWSCCE,
706943　台燿富邦5A購01,TW26Z7069431,2026/04/02,上櫃,,RWSCCE,
706944　台燿元大5A購02,TW26Z7069449,2026/04/02,上櫃,,RWSCCA,
706945　台燿元大62購01,TW26Z7069456,2026/04/02,上櫃,,RWSCCA,
706946　台燿元大64購01,TW26Z7069464,2026/04/02,上櫃,,RWSCCA,
706947　印能元大5A購01,TW26Z7069472,2026/04/02,上櫃,,RWSCCA,
706948　印能元大64購01,TW26Z7069480,2026/04/02,上櫃,,RWSCCA,
706949　良維元大61購01,TW26Z7069498,2026/04/02,上櫃,,RWSCCA,
706950　東捷元大61購01,TW26Z7069506,2026/04/02,上櫃,,RWSCCA,
706951　順達元大5A購06,TW26Z7069514,2026/04/02,上櫃,,RWSCCA,
706952　順達元大64購01,TW26Z7069522,2026/04/02,上櫃,,RWSCCA,
706953　鈊象元大64購02,TW26Z7069530,2026/04/02,上櫃,,RWSCCA,
706954　匯鑽科元大5A購01,TW26Z7069548,2026/04/02,上櫃,,RWSCCA,
706955　匯鑽科元大5A購02,TW26Z7069555,2026/04/02,上櫃,,RWSCCA,
706956　點序元大5A購01,TW26Z7069563,2026/04/02,上櫃,,RWSCCA,
706957　雙鴻元大5A購05,TW26Z7069571,2026/04/02,上櫃,,RWSCCA,
706958　世紀*群益5A購01,TW26Z7069589,2026/04/02,上櫃,,RWSCCA,
706959　台燿群益5A購01,TW26Z7069597,2026/04/02,上櫃,,RWSCCA,
706960　印能群益5A購01,TW26Z7069605,2026/04/02,上櫃,,RWSCCA,
706961　亞電群益5A購01,TW26Z7069613,2026/04/02,上櫃,,RWSCCA,
706962　亞電群益5C購01,TW26Z7069621,2026/04/02,上櫃,,RWSCCA,
706963　匯鑽科群益5C購01,TW26Z7069639,2026/04/02,上櫃,,RWSCCA,
706964　鈺太群益5A購02,TW26Z7069647,2026/04/02,上櫃,,RWSCCA,
706965　千附凱基5B購01,TW26Z7069654,2026/04/07,上櫃,,RWSCCA,
706966　千附精凱基5B購01,TW26Z7069662,2026/04/07,上櫃,,RWSCCA,
706967　世紀*凱基5A購01,TW26Z7069670,2026/04/07,上櫃,,RWSCCA,
706968　印能凱基64購01,TW26Z7069688,2026/04/07,上櫃,,RWSCCA,
706969　神盾凱基63購01,TW26Z7069696,2026/04/07,上櫃,,RWSCCA,
706970　鈊象凱基64購01,TW26Z7069704,2026/04/07,上櫃,,RWSCCA,
706971　雙鴻凱基5A購05,TW26Z7069712,2026/04/07,上櫃,,RWSCCA,
706972　印能國票5A購03,TW26Z7069720,2026/04/07,上櫃,,RWSCCA,
706973　宏碩國票5C購01,TW26Z7069738,2026/04/07,上櫃,,RWSCCA,
706974　亞電國票5A購01,TW26Z7069746,2026/04/07,上櫃,,RWSCCA,
706975　高僑國票61購01,TW26Z7069753,2026/04/07,上櫃,,RWSCCA,
706976　新門國票61購01,TW26Z7069761,2026/04/07,上櫃,,RWSCCA,
706977　耀勝國票61購01,TW26Z7069779,2026/04/07,上櫃,,RWSCCA,
706978　印能國泰5B購01,TW26Z7069787,2026/04/07,上櫃,,RWSCCA,
706979　穩得國泰5B購01,TW26Z7069795,2026/04/07,上櫃,,RWSCCA,
706980　神盾統一64購01,TW26Z7069803,2026/04/07,上櫃,,RWSCCA,
706981　神盾統一64購02,TW26Z7069811,2026/04/07,上櫃,,RWSCCA,
706982　印能永豐64購01,TW26Z7069829,2026/04/07,上櫃,,RWSCCA,
706983　宏觀永豐5C購01,TW26Z7069837,2026/04/07,上櫃,,RWSCCA,
706984　亞電永豐61購01,TW26Z7069845,2026/04/07,上櫃,,RWSCCA,
706985　原相永豐5B購02,TW26Z7069852,2026/04/07,上櫃,,RWSCCA,
706986　神盾永豐5C購02,TW26Z7069860,2026/04/07,上櫃,,RWSCCA,
706987　創泓永豐5C購01,TW26Z7069878,2026/04/07,上櫃,,RWSCCA,
706988　撼訊永豐5C購01,TW26Z7069886,2026/04/07,上櫃,,RWSCCA,
706989　元太元大5A購01,TW26Z7069894,2026/04/07,上櫃,,RWSCCA,
706990　天品元大5A購01,TW26Z7069902,2026/04/07,上櫃,,RWSCCA,
706991　世紀*元大5A購01,TW26Z7069910,2026/04/07,上櫃,,RWSCCA,
706992　台燿元大5A購03,TW26Z7069928,2026/04/07,上櫃,,RWSCCA,
706993　台燿元大64購02,TW26Z7069936,2026/04/07,上櫃,,RWSCCA,
706994　宏捷科元大5A購01,TW26Z7069944,2026/04/07,上櫃,,RWSCCA,
706995　匯鑽科元大5A購03,TW26Z7069951,2026/04/07,上櫃,,RWSCCA,
706996　精材元大5A購03,TW26Z7069969,2026/04/07,上櫃,,RWSCCA,
706997　加百裕群益5A購01,TW26Z7069977,2026/04/07,上櫃,,RWSCCA,
706998　印能群益5A購02,TW26Z7069985,2026/04/07,上櫃,,RWSCCA,
706999　均豪群益62購01,TW26Z7069993,2026/04/07,上櫃,,RWSCCA,
707000　高僑群益5B購01,TW26Z7070009,2026/04/07,上櫃,,RWSCCA,
707001　常珵群益5A購01,TW26Z7070017,2026/04/07,上櫃,,RWSCCA,
707002　鈊象群益5A購01,TW26Z7070025,2026/04/07,上櫃,,RWSCCA,
707003　群翊群益5B購01,TW26Z7070033,2026/04/07,上櫃,,RWSCCA,
707004　雙鴻群益5A購05,TW26Z7070041,2026/04/07,上櫃,,RWSCCA,
707005　久元元大5A購01,TW26Z7070058,2026/04/08,上櫃,,RWSCCA,
707006　台嘉碩元大5A購01,TW26Z7070066,2026/04/08,上櫃,,RWSCCA,
707007　印能元大5A購02,TW26Z7070074,2026/04/08,上櫃,,RWSCCA,
707008　印能元大5A購03,TW26Z7070082,2026/04/08,上櫃,,RWSCCA,
707009　印能元大5A購05,TW26Z7070090,2026/04/08,上櫃,,RWSCCA,
707010　印能元大5A購06,TW26Z7070108,2026/04/08,上櫃,,RWSCCA,
707011　印能元大5B購01,TW26Z7070116,2026/04/08,上櫃,,RWSCCA,
707012　印能元大5C購02,TW26Z7070124,2026/04/08,上櫃,,RWSCCA,
707013　印能元大61購01,TW26Z7070132,2026/04/08,上櫃,,RWSCCA,
707014　印能元大64購02,TW26Z7070140,2026/04/08,上櫃,,RWSCCA,
707015　均豪元大5A購01,TW26Z7070157,2026/04/08,上櫃,,RWSCCA,
707016　宏捷科元大5A購02,TW26Z7070165,2026/04/08,上櫃,,RWSCCA,
707017　宏捷科元大5C購03,TW26Z7070173,2026/04/08,上櫃,,RWSCCA,
707018　系微元大5A購01,TW26Z7070181,2026/04/08,上櫃,,RWSCCA,
707019　宜特元大5A購01,TW26Z7070199,2026/04/08,上櫃,,RWSCCA,
707020　信立元大5A購01,TW26Z7070207,2026/04/08,上櫃,,RWSCCA,
707021　前鼎元大5A購01,TW26Z7070215,2026/04/08,上櫃,,RWSCCA,
707022　美琪瑪元大5A購01,TW26Z7070223,2026/04/08,上櫃,,RWSCCA,
707023　華電網元大5A購01,TW26Z7070231,2026/04/08,上櫃,,RWSCCA,
707024　廣閎科元大5A購01,TW26Z7070249,2026/04/08,上櫃,,RWSCCA,
707025　雙鴻元大61購11,TW26Z7070256,2026/04/08,上櫃,,RWSCCA,
707026　久昌凱基5A購01,TW26Z7070264,2026/04/08,上櫃,,RWSCCA,
707027　台燿凱基5B購04,TW26Z7070272,2026/04/08,上櫃,,RWSCCA,
707028　印能凱基5A購03,TW26Z7070280,2026/04/08,上櫃,,RWSCCA,
707029　宏觀凱基5B購02,TW26Z7070298,2026/04/08,上櫃,,RWSCCA,
707030　系微凱基5A購02,TW26Z7070306,2026/04/08,上櫃,,RWSCCA,
707031　協易機凱基5A購01,TW26Z7070314,2026/04/08,上櫃,,RWSCCA,
707032　東捷凱基61購01,TW26Z7070322,2026/04/08,上櫃,,RWSCCA,
707033　前鼎凱基5A購03,TW26Z7070330,2026/04/08,上櫃,,RWSCCA,
707034　健亞凱基5A購01,TW26Z7070348,2026/04/08,上櫃,,RWSCCA,
707035　陽程凱基5A購01,TW26Z7070355,2026/04/08,上櫃,,RWSCCA,
707036　陽程凱基5A購02,TW26Z7070363,2026/04/08,上櫃,,RWSCCA,
707037　廣閎科凱基5B購01,TW26Z7070371,2026/04/08,上櫃,,RWSCCA,
707038　衛司特凱基5A購01,TW26Z7070389,2026/04/08,上櫃,,RWSCCA,
707039　久昌國票5B購01,TW26Z7070397,2026/04/08,上櫃,,RWSCCA,
707040　千如國票5B購01,TW26Z7070405,2026/04/08,上櫃,,RWSCCA,
707041　台嘉碩國票5A購01,TW26Z7070413,2026/04/08,上櫃,,RWSCCA,
707042　印能國票5B購01,TW26Z7070421,2026/04/08,上櫃,,RWSCCA,
707043　沛亨國票5B購01,TW26Z7070439,2026/04/08,上櫃,,RWSCCA,
707044　威聯通國票5B購01,TW26Z7070447,2026/04/08,上櫃,,RWSCCA,
707045　茂綸國票5B購01,TW26Z7070454,2026/04/08,上櫃,,RWSCCA,
707046　博盛國票5B購01,TW26Z7070462,2026/04/08,上櫃,,RWSCCA,
707047　衛司特國票5B購01,TW26Z7070470,2026/04/08,上櫃,,RWSCCA,
707048　雙鴻中信64購01,TW26Z7070488,2026/04/08,上櫃,,RWSCCE,
707049　久昌永豐5A購01,TW26Z7070496,2026/04/08,上櫃,,RWSCCA,
707050　印能永豐5A購02,TW26Z7070504,2026/04/08,上櫃,,RWSCCA,
707051　印能永豐61購01,TW26Z7070512,2026/04/08,上櫃,,RWSCCA,
707052　同致永豐5C購01,TW26Z7070520,2026/04/08,上櫃,,RWSCCA,
707053　同致永豐61購01,TW26Z7070538,2026/04/08,上櫃,,RWSCCA,
707054　安葆永豐5B購01,TW26Z7070546,2026/04/08,上櫃,,RWSCCA,
707055　宏碩永豐61購01,TW26Z7070553,2026/04/08,上櫃,,RWSCCA,
707056　宜特永豐5B購01,TW26Z7070561,2026/04/08,上櫃,,RWSCCA,
707057　威聯通永豐5A購01,TW26Z7070579,2026/04/08,上櫃,,RWSCCA,
707058　晟德永豐5B購01,TW26Z7070587,2026/04/08,上櫃,,RWSCCA,
707059　健亞永豐5B購01,TW26Z7070595,2026/04/08,上櫃,,RWSCCA,
707060　智通*永豐5C購01,TW26Z7070603,2026/04/08,上櫃,,RWSCCA,
707061　鈺太永豐5C購01,TW26Z7070611,2026/04/08,上櫃,,RWSCCA,
707062　磐亞永豐5B購01,TW26Z7070629,2026/04/08,上櫃,,RWSCCA,
707063　台嘉碩國泰5B購01,TW26Z7070637,2026/04/08,上櫃,,RWSCCA,
707064　金山電國泰5B購01,TW26Z7070645,2026/04/08,上櫃,,RWSCCA,
707065　群翊國泰5B購01,TW26Z7070652,2026/04/08,上櫃,,RWSCCA,
707066　元太富邦5C購01,TW26Z7070660,2026/04/08,上櫃,,RWSCCE,
707067　雙鴻富邦5C購05,TW26Z7070678,2026/04/08,上櫃,,RWSCCE,
707068　雙鴻富邦5C購06,TW26Z7070686,2026/04/08,上櫃,,RWSCCE,
707069　台燿統一67購01,TW26Z7070694,2026/04/08,上櫃,,RWSCCA,
707070　台燿統一74購01,TW26Z7070702,2026/04/08,上櫃,,RWSCCA,
707071　立碁統一67購01,TW26Z7070710,2026/04/08,上櫃,,RWSCCA,
707072　立碁統一74購01,TW26Z7070728,2026/04/08,上櫃,,RWSCCA,
707073　印能統一63購02,TW26Z7070736,2026/04/08,上櫃,,RWSCCA,
707074　印能統一74購01,TW26Z7070744,2026/04/08,上櫃,,RWSCCA,
707075　沛亨統一74購01,TW26Z7070751,2026/04/08,上櫃,,RWSCCA,
707076　系統電統一67購01,TW26Z7070769,2026/04/08,上櫃,,RWSCCA,
707077　東捷統一63購01,TW26Z7070777,2026/04/08,上櫃,,RWSCCA,
707078　能率統一67購01,TW26Z7070785,2026/04/08,上櫃,,RWSCCA,
707079　華電網統一64購01,TW26Z7070793,2026/04/08,上櫃,,RWSCCA,
707080　華電網統一74購01,TW26Z7070801,2026/04/08,上櫃,,RWSCCA,
707081　陽程統一64購01,TW26Z7070819,2026/04/08,上櫃,,RWSCCA,
707082　順達統一63購03,TW26Z7070827,2026/04/08,上櫃,,RWSCCA,
707083　頎邦統一63購01,TW26Z7070835,2026/04/08,上櫃,,RWSCCA,
707084　頎邦統一64購01,TW26Z7070843,2026/04/08,上櫃,,RWSCCA,
707085　頎邦統一66購01,TW26Z7070850,2026/04/08,上櫃,,RWSCCA,
707086　廣閎科統一64購01,TW26Z7070868,2026/04/08,上櫃,,RWSCCA,
707087　廣閎科統一74購01,TW26Z7070876,2026/04/08,上櫃,,RWSCCA,
707088　德微統一67購01,TW26Z7070884,2026/04/08,上櫃,,RWSCCA,
707089　雙鴻統一62購05,TW26Z7070892,2026/04/08,上櫃,,RWSCCA,
707090　雙鴻統一66購02,TW26Z7070900,2026/04/08,上櫃,,RWSCCA,
707091　久元群益5A購01,TW26Z7070918,2026/04/08,上櫃,,RWSCCA,
707092　千附群益5A購01,TW26Z7070926,2026/04/08,上櫃,,RWSCCA,
707093　友輝群益5A購01,TW26Z7070934,2026/04/08,上櫃,,RWSCCA,
707094　正淩群益5A購01,TW26Z7070942,2026/04/08,上櫃,,RWSCCA,
707095　同致群益5A購01,TW26Z7070959,2026/04/08,上櫃,,RWSCCA,
707096　岳豐群益5A購01,TW26Z7070967,2026/04/08,上櫃,,RWSCCA,
707097　茂綸群益5A購01,TW26Z7070975,2026/04/08,上櫃,,RWSCCA,
707098　倚強群益5A購01,TW26Z7070983,2026/04/08,上櫃,,RWSCCA,
707099　健亞群益5A購01,TW26Z7070991,2026/04/08,上櫃,,RWSCCA,
707100　聚和群益5A購01,TW26Z7071007,2026/04/08,上櫃,,RWSCCA,
707101　廣閎科群益5A購01,TW26Z7071015,2026/04/08,上櫃,,RWSCCA,
707102　寶雅群益5A購01,TW26Z7071023,2026/04/08,上櫃,,RWSCCA,
707103　中光電兆豐64購01,TW26Z7071031,2026/04/09,上櫃,,RWSCCA,
707104　九豪群益5A購02,TW26Z7071049,2026/04/09,上櫃,,RWSCCA,
707105　台燿群益5A購02,TW26Z7071056,2026/04/09,上櫃,,RWSCCA,
707106　矽科群益5A購01,TW26Z7071064,2026/04/09,上櫃,,RWSCCA,
707107　矽科群益5A購02,TW26Z7071072,2026/04/09,上櫃,,RWSCCA,
707108　群翊群益5C購01,TW26Z7071080,2026/04/09,上櫃,,RWSCCA,
707109　頎邦群益5A購01,TW26Z7071098,2026/04/09,上櫃,,RWSCCA,
707110　頎邦群益5B購01,TW26Z7071106,2026/04/09,上櫃,,RWSCCA,
707111　九豪凱基5A購01,TW26Z7071114,2026/04/09,上櫃,,RWSCCA,
707112　九豪凱基5A購02,TW26Z7071122,2026/04/09,上櫃,,RWSCCA,
707113　元太凱基5A購01,TW26Z7071130,2026/04/09,上櫃,,RWSCCA,
707114　立敦凱基5A購01,TW26Z7071148,2026/04/09,上櫃,,RWSCCA,
707115　矽科凱基5A購01,TW26Z7071155,2026/04/09,上櫃,,RWSCCA,
707116　茂綸凱基5A購01,TW26Z7071163,2026/04/09,上櫃,,RWSCCA,
707117　頎邦凱基64購01,TW26Z7071171,2026/04/09,上櫃,,RWSCCA,
707118　廣閎科凱基5A購01,TW26Z7071189,2026/04/09,上櫃,,RWSCCA,
707119　雙鴻凱基5C購05,TW26Z7071197,2026/04/09,上櫃,,RWSCCA,
707120　友輝國票5A購01,TW26Z7071205,2026/04/09,上櫃,,RWSCCA,
707121　正淩國票5B購02,TW26Z7071213,2026/04/09,上櫃,,RWSCCA,
707122　矽科國票5B購01,TW26Z7071221,2026/04/09,上櫃,,RWSCCA,
707123　耕興國票5B購01,TW26Z7071239,2026/04/09,上櫃,,RWSCCA,
707124　翔名國票5B購01,TW26Z7071247,2026/04/09,上櫃,,RWSCCA,
707125　群翊國票5B購01,TW26Z7071254,2026/04/09,上櫃,,RWSCCA,
707126　頎邦國票5B購01,TW26Z7071262,2026/04/09,上櫃,,RWSCCA,
707127　磐亞國票5B購01,TW26Z7071270,2026/04/09,上櫃,,RWSCCA,
707128　元太國泰5B購01,TW26Z7071288,2026/04/09,上櫃,,RWSCCA,
707129　宜特富邦5C購01,TW26Z7071296,2026/04/09,上櫃,,RWSCCE,
707130　頎邦富邦61購01,TW26Z7071304,2026/04/09,上櫃,,RWSCCE,
707131　精材富邦5A購01,TW26Z7071312,2026/04/09,上櫃,,RWSCCE,
707132　聚和富邦5A購01,TW26Z7071320,2026/04/09,上櫃,,RWSCCE,
707133　正淩統一63購01,TW26Z7071338,2026/04/09,上櫃,,RWSCCA,
707134　同致統一64購01,TW26Z7071346,2026/04/09,上櫃,,RWSCCA,
707135　同致統一74購01,TW26Z7071353,2026/04/09,上櫃,,RWSCCA,
707136　協易機統一66購01,TW26Z7071361,2026/04/09,上櫃,,RWSCCA,
707137　翔名統一74購01,TW26Z7071379,2026/04/09,上櫃,,RWSCCA,
707138　陽程統一64購02,TW26Z7071387,2026/04/09,上櫃,,RWSCCA,
707139　陽程統一74購01,TW26Z7071395,2026/04/09,上櫃,,RWSCCA,
707140　萬泰科統一74購01,TW26Z7071403,2026/04/09,上櫃,,RWSCCA,
707141　群翊統一63購01,TW26Z7071411,2026/04/09,上櫃,,RWSCCA,
707142　群翊統一74購01,TW26Z7071429,2026/04/09,上櫃,,RWSCCA,
707143　頎邦統一64購02,TW26Z7071437,2026/04/09,上櫃,,RWSCCA,
707144　頎邦統一67購01,TW26Z7071445,2026/04/09,上櫃,,RWSCCA,
707145　九豪永豐5B購01,TW26Z7071452,2026/04/09,上櫃,,RWSCCA,
707146　均豪永豐5A購01,TW26Z7071460,2026/04/09,上櫃,,RWSCCA,
707147　宏捷科永豐5C購01,TW26Z7071478,2026/04/09,上櫃,,RWSCCA,
707148　前鼎永豐62購01,TW26Z7071486,2026/04/09,上櫃,,RWSCCA,
707149　美琪瑪永豐5B購01,TW26Z7071494,2026/04/09,上櫃,,RWSCCA,
707150　茂訊永豐5B購01,TW26Z7071502,2026/04/09,上櫃,,RWSCCA,
707151　茂綸永豐5A購01,TW26Z7071510,2026/04/09,上櫃,,RWSCCA,
707152　湧德永豐5B購01,TW26Z7071528,2026/04/09,上櫃,,RWSCCA,
707153　陽程永豐5C購01,TW26Z7071536,2026/04/09,上櫃,,RWSCCA,
707154　群翊永豐5A購01,TW26Z7071544,2026/04/09,上櫃,,RWSCCA,
707155　衛司特永豐5A購01,TW26Z7071551,2026/04/09,上櫃,,RWSCCA,
707156　璟德永豐5A購01,TW26Z7071569,2026/04/09,上櫃,,RWSCCA,
707157　環球晶永豐5A購01,TW26Z7071577,2026/04/09,上櫃,,RWSCCA,
707158　雙鴻永豐5C購03,TW26Z7071585,2026/04/09,上櫃,,RWSCCA,
707159　九豪元大5A購01,TW26Z7071593,2026/04/09,上櫃,,RWSCCA,
707160　台燿元大5A購04,TW26Z7071601,2026/04/09,上櫃,,RWSCCA,
707161　台燿元大61購04,TW26Z7071619,2026/04/09,上櫃,,RWSCCA,
707162　台燿元大64購03,TW26Z7071627,2026/04/09,上櫃,,RWSCCA,
707163　前鼎元大5A購02,TW26Z7071635,2026/04/09,上櫃,,RWSCCA,
707164　翔名元大5A購01,TW26Z7071643,2026/04/09,上櫃,,RWSCCA,
707165　頎邦元大5A購01,TW26Z7071650,2026/04/09,上櫃,,RWSCCA,
707166　頎邦元大5A購02,TW26Z7071668,2026/04/09,上櫃,,RWSCCA,
707167　雙鴻元大61購12,TW26Z7071676,2026/04/09,上櫃,,RWSCCA,
707168　鑫聯元大5A購01,TW26Z7071684,2026/04/09,上櫃,,RWSCCA,
707169　台燿凱基61購02,TW26Z7071692,2026/04/10,上櫃,,RWSCCA,
707170　同致凱基5A購01,TW26Z7071700,2026/04/10,上櫃,,RWSCCA,
707171　捷創凱基5A購01,TW26Z7071718,2026/04/10,上櫃,,RWSCCA,
707172　翔名凱基5A購01,TW26Z7071726,2026/04/10,上櫃,,RWSCCA,
707173　華景電凱基5A購01,TW26Z7071734,2026/04/10,上櫃,,RWSCCA,
707174　華景電凱基5A購02,TW26Z7071742,2026/04/10,上櫃,,RWSCCA,
707175　鈊象凱基64購02,TW26Z7071759,2026/04/10,上櫃,,RWSCCA,
707176　群翊凱基5C購01,TW26Z7071767,2026/04/10,上櫃,,RWSCCA,
707177　頎邦凱基5A購02,TW26Z7071775,2026/04/10,上櫃,,RWSCCA,
707178　世界群益5C購01,TW26Z7071783,2026/04/10,上櫃,,RWSCCA,
707179　台半群益5A購01,TW26Z7071791,2026/04/10,上櫃,,RWSCCA,
707180　台燿群益5A購03,TW26Z7071809,2026/04/10,上櫃,,RWSCCA,
707181　台燿群益5B購02,TW26Z7071817,2026/04/10,上櫃,,RWSCCA,
707182　捷創群益5B購01,TW26Z7071825,2026/04/10,上櫃,,RWSCCA,
707183　華景電群益5A購01,TW26Z7071833,2026/04/10,上櫃,,RWSCCA,
707184　陽程群益5A購01,TW26Z7071841,2026/04/10,上櫃,,RWSCCA,
707185　勤凱群益5B購01,TW26Z7071858,2026/04/10,上櫃,,RWSCCA,
707186　元債20國票5B購01,TW26Z7071866,2026/04/10,上櫃,,RWBCCA,
707187　台燿國票5B購03,TW26Z7071874,2026/04/10,上櫃,,RWSCCA,
707188　安葆國票5B購01,TW26Z7071882,2026/04/10,上櫃,,RWSCCA,
707189　華景電國票5B購01,TW26Z7071890,2026/04/10,上櫃,,RWSCCA,
707190　頎邦國票5B購02,TW26Z7071908,2026/04/10,上櫃,,RWSCCA,
707191　廣閎科國票5B購02,TW26Z7071916,2026/04/10,上櫃,,RWSCCA,
707192　鈺太國泰5B購01,TW26Z7071924,2026/04/10,上櫃,,RWSCCA,
707193　雙鴻國泰67購01,TW26Z7071932,2026/04/10,上櫃,,RWSCCA,
707194　久元統一64購01,TW26Z7071940,2026/04/10,上櫃,,RWSCCA,
707195　湧德統一74購01,TW26Z7071957,2026/04/10,上櫃,,RWSCCA,
707196　華景電統一64購01,TW26Z7071965,2026/04/10,上櫃,,RWSCCA,
707197　華景電統一64購02,TW26Z7071973,2026/04/10,上櫃,,RWSCCA,
707198　華景電統一65購01,TW26Z7071981,2026/04/10,上櫃,,RWSCCA,
707199　華景電統一68購01,TW26Z7071999,2026/04/10,上櫃,,RWSCCA,
707200　華景電統一74購01,TW26Z7072005,2026/04/10,上櫃,,RWSCCA,
707201　陽程統一65購01,TW26Z7072013,2026/04/10,上櫃,,RWSCCA,
707202　陽程統一68購01,TW26Z7072021,2026/04/10,上櫃,,RWSCCA,
707203　群翊統一64購01,TW26Z7072039,2026/04/10,上櫃,,RWSCCA,
707204　群翊統一74購02,TW26Z7072047,2026/04/10,上櫃,,RWSCCA,
707205　頎邦統一64購03,TW26Z7072054,2026/04/10,上櫃,,RWSCCA,
707206　大中元大5A購01,TW26Z7072062,2026/04/10,上櫃,,RWSCCA,
707207　中美晶元大5A購02,TW26Z7072070,2026/04/10,上櫃,,RWSCCA,
707208　台燿元大61購05,TW26Z7072088,2026/04/10,上櫃,,RWSCCA,
707209　台燿元大64購04,TW26Z7072096,2026/04/10,上櫃,,RWSCCA,
707210　宏觀元大64購01,TW26Z7072104,2026/04/10,上櫃,,RWSCCA,
707211　系微元大5A購02,TW26Z7072112,2026/04/10,上櫃,,RWSCCA,
707212　良維元大5A購03,TW26Z7072120,2026/04/10,上櫃,,RWSCCA,
707213　良維元大5B購01,TW26Z7072138,2026/04/10,上櫃,,RWSCCA,
707214　東捷元大5A購01,TW26Z7072146,2026/04/10,上櫃,,RWSCCA,
707215　信紘科元大5A購01,TW26Z7072153,2026/04/10,上櫃,,RWSCCA,
707216　華景電元大5A購01,TW26Z7072161,2026/04/10,上櫃,,RWSCCA,
707217　華景電元大5A購02,TW26Z7072179,2026/04/10,上櫃,,RWSCCA,
707218　順達元大5A購07,TW26Z7072187,2026/04/10,上櫃,,RWSCCA,
707219　順達元大5A購08,TW26Z7072195,2026/04/10,上櫃,,RWSCCA,
707220　群翊元大5A購01,TW26Z7072203,2026/04/10,上櫃,,RWSCCA,
707221　雙鴻元大64購02,TW26Z7072211,2026/04/10,上櫃,,RWSCCA,
707222　世界永豐61購01,TW26Z7072229,2026/04/10,上櫃,,RWSCCA,
707223　台半永豐5B購01,TW26Z7072237,2026/04/10,上櫃,,RWSCCA,
707224　台燿永豐5A購03,TW26Z7072245,2026/04/10,上櫃,,RWSCCA,
707225　台燿永豐61購02,TW26Z7072252,2026/04/10,上櫃,,RWSCCA,
707226　矽科永豐5B購02,TW26Z7072260,2026/04/10,上櫃,,RWSCCA,
707227　華景電永豐5C購01,TW26Z7072278,2026/04/10,上櫃,,RWSCCA,
707228　華景電永豐61購01,TW26Z7072286,2026/04/10,上櫃,,RWSCCA,
707229　順達永豐5B購02,TW26Z7072294,2026/04/10,上櫃,,RWSCCA,
707230　頎邦永豐5C購01,TW26Z7072302,2026/04/10,上櫃,,RWSCCA,
707231　順達兆豐5C購01,TW26Z7072310,2026/04/13,上櫃,,RWSCCA,
707232　安葆凱基5A購01,TW26Z7072328,2026/04/13,上櫃,,RWSCCA,
707233　陽程凱基5A購03,TW26Z7072336,2026/04/13,上櫃,,RWSCCA,
707234　順達凱基5A購03,TW26Z7072344,2026/04/13,上櫃,,RWSCCA,
707235　新盛力凱基5A購01,TW26Z7072351,2026/04/13,上櫃,,RWSCCA,
707236　新盛力凱基5A購02,TW26Z7072369,2026/04/13,上櫃,,RWSCCA,
707237　頎邦凱基5B購01,TW26Z7072377,2026/04/13,上櫃,,RWSCCA,
707238　廣閎科凱基5A購02,TW26Z7072385,2026/04/13,上櫃,,RWSCCA,
707239　雙鴻凱基5A購06,TW26Z7072393,2026/04/13,上櫃,,RWSCCA,
707240　久元元大61購01,TW26Z7072401,2026/04/13,上櫃,,RWSCCA,
707241　中美晶元大5A購03,TW26Z7072419,2026/04/13,上櫃,,RWSCCA,
707242　家登元大5A購02,TW26Z7072427,2026/04/13,上櫃,,RWSCCA,
707243　湧德元大5A購02,TW26Z7072435,2026/04/13,上櫃,,RWSCCA,
707244　湧德元大5A購03,TW26Z7072443,2026/04/13,上櫃,,RWSCCA,
707245　順達元大64購02,TW26Z7072450,2026/04/13,上櫃,,RWSCCA,
707246　鈊象元大61購01,TW26Z7072468,2026/04/13,上櫃,,RWSCCA,
707247　新盛力元大5A購01,TW26Z7072476,2026/04/13,上櫃,,RWSCCA,
707248　萬泰科元大5A購01,TW26Z7072484,2026/04/13,上櫃,,RWSCCA,
707249　台星科國票5B購01,TW26Z7072492,2026/04/13,上櫃,,RWSCCA,
707250　台燿國票5B購04,TW26Z7072500,2026/04/13,上櫃,,RWSCCA,
707251　順達國票5B購02,TW26Z7072518,2026/04/13,上櫃,,RWSCCA,
707252　新盛力國票5A購01,TW26Z7072526,2026/04/13,上櫃,,RWSCCA,
707253　新盛力國票5B購01,TW26Z7072534,2026/04/13,上櫃,,RWSCCA,
707254　頎邦國票5B購03,TW26Z7072542,2026/04/13,上櫃,,RWSCCA,
707255　宏捷科國泰5B購01,TW26Z7072559,2026/04/13,上櫃,,RWSCCA,
707256　宏捷科國泰5B購02,TW26Z7072567,2026/04/13,上櫃,,RWSCCA,
707257　台特化永豐5C購01,TW26Z7072575,2026/04/13,上櫃,,RWSCCA,
707258　東捷永豐64購01,TW26Z7072583,2026/04/13,上櫃,,RWSCCA,
707259　凌陽創永豐5A購01,TW26Z7072591,2026/04/13,上櫃,,RWSCCA,
707260　勤凱永豐5C購03,TW26Z7072609,2026/04/13,上櫃,,RWSCCA,
707261　新盛力永豐5B購01,TW26Z7072617,2026/04/13,上櫃,,RWSCCA,
707262　新盛力永豐5C購01,TW26Z7072625,2026/04/13,上櫃,,RWSCCA,
707263　萬泰科永豐64購01,TW26Z7072633,2026/04/13,上櫃,,RWSCCA,
707264　台燿統一64購02,TW26Z7072641,2026/04/13,上櫃,,RWSCCA,
707265　宏捷科統一74購01,TW26Z7072658,2026/04/13,上櫃,,RWSCCA,
707266　東捷統一64購02,TW26Z7072666,2026/04/13,上櫃,,RWSCCA,
707267　東捷統一66購01,TW26Z7072674,2026/04/13,上櫃,,RWSCCA,
707268　華景電統一63購01,TW26Z7072682,2026/04/13,上櫃,,RWSCCA,
707269　勤凱統一74購01,TW26Z7072690,2026/04/13,上櫃,,RWSCCA,
707270　新盛力統一64購01,TW26Z7072708,2026/04/13,上櫃,,RWSCCA,
707271　新盛力統一68購01,TW26Z7072716,2026/04/13,上櫃,,RWSCCA,
707272　新盛力統一74購01,TW26Z7072724,2026/04/13,上櫃,,RWSCCA,
707273　新盛力統一74購02,TW26Z7072732,2026/04/13,上櫃,,RWSCCA,
707274　群翊統一64購02,TW26Z7072740,2026/04/13,上櫃,,RWSCCA,
707275　鉅橡統一66購01,TW26Z7072757,2026/04/13,上櫃,,RWSCCA,
707276　頎邦統一74購01,TW26Z7072765,2026/04/13,上櫃,,RWSCCA,
707277　廣閎科統一74購02,TW26Z7072773,2026/04/13,上櫃,,RWSCCA,
707278　德微統一64購01,TW26Z7072781,2026/04/13,上櫃,,RWSCCA,
707279　久元凱基61購01,TW26Z7072799,2026/04/14,上櫃,,RWSCCA,
707280　中美晶凱基5A購02,TW26Z7072807,2026/04/14,上櫃,,RWSCCA,
707281　台星科凱基5A購01,TW26Z7072815,2026/04/14,上櫃,,RWSCCA,
707282　台燿凱基5A購02,TW26Z7072823,2026/04/14,上櫃,,RWSCCA,
707283　均豪凱基5B購01,TW26Z7072831,2026/04/14,上櫃,,RWSCCA,
707284　宏觀凱基64購01,TW26Z7072849,2026/04/14,上櫃,,RWSCCA,
707285　旺矽凱基5A購04,TW26Z7072856,2026/04/14,上櫃,,RWSCCA,
707286　順達凱基64購01,TW26Z7072864,2026/04/14,上櫃,,RWSCCA,
707287　廣閎科凱基5A購03,TW26Z7072872,2026/04/14,上櫃,,RWSCCA,
707288　鑫聯凱基5B購01,TW26Z7072880,2026/04/14,上櫃,,RWSCCA,
707289　台燿兆豐5C購01,TW26Z7072898,2026/04/14,上櫃,,RWSCCA,
707290　均豪兆豐5C購01,TW26Z7072906,2026/04/14,上櫃,,RWSCCA,
707291　雙鴻兆豐5C購01,TW26Z7072914,2026/04/14,上櫃,,RWSCCA,
707292　台星科元大5A購01,TW26Z7072922,2026/04/14,上櫃,,RWSCCA,
707293　台星科元大5A購02,TW26Z7072930,2026/04/14,上櫃,,RWSCCA,
707294　台燿元大5A購05,TW26Z7072948,2026/04/14,上櫃,,RWSCCA,
707295　台燿元大5A購06,TW26Z7072955,2026/04/14,上櫃,,RWSCCA,
707296　台燿元大5A購07,TW26Z7072963,2026/04/14,上櫃,,RWSCCA,
707297　台燿元大5A購08,TW26Z7072971,2026/04/14,上櫃,,RWSCCA,
707298　台燿元大5A購09,TW26Z7072989,2026/04/14,上櫃,,RWSCCA,
707299　台燿元大61購06,TW26Z7072997,2026/04/14,上櫃,,RWSCCA,
707300　旺矽元大5A購02,TW26Z7073003,2026/04/14,上櫃,,RWSCCA,
707301　旺矽元大61購01,TW26Z7073011,2026/04/14,上櫃,,RWSCCA,
707302　信驊元大5B購01,TW26Z7073029,2026/04/14,上櫃,,RWSCCA,
707303　華景電元大5A購03,TW26Z7073037,2026/04/14,上櫃,,RWSCCA,
707304　陽程元大63購01,TW26Z7073045,2026/04/14,上櫃,,RWSCCA,
707305　頎邦元大63購06,TW26Z7073052,2026/04/14,上櫃,,RWSCCA,
707306　台燿永豐5C購03,TW26Z7073060,2026/04/14,上櫃,,RWSCCA,
707307　台燿永豐64購02,TW26Z7073078,2026/04/14,上櫃,,RWSCCA,
707308　台燿永豐67購01,TW26Z7073086,2026/04/14,上櫃,,RWSCCA,
707309　巨漢永豐5C購01,TW26Z7073094,2026/04/14,上櫃,,RWSCCA,
707310　安葆永豐5C購01,TW26Z7073102,2026/04/14,上櫃,,RWSCCA,
707311　均豪永豐5C購01,TW26Z7073110,2026/04/14,上櫃,,RWSCCA,
707312　良維永豐5C購01,TW26Z7073128,2026/04/14,上櫃,,RWSCCA,
707313　旺矽永豐5A購03,TW26Z7073136,2026/04/14,上櫃,,RWSCCA,
707314　旺矽永豐61購03,TW26Z7073144,2026/04/14,上櫃,,RWSCCA,
707315　旺矽永豐64購02,TW26Z7073151,2026/04/14,上櫃,,RWSCCA,
707316　長科*永豐5A購01,TW26Z7073169,2026/04/14,上櫃,,RWSCCA,
707317　信驊永豐5A購03,TW26Z7073177,2026/04/14,上櫃,,RWSCCA,
707318　前鼎永豐61購01,TW26Z7073185,2026/04/14,上櫃,,RWSCCA,
707319　翔名永豐5B購01,TW26Z7073193,2026/04/14,上櫃,,RWSCCA,
707320　翔名永豐5B購02,TW26Z7073201,2026/04/14,上櫃,,RWSCCA,
707321　鉅橡永豐5B購01,TW26Z7073219,2026/04/14,上櫃,,RWSCCA,
707322　廣閎科永豐5A購01,TW26Z7073227,2026/04/14,上櫃,,RWSCCA,
707323　均豪國泰61購01,TW26Z7073235,2026/04/14,上櫃,,RWSCCA,
707324　精材國泰5B購02,TW26Z7073243,2026/04/14,上櫃,,RWSCCA,
707325　台燿富邦5A購02,TW26Z7073250,2026/04/14,上櫃,,RWSCCE,
707326　台燿富邦64購01,TW26Z7073268,2026/04/14,上櫃,,RWSCCE,
707327　旺矽富邦5C購01,TW26Z7073276,2026/04/14,上櫃,,RWSCCE,
707328　旺矽富邦64購01,TW26Z7073284,2026/04/14,上櫃,,RWSCCE,
707329　群翊富邦62購01,TW26Z7073292,2026/04/14,上櫃,,RWSCCE,
707330　台燿國票5B購05,TW26Z7073300,2026/04/14,上櫃,,RWSCCA,
707331　台燿統一63購01,TW26Z7073318,2026/04/14,上櫃,,RWSCCA,
707332　台燿統一64購03,TW26Z7073326,2026/04/14,上櫃,,RWSCCA,
707333　台燿統一64購04,TW26Z7073334,2026/04/14,上櫃,,RWSCCA,
707334　台燿統一66購02,TW26Z7073342,2026/04/14,上櫃,,RWSCCA,
707335　台燿統一74購02,TW26Z7073359,2026/04/14,上櫃,,RWSCCA,
707336　台燿統一74購03,TW26Z7073367,2026/04/14,上櫃,,RWSCCA,
707337　巨漢統一63購02,TW26Z7073375,2026/04/14,上櫃,,RWSCCA,
707338　巨漢統一74購01,TW26Z7073383,2026/04/14,上櫃,,RWSCCA,
707339　均豪統一64購01,TW26Z7073391,2026/04/14,上櫃,,RWSCCA,
707340　旺矽統一63購06,TW26Z7073409,2026/04/14,上櫃,,RWSCCA,
707341　旺矽統一64購01,TW26Z7073417,2026/04/14,上櫃,,RWSCCA,
707342　東捷統一74購01,TW26Z7073425,2026/04/14,上櫃,,RWSCCA,
707343　前鼎統一64購01,TW26Z7073433,2026/04/14,上櫃,,RWSCCA,
707344　翔名統一74購02,TW26Z7073441,2026/04/14,上櫃,,RWSCCA,
707345　華景電統一74購02,TW26Z7073458,2026/04/14,上櫃,,RWSCCA,
707346　順達統一64購01,TW26Z7073466,2026/04/14,上櫃,,RWSCCA,
707347　勤凱統一74購02,TW26Z7073474,2026/04/14,上櫃,,RWSCCA,
707348　新盛力統一63購01,TW26Z7073482,2026/04/14,上櫃,,RWSCCA,
707349　新盛力統一64購02,TW26Z7073490,2026/04/14,上櫃,,RWSCCA,
707350　新盛力統一74購03,TW26Z7073508,2026/04/14,上櫃,,RWSCCA,
707351　鉅橡統一64購02,TW26Z7073516,2026/04/14,上櫃,,RWSCCA,
707352　頎邦統一74購02,TW26Z7073524,2026/04/14,上櫃,,RWSCCA,
707353　頎邦統一74購03,TW26Z7073532,2026/04/14,上櫃,,RWSCCA,
707354　廣閎科統一64購02,TW26Z7073540,2026/04/14,上櫃,,RWSCCA,
707355　廣閎科統一67購01,TW26Z7073557,2026/04/14,上櫃,,RWSCCA,
707356　廣閎科統一74購03,TW26Z7073565,2026/04/14,上櫃,,RWSCCA,
707357　勤凱台新5A購01,TW26Z7073573,2026/04/14,上櫃,,RWSCCA,
707358　頎邦台新5A購01,TW26Z7073581,2026/04/14,上櫃,,RWSCCA,
707359　元太凱基5A購02,TW26Z7073599,2026/04/15,上櫃,,RWSCCA,
707360　宏捷科凱基5A購01,TW26Z7073607,2026/04/15,上櫃,,RWSCCA,
707361　宜特凱基61購01,TW26Z7073615,2026/04/15,上櫃,,RWSCCA,
707362　信紘科凱基5A購01,TW26Z7073623,2026/04/15,上櫃,,RWSCCA,
707363　威聯通凱基5A購01,TW26Z7073631,2026/04/15,上櫃,,RWSCCA,
707364　頎邦凱基63購01,TW26Z7073649,2026/04/15,上櫃,,RWSCCA,
707365　精材凱基5A購02,TW26Z7073656,2026/04/15,上櫃,,RWSCCA,
707366　衛司特凱基5B購01,TW26Z7073664,2026/04/15,上櫃,,RWSCCA,
707367　璟德凱基5A購01,TW26Z7073672,2026/04/15,上櫃,,RWSCCA,
707368　鴻呈凱基5A購01,TW26Z7073680,2026/04/15,上櫃,,RWSCCA,
707369　鈊象中信5C購02,TW26Z7073698,2026/04/15,上櫃,,RWSCCE,
707370　立碁永豐5C購01,TW26Z7073706,2026/04/15,上櫃,,RWSCCA,
707371　前鼎永豐61購02,TW26Z7073714,2026/04/15,上櫃,,RWSCCA,
707372　群翊永豐5B購01,TW26Z7073722,2026/04/15,上櫃,,RWSCCA,
707373　聖暉*永豐5C購01,TW26Z7073730,2026/04/15,上櫃,,RWSCCA,
707374　頎邦永豐61購01,TW26Z7073748,2026/04/15,上櫃,,RWSCCA,
707375　環球晶永豐5C購01,TW26Z7073755,2026/04/15,上櫃,,RWSCCA,
707376　譜瑞永豐5C購01,TW26Z7073763,2026/04/15,上櫃,,RWSCCA,
707377　天品國票5A購01,TW26Z7073771,2026/04/15,上櫃,,RWSCCA,
707378　泓格國票5A購01,TW26Z7073789,2026/04/15,上櫃,,RWSCCA,
707379　前鼎國票5B購02,TW26Z7073797,2026/04/15,上櫃,,RWSCCA,
707380　群翊國票5B購02,TW26Z7073805,2026/04/15,上櫃,,RWSCCA,
707381　頎邦國票5B購04,TW26Z7073813,2026/04/15,上櫃,,RWSCCA,
707382　廣閎科國票5B購03,TW26Z7073821,2026/04/15,上櫃,,RWSCCA,
707383　衛司特國票5B購02,TW26Z7073839,2026/04/15,上櫃,,RWSCCA,
707384　中美晶群益5A購01,TW26Z7073847,2026/04/15,上櫃,,RWSCCA,
707385　立敦群益5A購01,TW26Z7073854,2026/04/15,上櫃,,RWSCCA,
707386　立敦群益5A購02,TW26Z7073862,2026/04/15,上櫃,,RWSCCA,
707387　前鼎群益5A購01,TW26Z7073870,2026/04/15,上櫃,,RWSCCA,
707388　湧德群益5B購02,TW26Z7073888,2026/04/15,上櫃,,RWSCCA,
707389　順達群益5A購03,TW26Z7073896,2026/04/15,上櫃,,RWSCCA,
707390　群翊群益61購01,TW26Z7073904,2026/04/15,上櫃,,RWSCCA,
707391　聖暉*群益5A購02,TW26Z7073912,2026/04/15,上櫃,,RWSCCA,
707392　頎邦群益5A購02,TW26Z7073920,2026/04/15,上櫃,,RWSCCA,
707393　頎邦群益5B購02,TW26Z7073938,2026/04/15,上櫃,,RWSCCA,
707394　廣閎科群益5B購01,TW26Z7073946,2026/04/15,上櫃,,RWSCCA,
707395　譜瑞群益5B購01,TW26Z7073953,2026/04/15,上櫃,,RWSCCA,
707396　千附精元大5A購01,TW26Z7073961,2026/04/15,上櫃,,RWSCCA,
707397　天品元大61購01,TW26Z7073979,2026/04/15,上櫃,,RWSCCA,
707398　東捷元大5A購02,TW26Z7073987,2026/04/15,上櫃,,RWSCCA,
707399　勤凱元大5A購03,TW26Z7073995,2026/04/15,上櫃,,RWSCCA,
707400　群翊元大5A購02,TW26Z7074001,2026/04/15,上櫃,,RWSCCA,
707401　頎邦元大5B購01,TW26Z7074019,2026/04/15,上櫃,,RWSCCA,
707402　頎邦元大5C購02,TW26Z7074027,2026/04/15,上櫃,,RWSCCA,
707403　廣閎科元大5A購02,TW26Z7074035,2026/04/15,上櫃,,RWSCCA,
707404　衛司特元大5A購01,TW26Z7074043,2026/04/15,上櫃,,RWSCCA,
707405　群翊國泰5B購02,TW26Z7074050,2026/04/15,上櫃,,RWSCCA,
707406　久元統一64購02,TW26Z7074068,2026/04/15,上櫃,,RWSCCA,
707407　巨漢統一74購02,TW26Z7074076,2026/04/15,上櫃,,RWSCCA,
707408　安葆統一74購01,TW26Z7074084,2026/04/15,上櫃,,RWSCCA,
707409　均豪統一63購02,TW26Z7074092,2026/04/15,上櫃,,RWSCCA,
707410　均豪統一74購01,TW26Z7074100,2026/04/15,上櫃,,RWSCCA,
707411　宜特統一74購01,TW26Z7074118,2026/04/15,上櫃,,RWSCCA,
707412　東捷統一63購02,TW26Z7074126,2026/04/15,上櫃,,RWSCCA,
707413　東捷統一74購02,TW26Z7074134,2026/04/15,上櫃,,RWSCCA,
707414　前鼎統一74購01,TW26Z7074142,2026/04/15,上櫃,,RWSCCA,
707415　宣德統一74購01,TW26Z7074159,2026/04/15,上櫃,,RWSCCA,
707416　順達統一64購02,TW26Z7074167,2026/04/15,上櫃,,RWSCCA,
707417　萬泰科統一74購02,TW26Z7074175,2026/04/15,上櫃,,RWSCCA,
707418　群翊統一74購03,TW26Z7074183,2026/04/15,上櫃,,RWSCCA,
707419　鈺太統一74購01,TW26Z7074191,2026/04/15,上櫃,,RWSCCA,
707420　宏觀富邦5C購01,TW26Z7074209,2026/04/15,上櫃,,RWSCCE,
707421　頎邦富邦5C購02,TW26Z7074217,2026/04/15,上櫃,,RWSCCE,
707422　頎邦富邦61購02,TW26Z7074225,2026/04/15,上櫃,,RWSCCE,
707423　廣閎科富邦5B購01,TW26Z7074233,2026/04/15,上櫃,,RWSCCE,
707424　環球晶兆豐5C購01,TW26Z7074241,2026/04/16,上櫃,,RWSCCA,
707425　譜瑞兆豐64購01,TW26Z7074258,2026/04/16,上櫃,,RWSCCA,
707426　千附精永豐5B購01,TW26Z7074266,2026/04/16,上櫃,,RWSCCA,
707427　大車隊永豐5B購01,TW26Z7074274,2026/04/16,上櫃,,RWSCCA,
707428　兆利永豐5A購01,TW26Z7074282,2026/04/16,上櫃,,RWSCCA,
707429　沛亨永豐61購01,TW26Z7074290,2026/04/16,上櫃,,RWSCCA,
707430　宜特永豐61購01,TW26Z7074308,2026/04/16,上櫃,,RWSCCA,
707431　朋億*永豐5B購01,TW26Z7074316,2026/04/16,上櫃,,RWSCCA,
707432　信昌電永豐5B購01,TW26Z7074324,2026/04/16,上櫃,,RWSCCA,
707433　華景電永豐5B購01,TW26Z7074332,2026/04/16,上櫃,,RWSCCA,
707434　陽程永豐5B購01,TW26Z7074340,2026/04/16,上櫃,,RWSCCA,
707435　萬泰科永豐5C購02,TW26Z7074357,2026/04/16,上櫃,,RWSCCA,
707436　群翊永豐5C購01,TW26Z7074365,2026/04/16,上櫃,,RWSCCA,
707437　穩得永豐5C購01,TW26Z7074373,2026/04/16,上櫃,,RWSCCA,
707438　元太群益5A購01,TW26Z7074381,2026/04/16,上櫃,,RWSCCA,
707439　台星科群益61購01,TW26Z7074399,2026/04/16,上櫃,,RWSCCA,
707440　立碁群益5A購01,TW26Z7074407,2026/04/16,上櫃,,RWSCCA,
707441　宜特群益5C購01,TW26Z7074415,2026/04/16,上櫃,,RWSCCA,
707442　湧德群益61購02,TW26Z7074423,2026/04/16,上櫃,,RWSCCA,
707443　勤凱群益5B購02,TW26Z7074431,2026/04/16,上櫃,,RWSCCA,
707444　新應材群益5A購02,TW26Z7074449,2026/04/16,上櫃,,RWSCCA,
707445　群翊群益64購01,TW26Z7074456,2026/04/16,上櫃,,RWSCCA,
707446　聖暉*群益5A購03,TW26Z7074464,2026/04/16,上櫃,,RWSCCA,
707447　巨漢國泰5B購01,TW26Z7074472,2026/04/16,上櫃,,RWSCCA,
707448　正淩國泰5B購01,TW26Z7074480,2026/04/16,上櫃,,RWSCCA,
707449　立碁國泰5B購01,TW26Z7074498,2026/04/16,上櫃,,RWSCCA,
707450　陽程國泰5B購01,TW26Z7074506,2026/04/16,上櫃,,RWSCCA,
707451　順達國泰5B購01,TW26Z7074514,2026/04/16,上櫃,,RWSCCA,
707452　穩得國泰5B購02,TW26Z7074522,2026/04/16,上櫃,,RWSCCA,
707453　千附統一64購01,TW26Z7074530,2026/04/16,上櫃,,RWSCCA,
707454　千附精統一74購01,TW26Z7074548,2026/04/16,上櫃,,RWSCCA,
707455　台星科統一74購01,TW26Z7074555,2026/04/16,上櫃,,RWSCCA,
707456　巨漢統一64購01,TW26Z7074563,2026/04/16,上櫃,,RWSCCA,
707457　巨漢統一67購01,TW26Z7074571,2026/04/16,上櫃,,RWSCCA,
707458　正淩統一74購01,TW26Z7074589,2026/04/16,上櫃,,RWSCCA,
707459　立敦統一74購01,TW26Z7074597,2026/04/16,上櫃,,RWSCCA,
707460　兆利統一64購02,TW26Z7074605,2026/04/16,上櫃,,RWSCCA,
707461　金山電統一74購01,TW26Z7074613,2026/04/16,上櫃,,RWSCCA,
707462　信昌電統一64購02,TW26Z7074621,2026/04/16,上櫃,,RWSCCA,
707463　美琪瑪統一63購01,TW26Z7074639,2026/04/16,上櫃,,RWSCCA,
707464　美琪瑪統一64購02,TW26Z7074647,2026/04/16,上櫃,,RWSCCA,
707465　湧德統一64購01,TW26Z7074654,2026/04/16,上櫃,,RWSCCA,
707466　湧德統一64購02,TW26Z7074662,2026/04/16,上櫃,,RWSCCA,
707467　陽程統一66購01,TW26Z7074670,2026/04/16,上櫃,,RWSCCA,
707468　陽程統一74購02,TW26Z7074688,2026/04/16,上櫃,,RWSCCA,
707469　陽程統一74購03,TW26Z7074696,2026/04/16,上櫃,,RWSCCA,
707470　順達統一74購01,TW26Z7074704,2026/04/16,上櫃,,RWSCCA,
707471　新應材統一67購01,TW26Z7074712,2026/04/16,上櫃,,RWSCCA,
707472　聖暉*統一63購01,TW26Z7074720,2026/04/16,上櫃,,RWSCCA,
707473　鉅橡統一64購03,TW26Z7074738,2026/04/16,上櫃,,RWSCCA,
707474　蜜望實統一74購01,TW26Z7074746,2026/04/16,上櫃,,RWSCCA,
707475　天品凱基61購01,TW26Z7074753,2026/04/16,上櫃,,RWSCCA,
707476　台星科凱基5A購02,TW26Z7074761,2026/04/16,上櫃,,RWSCCA,
707477　立敦凱基5A購02,TW26Z7074779,2026/04/16,上櫃,,RWSCCA,
707478　立碁凱基5A購01,TW26Z7074787,2026/04/16,上櫃,,RWSCCA,
707479　宜特凱基5A購01,TW26Z7074795,2026/04/16,上櫃,,RWSCCA,
707480　美琪瑪凱基5A購02,TW26Z7074803,2026/04/16,上櫃,,RWSCCA,
707481　湧德凱基5B購02,TW26Z7074811,2026/04/16,上櫃,,RWSCCA,
707482　順達凱基5C購01,TW26Z7074829,2026/04/16,上櫃,,RWSCCA,
707483　勤凱凱基5A購01,TW26Z7074837,2026/04/16,上櫃,,RWSCCA,
707484　萬泰科凱基5A購01,TW26Z7074845,2026/04/16,上櫃,,RWSCCA,
707485　群翊凱基61購01,TW26Z7074852,2026/04/16,上櫃,,RWSCCA,
707486　臺慶科凱基5A購02,TW26Z7074860,2026/04/16,上櫃,,RWSCCA,
707487　巨漢元大5A購01,TW26Z7074878,2026/04/16,上櫃,,RWSCCA,
707488　巨漢元大5A購02,TW26Z7074886,2026/04/16,上櫃,,RWSCCA,
707489　巨漢元大5A購03,TW26Z7074894,2026/04/16,上櫃,,RWSCCA,
707490　巨漢元大5A購04,TW26Z7074902,2026/04/16,上櫃,,RWSCCA,
707491　均豪元大5A購02,TW26Z7074910,2026/04/16,上櫃,,RWSCCA,
707492　均豪元大5C購01,TW26Z7074928,2026/04/16,上櫃,,RWSCCA,
707493　宏觀元大61購01,TW26Z7074936,2026/04/16,上櫃,,RWSCCA,
707494　沛亨元大5A購01,TW26Z7074944,2026/04/16,上櫃,,RWSCCA,
707495　沛亨元大5A購02,TW26Z7074951,2026/04/16,上櫃,,RWSCCA,
707496　沛亨元大5A購03,TW26Z7074969,2026/04/16,上櫃,,RWSCCA,
707497　沛亨元大5A購04,TW26Z7074977,2026/04/16,上櫃,,RWSCCA,
707498　矽科元大5A購01,TW26Z7074985,2026/04/16,上櫃,,RWSCCA,
707499　矽科元大61購01,TW26Z7074993,2026/04/16,上櫃,,RWSCCA,
707500　美琪瑪元大5A購02,TW26Z7075008,2026/04/16,上櫃,,RWSCCA,
707501　健亞元大5A購01,TW26Z7075016,2026/04/16,上櫃,,RWSCCA,
707502　博磊元大5A購01,TW26Z7075024,2026/04/16,上櫃,,RWSCCA,
707503　華景電元大5A購04,TW26Z7075032,2026/04/16,上櫃,,RWSCCA,
707504　新應材元大5A購04,TW26Z7075040,2026/04/16,上櫃,,RWSCCA,
707505　新應材元大5A購05,TW26Z7075057,2026/04/16,上櫃,,RWSCCA,
707506　新應材元大5C購01,TW26Z7075065,2026/04/16,上櫃,,RWSCCA,
707507　新應材元大61購04,TW26Z7075073,2026/04/16,上櫃,,RWSCCA,
707508　群翊元大5A購06,TW26Z7075081,2026/04/16,上櫃,,RWSCCA,
707509　巨漢國票5A購01,TW26Z7075099,2026/04/16,上櫃,,RWSCCA,
707510　巨漢國票5B購01,TW26Z7075107,2026/04/16,上櫃,,RWSCCA,
707511　沛亨國票5B購02,TW26Z7075115,2026/04/16,上櫃,,RWSCCA,
707512　東捷國票5A購02,TW26Z7075123,2026/04/16,上櫃,,RWSCCA,
707513　矽科國票5B購03,TW26Z7075131,2026/04/16,上櫃,,RWSCCA,
707514　萬泰科國票5B購01,TW26Z7075149,2026/04/16,上櫃,,RWSCCA,
707515　榮田國票5A購01,TW26Z7075156,2026/04/16,上櫃,,RWSCCA,
707516　久元富邦61購01,TW26Z7075164,2026/04/16,上櫃,,RWSCCE,
707517　宏捷科富邦5C購02,TW26Z7075172,2026/04/16,上櫃,,RWSCCE,
707518　宏捷科富邦61購01,TW26Z7075180,2026/04/16,上櫃,,RWSCCE,
707519　家登富邦5C購01,TW26Z7075198,2026/04/16,上櫃,,RWSCCE,
707520　湧德富邦5C購01,TW26Z7075206,2026/04/16,上櫃,,RWSCCE,
707521　新應材富邦61購02,TW26Z7075214,2026/04/16,上櫃,,RWSCCE,
707522　萬泰科富邦5B購01,TW26Z7075222,2026/04/16,上櫃,,RWSCCE,
707523　雙鴻富邦5C購07,TW26Z7075230,2026/04/16,上櫃,,RWSCCE,
707524　雙鴻富邦5C購08,TW26Z7075248,2026/04/16,上櫃,,RWSCCE,
707525　譜瑞富邦5C購02,TW26Z7075255,2026/04/16,上櫃,,RWSCCE,
707526　千附精凱基5A購01,TW26Z7075263,2026/04/17,上櫃,,RWSCCA,
707527　元太凱基61購01,TW26Z7075271,2026/04/17,上櫃,,RWSCCA,
707528　均豪凱基5A購01,TW26Z7075289,2026/04/17,上櫃,,RWSCCA,
707529　宏觀凱基61購01,TW26Z7075297,2026/04/17,上櫃,,RWSCCA,
707530　宜特凱基5A購02,TW26Z7075305,2026/04/17,上櫃,,RWSCCA,
707531　前鼎凱基5B購02,TW26Z7075313,2026/04/17,上櫃,,RWSCCA,
707532　健亞凱基5A購02,TW26Z7075321,2026/04/17,上櫃,,RWSCCA,
707533　華景電凱基5A購03,TW26Z7075339,2026/04/17,上櫃,,RWSCCA,
707534　陽程凱基63購01,TW26Z7075347,2026/04/17,上櫃,,RWSCCA,
707535　新應材凱基61購02,TW26Z7075354,2026/04/17,上櫃,,RWSCCA,
707536　萬泰科凱基5B購01,TW26Z7075362,2026/04/17,上櫃,,RWSCCA,
707537　新應材兆豐5C購01,TW26Z7075370,2026/04/17,上櫃,,RWSCCA,
707538　弘塑國票5B購01,TW26Z7075388,2026/04/17,上櫃,,RWSCCA,
707539　宜特國票5B購02,TW26Z7075396,2026/04/17,上櫃,,RWSCCA,
707540　信昌電國票5A購01,TW26Z7075404,2026/04/17,上櫃,,RWSCCA,
707541　前鼎國票5B購03,TW26Z7075412,2026/04/17,上櫃,,RWSCCA,
707542　陽程國票5A購01,TW26Z7075420,2026/04/17,上櫃,,RWSCCA,
707543　新應材國票5A購04,TW26Z7075438,2026/04/17,上櫃,,RWSCCA,
707544　弘塑永豐5B購03,TW26Z7075446,2026/04/17,上櫃,,RWSCCA,
707545　弘塑永豐5C購04,TW26Z7075453,2026/04/17,上櫃,,RWSCCA,
707546　弘塑永豐61購02,TW26Z7075461,2026/04/17,上櫃,,RWSCCA,
707547　弘塑永豐64購01,TW26Z7075479,2026/04/17,上櫃,,RWSCCA,
707548　新應材永豐5B購02,TW26Z7075487,2026/04/17,上櫃,,RWSCCA,
707549　新應材永豐5B購03,TW26Z7075495,2026/04/17,上櫃,,RWSCCA,
707550　新應材永豐64購01,TW26Z7075503,2026/04/17,上櫃,,RWSCCA,
707551　精材永豐5C購01,TW26Z7075511,2026/04/17,上櫃,,RWSCCA,
707552　台星科台新5A購01,TW26Z7075529,2026/04/17,上櫃,,RWSCCA,
707553　弘塑台新5A購01,TW26Z7075537,2026/04/17,上櫃,,RWSCCA,
707554　弘塑台新5A購02,TW26Z7075545,2026/04/17,上櫃,,RWSCCA,
707555　安葆台新5A購01,TW26Z7075552,2026/04/17,上櫃,,RWSCCA,
707556　前鼎台新5A購01,TW26Z7075560,2026/04/17,上櫃,,RWSCCA,
707557　威聯通台新5A購01,TW26Z7075578,2026/04/17,上櫃,,RWSCCA,
707558　新應材台新5A購01,TW26Z7075586,2026/04/17,上櫃,,RWSCCA,
707559　新應材台新5A購02,TW26Z7075594,2026/04/17,上櫃,,RWSCCA,
707560　群翊台新5A購01,TW26Z7075602,2026/04/17,上櫃,,RWSCCA,
707561　群翊台新5A購02,TW26Z7075610,2026/04/17,上櫃,,RWSCCA,
707562　力致群益5B購01,TW26Z7075628,2026/04/17,上櫃,,RWSCCA,
707563　千附精群益5A購01,TW26Z7075636,2026/04/17,上櫃,,RWSCCA,
707564　弘塑群益5A購04,TW26Z7075644,2026/04/17,上櫃,,RWSCCA,
707565　弘塑群益5C購01,TW26Z7075651,2026/04/17,上櫃,,RWSCCA,
707566　萬泰科群益5A購02,TW26Z7075669,2026/04/17,上櫃,,RWSCCA,
707567　鑫聯群益5C購01,TW26Z7075677,2026/04/17,上櫃,,RWSCCA,
707568　弘塑國泰61購01,TW26Z7075685,2026/04/17,上櫃,,RWSCCA,
707569　弘塑國泰61購02,TW26Z7075693,2026/04/17,上櫃,,RWSCCA,
707570　環球晶國泰5B購01,TW26Z7075701,2026/04/17,上櫃,,RWSCCA,
707571　環球晶國泰5B購02,TW26Z7075719,2026/04/17,上櫃,,RWSCCA,
707572　弘塑富邦5C購02,TW26Z7075727,2026/04/17,上櫃,,RWSCCE,
707573　弘塑富邦64購01,TW26Z7075735,2026/04/17,上櫃,,RWSCCE,
707574　前鼎富邦5C購01,TW26Z7075743,2026/04/17,上櫃,,RWSCCE,
707575　力致統一74購01,TW26Z7075750,2026/04/17,上櫃,,RWSCCA,
707576　中美晶統一64購01,TW26Z7075768,2026/04/17,上櫃,,RWSCCA,
707577　元太統一64購01,TW26Z7075776,2026/04/17,上櫃,,RWSCCA,
707578　元太統一74購01,TW26Z7075784,2026/04/17,上櫃,,RWSCCA,
707579　弘塑統一62購02,TW26Z7075792,2026/04/17,上櫃,,RWSCCA,
707580　弘塑統一64購01,TW26Z7075800,2026/04/17,上櫃,,RWSCCA,
707581　弘塑統一64購02,TW26Z7075818,2026/04/17,上櫃,,RWSCCA,
707582　弘塑統一64購03,TW26Z7075826,2026/04/17,上櫃,,RWSCCA,
707583　立敦統一64購01,TW26Z7075834,2026/04/17,上櫃,,RWSCCA,
707584　兆利統一74購01,TW26Z7075842,2026/04/17,上櫃,,RWSCCA,
707585　宜特統一63購01,TW26Z7075859,2026/04/17,上櫃,,RWSCCA,
707586　宜特統一64購01,TW26Z7075867,2026/04/17,上櫃,,RWSCCA,
707587　金山電統一63購01,TW26Z7075875,2026/04/17,上櫃,,RWSCCA,
707588　金山電統一64購02,TW26Z7075883,2026/04/17,上櫃,,RWSCCA,
707589　前鼎統一63購02,TW26Z7075891,2026/04/17,上櫃,,RWSCCA,
707590　美琪瑪統一74購01,TW26Z7075909,2026/04/17,上櫃,,RWSCCA,
707591　陽程統一63購01,TW26Z7075917,2026/04/17,上櫃,,RWSCCA,
707592　陽程統一64購03,TW26Z7075925,2026/04/17,上櫃,,RWSCCA,
707593　意德士統一62購01,TW26Z7075933,2026/04/17,上櫃,,RWSCCA,
707594　意德士統一64購01,TW26Z7075941,2026/04/17,上櫃,,RWSCCA,
707595　意德士統一74購01,TW26Z7075958,2026/04/17,上櫃,,RWSCCA,
707596　臺慶科統一64購01,TW26Z7075966,2026/04/17,上櫃,,RWSCCA,
707597　蜜望實統一63購02,TW26Z7075974,2026/04/17,上櫃,,RWSCCA,
707598　蜜望實統一64購01,TW26Z7075982,2026/04/17,上櫃,,RWSCCA,
707599　蜜望實統一74購02,TW26Z7075990,2026/04/17,上櫃,,RWSCCA,
707600　環球晶統一63購03,TW26Z7076006,2026/04/17,上櫃,,RWSCCA,
707601　弘塑元大5A購02,TW26Z7076014,2026/04/17,上櫃,,RWSCCA,
707602　弘塑元大61購01,TW26Z7076022,2026/04/17,上櫃,,RWSCCA,
707603　立碁元大5C購01,TW26Z7076030,2026/04/17,上櫃,,RWSCCA,
707604　宜特元大5A購02,TW26Z7076048,2026/04/17,上櫃,,RWSCCA,
707605　宜特元大5C購02,TW26Z7076055,2026/04/17,上櫃,,RWSCCA,
707606　前鼎元大5A購03,TW26Z7076063,2026/04/17,上櫃,,RWSCCA,
707607　前鼎元大5B購01,TW26Z7076071,2026/04/17,上櫃,,RWSCCA,
707608　前鼎元大5C購02,TW26Z7076089,2026/04/17,上櫃,,RWSCCA,
707609　前鼎元大61購01,TW26Z7076097,2026/04/17,上櫃,,RWSCCA,
707610　勤凱元大5A購04,TW26Z7076105,2026/04/17,上櫃,,RWSCCA,
707611　勤凱元大5A購05,TW26Z7076113,2026/04/17,上櫃,,RWSCCA,
707612　勤凱元大5A購06,TW26Z7076121,2026/04/17,上櫃,,RWSCCA,
707613　雙鴻元大5A購07,TW26Z7076139,2026/04/17,上櫃,,RWSCCA,
707614　雙鴻元大61購13,TW26Z7076147,2026/04/17,上櫃,,RWSCCA,
707615　穩得元大5A購02,TW26Z7076154,2026/04/17,上櫃,,RWSCCA,
707616　鑫聯元大5A購02,TW26Z7076162,2026/04/17,上櫃,,RWSCCA,
707617　九豪永豐5C購01,TW26Z7076170,2026/04/20,上櫃,,RWSCCA,
707618　天品永豐5B購01,TW26Z7076188,2026/04/20,上櫃,,RWSCCA,
707619　立敦永豐5A購01,TW26Z7076196,2026/04/20,上櫃,,RWSCCA,
707620　宜特永豐5B購02,TW26Z7076204,2026/04/20,上櫃,,RWSCCA,
707621　美琪瑪永豐5C購01,TW26Z7076212,2026/04/20,上櫃,,RWSCCA,
707622　鈊象永豐5C購01,TW26Z7076220,2026/04/20,上櫃,,RWSCCA,
707623　精材永豐61購01,TW26Z7076238,2026/04/20,上櫃,,RWSCCA,
707624　蜜望實永豐5C購01,TW26Z7076246,2026/04/20,上櫃,,RWSCCA,
707625　環球晶永豐5C購02,TW26Z7076253,2026/04/20,上櫃,,RWSCCA,
707626　九豪凱基5A購03,TW26Z7076261,2026/04/20,上櫃,,RWSCCA,
707627　力致凱基5B購01,TW26Z7076279,2026/04/20,上櫃,,RWSCCA,
707628　宏捷科凱基5B購01,TW26Z7076287,2026/04/20,上櫃,,RWSCCA,
707629　長科*凱基5A購01,TW26Z7076295,2026/04/20,上櫃,,RWSCCA,
707630　信昌電凱基5A購01,TW26Z7076303,2026/04/20,上櫃,,RWSCCA,
707631　群翊凱基5A購01,TW26Z7076311,2026/04/20,上櫃,,RWSCCA,
707632　精材凱基5A購03,TW26Z7076329,2026/04/20,上櫃,,RWSCCA,
707633　蜜望實凱基5A購01,TW26Z7076337,2026/04/20,上櫃,,RWSCCA,
707634　環球晶凱基5B購01,TW26Z7076345,2026/04/20,上櫃,,RWSCCA,
707635　穩得凱基5A購01,TW26Z7076352,2026/04/20,上櫃,,RWSCCA,
707636　九豪台新5A購01,TW26Z7076360,2026/04/20,上櫃,,RWSCCA,
707637　九豪台新5A購02,TW26Z7076378,2026/04/21,上櫃,,RWSCCA,
707638　九豪台新5A購03,TW26Z7076386,2026/04/21,上櫃,,RWSCCA,
707639　中美晶台新5A購01,TW26Z7076394,2026/04/20,上櫃,,RWSCCA,
707640　中美晶台新5B購01,TW26Z7076402,2026/04/20,上櫃,,RWSCCA,
707641　宜特台新5B購01,TW26Z7076410,2026/04/20,上櫃,,RWSCCA,
707642　宜特台新61購01,TW26Z7076428,2026/04/20,上櫃,,RWSCCA,
707643　茂迪台新5A購01,TW26Z7076436,2026/04/20,上櫃,,RWSCCA,
707644　博磊台新5A購01,TW26Z7076444,2026/04/20,上櫃,,RWSCCA,
707645　博磊台新5A購02,TW26Z7076451,2026/04/20,上櫃,,RWSCCA,
707646　博磊台新5A購03,TW26Z7076469,2026/04/20,上櫃,,RWSCCA,
707647　環球晶台新5A購01,TW26Z7076477,2026/04/20,上櫃,,RWSCCA,
707648　環球晶台新5A購02,TW26Z7076485,2026/04/20,上櫃,,RWSCCA,
707649　譜瑞台新5A購01,TW26Z7076493,2026/04/20,上櫃,,RWSCCA,
707650　聖暉*兆豐5C購01,TW26Z7076501,2026/04/20,上櫃,,RWSCCA,
707651　九豪元大5A購02,TW26Z7076519,2026/04/20,上櫃,,RWSCCA,
707652　九豪元大5A購03,TW26Z7076527,2026/04/21,上櫃,,RWSCCA,
707653　力致元大5A購01,TW26Z7076535,2026/04/20,上櫃,,RWSCCA,
707654　安葆元大5A購01,TW26Z7076543,2026/04/20,上櫃,,RWSCCA,
707655　系統電元大5A購02,TW26Z7076550,2026/04/20,上櫃,,RWSCCA,
707656　宜特元大5A購03,TW26Z7076568,2026/04/20,上櫃,,RWSCCA,
707657　宜特元大5B購01,TW26Z7076576,2026/04/20,上櫃,,RWSCCA,
707658　宜特元大5C購03,TW26Z7076584,2026/04/20,上櫃,,RWSCCA,
707659　宜特元大61購01,TW26Z7076592,2026/04/20,上櫃,,RWSCCA,
707660　宜特元大63購02,TW26Z7076600,2026/04/20,上櫃,,RWSCCA,
707661　朋億*元大5A購01,TW26Z7076618,2026/04/20,上櫃,,RWSCCA,
707662　信昌電元大5A購01,TW26Z7076626,2026/04/20,上櫃,,RWSCCA,
707663　信昌電元大5A購02,TW26Z7076634,2026/04/20,上櫃,,RWSCCA,
707664　博磊元大5A購02,TW26Z7076642,2026/04/20,上櫃,,RWSCCA,
707665　意德士元大5A購01,TW26Z7076659,2026/04/20,上櫃,,RWSCCA,
707666　新盛力元大5A購02,TW26Z7076667,2026/04/20,上櫃,,RWSCCA,
707667　鉅橡元大5A購01,TW26Z7076675,2026/04/20,上櫃,,RWSCCA,
707668　蜜望實元大5A購01,TW26Z7076683,2026/04/20,上櫃,,RWSCCA,
707669　蜜望實元大5A購02,TW26Z7076691,2026/04/20,上櫃,,RWSCCA,
707670　九豪群益5A購03,TW26Z7076709,2026/04/20,上櫃,,RWSCCA,
707671　元太群益5A購02,TW26Z7076717,2026/04/20,上櫃,,RWSCCA,
707672　美琪瑪群益5A購02,TW26Z7076725,2026/04/20,上櫃,,RWSCCA,
707673　蜜望實群益5A購01,TW26Z7076733,2026/04/20,上櫃,,RWSCCA,
707674　優群群益5A購01,TW26Z7076741,2026/04/20,上櫃,,RWSCCA,
707675　環球晶群益5A購03,TW26Z7076758,2026/04/20,上櫃,,RWSCCA,
707676　加高國票5B購01,TW26Z7076766,2026/04/20,上櫃,,RWSCCA,
707677　艾訊國票5B購01,TW26Z7076774,2026/04/20,上櫃,,RWSCCA,
707678　均豪國票5A購02,TW26Z7076782,2026/04/20,上櫃,,RWSCCA,
707679　宜特國票5B購03,TW26Z7076790,2026/04/20,上櫃,,RWSCCA,
707680　博磊國票5B購01,TW26Z7076808,2026/04/20,上櫃,,RWSCCA,
707681　漢達國票5B購01,TW26Z7076816,2026/04/20,上櫃,,RWSCCA,
707682　蜜望實國票5A購02,TW26Z7076824,2026/04/20,上櫃,,RWSCCA,
707683　九豪富邦5C購01,TW26Z7076832,2026/04/20,上櫃,,RWSCCE,
707684　宜特富邦61購01,TW26Z7076840,2026/04/20,上櫃,,RWSCCE,
707685　九豪統一64購01,TW26Z7076857,2026/04/21,上櫃,,RWSCCA,
707686　九豪統一64購02,TW26Z7076865,2026/04/21,上櫃,,RWSCCA,
707687　九豪統一74購01,TW26Z7076873,2026/04/20,上櫃,,RWSCCA,
707688　千附統一74購01,TW26Z7076881,2026/04/20,上櫃,,RWSCCA,
707689　千附精統一74購02,TW26Z7076899,2026/04/20,上櫃,,RWSCCA,
707690　台星科統一74購02,TW26Z7076907,2026/04/20,上櫃,,RWSCCA,
707691　兆利統一74購02,TW26Z7076915,2026/04/20,上櫃,,RWSCCA,
707692　兆利統一74購03,TW26Z7076923,2026/04/20,上櫃,,RWSCCA,
707693　宏觀統一74購01,TW26Z7076931,2026/04/20,上櫃,,RWSCCA,
707694　系統電統一64購02,TW26Z7076949,2026/04/20,上櫃,,RWSCCA,
707695　宜特統一64購02,TW26Z7076956,2026/04/20,上櫃,,RWSCCA,
707696　宜特統一65購02,TW26Z7076964,2026/04/20,上櫃,,RWSCCA,
707697　宜特統一74購02,TW26Z7076972,2026/04/20,上櫃,,RWSCCA,
707698　茂迪統一67購02,TW26Z7076980,2026/04/20,上櫃,,RWSCCA,
707699　意德士統一65購01,TW26Z7076998,2026/04/20,上櫃,,RWSCCA,
707700　意德士統一74購02,TW26Z7077004,2026/04/20,上櫃,,RWSCCA,
707701　萬泰科統一74購03,TW26Z7077012,2026/04/20,上櫃,,RWSCCA,
707702　臺慶科統一66購01,TW26Z7077020,2026/04/20,上櫃,,RWSCCA,
707703　優群統一66購01,TW26Z7077038,2026/04/20,上櫃,,RWSCCA,
707704　環球晶統一64購03,TW26Z7077046,2026/04/20,上櫃,,RWSCCA,
707705　環球晶統一74購01,TW26Z7077053,2026/04/20,上櫃,,RWSCCA,
707706　力致台新5A購01,TW26Z7077061,2026/04/21,上櫃,,RWSCCA,
707707　力致台新5A購02,TW26Z7077079,2026/04/21,上櫃,,RWSCCA,
707708　久元台新5A購01,TW26Z7077087,2026/04/21,上櫃,,RWSCCA,
707709　美琪瑪台新5A購01,TW26Z7077095,2026/04/21,上櫃,,RWSCCA,
707710　千附精國票5B購02,TW26Z7077103,2026/04/21,上櫃,,RWSCCA,
707711　千附精國票5B購03,TW26Z7077111,2026/04/21,上櫃,,RWSCCA,
707712　方土昶國票5B購01,TW26Z7077129,2026/04/21,上櫃,,RWSCCA,
707713　立碁國票5B購01,TW26Z7077137,2026/04/21,上櫃,,RWSCCA,
707714　邑昇國票5B購01,TW26Z7077145,2026/04/21,上櫃,,RWSCCA,
707715　欣銓國票5B購02,TW26Z7077152,2026/04/21,上櫃,,RWSCCA,
707716　信紘科國票5A購01,TW26Z7077160,2026/04/21,上櫃,,RWSCCA,
707717　信紘科國票5B購01,TW26Z7077178,2026/04/21,上櫃,,RWSCCA,
707718　家登國票5A購01,TW26Z7077186,2026/04/21,上櫃,,RWSCCA,
707719　能率亞國票5B購01,TW26Z7077194,2026/04/21,上櫃,,RWSCCA,
707720　華容國票5B購01,TW26Z7077202,2026/04/21,上櫃,,RWSCCA,
707721　群聯國票5B購01,TW26Z7077210,2026/04/21,上櫃,,RWSCCA,
707722　蜜望實國票5B購01,TW26Z7077228,2026/04/21,上櫃,,RWSCCA,
707723　穩得國票5A購02,TW26Z7077236,2026/04/21,上櫃,,RWSCCA,
707724　千附精元大5A購02,TW26Z7077244,2026/04/21,上櫃,,RWSCCA,
707725　千附精元大5A購03,TW26Z7077251,2026/04/21,上櫃,,RWSCCA,
707726　千附精元大5A購04,TW26Z7077269,2026/04/21,上櫃,,RWSCCA,
707727　千附精元大5A購05,TW26Z7077277,2026/04/21,上櫃,,RWSCCA,
707728　千附精元大5A購06,TW26Z7077285,2026/04/21,上櫃,,RWSCCA,
707729　欣銓元大5A購02,TW26Z7077293,2026/04/21,上櫃,,RWSCCA,
707730　欣銓元大63購03,TW26Z7077301,2026/04/21,上櫃,,RWSCCA,
707731　美琪瑪元大5A購03,TW26Z7077319,2026/04/21,上櫃,,RWSCCA,
707732　華容元大5A購01,TW26Z7077327,2026/04/21,上櫃,,RWSCCA,
707733　群翊元大5A購07,TW26Z7077335,2026/04/21,上櫃,,RWSCCA,
707734　群聯元大5A購01,TW26Z7077343,2026/04/21,上櫃,,RWSCCA,
707735　群聯元大5A購02,TW26Z7077350,2026/04/21,上櫃,,RWSCCA,
707736　鈺太元大61購01,TW26Z7077368,2026/04/21,上櫃,,RWSCCA,
707737　蜜望實元大5A購03,TW26Z7077376,2026/04/21,上櫃,,RWSCCA,
707738　蜜望實元大5A購04,TW26Z7077384,2026/04/21,上櫃,,RWSCCA,
707739　蜜望實元大5A購05,TW26Z7077392,2026/04/21,上櫃,,RWSCCA,
707740　千附精凱基5A購02,TW26Z7077400,2026/04/21,上櫃,,RWSCCA,
707741　方土昶凱基5A購01,TW26Z7077418,2026/04/21,上櫃,,RWSCCA,
707742　欣銓凱基5A購01,TW26Z7077426,2026/04/21,上櫃,,RWSCCA,
707743　欣銓凱基5A購02,TW26Z7077434,2026/04/21,上櫃,,RWSCCA,
707744　信紘科凱基5A購02,TW26Z7077442,2026/04/21,上櫃,,RWSCCA,
707745　華容凱基5A購01,TW26Z7077459,2026/04/21,上櫃,,RWSCCA,
707746　萬泰科凱基5A購02,TW26Z7077467,2026/04/21,上櫃,,RWSCCA,
707747　群聯凱基5A購01,TW26Z7077475,2026/04/21,上櫃,,RWSCCA,
707748　群聯凱基5A購02,TW26Z7077483,2026/04/21,上櫃,,RWSCCA,
707749　蜜望實凱基5A購02,TW26Z7077491,2026/04/21,上櫃,,RWSCCA,
707750　千附精永豐5C購01,TW26Z7077509,2026/04/21,上櫃,,RWSCCA,
707751　方土昶永豐5A購01,TW26Z7077517,2026/04/21,上櫃,,RWSCCA,
707752　世禾永豐5B購01,TW26Z7077525,2026/04/21,上櫃,,RWSCCA,
707753　立碁永豐61購01,TW26Z7077533,2026/04/21,上櫃,,RWSCCA,
707754　欣銓永豐5A購01,TW26Z7077541,2026/04/21,上櫃,,RWSCCA,
707755　欣銓永豐5C購01,TW26Z7077558,2026/04/21,上櫃,,RWSCCA,
707756　新盛力永豐5A購01,TW26Z7077566,2026/04/21,上櫃,,RWSCCA,
707757　群聯永豐61購01,TW26Z7077574,2026/04/21,上櫃,,RWSCCA,
707758　群聯永豐64購01,TW26Z7077582,2026/04/21,上櫃,,RWSCCA,
707759　蜜望實永豐61購01,TW26Z7077590,2026/04/21,上櫃,,RWSCCA,
707760　信昌電國泰5B購01,TW26Z7077608,2026/04/21,上櫃,,RWSCCA,
707761　信紘科國泰5B購01,TW26Z7077616,2026/04/21,上櫃,,RWSCCA,
707762　群翊國泰5C購01,TW26Z7077624,2026/04/21,上櫃,,RWSCCA,
707763　群聯群益5B購01,TW26Z7077632,2026/04/21,上櫃,,RWSCCA,
707764　群聯群益61購01,TW26Z7077640,2026/04/21,上櫃,,RWSCCA,
707765　群聯群益64購01,TW26Z7077657,2026/04/21,上櫃,,RWSCCA,
707766　蜜望實國泰5B購01,TW26Z7077665,2026/04/21,上櫃,,RWSCCA,
707767　精材兆豐5C購01,TW26Z7077673,2026/04/22,上櫃,,RWSCCA,
707768　力旺永豐5A購01,TW26Z7077681,2026/04/22,上櫃,,RWSCCA,
707769　力旺永豐5B購01,TW26Z7077699,2026/04/22,上櫃,,RWSCCA,
707770　力旺永豐5C購01,TW26Z7077707,2026/04/22,上櫃,,RWSCCA,
707771　台半永豐5C購01,TW26Z7077715,2026/04/22,上櫃,,RWSCCA,
707772　巨有永豐5C購01,TW26Z7077723,2026/04/22,上櫃,,RWSCCA,
707773　立端永豐5A購01,TW26Z7077731,2026/04/22,上櫃,,RWSCCA,
707774　宏捷科永豐5C購02,TW26Z7077749,2026/04/22,上櫃,,RWSCCA,
707775　亞通永豐5A購01,TW26Z7077756,2026/04/22,上櫃,,RWSCCA,
707776　旺矽永豐5B購02,TW26Z7077764,2026/04/22,上櫃,,RWSCCA,
707777　信昌電永豐5C購01,TW26Z7077772,2026/04/22,上櫃,,RWSCCA,
707778　信驊永豐5B購04,TW26Z7077780,2026/04/22,上櫃,,RWSCCA,
707779　華景電永豐5C購02,TW26Z7077798,2026/04/22,上櫃,,RWSCCA,
707780　精測永豐61購02,TW26Z7077806,2026/04/22,上櫃,,RWSCCA,
707781　臺慶科永豐5B購01,TW26Z7077814,2026/04/22,上櫃,,RWSCCA,
707782　聰泰永豐5A購01,TW26Z7077822,2026/04/22,上櫃,,RWSCCA,
707783　力旺凱基5A購03,TW26Z7077830,2026/04/22,上櫃,,RWSCCA,
707784　力旺凱基5A購04,TW26Z7077848,2026/04/22,上櫃,,RWSCCA,
707785　力旺凱基5B購02,TW26Z7077855,2026/04/22,上櫃,,RWSCCA,
707786　力旺凱基5C購01,TW26Z7077863,2026/04/22,上櫃,,RWSCCA,
707787　力旺凱基61購01,TW26Z7077871,2026/04/22,上櫃,,RWSCCA,
707788　立碁凱基5B購01,TW26Z7077889,2026/04/22,上櫃,,RWSCCA,
707789　宏捷科凱基5A購02,TW26Z7077897,2026/04/22,上櫃,,RWSCCA,
707790　旺矽凱基5A購05,TW26Z7077905,2026/04/22,上櫃,,RWSCCA,
707791　旺矽凱基5B購02,TW26Z7077913,2026/04/22,上櫃,,RWSCCA,
707792　旺矽凱基5C購02,TW26Z7077921,2026/04/22,上櫃,,RWSCCA,
707793　信昌電凱基5A購02,TW26Z7077939,2026/04/22,上櫃,,RWSCCA,
707794　信昌電凱基5A購03,TW26Z7077947,2026/04/22,上櫃,,RWSCCA,
707795　信驊凱基5A購04,TW26Z7077954,2026/04/22,上櫃,,RWSCCA,
707796　信驊凱基5B購03,TW26Z7077962,2026/04/22,上櫃,,RWSCCA,
707797　信驊凱基5C購02,TW26Z7077970,2026/04/22,上櫃,,RWSCCA,
707798　信驊凱基61購04,TW26Z7077988,2026/04/22,上櫃,,RWSCCA,
707799　家登凱基5A購01,TW26Z7077996,2026/04/22,上櫃,,RWSCCA,
707800　華景電凱基5A購04,TW26Z7078002,2026/04/22,上櫃,,RWSCCA,
707801　群翊凱基5A購02,TW26Z7078010,2026/04/22,上櫃,,RWSCCA,
707802　精測凱基5A購01,TW26Z7078028,2026/04/22,上櫃,,RWSCCA,
707803　精測凱基5A購02,TW26Z7078036,2026/04/22,上櫃,,RWSCCA,
707804　精測凱基5A購03,TW26Z7078044,2026/04/22,上櫃,,RWSCCA,
707805　力領台新5A購01,TW26Z7078051,2026/04/22,上櫃,,RWSCCA,
707806　世界台新5A購01,TW26Z7078069,2026/04/22,上櫃,,RWSCCA,
707807　宏捷科台新5A購01,TW26Z7078077,2026/04/22,上櫃,,RWSCCA,
707808　宏捷科台新5A購02,TW26Z7078085,2026/04/22,上櫃,,RWSCCA,
707809　宏捷科台新61購01,TW26Z7078093,2026/04/22,上櫃,,RWSCCA,
707810　旺矽台新5A購01,TW26Z7078101,2026/04/22,上櫃,,RWSCCA,
707811　旺矽台新5A購02,TW26Z7078119,2026/04/22,上櫃,,RWSCCA,
707812　信驊台新5A購01,TW26Z7078127,2026/04/22,上櫃,,RWSCCA,
707813　信驊台新5A購02,TW26Z7078135,2026/04/22,上櫃,,RWSCCA,
707814　群翊台新5A購03,TW26Z7078143,2026/04/22,上櫃,,RWSCCA,
707815　璟德台新5A購01,TW26Z7078150,2026/04/22,上櫃,,RWSCCA,
707816　力旺元大5A購04,TW26Z7078168,2026/04/22,上櫃,,RWSCCA,
707817　力旺元大5A購05,TW26Z7078176,2026/04/22,上櫃,,RWSCCA,
707818　力旺元大5B購01,TW26Z7078184,2026/04/22,上櫃,,RWSCCA,
707819　均豪元大5A購03,TW26Z7078192,2026/04/22,上櫃,,RWSCCA,
707820　旺矽元大5A購04,TW26Z7078200,2026/04/22,上櫃,,RWSCCA,
707821　旺矽元大5B購02,TW26Z7078218,2026/04/22,上櫃,,RWSCCA,
707822　旺矽元大61購02,TW26Z7078226,2026/04/22,上櫃,,RWSCCA,
707823　長科*元大5A購01,TW26Z7078234,2026/04/22,上櫃,,RWSCCA,
707824　信昌電元大5A購03,TW26Z7078242,2026/04/22,上櫃,,RWSCCA,
707825　信昌電元大5A購04,TW26Z7078259,2026/04/22,上櫃,,RWSCCA,
707826　信昌電元大5A購05,TW26Z7078267,2026/04/22,上櫃,,RWSCCA,
707827　信昌電元大5A購06,TW26Z7078275,2026/04/22,上櫃,,RWSCCA,
707828　信驊元大5A購02,TW26Z7078283,2026/04/22,上櫃,,RWSCCA,
707829　信驊元大63購01,TW26Z7078291,2026/04/22,上櫃,,RWSCCA,
707830　美琪瑪元大5A購04,TW26Z7078309,2026/04/22,上櫃,,RWSCCA,
707831　華景電元大5A購05,TW26Z7078317,2026/04/22,上櫃,,RWSCCA,
707832　新盛力元大61購01,TW26Z7078325,2026/04/22,上櫃,,RWSCCA,
707833　群翊元大61購01,TW26Z7078333,2026/04/22,上櫃,,RWSCCA,
707834　精測元大5B購02,TW26Z7078341,2026/04/22,上櫃,,RWSCCA,
707835　精測元大63購04,TW26Z7078358,2026/04/22,上櫃,,RWSCCA,
707836　穩得元大5A購03,TW26Z7078366,2026/04/22,上櫃,,RWSCCA,
707837　中光電國泰5B購01,TW26Z7078374,2026/04/22,上櫃,,RWSCCA,
707838　立碁國泰5B購02,TW26Z7078382,2026/04/22,上櫃,,RWSCCA,
707839　旺矽國泰5B購01,TW26Z7078390,2026/04/22,上櫃,,RWSCCA,
707840　旺矽國泰5B購02,TW26Z7078408,2026/04/22,上櫃,,RWSCCA,
707841　信昌電國泰5B購02,TW26Z7078416,2026/04/22,上櫃,,RWSCCA,
707842　新盛力國泰5B購01,TW26Z7078424,2026/04/22,上櫃,,RWSCCA,
707843　旺矽統一64購02,TW26Z7078432,2026/04/22,上櫃,,RWSCCA,
707844　群聯統一64購01,TW26Z7078440,2026/04/22,上櫃,,RWSCCA,
707845　精測統一64購03,TW26Z7078457,2026/04/22,上櫃,,RWSCCA,
707846　力旺富邦5C購01,TW26Z7078465,2026/04/22,上櫃,,RWSCCE,
707847　良維富邦62購01,TW26Z7078473,2026/04/22,上櫃,,RWSCCE,
707848　旺矽富邦64購02,TW26Z7078481,2026/04/22,上櫃,,RWSCCE,
707849　欣銓富邦5A購01,TW26Z7078499,2026/04/22,上櫃,,RWSCCE,
707850　欣銓富邦64購01,TW26Z7078507,2026/04/22,上櫃,,RWSCCE,
707851　信紘科富邦62購01,TW26Z7078515,2026/04/22,上櫃,,RWSCCE,
707852　信驊富邦61購01,TW26Z7078523,2026/04/22,上櫃,,RWSCCE,
707853　華電網富邦62購01,TW26Z7078531,2026/04/22,上櫃,,RWSCCE,
707854　順達富邦62購01,TW26Z7078549,2026/04/22,上櫃,,RWSCCE,
707855　新盛力富邦5C購01,TW26Z7078556,2026/04/22,上櫃,,RWSCCE,
707856　新盛力富邦61購01,TW26Z7078564,2026/04/22,上櫃,,RWSCCE,
707857　群翊富邦5B購01,TW26Z7078572,2026/04/22,上櫃,,RWSCCE,
707858　群聯富邦5C購01,TW26Z7078580,2026/04/22,上櫃,,RWSCCE,
707859　群聯富邦61購01,TW26Z7078598,2026/04/22,上櫃,,RWSCCE,
707860　精測富邦61購01,TW26Z7078606,2026/04/22,上櫃,,RWSCCE,
707861　M31凱基5A購02,TW26Z7078614,2026/04/23,上櫃,,RWSCCA,
707862　M31凱基5A購03,TW26Z7078622,2026/04/23,上櫃,,RWSCCA,
707863　宏觀凱基61購02,TW26Z7078630,2026/04/23,上櫃,,RWSCCA,
707864　良維凱基5B購03,TW26Z7078648,2026/04/23,上櫃,,RWSCCA,
707865　家登凱基5A購02,TW26Z7078655,2026/04/23,上櫃,,RWSCCA,
707866　華景電凱基5C購01,TW26Z7078663,2026/04/23,上櫃,,RWSCCA,
707867　新盛力凱基5A購03,TW26Z7078671,2026/04/23,上櫃,,RWSCCA,
707868　聖暉*凱基5A購02,TW26Z7078689,2026/04/23,上櫃,,RWSCCA,
707869　鏵友益凱基5A購01,TW26Z7078697,2026/04/23,上櫃,,RWSCCA,
707870　環球晶兆豐5C購02,TW26Z7078705,2026/04/23,上櫃,,RWSCCA,
707871　M31元大5A購01,TW26Z7078713,2026/04/23,上櫃,,RWSCCA,
707872　M31元大5A購02,TW26Z7078721,2026/04/23,上櫃,,RWSCCA,
707873　M31元大61購01,TW26Z7078739,2026/04/23,上櫃,,RWSCCA,
707874　M31元大63購01,TW26Z7078747,2026/04/23,上櫃,,RWSCCA,
707875　久元元大5A購02,TW26Z7078754,2026/04/23,上櫃,,RWSCCA,
707876　千附元大5A購01,TW26Z7078762,2026/04/23,上櫃,,RWSCCA,
707877　加高元大5A購01,TW26Z7078770,2026/04/23,上櫃,,RWSCCA,
707878　台嘉碩元大5A購02,TW26Z7078788,2026/04/23,上櫃,,RWSCCA,
707879　立敦元大5A購01,TW26Z7078796,2026/04/23,上櫃,,RWSCCA,
707880　立碁元大5A購02,TW26Z7078804,2026/04/23,上櫃,,RWSCCA,
707881　立碁元大63購01,TW26Z7078812,2026/04/23,上櫃,,RWSCCA,
707882　宏觀元大5C購01,TW26Z7078820,2026/04/23,上櫃,,RWSCCA,
707883　欣銓元大5A購03,TW26Z7078838,2026/04/23,上櫃,,RWSCCA,
707884　家登元大61購01,TW26Z7078846,2026/04/23,上櫃,,RWSCCA,
707885　華電網元大5A購02,TW26Z7078853,2026/04/23,上櫃,,RWSCCA,
707886　鈺太元大5A購01,TW26Z7078861,2026/04/23,上櫃,,RWSCCA,
707887　鏵友益元大5A購01,TW26Z7078879,2026/04/23,上櫃,,RWSCCA,
707888　元債20群益5A購01,TW26Z7078887,2026/04/23,上櫃,,RWBCCA,
707889　世界群益5A購02,TW26Z7078895,2026/04/23,上櫃,,RWSCCA,
707890　宏觀群益5A購01,TW26Z7078903,2026/04/23,上櫃,,RWSCCA,
707891　欣銓群益5A購01,TW26Z7078911,2026/04/23,上櫃,,RWSCCA,
707892　翔名群益5A購01,TW26Z7078929,2026/04/23,上櫃,,RWSCCA,
707893　環球晶群益5A購04,TW26Z7078937,2026/04/23,上櫃,,RWSCCA,
707894　M31富邦5C購01,TW26Z7078945,2026/04/23,上櫃,,RWSCCE,
707895　元太富邦61購01,TW26Z7078952,2026/04/23,上櫃,,RWSCCE,
707896　台星科富邦61購01,TW26Z7078960,2026/04/23,上櫃,,RWSCCE,
707897　均豪富邦62購01,TW26Z7078978,2026/04/23,上櫃,,RWSCCE,
707898　宏捷科富邦5C購03,TW26Z7078986,2026/04/23,上櫃,,RWSCCE,
707899　宏捷科富邦61購02,TW26Z7078994,2026/04/23,上櫃,,RWSCCE,
707900　華景電富邦61購01,TW26Z7079000,2026/04/23,上櫃,,RWSCCE,
707901　鈊象富邦61購01,TW26Z7079018,2026/04/23,上櫃,,RWSCCE,
707902　萬泰科富邦62購01,TW26Z7079026,2026/04/23,上櫃,,RWSCCE,
707903　欣銓群益5A購02,TW26Z7079034,2026/04/24,上櫃,,RWSCCA,
707904　新盛力群益5A購01,TW26Z7079042,2026/04/24,上櫃,,RWSCCA,
707905　環球晶群益5A購05,TW26Z7079059,2026/04/24,上櫃,,RWSCCA,
707906　久元元大5A購03,TW26Z7079067,2026/04/24,上櫃,,RWSCCA,
707907　方土昶元大5A購01,TW26Z7079075,2026/04/24,上櫃,,RWSCCA,
707908　世界元大5A購03,TW26Z7079083,2026/04/24,上櫃,,RWSCCA,
707909　尼克森元大5A購01,TW26Z7079091,2026/04/24,上櫃,,RWSCCA,
707910　立碁元大5A購03,TW26Z7079109,2026/04/24,上櫃,,RWSCCA,
707911　兆利元大5A購01,TW26Z7079117,2026/04/24,上櫃,,RWSCCA,
707912　均華元大5A購01,TW26Z7079125,2026/04/24,上櫃,,RWSCCA,
707913　均華元大5A購02,TW26Z7079133,2026/04/24,上櫃,,RWSCCA,
707914　均豪元大5A購04,TW26Z7079141,2026/04/24,上櫃,,RWSCCA,
707915　沛亨元大5A購05,TW26Z7079158,2026/04/24,上櫃,,RWSCCA,
707916　邑昇元大5A購01,TW26Z7079166,2026/04/24,上櫃,,RWSCCA,
707917　信紘科元大5A購02,TW26Z7079174,2026/04/24,上櫃,,RWSCCA,
707918　家登元大5A購03,TW26Z7079182,2026/04/24,上櫃,,RWSCCA,
707919　家登元大5A購04,TW26Z7079190,2026/04/24,上櫃,,RWSCCA,
707920　華景電元大5A購06,TW26Z7079208,2026/04/24,上櫃,,RWSCCA,
707921　華景電元大63購01,TW26Z7079216,2026/04/24,上櫃,,RWSCCA,
707922　新盛力元大5A購03,TW26Z7079224,2026/04/24,上櫃,,RWSCCA,
707923　德微元大5A購01,TW26Z7079232,2026/04/24,上櫃,,RWSCCA,
707924　久元凱基5A購01,TW26Z7079240,2026/04/24,上櫃,,RWSCCA,
707925　合晶凱基5A購01,TW26Z7079257,2026/04/24,上櫃,,RWSCCA,
707926　均華凱基5A購01,TW26Z7079265,2026/04/24,上櫃,,RWSCCA,
707927　系微凱基5A購03,TW26Z7079273,2026/04/24,上櫃,,RWSCCA,
707928　欣銓凱基63購01,TW26Z7079281,2026/04/24,上櫃,,RWSCCA,
707929　家登凱基5A購03,TW26Z7079299,2026/04/24,上櫃,,RWSCCA,
707930　鈺太凱基61購01,TW26Z7079307,2026/04/24,上櫃,,RWSCCA,
707931　環球晶凱基5A購01,TW26Z7079315,2026/04/24,上櫃,,RWSCCA,
707932　世禾富邦5C購02,TW26Z7079323,2026/04/24,上櫃,,RWSCCE,
707933　均華富邦61購01,TW26Z7079331,2026/04/24,上櫃,,RWSCCE,
707934　沛亨富邦5B購01,TW26Z7079349,2026/04/24,上櫃,,RWSCCE,
707935　欣銓富邦5B購01,TW26Z7079356,2026/04/24,上櫃,,RWSCCE,
707936　中美晶兆豐64購01,TW26Z7079364,2026/04/27,上櫃,,RWSCCA,
707937　順達兆豐5C購02,TW26Z7079372,2026/04/27,上櫃,,RWSCCA,
707938　世界群益5A購03,TW26Z7079380,2026/04/27,上櫃,,RWSCCA,
707939　合晶群益5B購01,TW26Z7079398,2026/04/27,上櫃,,RWSCCA,
707940　良維群益5A購01,TW26Z7079406,2026/04/27,上櫃,,RWSCCA,
707941　原相群益5A購01,TW26Z7079414,2026/04/27,上櫃,,RWSCCA,
707942　創惟群益5B購01,TW26Z7079422,2026/04/27,上櫃,,RWSCCA,
707943　富喬群益5A購03,TW26Z7079430,2026/04/27,上櫃,,RWSCCA,
707944　富喬群益5A購04,TW26Z7079448,2026/04/27,上櫃,,RWSCCA,
707945　聖暉*群益5B購01,TW26Z7079455,2026/04/27,上櫃,,RWSCCA,
707946　德微群益5A購01,TW26Z7079463,2026/04/27,上櫃,,RWSCCA,
707947　雙鴻群益5B購06,TW26Z7079471,2026/04/27,上櫃,,RWSCCA,
707948　久元凱基5A購02,TW26Z7079489,2026/04/27,上櫃,,RWSCCA,
707949　千附凱基5A購01,TW26Z7079497,2026/04/27,上櫃,,RWSCCA,
707950　世界凱基5A購02,TW26Z7079505,2026/04/27,上櫃,,RWSCCA,
707951　兆利凱基5A購01,TW26Z7079513,2026/04/27,上櫃,,RWSCCA,
707952　艾訊凱基5B購01,TW26Z7079521,2026/04/27,上櫃,,RWSCCA,
707953　均豪凱基5A購02,TW26Z7079539,2026/04/27,上櫃,,RWSCCA,
707954　沛亨凱基5A購02,TW26Z7079547,2026/04/27,上櫃,,RWSCCA,
707955　家登凱基5A購04,TW26Z7079554,2026/04/27,上櫃,,RWSCCA,
707956　勤凱凱基5A購02,TW26Z7079562,2026/04/27,上櫃,,RWSCCA,
707957　新盛力凱基5B購01,TW26Z7079570,2026/04/27,上櫃,,RWSCCA,
707958　鉅橡凱基5A購03,TW26Z7079588,2026/04/27,上櫃,,RWSCCA,
707959　雙鴻凱基5A購07,TW26Z7079596,2026/04/27,上櫃,,RWSCCA,
707960　雙鴻凱基61購02,TW26Z7079604,2026/04/27,上櫃,,RWSCCA,
707961　中美晶富邦5A購01,TW26Z7079612,2026/04/27,上櫃,,RWSCCE,
707962　長科*富邦62購01,TW26Z7079620,2026/04/27,上櫃,,RWSCCE,
707963　家登富邦61購01,TW26Z7079638,2026/04/27,上櫃,,RWSCCE,
707964　富喬富邦61購01,TW26Z7079646,2026/04/27,上櫃,,RWSCCE,
707965　聖暉*富邦5C購01,TW26Z7079653,2026/04/27,上櫃,,RWSCCE,
707966　鉅橡富邦5B購01,TW26Z7079661,2026/04/27,上櫃,,RWSCCE,
707967　鈺太富邦5A購01,TW26Z7079679,2026/04/27,上櫃,,RWSCCE,
707968　優群富邦61購01,TW26Z7079687,2026/04/27,上櫃,,RWSCCE,
707969　環球晶富邦5B購01,TW26Z7079695,2026/04/27,上櫃,,RWSCCE,
707970　雙鴻富邦5C購09,TW26Z7079703,2026/04/27,上櫃,,RWSCCE,
707971　巨有元大5A購01,TW26Z7079711,2026/04/27,上櫃,,RWSCCA,
707972　富喬元大5C購02,TW26Z7079729,2026/04/27,上櫃,,RWSCCA,
707973　華義元大5A購01,TW26Z7079737,2026/04/27,上櫃,,RWSCCA,
707974　環球晶元大5A購01,TW26Z7079745,2026/04/27,上櫃,,RWSCCA,
707975　雙鴻兆豐5C購02,TW26Z7079752,2026/04/28,上櫃,,RWSCCA,
707976　世界兆豐5C購01,TW26Z7079760,2026/04/28,上櫃,,RWSCCA,
707977　富喬國票5A購02,TW26Z7079778,2026/04/27,上櫃,,RWSCCA,
707978　富喬國票5B購02,TW26Z7079786,2026/04/27,上櫃,,RWSCCA,
707979　華義國票5B購01,TW26Z7079794,2026/04/27,上櫃,,RWSCCA,
707980　華義國票5B購02,TW26Z7079802,2026/04/27,上櫃,,RWSCCA,
707981　新盛力國票5A購02,TW26Z7079810,2026/04/27,上櫃,,RWSCCA,
707982　雙鴻凱基5A購08,TW26Z7079828,2026/04/29,上櫃,,RWSCCA,
707983　良維凱基5A購04,TW26Z7079836,2026/04/28,上櫃,,RWSCCA,
707984　聖暉*凱基5C購01,TW26Z7079844,2026/04/28,上櫃,,RWSCCA,
707985　德微凱基5A購02,TW26Z7079851,2026/04/28,上櫃,,RWSCCA,
707986　環球晶凱基5A購02,TW26Z7079869,2026/04/28,上櫃,,RWSCCA,
707987　雙鴻凱基5C購06,TW26Z7079877,2026/04/28,上櫃,,RWSCCA,
707988　譜瑞群益5A購01,TW26Z7079885,2026/04/28,上櫃,,RWSCCA,
707989　系統電國泰5B購01,TW26Z7079893,2026/04/28,上櫃,,RWSCCA,
707990　新盛力國泰5B購02,TW26Z7079901,2026/04/28,上櫃,,RWSCCA,
707991　群聯國泰5B購01,TW26Z7079919,2026/04/28,上櫃,,RWSCCA,
707992　群聯國泰5B購02,TW26Z7079927,2026/04/28,上櫃,,RWSCCA,
707993　立碁元大5A購04,TW26Z7079935,2026/04/28,上櫃,,RWSCCA,
707994　系微元大5C購01,TW26Z7079943,2026/04/28,上櫃,,RWSCCA,
707995　德微元大5A購02,TW26Z7079950,2026/04/28,上櫃,,RWSCCA,
707996　立碁永豐5B購02,TW26Z7079968,2026/04/28,上櫃,,RWSCCA,
707997　新盛力永豐61購01,TW26Z7079976,2026/04/28,上櫃,,RWSCCA,
707998　群聯永豐5C購01,TW26Z7079984,2026/04/28,上櫃,,RWSCCA,
707999　聖暉*永豐5C購02,TW26Z7079992,2026/04/28,上櫃,,RWSCCA,
708000　德微永豐5B購01,TW26Z7080008,2026/04/28,上櫃,,RWSCCA,
708001　雙鴻永豐5C購04,TW26Z7080016,2026/04/28,上櫃,,RWSCCA,
708002　雙鴻永豐61購03,TW26Z7080024,2026/04/28,上櫃,,RWSCCA,
708003　立碁國票5B購02,TW26Z7080032,2026/04/28,上櫃,,RWSCCA,
708004　兆利國票5B購01,TW26Z7080040,2026/04/28,上櫃,,RWSCCA,
708005　系微國票5B購01,TW26Z7080057,2026/04/28,上櫃,,RWSCCA,
708006　良維國票5B購01,TW26Z7080065,2026/04/28,上櫃,,RWSCCA,
708007　凌陽創國票5B購01,TW26Z7080073,2026/04/28,上櫃,,RWSCCA,
708008　群聯國票5B購03,TW26Z7080081,2026/04/28,上櫃,,RWSCCA,
708009　聖暉*國票5B購01,TW26Z7080099,2026/04/28,上櫃,,RWSCCA,
708010　鉅橡國票5B購02,TW26Z7080107,2026/04/28,上櫃,,RWSCCA,
708011　矽科台新5A購01,TW26Z7080115,2026/04/29,上櫃,,RWSCCA,
708012　捷創台新5A購01,TW26Z7080123,2026/04/29,上櫃,,RWSCCA,
708013　富強鑫台新5A購01,TW26Z7080131,2026/04/29,上櫃,,RWSCCA,
708014　崴寶台新5A購01,TW26Z7080149,2026/04/29,上櫃,,RWSCCA,
708015　群聯台新5A購01,TW26Z7080156,2026/04/29,上櫃,,RWSCCA,
708016　群聯台新5A購02,TW26Z7080164,2026/04/29,上櫃,,RWSCCA,
708017　群聯台新5A購03,TW26Z7080172,2026/04/29,上櫃,,RWSCCA,
708018　穩得台新5A購01,TW26Z7080180,2026/04/29,上櫃,,RWSCCA,
708019　良維凱基5B購04,TW26Z7080198,2026/04/29,上櫃,,RWSCCA,
708020　東捷凱基5A購03,TW26Z7080206,2026/04/29,上櫃,,RWSCCA,
708021　群聯凱基5B購01,TW26Z7080214,2026/04/29,上櫃,,RWSCCA,
708022　精材凱基5C購01,TW26Z7080222,2026/04/29,上櫃,,RWSCCA,
708023　譜瑞凱基5A購01,TW26Z7080230,2026/04/29,上櫃,,RWSCCA,
708024　三聯國票5A購01,TW26Z7080248,2026/04/29,上櫃,,RWSCCA,
708025　大綜國票5A購01,TW26Z7080255,2026/04/29,上櫃,,RWSCCA,
708026　太景*國票5B購01,TW26Z7080263,2026/04/29,上櫃,,RWSCCA,
708027　良維國票5B購02,TW26Z7080271,2026/04/29,上櫃,,RWSCCA,
708028　朋程國票5A購01,TW26Z7080289,2026/04/29,上櫃,,RWSCCA,
708029　崴寶國票5B購01,TW26Z7080297,2026/04/29,上櫃,,RWSCCA,
708030　群翊國票5B購03,TW26Z7080305,2026/04/29,上櫃,,RWSCCA,
708031　群聯國票5B購04,TW26Z7080313,2026/04/29,上櫃,,RWSCCA,
708032　環球晶國票5A購02,TW26Z7080321,2026/04/29,上櫃,,RWSCCA,
708033　譜瑞國票5B購01,TW26Z7080339,2026/04/29,上櫃,,RWSCCA,
708034　久元永豐5C購01,TW26Z7080347,2026/04/29,上櫃,,RWSCCA,
708035　良維永豐5C購02,TW26Z7080354,2026/04/29,上櫃,,RWSCCA,
708036　精材永豐5C購02,TW26Z7080362,2026/04/29,上櫃,,RWSCCA,
708037　雙鴻永豐5B購03,TW26Z7080370,2026/04/29,上櫃,,RWSCCA,
708038　雙鴻永豐63購02,TW26Z7080388,2026/04/29,上櫃,,RWSCCA,
708039　力致國泰5C購01,TW26Z7080396,2026/04/29,上櫃,,RWSCCA,
708040　良維元大5A購04,TW26Z7080404,2026/04/29,上櫃,,RWSCCA,
708041　良維元大63購01,TW26Z7080412,2026/04/29,上櫃,,RWSCCA,
708042　新盛力元大5A購04,TW26Z7080420,2026/04/29,上櫃,,RWSCCA,
708043　良維富邦61購01,TW26Z7080438,2026/04/29,上櫃,,RWSCCE,
708044　新盛力富邦61購02,TW26Z7080446,2026/04/29,上櫃,,RWSCCE,
708045　兆利群益5A購01,TW26Z7080453,2026/04/29,上櫃,,RWSCCA,
708046　系統電群益5B購01,TW26Z7080461,2026/04/29,上櫃,,RWSCCA,
708047　良維群益5B購03,TW26Z7080479,2026/04/29,上櫃,,RWSCCA,
708048　臺慶科群益5A購01,TW26Z7080487,2026/04/29,上櫃,,RWSCCA,
708049　雙鴻群益5A購07,TW26Z7080495,2026/04/29,上櫃,,RWSCCA,
708050　中美晶台新5B購02,TW26Z7080503,2026/04/30,上櫃,,RWSCCA,
708051　兆利台新5A購01,TW26Z7080511,2026/04/30,上櫃,,RWSCCA,
708052　兆利台新5A購02,TW26Z7080529,2026/04/30,上櫃,,RWSCCA,
708053　環球晶台新5A購03,TW26Z7080537,2026/04/30,上櫃,,RWSCCA,
708054　環球晶台新5A購04,TW26Z7080545,2026/04/30,上櫃,,RWSCCA,
708055　群聯元大5A購03,TW26Z7080552,2026/04/30,上櫃,,RWSCCA,
708056　環球晶元大5A購02,TW26Z7080560,2026/04/30,上櫃,,RWSCCA,
708057　環球晶元大5A購03,TW26Z7080578,2026/04/30,上櫃,,RWSCCA,
708058　環球晶元大5A購04,TW26Z7080586,2026/04/30,上櫃,,RWSCCA,
708059　世界凱基5A購03,TW26Z7080594,2026/04/30,上櫃,,RWSCCA,
708060　系統電凱基5A購03,TW26Z7080602,2026/04/30,上櫃,,RWSCCA,
708061　欣銓凱基5A購03,TW26Z7080610,2026/04/30,上櫃,,RWSCCA,
708062　順達凱基5A購04,TW26Z7080628,2026/04/30,上櫃,,RWSCCA,
708063　群聯凱基5B購02,TW26Z7080636,2026/04/30,上櫃,,RWSCCA,
708064　群聯兆豐64購01,TW26Z7080644,2026/04/30,上櫃,,RWSCCA,
708065　中美晶群益5C購01,TW26Z7080651,2026/04/30,上櫃,,RWSCCA,
708066　群聯群益5B購02,TW26Z7080669,2026/04/30,上櫃,,RWSCCA,
708067　群聯群益5C購01,TW26Z7080677,2026/04/30,上櫃,,RWSCCA,
708068　精材群益5A購05,TW26Z7080685,2026/04/30,上櫃,,RWSCCA,
708069　精材群益5A購06,TW26Z7080693,2026/04/30,上櫃,,RWSCCA,
708070　雙鴻群益5B購07,TW26Z7080701,2026/04/30,上櫃,,RWSCCA,
708071　凡甲國票5B購01,TW26Z7080719,2026/04/30,上櫃,,RWSCCA,
708072　久元國票5B購01,TW26Z7080727,2026/04/30,上櫃,,RWSCCA,
708073　中美晶國票5B購01,TW26Z7080735,2026/04/30,上櫃,,RWSCCA,
708074　欣銓國票5C購01,TW26Z7080743,2026/04/30,上櫃,,RWSCCA,
708075　萬泰科國票5B購02,TW26Z7080750,2026/04/30,上櫃,,RWSCCA,
708076　群聯國票5B購05,TW26Z7080768,2026/04/30,上櫃,,RWSCCA,
708077　精材國票5B購01,TW26Z7080776,2026/04/30,上櫃,,RWSCCA,
708078　鑫聯國票5B購01,TW26Z7080784,2026/04/30,上櫃,,RWSCCA,
708079　鴻呈國泰5C購01,TW26Z7080792,2026/04/30,上櫃,,RWSCCA,
708080　譜瑞國泰5B購01,TW26Z7080800,2026/04/30,上櫃,,RWSCCA,
708081　久元富邦61購02,TW26Z7080818,2026/04/30,上櫃,,RWSCCE,
708082　系統電富邦61購01,TW26Z7080826,2026/04/30,上櫃,,RWSCCE,
708083　家登富邦5C購02,TW26Z7080834,2026/04/30,上櫃,,RWSCCE,
708084　群聯富邦5C購02,TW26Z7080842,2026/04/30,上櫃,,RWSCCE,
708085　群聯富邦61購02,TW26Z7080859,2026/04/30,上櫃,,RWSCCE,
708086　譜瑞富邦5C購03,TW26Z7080867,2026/04/30,上櫃,,RWSCCE,
708087　譜瑞富邦61購01,TW26Z7080875,2026/04/30,上櫃,,RWSCCE,
708088　群聯永豐5C購02,TW26Z7080883,2026/04/30,上櫃,,RWSCCA,
708089　群聯永豐64購02,TW26Z7080891,2026/04/30,上櫃,,RWSCCA,
708090　精材永豐5B購02,TW26Z7080909,2026/04/30,上櫃,,RWSCCA,
708091　中美晶凱基61購02,TW26Z7080917,2026/05/04,上櫃,,RWSCCA,
708092　矽科凱基5B購01,TW26Z7080925,2026/05/04,上櫃,,RWSCCA,
708093　群聯凱基61購01,TW26Z7080933,2026/05/04,上櫃,,RWSCCA,
708094　精材凱基5B購02,TW26Z7080941,2026/05/04,上櫃,,RWSCCA,
708095　環球晶凱基5B購02,TW26Z7080958,2026/05/04,上櫃,,RWSCCA,
708096　譜瑞凱基5B購01,TW26Z7080966,2026/05/04,上櫃,,RWSCCA,
708097　久元國票5C購01,TW26Z7080974,2026/05/04,上櫃,,RWSCCA,
708098　台星科國票5C購01,TW26Z7080982,2026/05/04,上櫃,,RWSCCA,
708099　正淩國票5C購01,TW26Z7080990,2026/05/04,上櫃,,RWSCCA,
708100　亞信國票5C購01,TW26Z7081006,2026/05/04,上櫃,,RWSCCA,
708101　佳邦國票5C購01,TW26Z7081014,2026/05/04,上櫃,,RWSCCA,
708102　金山電國票5C購01,TW26Z7081022,2026/05/04,上櫃,,RWSCCA,
708103　原相國票5B購01,TW26Z7081030,2026/05/04,上櫃,,RWSCCA,
708104　原相國票5C購01,TW26Z7081048,2026/05/04,上櫃,,RWSCCA,
708105　家登國票5B購01,TW26Z7081055,2026/05/04,上櫃,,RWSCCA,
708106　新潤國票5C購01,TW26Z7081063,2026/05/04,上櫃,,RWSCCA,
708107　群聯國票61購01,TW26Z7081071,2026/05/04,上櫃,,RWSCCA,
708108　精華國票5C購01,TW26Z7081089,2026/05/04,上櫃,,RWSCCA,
708109　磐儀國票5C購01,TW26Z7081097,2026/05/04,上櫃,,RWSCCA,
708110　世界台新5B購01,TW26Z7081105,2026/05/04,上櫃,,RWSCCA,
708111　矽科台新5B購01,TW26Z7081113,2026/05/04,上櫃,,RWSCCA,
708112　家登台新5B購01,TW26Z7081121,2026/05/04,上櫃,,RWSCCA,
708113　家登台新5B購02,TW26Z7081139,2026/05/04,上櫃,,RWSCCA,
708114　家登台新62購01,TW26Z7081147,2026/05/04,上櫃,,RWSCCA,
708115　勤凱台新5B購01,TW26Z7081154,2026/05/04,上櫃,,RWSCCA,
708116　群聯台新5B購01,TW26Z7081162,2026/05/04,上櫃,,RWSCCA,
708117　群聯台新5B購02,TW26Z7081170,2026/05/04,上櫃,,RWSCCA,
708118　世界群益5B購05,TW26Z7081188,2026/05/04,上櫃,,RWSCCA,
708119　欣銓群益5B購01,TW26Z7081196,2026/05/04,上櫃,,RWSCCA,
708120　家登群益5B購01,TW26Z7081204,2026/05/04,上櫃,,RWSCCA,
708121　家登群益61購01,TW26Z7081212,2026/05/04,上櫃,,RWSCCA,
708122　世界永豐65購01,TW26Z7081220,2026/05/04,上櫃,,RWSCCA,
708123　台特化永豐62購01,TW26Z7081238,2026/05/04,上櫃,,RWSCCA,
708124　高鋒永豐5C購01,TW26Z7081246,2026/05/04,上櫃,,RWSCCA,
708125　群聯永豐65購01,TW26Z7081253,2026/05/04,上櫃,,RWSCCA,
708126　群聯中信62購01,TW26Z7081261,2026/05/04,上櫃,,RWSCCE,
708127　凡甲國泰61購01,TW26Z7081279,2026/05/04,上櫃,,RWSCCA,
708128　東捷國泰61購01,TW26Z7081287,2026/05/04,上櫃,,RWSCCA,
708129　欣銓國泰5C購01,TW26Z7081295,2026/05/04,上櫃,,RWSCCA,
708130　群聯國泰61購01,TW26Z7081303,2026/05/04,上櫃,,RWSCCA,
708131　中美晶富邦61購01,TW26Z7081311,2026/05/04,上櫃,,RWSCCE,
708132　環球晶富邦5C購02,TW26Z7081329,2026/05/04,上櫃,,RWSCCE,
708133　中美晶元大5B購02,TW26Z7081337,2026/05/04,上櫃,,RWSCCA,
708134　中美晶元大5B購03,TW26Z7081345,2026/05/04,上櫃,,RWSCCA,
708135　世界元大5B購02,TW26Z7081352,2026/05/04,上櫃,,RWSCCA,
708136　世界元大5B購03,TW26Z7081360,2026/05/04,上櫃,,RWSCCA,
708137　均豪元大5B購01,TW26Z7081378,2026/05/04,上櫃,,RWSCCA,
708138　群聯元大5B購01,TW26Z7081386,2026/05/04,上櫃,,RWSCCA,
708139　群聯元大5B購02,TW26Z7081394,2026/05/04,上櫃,,RWSCCA,
708140　群聯元大64購01,TW26Z7081402,2026/05/04,上櫃,,RWSCCA,
708141　精材元大5B購03,TW26Z7081410,2026/05/04,上櫃,,RWSCCA,
708142　精材元大5B購04,TW26Z7081428,2026/05/04,上櫃,,RWSCCA,
708143　精材元大5B購05,TW26Z7081436,2026/05/04,上櫃,,RWSCCA,
708144　雙鴻元大61購14,TW26Z7081444,2026/05/04,上櫃,,RWSCCA,
708145　大學光凱基5B購01,TW26Z7081451,2026/05/05,上櫃,,RWSCCA,
708146　世界凱基5B購01,TW26Z7081469,2026/05/05,上櫃,,RWSCCA,
708147　正淩凱基5C購01,TW26Z7081477,2026/05/05,上櫃,,RWSCCA,
708148　欣銓凱基61購01,TW26Z7081485,2026/05/05,上櫃,,RWSCCA,
708149　原相凱基5B購02,TW26Z7081493,2026/05/05,上櫃,,RWSCCA,
708150　家登凱基5B購01,TW26Z7081501,2026/05/05,上櫃,,RWSCCA,
708151　群翊凱基61購02,TW26Z7081519,2026/05/05,上櫃,,RWSCCA,
708152　群聯凱基63購01,TW26Z7081527,2026/05/05,上櫃,,RWSCCA,
708153　鈺太凱基5B購01,TW26Z7081535,2026/05/05,上櫃,,RWSCCA,
708154　安葆台新5B購01,TW26Z7081543,2026/05/05,上櫃,,RWSCCA,
708155　家碩台新5B購01,TW26Z7081550,2026/05/05,上櫃,,RWSCCA,
708156　家碩台新5B購02,TW26Z7081568,2026/05/05,上櫃,,RWSCCA,
708157　鉅橡台新5B購01,TW26Z7081576,2026/05/05,上櫃,,RWSCCA,
708158　華景電國泰5C購01,TW26Z7081584,2026/05/05,上櫃,,RWSCCA,
708159　世界富邦5B購01,TW26Z7081592,2026/05/05,上櫃,,RWSCCE,
708160　系微富邦63購01,TW26Z7081600,2026/05/05,上櫃,,RWSCCE,
708161　茂迪富邦63購02,TW26Z7081618,2026/05/05,上櫃,,RWSCCE,
708162　原相富邦5B購01,TW26Z7081626,2026/05/05,上櫃,,RWSCCE,
708163　萬泰科富邦5B購02,TW26Z7081634,2026/05/05,上櫃,,RWSCCE,
708164　群聯富邦62購01,TW26Z7081642,2026/05/05,上櫃,,RWSCCE,
708165　群聯富邦62購02,TW26Z7081659,2026/05/05,上櫃,,RWSCCE,
708166　凡甲永豐5C購01,TW26Z7081667,2026/05/05,上櫃,,RWSCCA,
708167　東捷永豐64購02,TW26Z7081675,2026/05/05,上櫃,,RWSCCA,
708168　東捷永豐67購01,TW26Z7081683,2026/05/05,上櫃,,RWSCCA,
708169　華景電永豐61購02,TW26Z7081691,2026/05/05,上櫃,,RWSCCA,
708170　璟德永豐61購01,TW26Z7081709,2026/05/05,上櫃,,RWSCCA,
708171　家登中信5B購01,TW26Z7081717,2026/05/05,上櫃,,RWSCCE,
708172　譜瑞中信5B購01,TW26Z7081725,2026/05/05,上櫃,,RWSCCE,
708173　欣銓兆豐61購01,TW26Z7081733,2026/05/05,上櫃,,RWSCCA,
708174　凡甲國票5C購01,TW26Z7081741,2026/05/05,上櫃,,RWSCCA,
708175　安葆國票5C購01,TW26Z7081758,2026/05/05,上櫃,,RWSCCA,
708176　東捷國票5C購01,TW26Z7081766,2026/05/05,上櫃,,RWSCCA,
708177　華景電國票5C購01,TW26Z7081774,2026/05/05,上櫃,,RWSCCA,
708178　群翊國票5C購01,TW26Z7081782,2026/05/05,上櫃,,RWSCCA,
708179　群聯國票66購01,TW26Z7081790,2026/05/05,上櫃,,RWSCCA,
708180　東捷群益5B購02,TW26Z7081808,2026/05/05,上櫃,,RWSCCA,
708181　東捷群益5B購03,TW26Z7081816,2026/05/05,上櫃,,RWSCCA,
708182　華景電群益5B購01,TW26Z7081824,2026/05/05,上櫃,,RWSCCA,
708183　群聯群益61購03,TW26Z7081832,2026/05/05,上櫃,,RWSCCA,
708184　久元元大64購01,TW26Z7081840,2026/05/05,上櫃,,RWSCCA,
708185　正淩元大5B購01,TW26Z7081857,2026/05/05,上櫃,,RWSCCA,
708186　東捷元大5B購01,TW26Z7081865,2026/05/05,上櫃,,RWSCCA,
708187　東捷元大5B購02,TW26Z7081873,2026/05/05,上櫃,,RWSCCA,
708188　東捷元大5B購03,TW26Z7081881,2026/05/05,上櫃,,RWSCCA,
708189　東捷元大5B購04,TW26Z7081899,2026/05/05,上櫃,,RWSCCA,
708190　家登元大5B購02,TW26Z7081907,2026/05/05,上櫃,,RWSCCA,
708191　順達元大64購03,TW26Z7081915,2026/05/05,上櫃,,RWSCCA,
708192　萬泰科元大5B購01,TW26Z7081923,2026/05/05,上櫃,,RWSCCA,
708193　群翊元大5B購01,TW26Z7081931,2026/05/05,上櫃,,RWSCCA,
708194　群聯元大5B購03,TW26Z7081949,2026/05/05,上櫃,,RWSCCA,
708195　群聯元大64購02,TW26Z7081956,2026/05/05,上櫃,,RWSCCA,
708196　鈺太元大5B購01,TW26Z7081964,2026/05/05,上櫃,,RWSCCA,
708197　精材元大5B購07,TW26Z7081972,2026/05/05,上櫃,,RWSCCA,
708198　精材元大61購06,TW26Z7081980,2026/05/05,上櫃,,RWSCCA,
708199　環球晶元大5B購01,TW26Z7081998,2026/05/05,上櫃,,RWSCCA,
708200　環球晶元大5B購02,TW26Z7082004,2026/05/05,上櫃,,RWSCCA,
708201　凡甲凱基5B購01,TW26Z7082012,2026/05/06,上櫃,,RWSCCA,
708202　久元凱基5B購01,TW26Z7082020,2026/05/06,上櫃,,RWSCCA,
708203　台特化凱基5B購01,TW26Z7082038,2026/05/06,上櫃,,RWSCCA,
708204　安葆凱基5C購01,TW26Z7082046,2026/05/06,上櫃,,RWSCCA,
708205　家登凱基5B購02,TW26Z7082053,2026/05/06,上櫃,,RWSCCA,
708206　華景電凱基5B購01,TW26Z7082061,2026/05/06,上櫃,,RWSCCA,
708207　順達凱基63購01,TW26Z7082079,2026/05/06,上櫃,,RWSCCA,
708208　萬泰科凱基5C購01,TW26Z7082087,2026/05/06,上櫃,,RWSCCA,
708209　群聯凱基64購01,TW26Z7082095,2026/05/06,上櫃,,RWSCCA,
708210　環球晶凱基5B購03,TW26Z7082103,2026/05/06,上櫃,,RWSCCA,
708211　穩得凱基5B購01,TW26Z7082111,2026/05/06,上櫃,,RWSCCA,
708212　鑫聯凱基5C購01,TW26Z7082129,2026/05/06,上櫃,,RWSCCA,
708213　台特化台新5B購01,TW26Z7082137,2026/05/06,上櫃,,RWSCCA,
708214　台特化台新5B購02,TW26Z7082145,2026/05/06,上櫃,,RWSCCA,
708215　系微台新5B購01,TW26Z7082152,2026/05/06,上櫃,,RWSCCA,
708216　欣銓台新5B購01,TW26Z7082160,2026/05/06,上櫃,,RWSCCA,
708217　欣銓台新5B購02,TW26Z7082178,2026/05/06,上櫃,,RWSCCA,
708218　湧德台新5B購01,TW26Z7082186,2026/05/06,上櫃,,RWSCCA,
708219　華景電台新5B購01,TW26Z7082194,2026/05/06,上櫃,,RWSCCA,
708220　鈊象台新5B購01,TW26Z7082202,2026/05/06,上櫃,,RWSCCA,
708221　萬泰科台新5B購01,TW26Z7082210,2026/05/06,上櫃,,RWSCCA,
708222　萬泰科台新5B購02,TW26Z7082228,2026/05/06,上櫃,,RWSCCA,
708223　精材台新5B購01,TW26Z7082236,2026/05/06,上櫃,,RWSCCA,
708224　精材台新5B購02,TW26Z7082244,2026/05/06,上櫃,,RWSCCA,
708225　璟德中信5B購01,TW26Z7082251,2026/05/06,上櫃,,RWSCCE,
708226　安葆國泰5C購01,TW26Z7082269,2026/05/06,上櫃,,RWSCCA,
708227　群翊國泰5C購02,TW26Z7082277,2026/05/06,上櫃,,RWSCCA,
708228　凡甲富邦61購01,TW26Z7082285,2026/05/06,上櫃,,RWSCCE,
708229　中光電富邦62購01,TW26Z7082293,2026/05/06,上櫃,,RWSCCE,
708230　均豪富邦5B購01,TW26Z7082301,2026/05/06,上櫃,,RWSCCE,
708231　捷創富邦62購01,TW26Z7082319,2026/05/06,上櫃,,RWSCCE,
708232　世界永豐5C購01,TW26Z7082327,2026/05/06,上櫃,,RWSCCA,
708233　家登永豐61購01,TW26Z7082335,2026/05/06,上櫃,,RWSCCA,
708234　家碩永豐5B購01,TW26Z7082343,2026/05/06,上櫃,,RWSCCA,
708235　群聯永豐65購02,TW26Z7082350,2026/05/06,上櫃,,RWSCCA,
708236　鉅橡永豐5C購01,TW26Z7082368,2026/05/06,上櫃,,RWSCCA,
708237　環球晶兆豐61購01,TW26Z7082376,2026/05/06,上櫃,,RWSCCA,
708238　艾訊國票63購01,TW26Z7082384,2026/05/06,上櫃,,RWSCCA,
708239　美琪瑪國票5C購01,TW26Z7082392,2026/05/06,上櫃,,RWSCCA,
708240　晶宏國票5C購01,TW26Z7082400,2026/05/06,上櫃,,RWSCCA,
708241　翔名國票5C購01,TW26Z7082418,2026/05/06,上櫃,,RWSCCA,
708242　聰泰國票5C購01,TW26Z7082426,2026/05/06,上櫃,,RWSCCA,
708243　寶雅國票5C購01,TW26Z7082434,2026/05/06,上櫃,,RWSCCA,
708244　久元群益61購01,TW26Z7082442,2026/05/06,上櫃,,RWSCCA,
708245　方土昶群益5B購01,TW26Z7082459,2026/05/06,上櫃,,RWSCCA,
708246　世界群益5B購06,TW26Z7082467,2026/05/06,上櫃,,RWSCCA,
708247　艾訊群益5B購01,TW26Z7082475,2026/05/06,上櫃,,RWSCCA,
708248　家登群益5B購02,TW26Z7082483,2026/05/06,上櫃,,RWSCCA,
708249　陽程群益5B購01,TW26Z7082491,2026/05/06,上櫃,,RWSCCA,
708250　群聯群益5B購03,TW26Z7082509,2026/05/06,上櫃,,RWSCCA,
708251　環球晶群益5B購01,TW26Z7082517,2026/05/06,上櫃,,RWSCCA,
708252　凡甲元大5B購01,TW26Z7082525,2026/05/06,上櫃,,RWSCCA,
708253　均豪元大5B購02,TW26Z7082533,2026/05/06,上櫃,,RWSCCA,
708254　均豪元大65購01,TW26Z7082541,2026/05/06,上櫃,,RWSCCA,
708255　家登元大5B購03,TW26Z7082558,2026/05/06,上櫃,,RWSCCA,
708256　群聯元大5B購04,TW26Z7082566,2026/05/06,上櫃,,RWSCCA,
708257　群聯元大5B購05,TW26Z7082574,2026/05/06,上櫃,,RWSCCA,
708258　群聯元大64購03,TW26Z7082582,2026/05/06,上櫃,,RWSCCA,
708259　精材元大5B購08,TW26Z7082590,2026/05/06,上櫃,,RWSCCA,
708260　精材元大5B購09,TW26Z7082608,2026/05/06,上櫃,,RWSCCA,
708261　精材元大5B購10,TW26Z7082616,2026/05/06,上櫃,,RWSCCA,
708262　璟德元大5B購01,TW26Z7082624,2026/05/06,上櫃,,RWSCCA,
708263　環球晶元大5B購03,TW26Z7082632,2026/05/06,上櫃,,RWSCCA,
708264　環球晶元大5B購04,TW26Z7082640,2026/05/06,上櫃,,RWSCCA,
708265　大中元大5B購01,TW26Z7082657,2026/05/07,上櫃,,RWSCCA,
708266　威剛元大5B購04,TW26Z7082665,2026/05/07,上櫃,,RWSCCA,
708267　威剛元大5B購05,TW26Z7082673,2026/05/07,上櫃,,RWSCCA,
708268　威剛元大64購01,TW26Z7082681,2026/05/07,上櫃,,RWSCCA,
708269　陽程元大61購03,TW26Z7082699,2026/05/07,上櫃,,RWSCCA,
708270　群聯元大5B購06,TW26Z7082707,2026/05/07,上櫃,,RWSCCA,
708271　鉅橡元大5B購01,TW26Z7082715,2026/05/07,上櫃,,RWSCCA,
708272　鉅橡元大5B購02,TW26Z7082723,2026/05/07,上櫃,,RWSCCA,
708273　安葆國泰5C購02,TW26Z7082731,2026/05/07,上櫃,,RWSCCA,
708274　勤凱國泰5C購01,TW26Z7082749,2026/05/07,上櫃,,RWSCCA,
708275　雷科國泰5C購01,TW26Z7082756,2026/05/07,上櫃,,RWSCCA,
708276　久元凱基64購01,TW26Z7082764,2026/05/07,上櫃,,RWSCCA,
708277　均豪凱基65購01,TW26Z7082772,2026/05/07,上櫃,,RWSCCA,
708278　金山電凱基5B購01,TW26Z7082780,2026/05/07,上櫃,,RWSCCA,
708279　威剛凱基5B購03,TW26Z7082798,2026/05/07,上櫃,,RWSCCA,
708280　群聯凱基64購02,TW26Z7082806,2026/05/07,上櫃,,RWSCCA,
708281　精材凱基5B購03,TW26Z7082814,2026/05/07,上櫃,,RWSCCA,
708282　寶雅凱基5B購01,TW26Z7082822,2026/05/07,上櫃,,RWSCCA,
708283　鉅橡台新5B購02,TW26Z7082830,2026/05/07,上櫃,,RWSCCA,
708284　鉅橡台新5B購03,TW26Z7082848,2026/05/07,上櫃,,RWSCCA,
708285　系微兆豐65購01,TW26Z7082855,2026/05/07,上櫃,,RWSCCA,
708286　群聯兆豐65購01,TW26Z7082863,2026/05/07,上櫃,,RWSCCA,
708287　凡甲國票5C購02,TW26Z7082871,2026/05/07,上櫃,,RWSCCA,
708288　久元國票5C購02,TW26Z7082889,2026/05/07,上櫃,,RWSCCA,
708289　方土昶國票5C購01,TW26Z7082897,2026/05/07,上櫃,,RWSCCA,
708290　世界國票5C購02,TW26Z7082905,2026/05/07,上櫃,,RWSCCA,
708291　宏捷科國票5C購01,TW26Z7082913,2026/05/07,上櫃,,RWSCCA,
708292　威剛國票5C購01,TW26Z7082921,2026/05/07,上櫃,,RWSCCA,
708293　耕興國票5C購01,TW26Z7082939,2026/05/07,上櫃,,RWSCCA,
708294　港建*國票5B購01,TW26Z7082947,2026/05/07,上櫃,,RWSCCA,
708295　華宏國票5C購01,TW26Z7082954,2026/05/07,上櫃,,RWSCCA,
708296　鉅橡國票5C購01,TW26Z7082962,2026/05/07,上櫃,,RWSCCA,
708297　廣穎國票5C購01,TW26Z7082970,2026/05/07,上櫃,,RWSCCA,
708298　久元永豐5C購02,TW26Z7082988,2026/05/07,上櫃,,RWSCCA,
708299　台星科永豐61購01,TW26Z7082996,2026/05/07,上櫃,,RWSCCA,
708300　合晶永豐5B購01,TW26Z7083002,2026/05/07,上櫃,,RWSCCA,
708301　均豪永豐5C購02,TW26Z7083010,2026/05/07,上櫃,,RWSCCA,
708302　欣銓永豐61購01,TW26Z7083028,2026/05/07,上櫃,,RWSCCA,
708303　威剛永豐5B購01,TW26Z7083036,2026/05/07,上櫃,,RWSCCA,
708304　威剛永豐5C購02,TW26Z7083044,2026/05/07,上櫃,,RWSCCA,
708305　威剛永豐61購01,TW26Z7083051,2026/05/07,上櫃,,RWSCCA,
708306　威剛永豐65購01,TW26Z7083069,2026/05/07,上櫃,,RWSCCA,
708307　威剛永豐68購01,TW26Z7083077,2026/05/07,上櫃,,RWSCCA,
708308　鉅橡永豐61購01,TW26Z7083085,2026/05/07,上櫃,,RWSCCA,
708309　廣穎永豐65購01,TW26Z7083093,2026/05/07,上櫃,,RWSCCA,
708310　凡甲群益5B購01,TW26Z7083101,2026/05/07,上櫃,,RWSCCA,
708311　台特化群益5C購01,TW26Z7083119,2026/05/07,上櫃,,RWSCCA,
708312　正淩群益63購01,TW26Z7083127,2026/05/07,上櫃,,RWSCCA,
708313　均豪群益5B購01,TW26Z7083135,2026/05/07,上櫃,,RWSCCA,
708314　宏捷科群益5B購01,TW26Z7083143,2026/05/07,上櫃,,RWSCCA,
708315　岳豐群益65購01,TW26Z7083150,2026/05/07,上櫃,,RWSCCA,
708316　威剛群益5B購02,TW26Z7083168,2026/05/07,上櫃,,RWSCCA,
708317　威剛群益5C購01,TW26Z7083176,2026/05/07,上櫃,,RWSCCA,
708318　威剛群益61購01,TW26Z7083184,2026/05/07,上櫃,,RWSCCA,
708319　茂綸群益5B購01,TW26Z7083192,2026/05/07,上櫃,,RWSCCA,
708320　廣穎群益5B購01,TW26Z7083200,2026/05/07,上櫃,,RWSCCA,
708321　環球晶群益5C購01,TW26Z7083218,2026/05/07,上櫃,,RWSCCA,
708322　寶雅群益61購01,TW26Z7083226,2026/05/07,上櫃,,RWSCCA,
708323　凡甲凱基5B購02,TW26Z7083234,2026/05/08,上櫃,,RWSCCA,
708324　久元凱基5C購01,TW26Z7083242,2026/05/08,上櫃,,RWSCCA,
708325　大中凱基5B購01,TW26Z7083259,2026/05/08,上櫃,,RWSCCA,
708326　方土昶凱基5C購01,TW26Z7083267,2026/05/08,上櫃,,RWSCCA,
708327　台特化凱基5B購02,TW26Z7083275,2026/05/08,上櫃,,RWSCCA,
708328　合晶凱基5B購01,TW26Z7083283,2026/05/08,上櫃,,RWSCCA,
708329　艾訊凱基5B購02,TW26Z7083291,2026/05/08,上櫃,,RWSCCA,
708330　良維凱基5B購05,TW26Z7083309,2026/05/08,上櫃,,RWSCCA,
708331　威剛凱基5B購04,TW26Z7083317,2026/05/08,上櫃,,RWSCCA,
708332　家登凱基5B購03,TW26Z7083325,2026/05/08,上櫃,,RWSCCA,
708333　耕興凱基5B購01,TW26Z7083333,2026/05/08,上櫃,,RWSCCA,
708334　港建*凱基5B購01,TW26Z7083341,2026/05/08,上櫃,,RWSCCA,
708335　群聯凱基61購02,TW26Z7083358,2026/05/08,上櫃,,RWSCCA,
708336　廣穎凱基5B購01,TW26Z7083366,2026/05/08,上櫃,,RWSCCA,
708337　環球晶凱基5C購02,TW26Z7083374,2026/05/08,上櫃,,RWSCCA,
708338　合晶台新5B購01,TW26Z7083382,2026/05/08,上櫃,,RWSCCA,
708339　合晶台新5B購02,TW26Z7083390,2026/05/08,上櫃,,RWSCCA,
708340　合晶台新5B購03,TW26Z7083408,2026/05/08,上櫃,,RWSCCA,
708341　安葆台新5B購02,TW26Z7083416,2026/05/08,上櫃,,RWSCCA,
708342　艾訊台新5B購01,TW26Z7083424,2026/05/08,上櫃,,RWSCCA,
708343　艾訊台新5B購02,TW26Z7083432,2026/05/08,上櫃,,RWSCCA,
708344　良維台新5B購01,TW26Z7083440,2026/05/08,上櫃,,RWSCCA,
708345　良維台新5B購02,TW26Z7083457,2026/05/08,上櫃,,RWSCCA,
708346　良維台新5B購03,TW26Z7083465,2026/05/08,上櫃,,RWSCCA,
708347　湧德台新5B購02,TW26Z7083473,2026/05/08,上櫃,,RWSCCA,
708348　湧德台新5B購03,TW26Z7083481,2026/05/08,上櫃,,RWSCCA,
708349　順達台新5B購01,TW26Z7083499,2026/05/08,上櫃,,RWSCCA,
708350　順達台新5B購02,TW26Z7083507,2026/05/08,上櫃,,RWSCCA,
708351　鈊象台新5B購02,TW26Z7083515,2026/05/08,上櫃,,RWSCCA,
708352　萬泰科台新5B購03,TW26Z7083523,2026/05/08,上櫃,,RWSCCA,
708353　群聯台新5B購03,TW26Z7083531,2026/05/08,上櫃,,RWSCCA,
708354　群聯台新5B購04,TW26Z7083549,2026/05/08,上櫃,,RWSCCA,
708355　精材台新5B購03,TW26Z7083556,2026/05/08,上櫃,,RWSCCA,
708356　臺慶科台新5B購01,TW26Z7083564,2026/05/08,上櫃,,RWSCCA,
708357　璟德台新5B購01,TW26Z7083572,2026/05/08,上櫃,,RWSCCA,
708358　台星科兆豐61購01,TW26Z7083580,2026/05/08,上櫃,,RWSCCA,
708359　均豪兆豐61購01,TW26Z7083598,2026/05/08,上櫃,,RWSCCA,
708360　欣銓群益5B購02,TW26Z7083606,2026/05/08,上櫃,,RWSCCA,
708361　精材群益5B購01,TW26Z7083614,2026/05/08,上櫃,,RWSCCA,
708362　環球晶群益5B購02,TW26Z7083622,2026/05/08,上櫃,,RWSCCA,
708363　環球晶群益5B購03,TW26Z7083630,2026/05/08,上櫃,,RWSCCA,
708364　凡甲元大5B購02,TW26Z7083648,2026/05/08,上櫃,,RWSCCA,
708365　凡甲元大5B購03,TW26Z7083655,2026/05/08,上櫃,,RWSCCA,
708366　凡甲元大65購01,TW26Z7083663,2026/05/08,上櫃,,RWSCCA,
708367　久元元大5B購01,TW26Z7083671,2026/05/08,上櫃,,RWSCCA,
708368　久元元大61購02,TW26Z7083689,2026/05/08,上櫃,,RWSCCA,
708369　久元元大65購01,TW26Z7083697,2026/05/08,上櫃,,RWSCCA,
708370　台星科元大5B購02,TW26Z7083705,2026/05/08,上櫃,,RWSCCA,
708371　台星科元大65購01,TW26Z7083713,2026/05/08,上櫃,,RWSCCA,
708372　沛亨元大5B購01,TW26Z7083721,2026/05/08,上櫃,,RWSCCA,
708373　欣銓元大5B購01,TW26Z7083739,2026/05/08,上櫃,,RWSCCA,
708374　欣銓元大64購01,TW26Z7083747,2026/05/08,上櫃,,RWSCCA,
708375　金山電元大5B購01,TW26Z7083754,2026/05/08,上櫃,,RWSCCA,
708376　威剛元大5B購06,TW26Z7083762,2026/05/08,上櫃,,RWSCCA,
708377　威剛元大5B購07,TW26Z7083770,2026/05/08,上櫃,,RWSCCA,
708378　原相元大5B購01,TW26Z7083788,2026/05/08,上櫃,,RWSCCA,
708379　家登元大5B購04,TW26Z7083796,2026/05/08,上櫃,,RWSCCA,
708380　家登元大64購01,TW26Z7083804,2026/05/08,上櫃,,RWSCCA,
708381　陽程元大61購04,TW26Z7083812,2026/05/08,上櫃,,RWSCCA,
708382　群聯元大5B購07,TW26Z7083820,2026/05/08,上櫃,,RWSCCA,
708383　群聯元大61購05,TW26Z7083838,2026/05/08,上櫃,,RWSCCA,
708384　凡甲國泰5C購01,TW26Z7083846,2026/05/08,上櫃,,RWSCCA,
708385　合晶國泰61購01,TW26Z7083853,2026/05/08,上櫃,,RWSCCA,
708386　合晶國泰62購01,TW26Z7083861,2026/05/08,上櫃,,RWSCCA,
708387　均豪國泰62購01,TW26Z7083879,2026/05/08,上櫃,,RWSCCA,
708388　良維國泰5C購01,TW26Z7083887,2026/05/08,上櫃,,RWSCCA,
708389　家登國泰5C購01,TW26Z7083895,2026/05/08,上櫃,,RWSCCA,
708390　家登國泰5C購02,TW26Z7083903,2026/05/08,上櫃,,RWSCCA,
708391　力領台新5B購01,TW26Z7083911,2026/05/11,上櫃,,RWSCCA,
708392　正淩台新5B購01,TW26Z7083929,2026/05/11,上櫃,,RWSCCA,
708393　合晶台新5B購04,TW26Z7083937,2026/05/11,上櫃,,RWSCCA,
708394　新盛力台新5B購01,TW26Z7083945,2026/05/11,上櫃,,RWSCCA,
708395　新盛力台新62購01,TW26Z7083952,2026/05/11,上櫃,,RWSCCA,
708396　群聯台新5B購05,TW26Z7083960,2026/05/11,上櫃,,RWSCCA,
708397　群聯台新5B購06,TW26Z7083978,2026/05/11,上櫃,,RWSCCA,
708398　聖暉*台新5B購02,TW26Z7083986,2026/05/11,上櫃,,RWSCCA,
708399　優群台新5B購01,TW26Z7083994,2026/05/11,上櫃,,RWSCCA,
708400　久元凱基5B購02,TW26Z7084000,2026/05/11,上櫃,,RWSCCA,
708401　中美晶凱基61購03,TW26Z7084018,2026/05/11,上櫃,,RWSCCA,
708402　世禾凱基5B購01,TW26Z7084026,2026/05/11,上櫃,,RWSCCA,
708403　世界凱基5C購03,TW26Z7084034,2026/05/11,上櫃,,RWSCCA,
708404　尼克森凱基5B購01,TW26Z7084042,2026/05/11,上櫃,,RWSCCA,
708405　亞信凱基5B購01,TW26Z7084059,2026/05/11,上櫃,,RWSCCA,
708406　欣銓凱基5B購01,TW26Z7084067,2026/05/11,上櫃,,RWSCCA,
708407　信立凱基5B購02,TW26Z7084075,2026/05/11,上櫃,,RWSCCA,
708408　威剛凱基5C購01,TW26Z7084083,2026/05/11,上櫃,,RWSCCA,
708409　智通*凱基5B購01,TW26Z7084091,2026/05/11,上櫃,,RWSCCA,
708410　群聯凱基64購03,TW26Z7084109,2026/05/11,上櫃,,RWSCCA,
708411　優群凱基5B購01,TW26Z7084117,2026/05/11,上櫃,,RWSCCA,
708412　環球晶兆豐61購02,TW26Z7084125,2026/05/11,上櫃,,RWSCCA,
708413　FH中5G元大5B購01,TW26Z7084133,2026/05/11,上櫃,,RWBCCA,
708414　FH中5G元大5C購01,TW26Z7084141,2026/05/11,上櫃,,RWBCCA,
708415　世界元大64購03,TW26Z7084158,2026/05/11,上櫃,,RWSCCA,
708416　世界元大65購01,TW26Z7084166,2026/05/11,上櫃,,RWSCCA,
708417　合晶元大5B購01,TW26Z7084174,2026/05/11,上櫃,,RWSCCA,
708418　順達元大64購04,TW26Z7084182,2026/05/11,上櫃,,RWSCCA,
708419　新盛力元大64購01,TW26Z7084190,2026/05/11,上櫃,,RWSCCA,
708420　萬泰科元大5B購02,TW26Z7084208,2026/05/11,上櫃,,RWSCCA,
708421　鈺太元大5B購02,TW26Z7084216,2026/05/11,上櫃,,RWSCCA,
708422　鈺太元大65購01,TW26Z7084224,2026/05/11,上櫃,,RWSCCA,
708423　精材元大5B購11,TW26Z7084232,2026/05/11,上櫃,,RWSCCA,
708424　環球晶元大5B購05,TW26Z7084240,2026/05/11,上櫃,,RWSCCA,
708425　世界國票5C購03,TW26Z7084257,2026/05/11,上櫃,,RWSCCA,
708426　台半國票5C購01,TW26Z7084265,2026/05/11,上櫃,,RWSCCA,
708427　朋億*國票5C購01,TW26Z7084273,2026/05/11,上櫃,,RWSCCA,
708428　群聯國票61購02,TW26Z7084281,2026/05/11,上櫃,,RWSCCA,
708429　雷科國票5B購01,TW26Z7084299,2026/05/11,上櫃,,RWSCCA,
708430　久元富邦61購03,TW26Z7084307,2026/05/11,上櫃,,RWSCCE,
708431　久元富邦62購01,TW26Z7084315,2026/05/11,上櫃,,RWSCCE,
708432　合晶富邦62購01,TW26Z7084323,2026/05/11,上櫃,,RWSCCE,
708433　家登富邦61購02,TW26Z7084331,2026/05/11,上櫃,,RWSCCE,
708434　家登富邦62購01,TW26Z7084349,2026/05/11,上櫃,,RWSCCE,
708435　鈊象富邦61購02,TW26Z7084356,2026/05/11,上櫃,,RWSCCE,
708436　新盛力富邦61購03,TW26Z7084364,2026/05/11,上櫃,,RWSCCE,
708437　群聯富邦62購03,TW26Z7084372,2026/05/11,上櫃,,RWSCCE,
708438　環球晶富邦5C購03,TW26Z7084380,2026/05/11,上櫃,,RWSCCE,
708439　世界群益5B購07,TW26Z7084398,2026/05/11,上櫃,,RWSCCA,
708440　立碁群益5C購01,TW26Z7084406,2026/05/11,上櫃,,RWSCCA,
708441　合晶群益5B購02,TW26Z7084414,2026/05/11,上櫃,,RWSCCA,
708442　艾訊群益5B購02,TW26Z7084422,2026/05/11,上櫃,,RWSCCA,
708443　家登群益61購02,TW26Z7084430,2026/05/11,上櫃,,RWSCCA,
708444　新盛力群益5B購01,TW26Z7084448,2026/05/11,上櫃,,RWSCCA,
708445　群聯群益5B購04,TW26Z7084455,2026/05/11,上櫃,,RWSCCA,
708446　環球晶群益5C購02,TW26Z7084463,2026/05/11,上櫃,,RWSCCA,
708447　久元凱基63購01,TW26Z7084471,2026/05/12,上櫃,,RWSCCA,
708448　世界凱基65購01,TW26Z7084489,2026/05/12,上櫃,,RWSCCA,
708449　台半凱基5C購01,TW26Z7084497,2026/05/12,上櫃,,RWSCCA,
708450　合晶凱基5B購02,TW26Z7084505,2026/05/12,上櫃,,RWSCCA,
708451　合晶凱基61購01,TW26Z7084513,2026/05/12,上櫃,,RWSCCA,
708452　欣銓凱基64購01,TW26Z7084521,2026/05/12,上櫃,,RWSCCA,
708453　金山電凱基5B購02,TW26Z7084539,2026/05/12,上櫃,,RWSCCA,
708454　威剛凱基5B購06,TW26Z7084547,2026/05/12,上櫃,,RWSCCA,
708455　胡連凱基5B購01,TW26Z7084554,2026/05/12,上櫃,,RWSCCA,
708456　家登凱基5B購04,TW26Z7084562,2026/05/12,上櫃,,RWSCCA,
708457　新盛力凱基5B購02,TW26Z7084570,2026/05/12,上櫃,,RWSCCA,
708458　群聯凱基5B購03,TW26Z7084588,2026/05/12,上櫃,,RWSCCA,
708459　鈺太凱基5B購02,TW26Z7084596,2026/05/12,上櫃,,RWSCCA,
708460　營邦凱基5B購01,TW26Z7084604,2026/05/12,上櫃,,RWSCCA,
708461　營邦凱基5B購02,TW26Z7084612,2026/05/12,上櫃,,RWSCCA,
708462　營邦凱基5B購03,TW26Z7084620,2026/05/12,上櫃,,RWSCCA,
708463　環球晶凱基5B購04,TW26Z7084638,2026/05/12,上櫃,,RWSCCA,
708464　環球晶凱基5B購05,TW26Z7084646,2026/05/12,上櫃,,RWSCCA,
708465　久元台新5B購01,TW26Z7084653,2026/05/12,上櫃,,RWSCCA,
708466　久元台新5B購02,TW26Z7084661,2026/05/12,上櫃,,RWSCCA,
708467　世界台新5B購02,TW26Z7084679,2026/05/12,上櫃,,RWSCCA,
708468　華景電台新5B購02,TW26Z7084687,2026/05/12,上櫃,,RWSCCA,
708469　華景電台新5B購03,TW26Z7084695,2026/05/12,上櫃,,RWSCCA,
708470　環球晶台新5B購01,TW26Z7084703,2026/05/12,上櫃,,RWSCCA,
708471　環球晶台新5B購02,TW26Z7084711,2026/05/12,上櫃,,RWSCCA,
708472　環球晶台新62購01,TW26Z7084729,2026/05/12,上櫃,,RWSCCA,
708473　環球晶台新62購02,TW26Z7084737,2026/05/12,上櫃,,RWSCCA,
708474　久元元大5B購02,TW26Z7084745,2026/05/12,上櫃,,RWSCCA,
708475　久元元大5B購03,TW26Z7084752,2026/05/12,上櫃,,RWSCCA,
708476　久元元大5B購04,TW26Z7084760,2026/05/12,上櫃,,RWSCCA,
708477　久元元大5B購05,TW26Z7084778,2026/05/12,上櫃,,RWSCCA,
708478　久元元大5B購06,TW26Z7084786,2026/05/12,上櫃,,RWSCCA,
708479　世禾元大5B購01,TW26Z7084794,2026/05/12,上櫃,,RWSCCA,
708480　世界元大64購04,TW26Z7084802,2026/05/12,上櫃,,RWSCCA,
708481　合晶元大5B購02,TW26Z7084810,2026/05/12,上櫃,,RWSCCA,
708482　合晶元大5B購03,TW26Z7084828,2026/05/12,上櫃,,RWSCCA,
708483　合晶元大5B購04,TW26Z7084836,2026/05/12,上櫃,,RWSCCA,
708484　合晶元大5B購05,TW26Z7084844,2026/05/12,上櫃,,RWSCCA,
708485　合晶元大64購01,TW26Z7084851,2026/05/12,上櫃,,RWSCCA,
708486　合晶元大65購01,TW26Z7084869,2026/05/12,上櫃,,RWSCCA,
708487　金山電元大5B購02,TW26Z7084877,2026/05/12,上櫃,,RWSCCA,
708488　金山電元大5B購03,TW26Z7084885,2026/05/12,上櫃,,RWSCCA,
708489　金山電元大5B購04,TW26Z7084893,2026/05/12,上櫃,,RWSCCA,
708490　群聯元大5B購08,TW26Z7084901,2026/05/12,上櫃,,RWSCCA,
708491　群聯元大5B購09,TW26Z7084919,2026/05/12,上櫃,,RWSCCA,
708492　營邦元大5B購01,TW26Z7084927,2026/05/12,上櫃,,RWSCCA,
708493　營邦元大5B購02,TW26Z7084935,2026/05/12,上櫃,,RWSCCA,
708494　環球晶元大5B購06,TW26Z7084943,2026/05/12,上櫃,,RWSCCA,
708495　環球晶元大5B購07,TW26Z7084950,2026/05/12,上櫃,,RWSCCA,
708496　環球晶元大5B購08,TW26Z7084968,2026/05/12,上櫃,,RWSCCA,
708497　環球晶元大5B購09,TW26Z7084976,2026/05/12,上櫃,,RWSCCA,
708498　環球晶元大61購02,TW26Z7084984,2026/05/12,上櫃,,RWSCCA,
708499　環球晶元大64購01,TW26Z7084992,2026/05/12,上櫃,,RWSCCA,
708500　譜瑞元大61購02,TW26Z7085007,2026/05/12,上櫃,,RWSCCA,
708501　威剛兆豐65購01,TW26Z7085015,2026/05/12,上櫃,,RWSCCA,
708502　金山電國泰61購01,TW26Z7085023,2026/05/12,上櫃,,RWSCCA,
708503　群聯國泰62購01,TW26Z7085031,2026/05/12,上櫃,,RWSCCA,
708504　群聯國泰63購01,TW26Z7085049,2026/05/12,上櫃,,RWSCCA,
708505　群聯國泰63購02,TW26Z7085056,2026/05/12,上櫃,,RWSCCA,
708506　雷科國泰5C購02,TW26Z7085064,2026/05/12,上櫃,,RWSCCA,
708507　環球晶國泰61購01,TW26Z7085072,2026/05/12,上櫃,,RWSCCA,
708508　環球晶國泰61購02,TW26Z7085080,2026/05/12,上櫃,,RWSCCA,
708509　久元國票5B購02,TW26Z7085098,2026/05/12,上櫃,,RWSCCA,
708510　久元國票5C購03,TW26Z7085106,2026/05/12,上櫃,,RWSCCA,
708511　久元國票5C購04,TW26Z7085114,2026/05/12,上櫃,,RWSCCA,
708512　合晶國票5B購01,TW26Z7085122,2026/05/12,上櫃,,RWSCCA,
708513　合晶國票5C購01,TW26Z7085130,2026/05/12,上櫃,,RWSCCA,
708514　金山電國票5C購02,TW26Z7085148,2026/05/12,上櫃,,RWSCCA,
708515　環球晶國票5B購01,TW26Z7085155,2026/05/12,上櫃,,RWSCCA,
708516　環球晶國票5C購01,TW26Z7085163,2026/05/12,上櫃,,RWSCCA,
708517　世界富邦5B購02,TW26Z7085171,2026/05/12,上櫃,,RWSCCE,
708518　精材富邦5B購01,TW26Z7085189,2026/05/12,上櫃,,RWSCCE,
708519　營邦富邦61購01,TW26Z7085197,2026/05/12,上櫃,,RWSCCE,
708520　環球晶富邦5B購02,TW26Z7085205,2026/05/12,上櫃,,RWSCCE,
708521　環球晶富邦61購01,TW26Z7085213,2026/05/12,上櫃,,RWSCCE,
708522　中美晶群益5C購02,TW26Z7085221,2026/05/12,上櫃,,RWSCCA,
708523　世界群益5B購08,TW26Z7085239,2026/05/12,上櫃,,RWSCCA,
708524　朋程群益5B購01,TW26Z7085247,2026/05/12,上櫃,,RWSCCA,
708525　金山電群益5B購01,TW26Z7085254,2026/05/12,上櫃,,RWSCCA,
708526　新盛力群益5B購02,TW26Z7085262,2026/05/12,上櫃,,RWSCCA,
708527　精材群益5B購02,TW26Z7085270,2026/05/12,上櫃,,RWSCCA,
708528　臺慶科群益5B購01,TW26Z7085288,2026/05/12,上櫃,,RWSCCA,
708529　德微群益5B購01,TW26Z7085296,2026/05/12,上櫃,,RWSCCA,
708530　營邦群益5B購01,TW26Z7085304,2026/05/12,上櫃,,RWSCCA,
708531　營邦群益5B購02,TW26Z7085312,2026/05/12,上櫃,,RWSCCA,
708532　環球晶群益5B購04,TW26Z7085320,2026/05/12,上櫃,,RWSCCA,
708533　譜瑞群益5C購02,TW26Z7085338,2026/05/12,上櫃,,RWSCCA,
718730　兆利統一55購01,TW24Z7187303,2024/05/13,上櫃,,RWSCCA,
718937　智通統一55購01,TW24Z7189374,2024/05/17,上櫃,,RWSCCA,
71923U　創惟群益55售01,TW25Z71923U3,2025/07/11,上櫃,,RWSCPE,
71958U　精測群益56售01,TW25Z71958U9,2025/07/17,上櫃,,RWSCPE,
719715　神盾統一56購01,TW24Z7197153,2024/06/05,上櫃,,RWSCCA,
719716　神盾統一56購02,TW24Z7197161,2024/06/05,上櫃,,RWSCCA,
719719　廣明統一56購01,TW24Z7197195,2024/06/05,上櫃,,RWSCCA,
720183　正淩統一56購01,TW24Z7201831,2024/06/17,上櫃,,RWSCCA,
720184　正淩統一56購02,TW24Z7201849,2024/06/18,上櫃,,RWSCCA,
720186　先進光統一56購01,TW24Z7201864,2024/06/17,上櫃,,RWSCCA,
720187　先進光統一56購02,TW24Z7201872,2024/06/17,上櫃,,RWSCCA,
720746　旺矽統一56購01,TW24Z7207465,2024/06/28,上櫃,,RWSCCA,
720748　雙鴻統一56購01,TW24Z7207481,2024/06/28,上櫃,,RWSCCA,
72096U　雙鴻群益56售01,TW25Z72096U7,2025/08/12,上櫃,,RWSCPE,
72117U　建榮國票55售02,TW25Z72117U1,2025/08/15,上櫃,,RWSCPE,
72124U　宏捷科群益58售01,TW25Z72124U7,2025/08/19,上櫃,,RWSCPE,
72192U　旺矽富邦56售01,TW25Z72192U4,2025/09/02,上櫃,,RWSCPE,
72223U　精測凱基55售03,TW25Z72223U7,2025/09/10,上櫃,,RWSCPE,
72224U　精測凱基55售04,TW25Z72224U5,2025/09/10,上櫃,,RWSCPE,
722353　先進光統一57購01,TW24Z7223538,2024/07/30,上櫃,,RWSCCA,
722354　系統電統一57購01,TW24Z7223546,2024/07/30,上櫃,,RWSCCA,
722428　雷科統一56購01,TW24Z7224288,2024/07/31,上櫃,,RWSCCA,
722429　雷科統一57購01,TW24Z7224296,2024/07/31,上櫃,,RWSCCA,
72242U　智通*國票55售02,TW25Z72242U7,2025/09/12,上櫃,,RWSCPE,
72243U　智通*國票56售03,TW25Z72243U5,2025/09/12,上櫃,,RWSCPE,
72245U　振曜凱基55售02,TW25Z72245U0,2025/09/12,上櫃,,RWSCPE,
722527　晟德統一57購01,TW24Z7225277,2024/08/01,上櫃,,RWSCCA,
722572　晟德統一58購01,TW24Z7225723,2024/08/02,上櫃,,RWSCCA,
72263U　聖暉*群益55售05,TW25Z72263U3,2025/09/16,上櫃,,RWSCPE,
722675　先進光統一58購01,TW24Z7226754,2024/08/05,上櫃,,RWSCCA,
72267U　華星光永豐56售02,TW25Z72267U4,2025/09/17,上櫃,,RWSCPE,
722722　新復興統一58購01,TW24Z7227224,2024/08/06,上櫃,,RWSCCA,
722723　新復興統一58購02,TW24Z7227232,2024/08/06,上櫃,,RWSCCA,
722726　精材統一58購01,TW24Z7227265,2024/08/06,上櫃,,RWSCCA,
722728　廣運統一58購01,TW24Z7227281,2024/08/06,上櫃,,RWSCCA,
722731　雙鴻統一58購01,TW24Z7227315,2024/08/06,上櫃,,RWSCCA,
72280U　旺矽群益55售04,TW25Z72280U7,2025/09/18,上櫃,,RWSCPE,
72285U　旺矽統一55售04,TW25Z72285U6,2025/09/18,上櫃,,RWSCPE,
722865　宏捷科統一58購01,TW24Z7228651,2024/08/07,上櫃,,RWSCCA,
722880　廣運統一58購02,TW24Z7228800,2024/08/07,上櫃,,RWSCCA,
722881　廣運統一58購03,TW24Z7228818,2024/08/07,上櫃,,RWSCCA,
722884　雙鴻統一58購02,TW24Z7228842,2024/08/07,上櫃,,RWSCCA,
72290U　精測統一55售02,TW25Z72290U6,2025/09/19,上櫃,,RWSCPE,
722943　安國統一56購01,TW24Z7229436,2024/08/12,上櫃,,RWSCCA,
722944　安國統一58購01,TW24Z7229444,2024/08/12,上櫃,,RWSCCA,
72309U　IET國票55售02,TW25Z72309U4,2025/09/23,上櫃,,RWSCPE,
723132　旺矽統一58購01,TW24Z7231325,2024/08/19,上櫃,,RWSCCA,
72315U　合晶群益55售02,TW25Z72315U1,2025/09/23,上櫃,,RWSCPE,
723195　昱展統一58購01,TW24Z7231952,2024/08/20,上櫃,,RWSCCA,
72324U　環球晶國票55售02,TW25Z72324U3,2025/09/24,上櫃,,RWSCPE,
72325U　環球晶國票57售02,TW25Z72325U0,2025/09/24,上櫃,,RWSCPE,
723287　巨有統一58購01,TW24Z7232877,2024/08/22,上櫃,,RWSCCA,
723288　巨有統一58購02,TW24Z7232885,2024/08/22,上櫃,,RWSCCA,
723289　巨有統一58購03,TW24Z7232893,2024/08/22,上櫃,,RWSCCA,
72328U　環球晶群益59售01,TW25Z72328U4,2025/09/24,上櫃,,RWSCPE,
723290　波若威統一58購01,TW24Z7232901,2024/08/22,上櫃,,RWSCCA,
723292　神盾統一58購01,TW24Z7232927,2024/08/22,上櫃,,RWSCCA,
72332U　中美晶凱基55售02,TW25Z72332U6,2025/09/24,上櫃,,RWSCPE,
72334U　合晶凱基55售01,TW25Z72334U2,2025/09/24,上櫃,,RWSCPE,
72336U　環球晶凱基55售01,TW25Z72336U7,2025/09/24,上櫃,,RWSCPE,
72337U　環球晶凱基55售02,TW25Z72337U5,2025/09/24,上櫃,,RWSCPE,
72338U　環球晶凱基55售03,TW25Z72338U3,2025/09/24,上櫃,,RWSCPE,
723411　巨有統一58購04,TW24Z7234113,2024/08/26,上櫃,,RWSCCA,
723422　先進光元富58購01,TW24Z7234220,2024/08/26,上櫃,,RWSCCA,
723425　雙鴻元富58購01,TW24Z7234253,2024/08/26,上櫃,,RWSCCA,
723454　原相統一58購01,TW24Z7234543,2024/08/27,上櫃,,RWSCCA,
723457　翔名統一58購01,TW24Z7234576,2024/08/27,上櫃,,RWSCCA,
72348U　良維群益59售01,TW25Z72348U2,2025/09/25,上櫃,,RWSCPE,
723511　旺矽統一58購02,TW24Z7235110,2024/08/28,上櫃,,RWSCCA,
723516　翔名統一58購02,TW24Z7235169,2024/08/28,上櫃,,RWSCCA,
72353U　中光電國票55售03,TW25Z72353U2,2025/09/26,上櫃,,RWSCPE,
72359U　世界群益55售01,TW25Z72359U9,2025/09/30,上櫃,,RWSCPE,
72365U　中光電群益56售01,TW25Z72365U6,2025/10/01,上櫃,,RWSCPE,
723681　雷科元富58購01,TW24Z7236811,2024/08/30,上櫃,,RWSCCA,
72371U　信驊國票56售01,TW25Z72371U4,2025/10/02,上櫃,,RWSCPE,
72374U　IET群益56售01,TW25Z72374U8,2025/10/02,上櫃,,RWSCPE,
72375U　大宇資群益58售01,TW25Z72375U5,2025/10/02,上櫃,,RWSCPE,
72376U　均豪群益56售01,TW25Z72376U3,2025/10/02,上櫃,,RWSCPE,
723779　宏捷科元富59購01,TW24Z7237793,2024/09/03,上櫃,,RWSCCA,
72377U　旺矽群益58售01,TW25Z72377U1,2025/10/02,上櫃,,RWSCPE,
723780　廣運元富59購01,TW24Z7237801,2024/09/03,上櫃,,RWSCCA,
72378U　原相群益58售01,TW25Z72378U9,2025/10/02,上櫃,,RWSCPE,
72379U　振曜群益58售01,TW25Z72379U7,2025/10/02,上櫃,,RWSCPE,
72380U　創惟群益56售01,TW25Z72380U5,2025/10/02,上櫃,,RWSCPE,
72381U　萬潤群益56售01,TW25Z72381U3,2025/10/02,上櫃,,RWSCPE,
72382U　鴻呈群益58售01,TW25Z72382U1,2025/10/02,上櫃,,RWSCPE,
72383U　雙鴻群益58售01,TW25Z72383U9,2025/10/02,上櫃,,RWSCPE,
72384U　中光電國票57售03,TW25Z72384U7,2025/10/03,上櫃,,RWSCPE,
72386U　雙鴻中信58售01,TW25Z72386U2,2025/10/03,上櫃,,RWSCPE,
72392U　雍智群益56售01,TW25Z72392U0,2025/10/03,上櫃,,RWSCPE,
72397U　旺矽統一56售05,TW25Z72397U9,2025/10/07,上櫃,,RWSCPE,
72399U　信昌電國票56售01,TW25Z72399U5,2025/10/07,上櫃,,RWSCPE,
72400U　博智群益5A售02,TW25Z72400U1,2025/10/07,上櫃,,RWSCPE,
724017　家登統一59購01,TW24Z7240177,2024/09/06,上櫃,,RWSCCA,
724019　湧德統一59購01,TW24Z7240193,2024/09/06,上櫃,,RWSCCA,
724023　新復興統一59購01,TW24Z7240235,2024/09/06,上櫃,,RWSCCA,
72402U　雙鴻統一56售05,TW25Z72402U7,2025/10/08,上櫃,,RWSCPE,
724061　波若威統一59購01,TW24Z7240615,2024/09/09,上櫃,,RWSCCA,
724062　波若威統一59購02,TW24Z7240623,2024/09/09,上櫃,,RWSCCA,
724063　波若威統一59購03,TW24Z7240631,2024/09/09,上櫃,,RWSCCA,
724064　振曜統一59購01,TW24Z7240649,2024/09/09,上櫃,,RWSCCA,
724126　能率統一55購01,TW24Z7241266,2024/09/10,上櫃,,RWSCCA,
724127　能率統一57購01,TW24Z7241274,2024/09/11,上櫃,,RWSCCA,
724128　能率統一59購01,TW24Z7241282,2024/09/11,上櫃,,RWSCCA,
724130　擎亞統一59購01,TW24Z7241308,2024/09/10,上櫃,,RWSCCA,
72414U　振曜群益5A售01,TW25Z72414U2,2025/10/13,上櫃,,RWSCPE,
724176　光頡統一55購01,TW24Z7241761,2024/09/11,上櫃,,RWSCCA,
72421U　蜜望實國票55售01,TW25Z72421U7,2025/10/17,上櫃,,RWSCPE,
724240　力致統一59購01,TW24Z7242405,2024/09/13,上櫃,,RWSCCA,
724241　力致統一59購02,TW24Z7242413,2024/09/13,上櫃,,RWSCCA,
724242　前鼎統一59購01,TW24Z7242421,2024/09/13,上櫃,,RWSCCA,
724243　華星光統一59購01,TW24Z7242439,2024/09/13,上櫃,,RWSCCA,
724244　華星光統一59購02,TW24Z7242447,2024/09/13,上櫃,,RWSCCA,
72424U　高技國票55售02,TW25Z72424U1,2025/10/20,上櫃,,RWSCPE,
72425U　旺矽永豐55售01,TW25Z72425U8,2025/10/20,上櫃,,RWSCPE,
72428U　旺矽國票55售04,TW25Z72428U2,2025/10/21,上櫃,,RWSCPE,
72429U　旺矽國票55售05,TW25Z72429U0,2025/10/21,上櫃,,RWSCPE,
72430U　雙鴻國票55售03,TW25Z72430U8,2025/10/21,上櫃,,RWSCPE,
72434U　鈊象群益56售01,TW25Z72434U0,2025/10/21,上櫃,,RWSCPE,
72436U　中美晶國票55售01,TW25Z72436U5,2025/10/22,上櫃,,RWSCPE,
724372　正基統一59購01,TW24Z7243726,2024/09/18,上櫃,,RWSCCA,
724373　聰泰統一55購01,TW24Z7243734,2024/09/18,上櫃,,RWSCCA,
724374　聰泰統一59購01,TW24Z7243742,2024/09/18,上櫃,,RWSCCA,
72437U　蜜望實國票55售03,TW25Z72437U3,2025/10/22,上櫃,,RWSCPE,
72438U　德微國票55售01,TW25Z72438U1,2025/10/22,上櫃,,RWSCPE,
72441U　雙鴻永豐55售03,TW25Z72441U5,2025/10/22,上櫃,,RWSCPE,
72442U　德微凱基55售01,TW25Z72442U3,2025/10/23,上櫃,,RWSCPE,
724431　原相統一59購01,TW24Z7244310,2024/09/19,上櫃,,RWSCCA,
724436　波若威元富59購01,TW24Z7244369,2024/09/19,上櫃,,RWSCCA,
72444U　威剛國票55售03,TW25Z72444U9,2025/10/23,上櫃,,RWSCPE,
724478　千附精統一59購01,TW24Z7244781,2024/09/20,上櫃,,RWSCCA,
724481　正基統一59購02,TW24Z7244815,2024/09/20,上櫃,,RWSCCA,
72448U　弘塑國票56售01,TW25Z72448U0,2025/10/27,上櫃,,RWSCPE,
72449U　蜜望實國票56售02,TW25Z72449U8,2025/10/27,上櫃,,RWSCPE,
72452U　宜鼎國票55售03,TW25Z72452U2,2025/10/28,上櫃,,RWSCPE,
72455U　信昌電國票55售02,TW25Z72455U5,2025/10/29,上櫃,,RWSCPE,
72456U　威剛國票55售04,TW25Z72456U3,2025/10/29,上櫃,,RWSCPE,
72457U　能率國票55售02,TW25Z72457U1,2025/10/29,上櫃,,RWSCPE,
72458U　威剛永豐55售03,TW25Z72458U9,2025/10/29,上櫃,,RWSCPE,
72464U　FH中5G群益56售02,TW25Z72464U7,2025/10/30,上櫃,,RWBCPE,
72465U　神盾群益56售04,TW25Z72465U4,2025/10/30,上櫃,,RWSCPE,
724668　昇達科統一59購01,TW24Z7246687,2024/09/26,上櫃,,RWSCCA,
724669　昇達科統一59購02,TW24Z7246695,2024/09/26,上櫃,,RWSCCA,
724670　神盾統一59購01,TW24Z7246703,2024/09/26,上櫃,,RWSCCA,
72470U　譜瑞國票56售01,TW25Z72470U4,2025/11/03,上櫃,,RWSCPE,
724756　晶宏統一57購01,TW24Z7247560,2024/09/27,上櫃,,RWSCCA,
72476U　台燿永豐56售02,TW25Z72476U1,2025/11/05,上櫃,,RWSCPE,
72477U　良維國票56售04,TW25Z72477U9,2025/11/05,上櫃,,RWSCPE,
72479U　擎亞群益5B售01,TW25Z72479U5,2025/11/05,上櫃,,RWSCPE,
72480U　譜瑞群益57售01,TW25Z72480U3,2025/11/05,上櫃,,RWSCPE,
72482U　高技國票56售02,TW25Z72482U9,2025/11/06,上櫃,,RWSCPE,
724830　德微統一55購01,TW24Z7248303,2024/09/30,上櫃,,RWSCCA,
72485U　信驊群益5B售01,TW25Z72485U2,2025/11/06,上櫃,,RWSCPE,
72488U　信驊永豐56售01,TW25Z72488U6,2025/11/06,上櫃,,RWSCPE,
72490U　信驊國票56售02,TW25Z72490U2,2025/11/07,上櫃,,RWSCPE,
72491U　威剛國票56售02,TW25Z72491U0,2025/11/07,上櫃,,RWSCPE,
72492U　訊聯國票56售02,TW25Z72492U8,2025/11/07,上櫃,,RWSCPE,
72493U　順達國票56售01,TW25Z72493U6,2025/11/07,上櫃,,RWSCPE,
72494U　威剛凱基55售07,TW25Z72494U4,2025/11/10,上櫃,,RWSCPE,
72495U　新應材國泰56售01,TW25Z72495U1,2025/11/10,上櫃,,RWSCPE,
72496U　台燿群益55售04,TW25Z72496U9,2025/11/10,上櫃,,RWSCPE,
724978　鈊象統一56購01,TW24Z7249780,2024/10/04,上櫃,,RWSCCA,
724979　鈊象統一5A購01,TW24Z7249798,2024/10/04,上櫃,,RWSCCA,
72497U　威剛群益55售08,TW25Z72497U7,2025/11/10,上櫃,,RWSCPE,
724983　驊訊統一56購01,TW24Z7249830,2024/10/04,上櫃,,RWSCCA,
72498U　雙鴻群益55售07,TW25Z72498U5,2025/11/10,上櫃,,RWSCPE,
72499U　新應材元大55售14,TW25Z72499U3,2025/11/11,上櫃,,RWSCPE,
72500U　威剛群益55售09,TW25Z72500U8,2025/11/11,上櫃,,RWSCPE,
72501U　雙鴻中信5B售02,TW25Z72501U6,2025/11/11,上櫃,,RWSCPE,
72502U　信驊元大55售02,TW25Z72502U4,2025/11/12,上櫃,,RWSCPE,
72503U　台燿國票56售02,TW25Z72503U2,2025/11/12,上櫃,,RWSCPE,
725044　波若威統一57購01,TW24Z7250440,2024/10/04,上櫃,,RWSCCA,
725045　信音統一56購01,TW24Z7250457,2024/10/04,上櫃,,RWSCCA,
725048　原相統一5A購01,TW24Z7250481,2024/10/04,上櫃,,RWSCCA,
72504U　信驊國票56售04,TW25Z72504U0,2025/11/12,上櫃,,RWSCPE,
72505U　雍智國票56售02,TW25Z72505U7,2025/11/12,上櫃,,RWSCPE,
72506U　雙鴻國票56售01,TW25Z72506U5,2025/11/12,上櫃,,RWSCPE,
72507U　信驊元富55售05,TW25Z72507U3,2025/11/12,上櫃,,RWSCPE,
72508U　威剛元富55售03,TW25Z72508U1,2025/11/12,上櫃,,RWSCPE,
72509U　信驊永豐57售01,TW25Z72509U9,2025/11/12,上櫃,,RWSCPE,
72510U　華星光元富55售02,TW25Z72510U7,2025/11/13,上櫃,,RWSCPE,
72511U　台燿凱基56售02,TW25Z72511U5,2025/11/13,上櫃,,RWSCPE,
725129　竹陞統一56購01,TW24Z7251299,2024/10/08,上櫃,,RWSCCA,
72512U　威剛群益57售03,TW25Z72512U3,2025/11/13,上櫃,,RWSCPE,
725135　瀧澤科統一56購01,TW24Z7251356,2024/10/08,上櫃,,RWSCCA,
72513U　雙鴻凱基55售10,TW25Z72513U1,2025/11/14,上櫃,,RWSCPE,
72514U　新應材元大55售18,TW25Z72514U9,2025/11/14,上櫃,,RWSCPE,
72515U　威剛元富55售05,TW25Z72515U6,2025/11/14,上櫃,,RWSCPE,
72516U　台燿群益55售06,TW25Z72516U4,2025/11/14,上櫃,,RWSCPE,
72517U　台燿凱基55售06,TW25Z72517U2,2025/11/17,上櫃,,RWSCPE,
72518U　良維凱基55售02,TW25Z72518U0,2025/11/17,上櫃,,RWSCPE,
72519U　新應材凱基55售04,TW25Z72519U8,2025/11/17,上櫃,,RWSCPE,
72520U　臺慶科元富55售02,TW25Z72520U6,2025/11/17,上櫃,,RWSCPE,
72521U　萬潤元大55售02,TW25Z72521U4,2025/11/18,上櫃,,RWSCPE,
72522U　台燿群益57售01,TW25Z72522U2,2025/11/18,上櫃,,RWSCPE,
72523U　新應材群益5B售01,TW25Z72523U0,2025/11/18,上櫃,,RWSCPE,
72524U　萬潤凱基55售03,TW25Z72524U8,2025/11/19,上櫃,,RWSCPE,
72525U　系統電國票56售01,TW25Z72525U5,2025/11/19,上櫃,,RWSCPE,
72526U　建榮國票57售02,TW25Z72526U3,2025/11/19,上櫃,,RWSCPE,
725288　健椿統一56購01,TW24Z7252883,2024/10/14,上櫃,,RWSCCA,
72528U　良維群益56售05,TW25Z72528U9,2025/11/20,上櫃,,RWSCPE,
72529U　威剛永豐56售03,TW25Z72529U7,2025/11/20,上櫃,,RWSCPE,
72530U　台燿中信55售02,TW25Z72530U5,2025/11/20,上櫃,,RWSCPE,
72531U　威剛凱基55售08,TW25Z72531U3,2025/11/21,上櫃,,RWSCPE,
72532U　弘塑國票56售02,TW25Z72532U1,2025/11/24,上櫃,,RWSCPE,
72533U　信驊國票56售06,TW25Z72533U9,2025/11/24,上櫃,,RWSCPE,
72534U　信驊國票56售07,TW25Z72534U7,2025/11/24,上櫃,,RWSCPE,
72535U　信驊國票58售01,TW25Z72535U4,2025/11/24,上櫃,,RWSCPE,
72536U　信驊群益55售02,TW25Z72536U2,2025/11/24,上櫃,,RWSCPE,
72537U　信驊國泰56售02,TW25Z72537U0,2025/11/24,上櫃,,RWSCPE,
72538U　信驊元大55售05,TW25Z72538U8,2025/11/24,上櫃,,RWSCPE,
72539U　信驊元大55售06,TW25Z72539U6,2025/11/24,上櫃,,RWSCPE,
72540U　昇達科凱基55售03,TW25Z72540U4,2025/11/24,上櫃,,RWSCPE,
725411　常珵統一56購01,TW24Z7254111,2024/10/16,上櫃,,RWSCCA,
72541U　信驊凱基55售06,TW25Z72541U2,2025/11/24,上櫃,,RWSCPE,
72542U　信驊凱基55售07,TW25Z72542U0,2025/11/24,上櫃,,RWSCPE,
72543U　威剛凱基57售03,TW25Z72543U8,2025/11/24,上櫃,,RWSCPE,
725440　常珵統一56購02,TW24Z7254400,2024/10/17,上櫃,,RWSCCA,
72544U　信驊元富55售06,TW25Z72544U6,2025/11/24,上櫃,,RWSCPE,
72545U　信驊元富55售07,TW25Z72545U3,2025/11/24,上櫃,,RWSCPE,
72546U　信驊永豐55售02,TW25Z72546U1,2025/11/24,上櫃,,RWSCPE,
72547U　光頡國票55售03,TW25Z72547U9,2025/11/25,上櫃,,RWSCPE,
72548U　神盾國票56售04,TW25Z72548U7,2025/11/25,上櫃,,RWSCPE,
72549U　新應材元大55售25,TW25Z72549U5,2025/11/25,上櫃,,RWSCPE,
72550U　弘塑群益55售06,TW25Z72550U3,2025/11/25,上櫃,,RWSCPE,
72551U　新應材群益55售03,TW25Z72551U1,2025/11/25,上櫃,,RWSCPE,
72552U　宜鼎國票56售05,TW25Z72552U9,2025/11/26,上櫃,,RWSCPE,
72553U　廣明國票56售02,TW25Z72553U7,2025/11/26,上櫃,,RWSCPE,
725542　濱川統一56購01,TW24Z7255423,2024/10/18,上櫃,,RWSCCA,
72554U　弘塑凱基55售04,TW25Z72554U5,2025/11/26,上櫃,,RWSCPE,
72555U　台燿元大55售08,TW25Z72555U2,2025/11/26,上櫃,,RWSCPE,
72556U　華電網國票55售03,TW25Z72556U0,2025/11/27,上櫃,,RWSCPE,
72557U　穩懋國票56售01,TW25Z72557U8,2025/11/27,上櫃,,RWSCPE,
72558U　旺矽凱基56售08,TW25Z72558U6,2025/12/01,上櫃,,RWSCPE,
72559U　旺矽凱基56售09,TW25Z72559U4,2025/12/01,上櫃,,RWSCPE,
72560U　旺矽國票56售03,TW25Z72560U2,2025/12/01,上櫃,,RWSCPE,
72561U　旺矽元富56售03,TW25Z72561U0,2025/12/01,上櫃,,RWSCPE,
72562U　旺矽元富56售04,TW25Z72562U8,2025/12/01,上櫃,,RWSCPE,
725631　訊聯統一56購01,TW24Z7256314,2024/10/22,上櫃,,RWSCCA,
725632　訊聯統一58購01,TW24Z7256322,2024/10/22,上櫃,,RWSCCA,
72563U　旺矽永豐56售02,TW25Z72563U6,2025/12/01,上櫃,,RWSCPE,
72564U　旺矽元大56售05,TW25Z72564U4,2025/12/01,上櫃,,RWSCPE,
72565U　精測凱基56售02,TW25Z72565U1,2025/12/02,上櫃,,RWSCPE,
72566U　精測國泰58售01,TW25Z72566U9,2025/12/02,上櫃,,RWSCPE,
72567U　華星光群益56售05,TW25Z72567U7,2025/12/02,上櫃,,RWSCPE,
72568U　精測元富56售03,TW25Z72568U5,2025/12/02,上櫃,,RWSCPE,
72569U　精測國票57售02,TW25Z72569U3,2025/12/02,上櫃,,RWSCPE,
72570U　信昌電凱基57售04,TW25Z72570U1,2025/12/03,上櫃,,RWSCPE,
72571U　穩懋凱基57售02,TW25Z72571U9,2025/12/03,上櫃,,RWSCPE,
72572U　精測群益62售01,TW25Z72572U7,2025/12/03,上櫃,,RWSCPE,
72573U　穩懋元富56售03,TW25Z72573U5,2025/12/03,上櫃,,RWSCPE,
725744　新復興統一5A購01,TW24Z7257445,2024/10/24,上櫃,,RWSCCA,
72574U　力旺凱基56售03,TW25Z72574U3,2025/12/04,上櫃,,RWSCPE,
72575U　力旺國票56售02,TW25Z72575U0,2025/12/04,上櫃,,RWSCPE,
72576U　力旺國票57售02,TW25Z72576U8,2025/12/04,上櫃,,RWSCPE,
72577U　力旺國票58售02,TW25Z72577U6,2025/12/04,上櫃,,RWSCPE,
72578U　力旺元富56售01,TW25Z72578U4,2025/12/04,上櫃,,RWSCPE,
72579U　力旺群益58售01,TW25Z72579U2,2025/12/04,上櫃,,RWSCPE,
72580U　精測群益58售02,TW25Z72580U0,2025/12/04,上櫃,,RWSCPE,
72581U　穩懋群益56售01,TW25Z72581U8,2025/12/04,上櫃,,RWSCPE,
72583U　宜鼎凱基56售04,TW25Z72583U4,2025/12/05,上櫃,,RWSCPE,
72584U　華電網國票56售03,TW25Z72584U2,2025/12/05,上櫃,,RWSCPE,
72585U　華電網群益56售02,TW25Z72585U9,2025/12/05,上櫃,,RWSCPE,
72586U　華電網國票57售02,TW25Z72586U7,2025/12/08,上櫃,,RWSCPE,
72587U　華電網國票5A售01,TW25Z72587U5,2025/12/08,上櫃,,RWSCPE,
725881　鈊象元富5A購01,TW24Z7258815,2024/10/28,上櫃,,RWSCCA,
72588U　弘塑元大56售06,TW25Z72588U3,2025/12/08,上櫃,,RWSCPE,
72589U　M31國票57售01,TW25Z72589U1,2025/12/09,上櫃,,RWSCPE,
72590U　良維國票57售02,TW25Z72590U9,2025/12/09,上櫃,,RWSCPE,
72591U　金山電群益56售02,TW25Z72591U7,2025/12/09,上櫃,,RWSCPE,
72592U　高技元富56售05,TW25Z72592U5,2025/12/10,上櫃,,RWSCPE,
72593U　中光電凱基56售05,TW25Z72593U3,2025/12/10,上櫃,,RWSCPE,
72596U　竹陞群益57售01,TW25Z72596U6,2025/12/11,上櫃,,RWSCPE,
72597U　昇達科群益58售02,TW25Z72597U4,2025/12/11,上櫃,,RWSCPE,
72598U　台燿元富56售04,TW25Z72598U2,2025/12/11,上櫃,,RWSCPE,
72599U　昇達科國票57售03,TW25Z72599U0,2025/12/12,上櫃,,RWSCPE,
72600U　昇達科國票59售01,TW25Z72600U6,2025/12/12,上櫃,,RWSCPE,
72601U　竹陞凱基57售01,TW25Z72601U4,2025/12/12,上櫃,,RWSCPE,
72602U　宏捷科凱基58售01,TW25Z72602U2,2025/12/12,上櫃,,RWSCPE,
726037　元債20元富5A購01,TW24Z7260373,2024/10/30,上櫃,,RWBCCA,
72603U　台燿元大56售09,TW25Z72603U0,2025/12/12,上櫃,,RWSCPE,
72604U　台燿凱基56售05,TW25Z72604U8,2025/12/15,上櫃,,RWSCPE,
72605U　富喬凱基56售04,TW25Z72605U5,2025/12/15,上櫃,,RWSCPE,
72606U　旺矽國票57售03,TW25Z72606U3,2025/12/15,上櫃,,RWSCPE,
726070　元債20元富5A購02,TW24Z7260704,2024/11/01,上櫃,,RWBCCA,
726078　元債20凱基56購01,TW24Z7260787,2024/11/01,上櫃,,RWBCCA,
72607U　富喬國票56售04,TW25Z72607U1,2025/12/15,上櫃,,RWSCPE,
72608U　富喬國票57售02,TW25Z72608U9,2025/12/15,上櫃,,RWSCPE,
72609U　富喬國票58售02,TW25Z72609U7,2025/12/15,上櫃,,RWSCPE,
72610U　富喬國票5C售02,TW25Z72610U5,2025/12/15,上櫃,,RWSCPE,
726119　華星光統一5B購01,TW24Z7261199,2024/11/01,上櫃,,RWSCCA,
72611U　FH中5G元大56售02,TW25Z72611U3,2025/12/15,上櫃,,RWBCPE,
72612U　富喬元大56售03,TW25Z72612U1,2025/12/15,上櫃,,RWSCPE,
72613U　富喬元富56售05,TW25Z72613U9,2025/12/15,上櫃,,RWSCPE,
72614U　富喬中信5C售02,TW25Z72614U7,2025/12/15,上櫃,,RWSCPE,
72615U　富喬永豐56售01,TW25Z72615U4,2025/12/15,上櫃,,RWSCPE,
72616U　富喬群益57售03,TW25Z72616U2,2025/12/15,上櫃,,RWSCPE,
72617U　良維元大56售03,TW25Z72617U0,2025/12/16,上櫃,,RWSCPE,
72618U　FH中5G凱基56售01,TW25Z72618U8,2025/12/16,上櫃,,RWBCPE,
726194　元債20元富5B購01,TW24Z7261942,2024/11/05,上櫃,,RWBCCA,
72619U　譜瑞凱基56售01,TW25Z72619U6,2025/12/17,上櫃,,RWSCPE,
72620U　世禾群益56售03,TW25Z72620U4,2025/12/17,上櫃,,RWSCPE,
72621U　台特化群益57售02,TW25Z72621U2,2025/12/17,上櫃,,RWSCPE,
72622U　精測群益62售02,TW25Z72622U0,2025/12/17,上櫃,,RWSCPE,
72623U　台特化永豐56售01,TW25Z72623U8,2025/12/17,上櫃,,RWSCPE,
72624U　台特化元富56售03,TW25Z72624U6,2025/12/17,上櫃,,RWSCPE,
72625U　精測元富56售09,TW25Z72625U3,2025/12/17,上櫃,,RWSCPE,
72626U　台特化凱基56售04,TW25Z72626U1,2025/12/18,上櫃,,RWSCPE,
72627U　高技元富56售06,TW25Z72627U9,2025/12/18,上櫃,,RWSCPE,
72628U　譜瑞國票57售01,TW25Z72628U7,2025/12/19,上櫃,,RWSCPE,
72629U　櫃200群益5B售02,TW25Z72629U5,2025/12/19,上櫃,,RWICPE,
72630U　力旺國票56售04,TW25Z72630U3,2025/12/22,上櫃,,RWSCPE,
72631U　巨漢國票57售01,TW25Z72631U1,2025/12/22,上櫃,,RWSCPE,
72632U　凱崴國票57售03,TW25Z72632U9,2025/12/22,上櫃,,RWSCPE,
72633U　群翊國票57售02,TW25Z72633U7,2025/12/22,上櫃,,RWSCPE,
72634U　力旺元大56售07,TW25Z72634U5,2025/12/22,上櫃,,RWSCPE,
72635U　力旺凱基56售05,TW25Z72635U2,2025/12/22,上櫃,,RWSCPE,
726360　同致統一55購01,TW24Z7263609,2024/11/11,上櫃,,RWSCCA,
72636U　力旺元富56售02,TW25Z72636U0,2025/12/22,上櫃,,RWSCPE,
72637U　力旺群益58售03,TW25Z72637U8,2025/12/22,上櫃,,RWSCPE,
72638U　譜瑞群益5C售01,TW25Z72638U6,2025/12/22,上櫃,,RWSCPE,
72639U　新應材凱基56售07,TW25Z72639U4,2025/12/23,上櫃,,RWSCPE,
726408　福裕統一55購01,TW24Z7264086,2024/11/12,上櫃,,RWSCCA,
72640U　群翊凱基56售02,TW25Z72640U2,2025/12/23,上櫃,,RWSCPE,
72641U　新應材國泰57售03,TW25Z72641U0,2025/12/23,上櫃,,RWSCPE,
72642U　雙鴻元富56售05,TW25Z72642U8,2025/12/23,上櫃,,RWSCPE,
72643U　華景電群益56售03,TW25Z72643U6,2025/12/23,上櫃,,RWSCPE,
72644U　譜瑞凱基56售02,TW25Z72644U4,2025/12/24,上櫃,,RWSCPE,
72645U　雙鴻群益57售03,TW25Z72645U1,2025/12/24,上櫃,,RWSCPE,
72646U　雙鴻凱基56售06,TW25Z72646U9,2025/12/26,上櫃,,RWSCPE,
72647U　弘塑群益56售09,TW25Z72647U7,2025/12/26,上櫃,,RWSCPE,
72648U　穩懋元富56售11,TW25Z72648U5,2025/12/26,上櫃,,RWSCPE,
72649U　台燿元大56售15,TW25Z72649U3,2025/12/29,上櫃,,RWSCPE,
72650U　雙鴻群益59售01,TW25Z72650U1,2025/12/29,上櫃,,RWSCPE,
72651U　穩懋群益58售01,TW25Z72651U9,2025/12/29,上櫃,,RWSCPE,
72652U　台燿凱基56售10,TW25Z72652U7,2025/12/30,上櫃,,RWSCPE,
72653U　雙鴻凱基57售04,TW25Z72653U5,2025/12/30,上櫃,,RWSCPE,
72654U　穩懋凱基56售07,TW25Z72654U3,2025/12/30,上櫃,,RWSCPE,
726555　伯特光統一55購01,TW24Z7265554,2024/11/14,上櫃,,RWSCCA,
72655U　台燿永豐56售05,TW25Z72655U0,2025/12/30,上櫃,,RWSCPE,
726560　創惟統一55購01,TW24Z7265604,2024/11/14,上櫃,,RWSCCA,
726561　創惟統一57購01,TW24Z7265612,2024/11/14,上櫃,,RWSCCA,
72656U　順達凱基56售05,TW25Z72656U8,2025/12/31,上櫃,,RWSCPE,
72657U　家登群益56售04,TW25Z72657U6,2025/12/31,上櫃,,RWSCPE,
72658U　台燿中信56售09,TW25Z72658U4,2025/12/31,上櫃,,RWSCPE,
72659U　信驊凱基57售03,TW26Z72659U1,2026/01/02,上櫃,,RWSCPE,
72660U　信驊凱基57售04,TW26Z72660U9,2026/01/02,上櫃,,RWSCPE,
726612　康全電統一55購01,TW24Z7266123,2024/11/15,上櫃,,RWSCCA,
72661U　信驊國票58售04,TW26Z72661U7,2026/01/02,上櫃,,RWSCPE,
72662U　信驊群益59售01,TW26Z72662U5,2026/01/02,上櫃,,RWSCPE,
72663U　信驊元大57售02,TW26Z72663U3,2026/01/02,上櫃,,RWSCPE,
72664U　信驊元富57售04,TW26Z72664U1,2026/01/02,上櫃,,RWSCPE,
72665U　信驊永豐59售01,TW26Z72665U8,2026/01/02,上櫃,,RWSCPE,
72666U　富喬凱基57售03,TW26Z72666U6,2026/01/05,上櫃,,RWSCPE,
726676　順達統一55購01,TW24Z7266768,2024/11/18,上櫃,,RWSCCA,
72667U　富喬凱基59售01,TW26Z72667U4,2026/01/05,上櫃,,RWSCPE,
72668U　信驊台新57售02,TW26Z72668U2,2026/01/05,上櫃,,RWSCPE,
72669U　威剛國票58售03,TW26Z72669U0,2026/01/05,上櫃,,RWSCPE,
72670U　富喬國票57售03,TW26Z72670U8,2026/01/05,上櫃,,RWSCPE,
72671U　東捷群益59售02,TW26Z72671U6,2026/01/05,上櫃,,RWSCPE,
72672U　宜鼎元富57售04,TW26Z72672U4,2026/01/05,上櫃,,RWSCPE,
72673U　順達元富57售02,TW26Z72673U2,2026/01/05,上櫃,,RWSCPE,
72674U　信驊永豐58售01,TW26Z72674U0,2026/01/05,上櫃,,RWSCPE,
72675U　東捷凱基59售01,TW26Z72675U7,2026/01/06,上櫃,,RWSCPE,
72676U　高鋒群益57售02,TW26Z72676U5,2026/01/06,上櫃,,RWSCPE,
72677U　光頡元富57售02,TW26Z72677U3,2026/01/07,上櫃,,RWSCPE,
72678U　弘塑凱基57售06,TW26Z72678U1,2026/01/09,上櫃,,RWSCPE,
72679U　弘塑群益57售06,TW26Z72679U9,2026/01/12,上櫃,,RWSCPE,
72680U　點序國票58售02,TW26Z72680U7,2026/01/13,上櫃,,RWSCPE,
72681U　世界凱基57售02,TW26Z72681U5,2026/01/14,上櫃,,RWSCPE,
72682U　弘塑國票58售03,TW26Z72682U3,2026/01/14,上櫃,,RWSCPE,
72683U　巨漢群益57售01,TW26Z72683U1,2026/01/15,上櫃,,RWSCPE,
72684U　均華群益57售02,TW26Z72684U9,2026/01/15,上櫃,,RWSCPE,
72685U　鉅橡群益57售03,TW26Z72685U6,2026/01/15,上櫃,,RWSCPE,
72686U　穩懋元富57售05,TW26Z72686U4,2026/01/15,上櫃,,RWSCPE,
72687U　信驊凱基57售05,TW26Z72687U2,2026/01/16,上櫃,,RWSCPE,
72688U　信驊凱基58售03,TW26Z72688U0,2026/01/16,上櫃,,RWSCPE,
72689U　信驊元大57售03,TW26Z72689U8,2026/01/16,上櫃,,RWSCPE,
72690U　信驊群益59售02,TW26Z72690U6,2026/01/16,上櫃,,RWSCPE,
72691U　信驊群益5B售03,TW26Z72691U4,2026/01/16,上櫃,,RWSCPE,
726924　金麗科統一5B購01,TW24Z7269242,2024/11/26,上櫃,,RWSCCA,
726925　金麗科統一5B購02,TW24Z7269259,2024/11/26,上櫃,,RWSCCA,
726926　金麗科統一5B購03,TW24Z7269267,2024/11/26,上櫃,,RWSCCA,
726927　金麗科統一5B購04,TW24Z7269275,2024/11/26,上櫃,,RWSCCA,
72692U　信驊群益61售02,TW26Z72692U2,2026/01/16,上櫃,,RWSCPE,
72693U　穩懋群益59售02,TW26Z72693U0,2026/01/16,上櫃,,RWSCPE,
72694U　信驊元富57售06,TW26Z72694U8,2026/01/16,上櫃,,RWSCPE,
72695U　弘塑永豐57售02,TW26Z72695U5,2026/01/16,上櫃,,RWSCPE,
72696U　穩懋永豐57售03,TW26Z72696U3,2026/01/16,上櫃,,RWSCPE,
72697U　穩懋凱基59售04,TW26Z72697U1,2026/01/19,上櫃,,RWSCPE,
72698U　佳邦群益57售02,TW26Z72698U9,2026/01/19,上櫃,,RWSCPE,
726991　富驊統一55購01,TW24Z7269911,2024/11/27,上櫃,,RWSCCA,
72699U　穩懋元大57售11,TW26Z72699U7,2026/01/19,上櫃,,RWSCPE,
72700U　博智凱基59售03,TW26Z72700U3,2026/01/20,上櫃,,RWSCPE,
72701U　旺矽群益57售05,TW26Z72701U1,2026/01/20,上櫃,,RWSCPE,
72702U　良維凱基57售06,TW26Z72702U9,2026/01/21,上櫃,,RWSCPE,
72703U　家登凱基57售03,TW26Z72703U7,2026/01/21,上櫃,,RWSCPE,
72704U　點序群益61售01,TW26Z72704U5,2026/01/21,上櫃,,RWSCPE,
72705U　力旺凱基57售05,TW26Z72705U2,2026/01/22,上櫃,,RWSCPE,
72706U　精測元大57售02,TW26Z72706U0,2026/01/22,上櫃,,RWSCPE,
72707U　精測國票58售02,TW26Z72707U8,2026/01/23,上櫃,,RWSCPE,
72708U　精測凱基57售04,TW26Z72708U6,2026/01/23,上櫃,,RWSCPE,
727095　高鋒統一5A購01,TW24Z7270950,2024/12/02,上櫃,,RWSCCA,
72709U　力旺群益57售03,TW26Z72709U4,2026/01/23,上櫃,,RWSCPE,
72710U　家登群益57售06,TW26Z72710U2,2026/01/23,上櫃,,RWSCPE,
72711U　中光電凱基57售04,TW26Z72711U0,2026/01/27,上櫃,,RWSCPE,
72712U　中光電群益57售02,TW26Z72712U8,2026/01/28,上櫃,,RWSCPE,
72713U　世界群益5B售01,TW26Z72713U6,2026/01/30,上櫃,,RWSCPE,
72714U　世界元大58售04,TW26Z72714U4,2026/02/03,上櫃,,RWSCPE,
72715U　點序群益58售01,TW26Z72715U1,2026/02/03,上櫃,,RWSCPE,
72716U　宜鼎凱基58售06,TW26Z72716U9,2026/02/04,上櫃,,RWSCPE,
72717U　信驊凱基58售04,TW26Z72717U7,2026/02/04,上櫃,,RWSCPE,
72718U　信驊凱基59售01,TW26Z72718U5,2026/02/04,上櫃,,RWSCPE,
72719U　信驊元大58售02,TW26Z72719U3,2026/02/04,上櫃,,RWSCPE,
72720U　信驊元大58售03,TW26Z72720U1,2026/02/04,上櫃,,RWSCPE,
72721U　信驊國票59售01,TW26Z72721U9,2026/02/04,上櫃,,RWSCPE,
72722U　信驊國票59售02,TW26Z72722U7,2026/02/04,上櫃,,RWSCPE,
72723U　信驊國票59售03,TW26Z72723U5,2026/02/04,上櫃,,RWSCPE,
72724U　信驊國票5B售01,TW26Z72724U3,2026/02/04,上櫃,,RWSCPE,
72725U　萬潤國票59售01,TW26Z72725U0,2026/02/04,上櫃,,RWSCPE,
72726U　擎亞國票59售01,TW26Z72726U8,2026/02/04,上櫃,,RWSCPE,
72727U　萬潤凱基59售02,TW26Z72727U6,2026/02/05,上櫃,,RWSCPE,
72728U　世界國票59售01,TW26Z72728U4,2026/02/05,上櫃,,RWSCPE,
72729U　精材國票59售01,TW26Z72729U2,2026/02/05,上櫃,,RWSCPE,
72730U　穩懋國票59售01,TW26Z72730U0,2026/02/05,上櫃,,RWSCPE,
72731U　精材凱基59售01,TW26Z72731U8,2026/02/06,上櫃,,RWSCPE,
72732U　印能國票59售02,TW26Z72732U6,2026/02/06,上櫃,,RWSCPE,
72733U　中探針群益62售01,TW26Z72733U4,2026/02/06,上櫃,,RWSCPE,
72734U　萬潤群益58售02,TW26Z72734U2,2026/02/06,上櫃,,RWSCPE,
72735U　世界群益5A售01,TW26Z72735U9,2026/02/09,上櫃,,RWSCPE,
72736U　精材群益5A售04,TW26Z72736U7,2026/02/09,上櫃,,RWSCPE,
72737U　雙鴻群益5A售04,TW26Z72737U5,2026/02/09,上櫃,,RWSCPE,
72738U　世界國票59售03,TW26Z72738U3,2026/02/10,上櫃,,RWSCPE,
72739U　世界國票59售04,TW26Z72739U1,2026/02/10,上櫃,,RWSCPE,
72740U　精測國票59售01,TW26Z72740U9,2026/02/10,上櫃,,RWSCPE,
72741U　精測國票59售02,TW26Z72741U7,2026/02/10,上櫃,,RWSCPE,
72742U　精測國票59售03,TW26Z72742U5,2026/02/10,上櫃,,RWSCPE,
72743U　精測國票59售04,TW26Z72743U3,2026/02/10,上櫃,,RWSCPE,
72744U　雙鴻元大58售13,TW26Z72744U1,2026/02/10,上櫃,,RWSCPE,
727459　崧騰統一56購01,TW24Z7274598,2024/12/12,上櫃,,RWSCCA,
72745U　世界凱基58售04,TW26Z72745U8,2026/02/10,上櫃,,RWSCPE,
72746U　新應材凱基58售07,TW26Z72746U6,2026/02/10,上櫃,,RWSCPE,
72747U　閎康群益5A售02,TW26Z72747U4,2026/02/10,上櫃,,RWSCPE,
72748U　精測群益5A售02,TW26Z72748U2,2026/02/10,上櫃,,RWSCPE,
72749U　精測群益62售04,TW26Z72749U0,2026/02/10,上櫃,,RWSCPE,
72750U　均華凱基58售03,TW26Z72750U8,2026/02/11,上櫃,,RWSCPE,
72751U　雙鴻凱基58售03,TW26Z72751U6,2026/02/11,上櫃,,RWSCPE,
72752U　台燿元富58售01,TW26Z72752U4,2026/02/11,上櫃,,RWSCPE,
727536　力旺統一56購01,TW24Z7275363,2024/12/13,上櫃,,RWSCCA,
72753U　茂迪國票59售03,TW26Z72753U2,2026/02/11,上櫃,,RWSCPE,
72754U　博智群益62售02,TW26Z72754U0,2026/02/11,上櫃,,RWSCPE,
72755U　新應材群益58售04,TW26Z72755U7,2026/02/11,上櫃,,RWSCPE,
72756U　博智凱基58售04,TW26Z72756U5,2026/02/23,上櫃,,RWSCPE,
72757U　力旺凱基58售03,TW26Z72757U3,2026/02/24,上櫃,,RWSCPE,
72758U　力旺凱基58售04,TW26Z72758U1,2026/02/24,上櫃,,RWSCPE,
72759U　茂迪凱基59售01,TW26Z72759U9,2026/02/24,上櫃,,RWSCPE,
72760U　力旺元富58售03,TW26Z72760U7,2026/02/24,上櫃,,RWSCPE,
727613　系統電統一56購01,TW24Z7276130,2024/12/16,上櫃,,RWSCCA,
72761U　新應材元富58售04,TW26Z72761U5,2026/02/24,上櫃,,RWSCPE,
72762U　力旺國票58售04,TW26Z72762U3,2026/02/24,上櫃,,RWSCPE,
72763U　譜瑞國票59售02,TW26Z72763U1,2026/02/24,上櫃,,RWSCPE,
72764U　力旺群益58售04,TW26Z72764U9,2026/02/24,上櫃,,RWSCPE,
72765U　譜瑞凱基58售02,TW26Z72765U6,2026/02/25,上櫃,,RWSCPE,
72766U　富喬群益5A售02,TW26Z72766U4,2026/02/25,上櫃,,RWSCPE,
72767U　富喬永豐58售03,TW26Z72767U2,2026/02/25,上櫃,,RWSCPE,
72768U　鑫聯國票59售04,TW26Z72768U0,2026/02/26,上櫃,,RWSCPE,
72769U　穩懋元富58售03,TW26Z72769U8,2026/02/26,上櫃,,RWSCPE,
72770U　信驊凱基59售02,TW26Z72770U6,2026/03/02,上櫃,,RWSCPE,
72771U　信驊國票59售05,TW26Z72771U4,2026/03/02,上櫃,,RWSCPE,
72772U　穩懋群益63售01,TW26Z72772U2,2026/03/02,上櫃,,RWSCPE,
72773U　信驊元大59售01,TW26Z72773U0,2026/03/02,上櫃,,RWSCPE,
72774U　信驊永豐5A售01,TW26Z72774U8,2026/03/02,上櫃,,RWSCPE,
72775U　信驊元富59售02,TW26Z72775U5,2026/03/02,上櫃,,RWSCPE,
72776U　信驊元富59售03,TW26Z72776U3,2026/03/02,上櫃,,RWSCPE,
72777U　環球晶凱基59售07,TW26Z72777U1,2026/03/03,上櫃,,RWSCPE,
72778U　穩懋凱基59售12,TW26Z72778U9,2026/03/03,上櫃,,RWSCPE,
72779U　穩懋元大59售08,TW26Z72779U7,2026/03/03,上櫃,,RWSCPE,
72780U　旺矽凱基59售02,TW26Z72780U5,2026/03/04,上櫃,,RWSCPE,
72781U　系統電國票5A售01,TW26Z72781U3,2026/03/04,上櫃,,RWSCPE,
72782U　環球晶群益62售01,TW26Z72782U1,2026/03/04,上櫃,,RWSCPE,
72783U　旺矽群益59售04,TW26Z72783U9,2026/03/05,上櫃,,RWSCPE,
72784U　新復興國票59售02,TW26Z72784U7,2026/03/06,上櫃,,RWSCPE,
72785U　旺矽富邦5A售02,TW26Z72785U4,2026/03/06,上櫃,,RWSCPE,
72786U　宜特群益59售01,TW26Z72786U2,2026/03/06,上櫃,,RWSCPE,
727870　鑫科統一56購01,TW24Z7278706,2024/12/24,上櫃,,RWSCCA,
72787U　神盾群益59售01,TW26Z72787U0,2026/03/06,上櫃,,RWSCPE,
72788U　能率群益59售02,TW26Z72788U8,2026/03/06,上櫃,,RWSCPE,
72789U　能率群益59售03,TW26Z72789U6,2026/03/06,上櫃,,RWSCPE,
72790U　閎康群益63售01,TW26Z72790U4,2026/03/06,上櫃,,RWSCPE,
72791U　榮剛群益63售01,TW26Z72791U2,2026/03/06,上櫃,,RWSCPE,
72792U　台特化凱基59售04,TW26Z72792U0,2026/03/09,上櫃,,RWSCPE,
727930　富喬統一56購01,TW24Z7279308,2024/12/25,上櫃,,RWSCCA,
72793U　宜特凱基59售01,TW26Z72793U8,2026/03/09,上櫃,,RWSCPE,
72794U　雙鴻凱基5A售02,TW26Z72794U6,2026/03/09,上櫃,,RWSCPE,
72795U　神盾群益61售01,TW26Z72795U3,2026/03/09,上櫃,,RWSCPE,
72796U　雙鴻群益59售04,TW26Z72796U1,2026/03/09,上櫃,,RWSCPE,
72797U　台特化國票5A售02,TW26Z72797U9,2026/03/09,上櫃,,RWSCPE,
72798U　宏觀國票5A售01,TW26Z72798U7,2026/03/09,上櫃,,RWSCPE,
72799U　雙鴻國票5A售01,TW26Z72799U5,2026/03/09,上櫃,,RWSCPE,
728002　金麗科統一56購01,TW24Z7280025,2024/12/26,上櫃,,RWSCCA,
728003　金麗科統一5C購01,TW24Z7280033,2024/12/26,上櫃,,RWSCCA,
72800U　信驊永豐5B售01,TW26Z72800U1,2026/03/10,上櫃,,RWSCPE,
72801U　世界元富59售02,TW26Z72801U9,2026/03/10,上櫃,,RWSCPE,
72802U　雙鴻元大59售10,TW26Z72802U7,2026/03/10,上櫃,,RWSCPE,
72803U　世界群益59售02,TW26Z72803U5,2026/03/10,上櫃,,RWSCPE,
72804U　旺矽群益59售07,TW26Z72804U3,2026/03/10,上櫃,,RWSCPE,
72805U　雙鴻群益59售07,TW26Z72805U0,2026/03/10,上櫃,,RWSCPE,
72806U　雙鴻凱基59售12,TW26Z72806U8,2026/03/11,上櫃,,RWSCPE,
72807U　新應材國泰5A售01,TW26Z72807U6,2026/03/11,上櫃,,RWSCPE,
728086　能率統一58購01,TW24Z7280868,2024/12/30,上櫃,,RWSCCA,
728088　鑫科統一56購02,TW24Z7280884,2024/12/30,上櫃,,RWSCCA,
72808U　新應材國票5A售03,TW26Z72808U4,2026/03/11,上櫃,,RWSCPE,
72809U　萬泰科國票5A售02,TW26Z72809U2,2026/03/12,上櫃,,RWSCPE,
72810U　鑫聯國票5A售02,TW26Z72810U0,2026/03/12,上櫃,,RWSCPE,
72811U　台燿中信59售03,TW26Z72811U8,2026/03/16,上櫃,,RWSCPE,
72812U　茂迪國票5A售03,TW26Z72812U6,2026/03/16,上櫃,,RWSCPE,
72813U　宜鼎群益5B售03,TW26Z72813U4,2026/03/16,上櫃,,RWSCPE,
72814U　精測群益5B售02,TW26Z72814U2,2026/03/17,上櫃,,RWSCPE,
72815U　精測元富59售09,TW26Z72815U9,2026/03/17,上櫃,,RWSCPE,
72816U　精測元富59售10,TW26Z72816U7,2026/03/17,上櫃,,RWSCPE,
728172　伯特光統一56購01,TW24Z7281726,2024/12/31,上櫃,,RWSCCA,
728176　湧德統一56購01,TW24Z7281767,2024/12/31,上櫃,,RWSCCA,
72817U　雙鴻台新59售03,TW26Z72817U5,2026/03/18,上櫃,,RWSCPE,
72818U　信驊永豐5C售01,TW26Z72818U3,2026/03/18,上櫃,,RWSCPE,
72819U　鑫科國票59售02,TW26Z72819U1,2026/03/18,上櫃,,RWSCPE,
72820U　鑫聯國票5A售03,TW26Z72820U9,2026/03/18,上櫃,,RWSCPE,
72821U　信驊元大59售04,TW26Z72821U7,2026/03/18,上櫃,,RWSCPE,
72822U　信驊元大59售05,TW26Z72822U5,2026/03/18,上櫃,,RWSCPE,
72823U　弘塑凱基59售05,TW26Z72823U3,2026/03/19,上櫃,,RWSCPE,
72824U　亞泰國票59售03,TW26Z72824U1,2026/03/19,上櫃,,RWSCPE,
72825U　頎邦元富59售03,TW26Z72825U8,2026/03/20,上櫃,,RWSCPE,
728264　元債20永豐61購01,TW25Z7282648,2025/01/02,上櫃,,RWBCCA,
72826U　頎邦元富59售06,TW26Z72826U6,2026/03/25,上櫃,,RWSCPE,
72827U　元太群益5B售02,TW26Z72827U4,2026/03/25,上櫃,,RWSCPE,
72828U　台燿群益5B售01,TW26Z72828U2,2026/03/25,上櫃,,RWSCPE,
72829U　宏捷科群益5C售01,TW26Z72829U0,2026/03/25,上櫃,,RWSCPE,
72830U　元太凱基5B售03,TW26Z72830U8,2026/03/26,上櫃,,RWSCPE,
72831U　台燿凱基59售05,TW26Z72831U6,2026/03/26,上櫃,,RWSCPE,
728325　健喬統一57購01,TW25Z7283257,2025/01/03,上櫃,,RWSCCA,
72832U　閎康國票5A售04,TW26Z72832U4,2026/03/26,上櫃,,RWSCPE,
72833U　台燿元富59售04,TW26Z72833U2,2026/03/27,上櫃,,RWSCPE,
72834U　台燿中信59售08,TW26Z72834U0,2026/03/31,上櫃,,RWSCPE,
72835U　東捷群益59售03,TW26Z72835U7,2026/03/31,上櫃,,RWSCPE,
72836U　東捷群益5B售01,TW26Z72836U5,2026/03/31,上櫃,,RWSCPE,
72837U　鈊象群益59售04,TW26Z72837U3,2026/03/31,上櫃,,RWSCPE,
72838U　鈊象群益5B售02,TW26Z72838U1,2026/03/31,上櫃,,RWSCPE,
728392　中光電統一57購01,TW25Z7283927,2025/01/06,上櫃,,RWSCCA,
728395　系微統一57購01,TW25Z7283950,2025/01/06,上櫃,,RWSCCA,
72839U　台燿元大59售25,TW26Z72839U9,2026/04/01,上櫃,,RWSCPE,
72840U　世界群益5B售04,TW26Z72840U7,2026/04/01,上櫃,,RWSCPE,
72841U　神盾群益5C售01,TW26Z72841U5,2026/04/01,上櫃,,RWSCPE,
728420　國債20永豐57購01,TW25Z7284206,2025/01/06,上櫃,,RWBCCA,
72842U　鈊象群益63售01,TW26Z72842U3,2026/04/01,上櫃,,RWSCPE,
72843U　精材群益63售01,TW26Z72843U1,2026/04/01,上櫃,,RWSCPE,
72844U　雙鴻群益59售15,TW26Z72844U9,2026/04/01,上櫃,,RWSCPE,
72845U　雙鴻凱基5A售04,TW26Z72845U6,2026/04/02,上櫃,,RWSCPE,
72846U　鈊象凱基5A售02,TW26Z72846U4,2026/04/07,上櫃,,RWSCPE,
72847U　印能國票5A售04,TW26Z72847U2,2026/04/07,上櫃,,RWSCPE,
72848U　雙鴻群益5A售06,TW26Z72848U0,2026/04/07,上櫃,,RWSCPE,
72849U　印能凱基5A售04,TW26Z72849U8,2026/04/08,上櫃,,RWSCPE,
72850U　印能國票5A售05,TW26Z72850U6,2026/04/08,上櫃,,RWSCPE,
728516　系微統一5C購01,TW25Z7285161,2025/01/07,上櫃,,RWSCCA,
72851U　矽科國票5B售02,TW26Z72851U4,2026/04/13,上櫃,,RWSCPE,
728520　金麗科統一5C購02,TW25Z7285203,2025/01/07,上櫃,,RWSCCA,
72852U　旺矽元大5A售03,TW26Z72852U2,2026/04/14,上櫃,,RWSCPE,
72853U　信驊元大5A售01,TW26Z72853U0,2026/04/14,上櫃,,RWSCPE,
72854U　信驊永豐61售01,TW26Z72854U8,2026/04/14,上櫃,,RWSCPE,
72855U　信驊富邦5C售02,TW26Z72855U5,2026/04/14,上櫃,,RWSCPE,
72856U　頎邦凱基5A售03,TW26Z72856U3,2026/04/15,上櫃,,RWSCPE,
72857U　雙鴻元大5A售06,TW26Z72857U1,2026/04/15,上櫃,,RWSCPE,
72858U　巨漢國票5A售02,TW26Z72858U9,2026/04/16,上櫃,,RWSCPE,
72859U　弘塑國票5B售02,TW26Z72859U7,2026/04/17,上櫃,,RWSCPE,
72860U　弘塑元大5A售03,TW26Z72860U5,2026/04/17,上櫃,,RWSCPE,
72861U　華電網凱基5A售01,TW26Z72861U3,2026/04/20,上櫃,,RWSCPE,
72862U　群聯國票5B售02,TW26Z72862U1,2026/04/21,上櫃,,RWSCPE,
72863U　蜜望實國票5A售03,TW26Z72863U9,2026/04/21,上櫃,,RWSCPE,
72864U　群聯凱基5A售03,TW26Z72864U7,2026/04/21,上櫃,,RWSCPE,
72865U　信驊永豐5B售03,TW26Z72865U4,2026/04/22,上櫃,,RWSCPE,
728663　神盾統一57購01,TW25Z7286631,2025/01/09,上櫃,,RWSCCA,
72866U　旺矽凱基5A售06,TW26Z72866U2,2026/04/22,上櫃,,RWSCPE,
72867U　旺矽富邦61售01,TW26Z72867U0,2026/04/22,上櫃,,RWSCPE,
72868U　富喬群益5C售01,TW26Z72868U8,2026/04/27,上櫃,,RWSCPE,
72869U　立碁國票5B售03,TW26Z72869U6,2026/04/30,上櫃,,RWSCPE,
72870U　群聯國票5B售06,TW26Z72870U4,2026/04/30,上櫃,,RWSCPE,
72871U　群聯群益61售02,TW26Z72871U2,2026/05/04,上櫃,,RWSCPE,
72872U　聖暉*台新5B售01,TW26Z72872U0,2026/05/06,上櫃,,RWSCPE,
72873U　威剛國票5C售02,TW26Z72873U8,2026/05/07,上櫃,,RWSCPE,
72874U　威剛群益5C售02,TW26Z72874U6,2026/05/07,上櫃,,RWSCPE,
728753　台特化統一55購01,TW25Z7287530,2025/01/10,上櫃,,RWSCCA,
728755　立端統一57購01,TW25Z7287555,2025/01/10,上櫃,,RWSCCA,
728758　艾訊統一55購01,TW25Z7287589,2025/01/10,上櫃,,RWSCCA,
72875U　威剛凱基5B售05,TW26Z72875U3,2026/05/08,上櫃,,RWSCPE,
728764　均豪統一55購01,TW25Z7287647,2025/01/10,上櫃,,RWSCCA,
728765　均豪統一55購02,TW25Z7287654,2025/01/10,上櫃,,RWSCCA,
728766　均豪統一57購01,TW25Z7287662,2025/01/10,上櫃,,RWSCCA,
728767　均豪統一59購01,TW25Z7287670,2025/01/10,上櫃,,RWSCCA,
728768　均豪統一59購02,TW25Z7287688,2025/01/10,上櫃,,RWSCCA,
72876U　合晶台新5B售05,TW26Z72876U1,2026/05/11,上櫃,,RWSCPE,
728774　僑威統一57購01,TW25Z7287746,2025/01/10,上櫃,,RWSCCA,
72877U　群聯台新5B售07,TW26Z72877U9,2026/05/11,上櫃,,RWSCPE,
72878U　群聯台新5B售08,TW26Z72878U7,2026/05/11,上櫃,,RWSCPE,
72879U　世界凱基5B售02,TW26Z72879U5,2026/05/11,上櫃,,RWSCPE,
72880U　良維國票5C售02,TW26Z72880U3,2026/05/11,上櫃,,RWSCPE,
72881U　鈊象台新5B售03,TW26Z72881U1,2026/05/12,上櫃,,RWSCPE,
72882U　環球晶台新5B售03,TW26Z72882U9,2026/05/12,上櫃,,RWSCPE,
72883U　環球晶國票5B售02,TW26Z72883U7,2026/05/12,上櫃,,RWSCPE,
728853　湧德統一57購01,TW25Z7288538,2025/01/13,上櫃,,RWSCCA,
728920　元債20元富61購01,TW25Z7289205,2025/01/14,上櫃,,RWBCCA,
728963　雍智統一57購01,TW25Z7289635,2025/01/14,上櫃,,RWSCCA,
728965　磐儀統一55購01,TW25Z7289650,2025/01/14,上櫃,,RWSCCA,
728966　瀧澤科統一57購01,TW25Z7289668,2025/01/14,上櫃,,RWSCCA,
728967　驊訊統一61購01,TW25Z7289676,2025/01/14,上櫃,,RWSCCA,
729010　僑威元富57購01,TW25Z7290104,2025/01/15,上櫃,,RWSCCA,
729028　力致統一57購01,TW25Z7290286,2025/01/15,上櫃,,RWSCCA,
729031　欣銓統一55購01,TW25Z7290310,2025/01/15,上櫃,,RWSCCA,
729069　高鋒統一55購01,TW25Z7290690,2025/01/16,上櫃,,RWSCCA,
729170　M31統一59購01,TW25Z7291706,2025/01/17,上櫃,,RWSCCA,
729171　M31統一61購01,TW25Z7291714,2025/01/20,上櫃,,RWSCCA,
729172　M31統一61購02,TW25Z7291722,2025/01/20,上櫃,,RWSCCA,
729174　世禾統一55購01,TW25Z7291748,2025/01/17,上櫃,,RWSCCA,
729177　台特化統一55購02,TW25Z7291771,2025/01/17,上櫃,,RWSCCA,
729178　台特化統一57購01,TW25Z7291789,2025/01/17,上櫃,,RWSCCA,
729181　系微統一55購02,TW25Z7291813,2025/01/17,上櫃,,RWSCCA,
729185　華星光統一59購03,TW25Z7291854,2025/01/17,上櫃,,RWSCCA,
729186　華星光統一61購01,TW25Z7291862,2025/01/17,上櫃,,RWSCCA,
729187　華星光統一61購02,TW25Z7291870,2025/01/17,上櫃,,RWSCCA,
729313　旺矽統一59購01,TW25Z7293132,2025/01/21,上櫃,,RWSCCA,
729314　神盾統一57購02,TW25Z7293140,2025/01/21,上櫃,,RWSCCA,
729426　群ESG元大58購01,TW25Z7294262,2025/02/03,上櫃,,RWBCCA,
729489　信驊統一56購01,TW25Z7294890,2025/02/04,上櫃,,RWSCCA,
729528　立敦統一58購01,TW25Z7295285,2025/02/05,上櫃,,RWSCCA,
729531　朋億*統一56購01,TW25Z7295319,2025/02/05,上櫃,,RWSCCA,
729532　欣銓統一58購01,TW25Z7295327,2025/02/05,上櫃,,RWSCCA,
729534　高鋒統一56購01,TW25Z7295343,2025/02/05,上櫃,,RWSCCA,
729535　智擎統一58購01,TW25Z7295350,2025/02/05,上櫃,,RWSCCA,
729536　聖暉*統一58購01,TW25Z7295368,2025/02/05,上櫃,,RWSCCA,
729625　華星光統一56購01,TW25Z7296259,2025/02/06,上櫃,,RWSCCA,
729629　萬潤統一56購01,TW25Z7296291,2025/02/06,上櫃,,RWSCCA,
729711　萬潤統一58購01,TW25Z7297117,2025/02/07,上櫃,,RWSCCA,
729714　騰雲統一58購01,TW25Z7297141,2025/02/07,上櫃,,RWSCCA,
729791　台燿統一58購01,TW25Z7297919,2025/02/10,上櫃,,RWSCCA,
729794　正基統一58購01,TW25Z7297943,2025/02/10,上櫃,,RWSCCA,
729799　金益鼎統一58購01,TW25Z7297992,2025/02/10,上櫃,,RWSCCA,
729803　智擎統一58購02,TW25Z7298032,2025/02/10,上櫃,,RWSCCA,
729804　僑威統一5A購01,TW25Z7298040,2025/02/10,上櫃,,RWSCCA,
729807　瀧澤科統一56購02,TW25Z7298073,2025/02/10,上櫃,,RWSCCA,
729808　騰雲統一5A購01,TW25Z7298081,2025/02/10,上櫃,,RWSCCA,
729872　友輝統一58購01,TW25Z7298727,2025/02/11,上櫃,,RWSCCA,
729879　艾訊統一58購01,TW25Z7298792,2025/02/11,上櫃,,RWSCCA,
729884　新復興統一58購03,TW25Z7298842,2025/02/11,上櫃,,RWSCCA,
729887　廣明統一58購01,TW25Z7298875,2025/02/11,上櫃,,RWSCCA,
729890　廣積統一59購01,TW25Z7298909,2025/02/11,上櫃,,RWSCCA,
729895　耀勝統一58購01,TW25Z7298958,2025/02/11,上櫃,,RWSCCA,
729960　友輝統一58購02,TW25Z7299600,2025/02/12,上櫃,,RWSCCA,
729961　亞泰統一58購01,TW25Z7299618,2025/02/12,上櫃,,RWSCCA,
729963　宜鼎統一55購01,TW25Z7299634,2025/02/12,上櫃,,RWSCCA,
729964　欣銓統一58購02,TW25Z7299642,2025/02/12,上櫃,,RWSCCA,
729966　昱展統一58購02,TW25Z7299667,2025/02/12,上櫃,,RWSCCA,
729967　昱展統一58購03,TW25Z7299675,2025/02/12,上櫃,,RWSCCA,
729971　振曜統一58購01,TW25Z7299717,2025/02/12,上櫃,,RWSCCA,
729973　新漢統一58購01,TW25Z7299733,2025/02/12,上櫃,,RWSCCA,
730041　金益鼎統一56購01,TW25Z7300416,2025/02/13,上櫃,,RWSCCA,
730046　富喬統一58購01,TW25Z7300465,2025/02/13,上櫃,,RWSCCA,
730048　新漢統一58購02,TW25Z7300481,2025/02/13,上櫃,,RWSCCA,
730051　綠界*統一58購01,TW25Z7300515,2025/02/13,上櫃,,RWSCCA,
730052　綠界*統一58購02,TW25Z7300523,2025/02/13,上櫃,,RWSCCA,
730057　聰泰統一56購01,TW25Z7300572,2025/02/13,上櫃,,RWSCCA,
730135　安勤統一58購01,TW25Z7301356,2025/02/14,上櫃,,RWSCCA,
730146　訊聯統一58購02,TW25Z7301463,2025/02/14,上櫃,,RWSCCA,
730152　智通*統一58購01,TW25Z7301521,2025/02/14,上櫃,,RWSCCA,
730154　新漢統一57購01,TW25Z7301547,2025/02/14,上櫃,,RWSCCA,
730157　綠界*統一5A購01,TW25Z7301570,2025/02/14,上櫃,,RWSCCA,
730160　耀勝統一58購02,TW25Z7301604,2025/02/14,上櫃,,RWSCCA,
730161　鑫科統一58購01,TW25Z7301612,2025/02/14,上櫃,,RWSCCA,
730235　神準統一58購01,TW25Z7302354,2025/02/17,上櫃,,RWSCCA,
730238　群聯統一58購01,TW25Z7302388,2025/02/17,上櫃,,RWSCCA,
730240　精測統一58購01,TW25Z7302404,2025/02/17,上櫃,,RWSCCA,
730242　廣明統一55購01,TW25Z7302420,2025/02/17,上櫃,,RWSCCA,
730244　廣運統一55購01,TW25Z7302446,2025/02/17,上櫃,,RWSCCA,
730317　鴻呈統一58購01,TW25Z7303170,2025/02/18,上櫃,,RWSCCA,
730399　M31統一58購01,TW25Z7303998,2025/02/19,上櫃,,RWSCCA,
730400　M31統一58購02,TW25Z7304004,2025/02/19,上櫃,,RWSCCA,
730401　M31統一62購01,TW25Z7304012,2025/02/19,上櫃,,RWSCCA,
730402　M31統一62購02,TW25Z7304020,2025/02/19,上櫃,,RWSCCA,
730403　M31統一62購03,TW25Z7304038,2025/02/19,上櫃,,RWSCCA,
730407　永信建統一55購01,TW25Z7304079,2025/02/19,上櫃,,RWSCCA,
730492　昇達科統一55購01,TW25Z7304921,2025/02/20,上櫃,,RWSCCA,
730493　昇達科統一5C購01,TW25Z7304939,2025/02/20,上櫃,,RWSCCA,
730529　振曜永豐56購01,TW25Z7305290,2025/02/21,上櫃,,RWSCCA,
730543　美琪瑪統一58購01,TW25Z7305431,2025/02/21,上櫃,,RWSCCA,
730635　鈦昇統一58購01,TW25Z7306355,2025/02/24,上櫃,,RWSCCA,
730636　萬潤統一58購02,TW25Z7306363,2025/02/24,上櫃,,RWSCCA,
730722　元太統一58購01,TW25Z7307221,2025/02/25,上櫃,,RWSCCA,
730732　威剛統一58購01,TW25Z7307320,2025/02/25,上櫃,,RWSCCA,
730733　原相統一5B購01,TW25Z7307338,2025/02/25,上櫃,,RWSCCA,
730735　泰茂統一58購01,TW25Z7307353,2025/02/25,上櫃,,RWSCCA,
730737　磐儀統一58購01,TW25Z7307379,2025/02/25,上櫃,,RWSCCA,
730804　昇達科國票55購01,TW25Z7308047,2025/02/26,上櫃,,RWSCCA,
730922　昇達科統一56購01,TW25Z7309227,2025/02/27,上櫃,,RWSCCA,
731007　優群統一56購01,TW25Z7310076,2025/03/03,上櫃,,RWSCCA,
731063　元債20元大59購01,TW25Z7310639,2025/03/04,上櫃,,RWBCCA,
731093　僑威統一59購01,TW25Z7310936,2025/03/04,上櫃,,RWSCCA,
731095　磐儀統一57購01,TW25Z7310951,2025/03/04,上櫃,,RWSCCA,
731162　兆利統一59購01,TW25Z7311629,2025/03/05,上櫃,,RWSCCA,
731168　崧騰統一56購02,TW25Z7311686,2025/03/05,上櫃,,RWSCCA,
731240　金麗科元富61購01,TW25Z7312403,2025/03/06,上櫃,,RWSCCA,
731248　萬潤元富59購01,TW25Z7312486,2025/03/06,上櫃,,RWSCCA,
731261　順達統一56購01,TW25Z7312619,2025/03/06,上櫃,,RWSCCA,
731262　順達統一56購02,TW25Z7312627,2025/03/06,上櫃,,RWSCCA,
731263　順達統一56購03,TW25Z7312635,2025/03/06,上櫃,,RWSCCA,
731264　順達統一59購01,TW25Z7312643,2025/03/06,上櫃,,RWSCCA,
731265　順達統一5B購01,TW25Z7312650,2025/03/06,上櫃,,RWSCCA,
731277　元債20凱基59購01,TW25Z7312775,2025/03/07,上櫃,,RWBCCA,
731332　大綜統一59購01,TW25Z7313328,2025/03/07,上櫃,,RWSCCA,
731389　正淩統一55購01,TW25Z7313898,2025/03/10,上櫃,,RWSCCA,
731393　神準統一55購02,TW25Z7313930,2025/03/10,上櫃,,RWSCCA,
731395　博智統一55購01,TW25Z7313955,2025/03/10,上櫃,,RWSCCA,
731492　亞信統一56購01,TW25Z7314920,2025/03/11,上櫃,,RWSCCA,
731493　亞信統一59購01,TW25Z7314938,2025/03/11,上櫃,,RWSCCA,
731495　英濟統一5B購01,TW25Z7314953,2025/03/11,上櫃,,RWSCCA,
731496　振曜統一57購01,TW25Z7314961,2025/03/11,上櫃,,RWSCCA,
731499　順達統一57購01,TW25Z7314995,2025/03/11,上櫃,,RWSCCA,
731554　海韻電統一55購01,TW25Z7315547,2025/03/12,上櫃,,RWSCCA,
731555　順達統一59購02,TW25Z7315554,2025/03/12,上櫃,,RWSCCA,
731583　昇達科統一55購02,TW25Z7315836,2025/03/13,上櫃,,RWSCCA,
731584　群聯統一5B購01,TW25Z7315844,2025/03/13,上櫃,,RWSCCA,
731585　營邦統一55購01,TW25Z7315851,2025/03/13,上櫃,,RWSCCA,
731631　海韻電群益55購01,TW25Z7316313,2025/03/13,上櫃,,RWSCCA,
731670　信紘科統一59購01,TW25Z7316701,2025/03/14,上櫃,,RWSCCA,
731671　茂綸統一59購01,TW25Z7316719,2025/03/14,上櫃,,RWSCCA,
731730　順達統一59購03,TW25Z7317303,2025/03/17,上櫃,,RWSCCA,
731751　群聯群益55購01,TW25Z7317519,2025/03/17,上櫃,,RWSCCA,
731820　崧騰統一56購03,TW25Z7318202,2025/03/18,上櫃,,RWSCCA,
731873　茂訊統一55購01,TW25Z7318731,2025/03/19,上櫃,,RWSCCA,
731874　茂訊統一59購01,TW25Z7318749,2025/03/19,上櫃,,RWSCCA,
731875　富喬統一57購01,TW25Z7318756,2025/03/19,上櫃,,RWSCCA,
731877　鈊象統一59購01,TW25Z7318772,2025/03/19,上櫃,,RWSCCA,
731945　千附精統一59購02,TW25Z7319457,2025/03/20,上櫃,,RWSCCA,
731949　茂綸統一59購02,TW25Z7319499,2025/03/20,上櫃,,RWSCCA,
732049　系統電統一59購01,TW25Z7320497,2025/03/21,上櫃,,RWSCCA,
732050　信立統一59購01,TW25Z7320505,2025/03/21,上櫃,,RWSCCA,
732051　高鋒統一59購01,TW25Z7320513,2025/03/21,上櫃,,RWSCCA,
732053　博智統一56購01,TW25Z7320539,2025/03/21,上櫃,,RWSCCA,
732054　博智統一59購01,TW25Z7320547,2025/03/21,上櫃,,RWSCCA,
732055　鈊象統一57購01,TW25Z7320554,2025/03/21,上櫃,,RWSCCA,
732068　金山電統一56購01,TW25Z7320687,2025/03/24,上櫃,,RWSCCA,
732069　金山電統一59購01,TW25Z7320695,2025/03/24,上櫃,,RWSCCA,
732070　新復興統一55購01,TW25Z7320703,2025/03/24,上櫃,,RWSCCA,
732165　振曜統一56購01,TW25Z7321651,2025/03/25,上櫃,,RWSCCA,
732167　精剛統一59購01,TW25Z7321677,2025/03/25,上櫃,,RWSCCA,
732217　千附統一55購01,TW25Z7322170,2025/03/26,上櫃,,RWSCCA,
732269　M31統一63購01,TW25Z7322691,2025/03/27,上櫃,,RWSCCA,
732271　千附統一59購01,TW25Z7322717,2025/03/31,上櫃,,RWSCCA,
732272　千附統一5B購01,TW25Z7322725,2025/03/31,上櫃,,RWSCCA,
732275　萬泰科統一59購01,TW25Z7322758,2025/03/27,上櫃,,RWSCCA,
732277　精剛統一59購02,TW25Z7322774,2025/03/27,上櫃,,RWSCCA,
732332　M31統一63購02,TW25Z7323327,2025/03/28,上櫃,,RWSCCA,
732333　良維統一55購01,TW25Z7323335,2025/03/28,上櫃,,RWSCCA,
732334　茂訊統一57購01,TW25Z7323343,2025/03/28,上櫃,,RWSCCA,
732391　天品統一56購01,TW25Z7323913,2025/03/31,上櫃,,RWSCCA,
732468　神盾統一56購03,TW25Z7324689,2025/04/01,上櫃,,RWSCCA,
732521　萬泰科統一56購01,TW25Z7325215,2025/04/02,上櫃,,RWSCCA,
732545　晟德統一5A購01,TW25Z7325454,2025/04/07,上櫃,,RWSCCA,
732585　印能統一57購01,TW25Z7325850,2025/04/08,上櫃,,RWSCCA,
732586　印能統一5A購01,TW25Z7325868,2025/04/08,上櫃,,RWSCCA,
732653　光焱統一5A購01,TW25Z7326536,2025/04/09,上櫃,,RWSCCA,
733025　華星光統一5B購02,TW25Z7330256,2025/05/02,上櫃,,RWSCCA,
733133　振曜群益59購01,TW25Z7331338,2025/05/06,上櫃,,RWSCCA,
733178　華星光統一59購04,TW25Z7331783,2025/05/07,上櫃,,RWSCCA,
733243　雙鴻群益57購01,TW25Z7332435,2025/05/12,上櫃,,RWSCCA,
733248　宇峻統一5B購01,TW25Z7332484,2025/05/12,上櫃,,RWSCCA,
733264　元債20永豐55購01,TW25Z7332641,2025/05/12,上櫃,,RWBCCA,
733306　元太統一55購01,TW25Z7333060,2025/05/13,上櫃,,RWSCCA,
733307　新應材統一55購02,TW25Z7333078,2025/05/13,上櫃,,RWSCCA,
733308　穩懋統一55購01,TW25Z7333086,2025/05/13,上櫃,,RWSCCA,
733317　富喬凱基55購01,TW25Z7333177,2025/05/14,上櫃,,RWSCCA,
733332　大宇資統一5B購01,TW25Z7333326,2025/05/14,上櫃,,RWSCCA,
733333　神盾統一55購01,TW25Z7333334,2025/05/14,上櫃,,RWSCCA,
733334　新應材統一56購01,TW25Z7333342,2025/05/14,上櫃,,RWSCCA,
733335　群聯統一55購01,TW25Z7333359,2025/05/14,上櫃,,RWSCCA,
733336　德微統一55購02,TW25Z7333367,2025/05/14,上櫃,,RWSCCA,
733337　營邦統一55購02,TW25Z7333375,2025/05/14,上櫃,,RWSCCA,
733338　環球晶統一55購01,TW25Z7333383,2025/05/14,上櫃,,RWSCCA,
733339　雙鴻統一55購01,TW25Z7333391,2025/05/14,上櫃,,RWSCCA,
733356　大宇資統一55購01,TW25Z7333565,2025/05/15,上櫃,,RWSCCA,
733357　宸曜統一55購01,TW25Z7333573,2025/05/15,上櫃,,RWSCCA,
733358　神準統一55購03,TW25Z7333581,2025/05/15,上櫃,,RWSCCA,
733359　華景電統一55購01,TW25Z7333599,2025/05/15,上櫃,,RWSCCA,
733360　鈺太統一55購01,TW25Z7333607,2025/05/15,上櫃,,RWSCCA,
733382　富喬永豐55購01,TW25Z7333821,2025/05/15,上櫃,,RWSCCA,
733396　欣銓元富55購01,TW25Z7333961,2025/05/16,上櫃,,RWSCCA,
733405　元太統一55購02,TW25Z7334050,2025/05/16,上櫃,,RWSCCA,
733406　先進光統一55購01,TW25Z7334068,2025/05/16,上櫃,,RWSCCA,
733407　印能統一55購01,TW25Z7334076,2025/05/16,上櫃,,RWSCCA,
733408　金居統一55購01,TW25Z7334084,2025/05/16,上櫃,,RWSCCA,
733409　金居統一55購02,TW25Z7334092,2025/05/16,上櫃,,RWSCCA,
733410　美琪瑪統一55購01,TW25Z7334100,2025/05/16,上櫃,,RWSCCA,
733411　美琪瑪統一61購01,TW25Z7334118,2025/05/16,上櫃,,RWSCCA,
733412　宸曜統一55購02,TW25Z7334126,2025/05/16,上櫃,,RWSCCA,
733413　華景電統一55購02,TW25Z7334134,2025/05/16,上櫃,,RWSCCA,
733414　華景電統一55購03,TW25Z7334142,2025/05/16,上櫃,,RWSCCA,
733415　廣運統一55購02,TW25Z7334159,2025/05/16,上櫃,,RWSCCA,
733416　德微統一55購03,TW25Z7334167,2025/05/16,上櫃,,RWSCCA,
733417　德微統一55購04,TW25Z7334175,2025/05/16,上櫃,,RWSCCA,
733456　世禾統一55購02,TW25Z7334563,2025/05/19,上櫃,,RWSCCA,
733457　台燿統一55購01,TW25Z7334571,2025/05/19,上櫃,,RWSCCA,
733458　兆利統一55購02,TW25Z7334589,2025/05/19,上櫃,,RWSCCA,
733459　先進光統一55購02,TW25Z7334597,2025/05/19,上櫃,,RWSCCA,
733460　先進光統一5B購01,TW25Z7334605,2025/05/19,上櫃,,RWSCCA,
733461　先進光統一65購01,TW25Z7334613,2025/05/19,上櫃,,RWSCCA,
733462　系統電統一57購02,TW25Z7334621,2025/05/19,上櫃,,RWSCCA,
733463　金居統一55購03,TW25Z7334639,2025/05/19,上櫃,,RWSCCA,
733464　美琪瑪統一55購02,TW25Z7334647,2025/05/19,上櫃,,RWSCCA,
733465　神盾統一57購03,TW25Z7334654,2025/05/19,上櫃,,RWSCCA,
733466　博智統一55購02,TW25Z7334662,2025/05/19,上櫃,,RWSCCA,
733467　新應材統一5B購01,TW25Z7334670,2025/05/19,上櫃,,RWSCCA,
733468　群聯統一57購01,TW25Z7334688,2025/05/19,上櫃,,RWSCCA,
733469　精材統一55購01,TW25Z7334696,2025/05/19,上櫃,,RWSCCA,
733470　營邦統一58購01,TW25Z7334704,2025/05/19,上櫃,,RWSCCA,
733471　營邦統一5B購01,TW25Z7334712,2025/05/19,上櫃,,RWSCCA,
733476　新應材元大55購01,TW25Z7334761,2025/05/19,上櫃,,RWSCCA,
733488　新應材永豐55購01,TW25Z7334886,2025/05/19,上櫃,,RWSCCA,
733507　新應材凱基55購01,TW25Z7335073,2025/05/20,上櫃,,RWSCCA,
733517　越峰國票55購01,TW25Z7335172,2025/05/20,上櫃,,RWSCCA,
733518　錦明國票55購01,TW25Z7335180,2025/05/20,上櫃,,RWSCCA,
733520　世禾統一57購01,TW25Z7335206,2025/05/20,上櫃,,RWSCCA,
733522　弘塑統一55購01,TW25Z7335222,2025/05/20,上櫃,,RWSCCA,
733524　宣德統一55購01,TW25Z7335248,2025/05/20,上櫃,,RWSCCA,
733525　建榮統一55購01,TW25Z7335255,2025/05/20,上櫃,,RWSCCA,
733526　美琪瑪統一55購03,TW25Z7335263,2025/05/20,上櫃,,RWSCCA,
733527　海韻電統一55購02,TW25Z7335271,2025/05/20,上櫃,,RWSCCA,
733528　湧德統一55購01,TW25Z7335289,2025/05/20,上櫃,,RWSCCA,
733529　鈦昇統一55購01,TW25Z7335297,2025/05/20,上櫃,,RWSCCA,
733530　鈦昇統一55購02,TW25Z7335305,2025/05/20,上櫃,,RWSCCA,
733532　新應材統一55購03,TW25Z7335321,2025/05/20,上櫃,,RWSCCA,
733533　新應材統一58購01,TW25Z7335339,2025/05/20,上櫃,,RWSCCA,
733534　僑威統一56購01,TW25Z7335347,2025/05/20,上櫃,,RWSCCA,
733535　精材統一55購02,TW25Z7335354,2025/05/20,上櫃,,RWSCCA,
733536　廣運統一55購03,TW25Z7335362,2025/05/20,上櫃,,RWSCCA,
733537　叡揚統一55購02,TW25Z7335370,2025/05/20,上櫃,,RWSCCA,
733545　新應材元大55購02,TW25Z7335453,2025/05/20,上櫃,,RWSCCA,
733560　大學光統一5B購01,TW25Z7335602,2025/05/21,上櫃,,RWSCCA,
733562　弘塑統一55購02,TW25Z7335628,2025/05/21,上櫃,,RWSCCA,
733563　弘塑統一5B購01,TW25Z7335636,2025/05/21,上櫃,,RWSCCA,
733564　正基統一55購02,TW25Z7335644,2025/05/21,上櫃,,RWSCCA,
733565　旺矽統一55購01,TW25Z7335651,2025/05/21,上櫃,,RWSCCA,
733566　旺矽統一55購02,TW25Z7335669,2025/05/21,上櫃,,RWSCCA,
733567　東捷統一55購01,TW25Z7335677,2025/05/21,上櫃,,RWSCCA,
733568　波若威統一56購01,TW25Z7335685,2025/05/21,上櫃,,RWSCCA,
733569　宣德統一55購02,TW25Z7335693,2025/05/21,上櫃,,RWSCCA,
733570　宸曜統一56購01,TW25Z7335701,2025/05/21,上櫃,,RWSCCA,
733571　海韻電統一55購03,TW25Z7335719,2025/05/21,上櫃,,RWSCCA,
733572　博智統一55購03,TW25Z7335727,2025/05/21,上櫃,,RWSCCA,
733573　萬潤統一55購02,TW25Z7335735,2025/05/21,上櫃,,RWSCCA,
733574　群翊統一55購01,TW25Z7335743,2025/05/21,上櫃,,RWSCCA,
733575　叡揚統一55購03,TW25Z7335750,2025/05/21,上櫃,,RWSCCA,
733643　大學光統一55購01,TW25Z7336436,2025/05/22,上櫃,,RWSCCA,
733644　正基統一55購03,TW25Z7336444,2025/05/22,上櫃,,RWSCCA,
733645　系微統一55購03,TW25Z7336451,2025/05/22,上櫃,,RWSCCA,
733647　南俊統一57購01,TW25Z7336477,2025/05/22,上櫃,,RWSCCA,
733648　茂迪統一55購01,TW25Z7336485,2025/05/22,上櫃,,RWSCCA,
733649　神準統一55購04,TW25Z7336493,2025/05/22,上櫃,,RWSCCA,
733650　創惟統一55購02,TW25Z7336501,2025/05/22,上櫃,,RWSCCA,
733651　創惟統一55購03,TW25Z7336519,2025/05/23,上櫃,,RWSCCA,
733652　創惟統一56購01,TW25Z7336527,2025/05/23,上櫃,,RWSCCA,
733653　創惟統一5B購01,TW25Z7336535,2025/05/23,上櫃,,RWSCCA,
733654　創惟統一65購01,TW25Z7336543,2025/05/23,上櫃,,RWSCCA,
733655　創惟統一65購02,TW25Z7336550,2025/05/23,上櫃,,RWSCCA,
733656　創惟統一65購03,TW25Z7336568,2025/05/23,上櫃,,RWSCCA,
733657　富喬統一56購02,TW25Z7336576,2025/05/22,上櫃,,RWSCCA,
733658　富驊統一55購02,TW25Z7336584,2025/05/22,上櫃,,RWSCCA,
733677　群聯兆豐55購01,TW25Z7336774,2025/05/23,上櫃,,RWSCCA,
733693　台特化統一55購03,TW25Z7336931,2025/05/23,上櫃,,RWSCCA,
733694　高端統一55購01,TW25Z7336949,2025/05/23,上櫃,,RWSCCA,
733695　高端統一5B購01,TW25Z7336956,2025/05/23,上櫃,,RWSCCA,
733696　高端統一65購01,TW25Z7336964,2025/05/23,上櫃,,RWSCCA,
733699　創惟統一55購04,TW25Z7336998,2025/05/23,上櫃,,RWSCCA,
733700　創惟統一55購05,TW25Z7337004,2025/05/23,上櫃,,RWSCCA,
733701　創惟統一58購01,TW25Z7337012,2025/05/23,上櫃,,RWSCCA,
733702　創惟統一5C購01,TW25Z7337020,2025/05/23,上櫃,,RWSCCA,
733703　群聯統一55購02,TW25Z7337038,2025/05/23,上櫃,,RWSCCA,
733711　譜瑞元富55購01,TW25Z7337111,2025/05/23,上櫃,,RWSCCA,
733720　欣銓元大55購01,TW25Z7337202,2025/05/23,上櫃,,RWSCCA,
733746　頎邦元富55購01,TW25Z7337467,2025/05/26,上櫃,,RWSCCA,
733755　元太統一55購03,TW25Z7337558,2025/05/26,上櫃,,RWSCCA,
733756　台特化統一58購01,TW25Z7337566,2025/05/26,上櫃,,RWSCCA,
733757　合晶統一55購01,TW25Z7337574,2025/05/26,上櫃,,RWSCCA,
733758　高端統一55購02,TW25Z7337582,2025/05/26,上櫃,,RWSCCA,
733759　高端統一55購03,TW25Z7337590,2025/05/26,上櫃,,RWSCCA,
733760　高端統一65購02,TW25Z7337608,2025/05/26,上櫃,,RWSCCA,
733761　富喬統一55購01,TW25Z7337616,2025/05/26,上櫃,,RWSCCA,
733762　晶呈統一55購01,TW25Z7337624,2025/05/26,上櫃,,RWSCCA,
733763　漢磊統一55購01,TW25Z7337632,2025/05/26,上櫃,,RWSCCA,
733777　富喬兆豐55購01,TW25Z7337772,2025/05/27,上櫃,,RWSCCA,
733784　欣銓凱基55購01,TW25Z7337848,2025/05/27,上櫃,,RWSCCA,
733798　振曜統一55購01,TW25Z7337988,2025/05/27,上櫃,,RWSCCA,
733799　晶呈統一56購01,TW25Z7337996,2025/05/27,上櫃,,RWSCCA,
733800　華星光統一5B購03,TW25Z7338002,2025/05/27,上櫃,,RWSCCA,
733801　雍智統一55購01,TW25Z7338010,2025/05/27,上櫃,,RWSCCA,
733811　元太元富55購01,TW25Z7338119,2025/05/27,上櫃,,RWSCCA,
733841　世界元富55購01,TW25Z7338416,2025/05/28,上櫃,,RWSCCA,
733848　天品統一55購01,TW25Z7338481,2025/05/28,上櫃,,RWSCCA,
733849　印能統一57購02,TW25Z7338499,2025/05/28,上櫃,,RWSCCA,
733850　均華統一57購01,TW25Z7338507,2025/05/28,上櫃,,RWSCCA,
733851　建榮統一55購02,TW25Z7338515,2025/05/28,上櫃,,RWSCCA,
733852　家登統一55購01,TW25Z7338523,2025/05/28,上櫃,,RWSCCA,
733853　晶呈統一55購02,TW25Z7338531,2025/05/28,上櫃,,RWSCCA,
733854　華景電統一55購04,TW25Z7338549,2025/05/28,上櫃,,RWSCCA,
733855　萬潤統一55購03,TW25Z7338556,2025/05/28,上櫃,,RWSCCA,
733856　漢磊統一55購02,TW25Z7338564,2025/05/28,上櫃,,RWSCCA,
733867　台特化凱基55購01,TW25Z7338671,2025/05/29,上櫃,,RWSCCA,
733884　振曜統一55購02,TW25Z7338846,2025/05/29,上櫃,,RWSCCA,
733885　泰茂統一55購02,TW25Z7338853,2025/05/29,上櫃,,RWSCCA,
733886　神盾統一55購02,TW25Z7338861,2025/05/29,上櫃,,RWSCCA,
733887　精測統一55購01,TW25Z7338879,2025/05/29,上櫃,,RWSCCA,
733888　廣運統一55購04,TW25Z7338887,2025/05/29,上櫃,,RWSCCA,
733889　雙鴻統一55購02,TW25Z7338895,2025/05/29,上櫃,,RWSCCA,
733956　良維統一56購01,TW25Z7339562,2025/06/02,上櫃,,RWSCCA,
733957　旺矽統一56購02,TW25Z7339570,2025/06/02,上櫃,,RWSCCA,
733958　新應材統一5C購01,TW25Z7339588,2025/06/02,上櫃,,RWSCCA,
733959　新應材統一5C購02,TW25Z7339596,2025/06/02,上櫃,,RWSCCA,
733960　擎亞統一57購01,TW25Z7339604,2025/06/02,上櫃,,RWSCCA,
733981　均豪統一56購01,TW25Z7339810,2025/06/03,上櫃,,RWSCCA,
733982　威剛統一56購01,TW25Z7339828,2025/06/03,上櫃,,RWSCCA,
733983　富喬統一5C購01,TW25Z7339836,2025/06/03,上櫃,,RWSCCA,
733984　新應材統一56購02,TW25Z7339844,2025/06/03,上櫃,,RWSCCA,
733985　德微統一57購01,TW25Z7339851,2025/06/03,上櫃,,RWSCCA,
733986　雙鴻統一57購01,TW25Z7339869,2025/06/03,上櫃,,RWSCCA,
733991　兆利兆豐56購01,TW25Z7339919,2025/06/03,上櫃,,RWSCCA,
733992　系微兆豐56購01,TW25Z7339927,2025/06/03,上櫃,,RWSCCA,
733993　譜瑞兆豐56購01,TW25Z7339935,2025/06/03,上櫃,,RWSCCA,
734030　台燿統一56購01,TW25Z7340305,2025/06/04,上櫃,,RWSCCA,
734033　波若威統一56購02,TW25Z7340339,2025/06/04,上櫃,,RWSCCA,
734041　雙鴻統一56購02,TW25Z7340412,2025/06/04,上櫃,,RWSCCA,
734042　騰雲統一56購01,TW25Z7340420,2025/06/04,上櫃,,RWSCCA,
734067　富喬元富56購01,TW25Z7340677,2025/06/04,上櫃,,RWSCCA,
734100　中美晶統一56購01,TW25Z7341006,2025/06/05,上櫃,,RWSCCA,
734101　巨有統一56購01,TW25Z7341014,2025/06/05,上櫃,,RWSCCA,
734102　系統電統一56購02,TW25Z7341022,2025/06/05,上櫃,,RWSCCA,
734103　擎亞統一56購01,TW25Z7341030,2025/06/05,上櫃,,RWSCCA,
734134　中美晶統一56購02,TW25Z7341345,2025/06/06,上櫃,,RWSCCA,
734135　巨有統一56購02,TW25Z7341352,2025/06/06,上櫃,,RWSCCA,
734136　擎亞統一57購02,TW25Z7341360,2025/06/06,上櫃,,RWSCCA,
734137　環球晶統一56購01,TW25Z7341378,2025/06/06,上櫃,,RWSCCA,
734138　環球晶統一56購02,TW25Z7341386,2025/06/06,上櫃,,RWSCCA,
734139　雙鴻統一56購03,TW25Z7341394,2025/06/06,上櫃,,RWSCCA,
734145　群ESG凱基56購01,TW25Z7341451,2025/06/06,上櫃,,RWBCCA,
734158　台燿元富56購01,TW25Z7341584,2025/06/09,上櫃,,RWSCCA,
734160　華星光元富56購01,TW25Z7341600,2025/06/09,上櫃,,RWSCCA,
734162　新應材元富56購01,TW25Z7341626,2025/06/09,上櫃,,RWSCCA,
734202　力致統一57購02,TW25Z7342020,2025/06/09,上櫃,,RWSCCA,
734205　台燿統一56購02,TW25Z7342053,2025/06/09,上櫃,,RWSCCA,
734206　昇達科統一56購02,TW25Z7342061,2025/06/09,上櫃,,RWSCCA,
734207　長聖統一56購01,TW25Z7342079,2025/06/09,上櫃,,RWSCCA,
734208　信立統一56購01,TW25Z7342087,2025/06/09,上櫃,,RWSCCA,
734209　華星光統一66購01,TW25Z7342095,2025/06/09,上櫃,,RWSCCA,
734210　雙鴻統一56購04,TW25Z7342103,2025/06/09,上櫃,,RWSCCA,
734228　中美晶兆豐56購01,TW25Z7342285,2025/06/09,上櫃,,RWSCCA,
734230　高鋒兆豐56購01,TW25Z7342301,2025/06/09,上櫃,,RWSCCA,
734232　威剛兆豐56購01,TW25Z7342327,2025/06/10,上櫃,,RWSCCA,
734249　弘塑元大56購01,TW25Z7342491,2025/06/10,上櫃,,RWSCCA,
734252　前鼎元富56購01,TW25Z7342525,2025/06/10,上櫃,,RWSCCA,
734276　元太統一56購01,TW25Z7342764,2025/06/10,上櫃,,RWSCCA,
734277　台特化統一56購01,TW25Z7342772,2025/06/10,上櫃,,RWSCCA,
734278　台燿統一56購03,TW25Z7342780,2025/06/10,上櫃,,RWSCCA,
734280　先進光統一56購03,TW25Z7342806,2025/06/10,上櫃,,RWSCCA,
734281　竹陞統一56購02,TW25Z7342814,2025/06/10,上櫃,,RWSCCA,
734282　竹陞統一56購03,TW25Z7342822,2025/06/11,上櫃,,RWSCCA,
734283　竹陞統一56購04,TW25Z7342830,2025/06/11,上櫃,,RWSCCA,
734284　竹陞統一5C購01,TW25Z7342848,2025/06/11,上櫃,,RWSCCA,
734285　良維統一5A購01,TW25Z7342855,2025/06/10,上櫃,,RWSCCA,
734286　晶宏統一56購01,TW25Z7342863,2025/06/10,上櫃,,RWSCCA,
734287　鈦昇統一59購01,TW25Z7342871,2025/06/10,上櫃,,RWSCCA,
734288　新應材統一56購03,TW25Z7342889,2025/06/10,上櫃,,RWSCCA,
734289　鈺太統一56購01,TW25Z7342897,2025/06/10,上櫃,,RWSCCA,
734290　廣明統一56購02,TW25Z7342905,2025/06/10,上櫃,,RWSCCA,
734291　銳澤統一56購01,TW25Z7342913,2025/06/10,上櫃,,RWSCCA,
734292　穩懋統一56購01,TW25Z7342921,2025/06/10,上櫃,,RWSCCA,
734293　耀勝統一56購01,TW25Z7342939,2025/06/10,上櫃,,RWSCCA,
734294　耀勝統一59購01,TW25Z7342947,2025/06/10,上櫃,,RWSCCA,
734342　世界統一56購01,TW25Z7343424,2025/06/11,上櫃,,RWSCCA,
734344　台特化統一56購02,TW25Z7343440,2025/06/11,上櫃,,RWSCCA,
734345　台特化統一56購03,TW25Z7343457,2025/06/11,上櫃,,RWSCCA,
734346　台特化統一57購02,TW25Z7343465,2025/06/11,上櫃,,RWSCCA,
734347　弘塑統一56購01,TW25Z7343473,2025/06/11,上櫃,,RWSCCA,
734348　光焱統一56購01,TW25Z7343481,2025/06/11,上櫃,,RWSCCA,
734351　竹陞統一58購01,TW25Z7343515,2025/06/12,上櫃,,RWSCCA,
734352　竹陞統一5C購02,TW25Z7343523,2025/06/12,上櫃,,RWSCCA,
734354　南俊統一56購01,TW25Z7343549,2025/06/11,上櫃,,RWSCCA,
734355　南俊統一5C購01,TW25Z7343556,2025/06/11,上櫃,,RWSCCA,
734359　穩懋統一56購02,TW25Z7343598,2025/06/11,上櫃,,RWSCCA,
734386　鈦昇兆豐56購01,TW25Z7343861,2025/06/12,上櫃,,RWSCCA,
734408　台燿統一56購04,TW25Z7344083,2025/06/12,上櫃,,RWSCCA,
734409　台燿統一56購05,TW25Z7344091,2025/06/12,上櫃,,RWSCCA,
734410　光焱統一56購02,TW25Z7344109,2025/06/12,上櫃,,RWSCCA,
734411　宇峻統一56購01,TW25Z7344117,2025/06/12,上櫃,,RWSCCA,
734412　協易機統一56購01,TW25Z7344125,2025/06/12,上櫃,,RWSCCA,
734413　昇達科統一56購03,TW25Z7344133,2025/06/12,上櫃,,RWSCCA,
734414　南俊統一56購02,TW25Z7344141,2025/06/12,上櫃,,RWSCCA,
734415　精材統一56購01,TW25Z7344158,2025/06/12,上櫃,,RWSCCA,
734416　寶島科統一56購01,TW25Z7344166,2025/06/12,上櫃,,RWSCCA,
734417　耀勝統一56購02,TW25Z7344174,2025/06/12,上櫃,,RWSCCA,
734468　智通*兆豐56購01,TW25Z7344687,2025/06/13,上櫃,,RWSCCA,
734505　力致統一56購01,TW25Z7345056,2025/06/13,上櫃,,RWSCCA,
734506　台半統一56購01,TW25Z7345064,2025/06/13,上櫃,,RWSCCA,
734507　台燿統一56購06,TW25Z7345072,2025/06/13,上櫃,,RWSCCA,
734508　台燿統一5C購01,TW25Z7345080,2025/06/13,上櫃,,RWSCCA,
734509　弘塑統一56購02,TW25Z7345098,2025/06/13,上櫃,,RWSCCA,
734510　均豪統一56購02,TW25Z7345106,2025/06/13,上櫃,,RWSCCA,
734511　宏碩統一56購01,TW25Z7345114,2025/06/13,上櫃,,RWSCCA,
734512　宏碩統一56購02,TW25Z7345122,2025/06/13,上櫃,,RWSCCA,
734513　系微統一56購01,TW25Z7345130,2025/06/13,上櫃,,RWSCCA,
734514　協易機統一58購01,TW25Z7345148,2025/06/13,上櫃,,RWSCCA,
734515　旺矽統一56購03,TW25Z7345155,2025/06/13,上櫃,,RWSCCA,
734516　金居統一56購01,TW25Z7345163,2025/06/13,上櫃,,RWSCCA,
734518　建榮統一56購01,TW25Z7345189,2025/06/13,上櫃,,RWSCCA,
734519　建榮統一5C購01,TW25Z7345197,2025/06/13,上櫃,,RWSCCA,
734520　智通*統一56購01,TW25Z7345205,2025/06/13,上櫃,,RWSCCA,
734521　智通*統一5C購01,TW25Z7345213,2025/06/13,上櫃,,RWSCCA,
734522　華星光統一56購02,TW25Z7345221,2025/06/13,上櫃,,RWSCCA,
734523　閎康統一56購01,TW25Z7345239,2025/06/13,上櫃,,RWSCCA,
734524　寶島科統一56購02,TW25Z7345247,2025/06/13,上櫃,,RWSCCA,
734525　鑫科統一56購03,TW25Z7345254,2025/06/13,上櫃,,RWSCCA,
734534　台燿永豐56購01,TW25Z7345346,2025/06/13,上櫃,,RWSCCA,
734535　台燿永豐59購01,TW25Z7345353,2025/06/13,上櫃,,RWSCCA,
734574　中光電兆豐56購01,TW25Z7345742,2025/06/16,上櫃,,RWSCCA,
734605　台燿統一56購07,TW25Z7346054,2025/06/16,上櫃,,RWSCCA,
734606　弘塑統一56購03,TW25Z7346062,2025/06/16,上櫃,,RWSCCA,
734607　兆利統一56購01,TW25Z7346070,2025/06/16,上櫃,,RWSCCA,
734608　兆利統一58購01,TW25Z7346088,2025/06/16,上櫃,,RWSCCA,
734609　合晶統一56購01,TW25Z7346096,2025/06/16,上櫃,,RWSCCA,
734613　宜特統一56購01,TW25Z7346138,2025/06/16,上櫃,,RWSCCA,
734614　昇達科統一56購04,TW25Z7346146,2025/06/16,上櫃,,RWSCCA,
734615　欣銓統一56購01,TW25Z7346153,2025/06/16,上櫃,,RWSCCA,
734616　信立統一56購02,TW25Z7346161,2025/06/16,上櫃,,RWSCCA,
734618　智通*統一56購02,TW25Z7346187,2025/06/16,上櫃,,RWSCCA,
734619　閎康統一56購02,TW25Z7346195,2025/06/16,上櫃,,RWSCCA,
734620　新漢統一56購01,TW25Z7346203,2025/06/16,上櫃,,RWSCCA,
734621　擎亞統一56購02,TW25Z7346211,2025/06/16,上櫃,,RWSCCA,
734628　信立元大55購01,TW25Z7346286,2025/06/16,上櫃,,RWSCCA,
734639　台燿元富56購02,TW25Z7346393,2025/06/16,上櫃,,RWSCCA,
734706　智通*統一55購02,TW25Z7347060,2025/06/17,上櫃,,RWSCCA,
734707　智通*統一5C購02,TW25Z7347078,2025/06/17,上櫃,,RWSCCA,
734708　新漢統一5C購01,TW25Z7347086,2025/06/17,上櫃,,RWSCCA,
734709　鴻呈統一56購01,TW25Z7347094,2025/06/17,上櫃,,RWSCCA,
734710　雙鴻統一62購01,TW25Z7347102,2025/06/17,上櫃,,RWSCCA,
734743　鈊象元富56購01,TW25Z7347433,2025/06/17,上櫃,,RWSCCA,
734745　新漢元富56購01,TW25Z7347458,2025/06/17,上櫃,,RWSCCA,
734747　優群元富56購01,TW25Z7347474,2025/06/17,上櫃,,RWSCCA,
734780　世禾統一56購01,TW25Z7347805,2025/06/18,上櫃,,RWSCCA,
734781　兆利統一58購02,TW25Z7347813,2025/06/18,上櫃,,RWSCCA,
734782　宇峻統一5C購01,TW25Z7347821,2025/06/18,上櫃,,RWSCCA,
734783　均華統一5C購01,TW25Z7347839,2025/06/18,上櫃,,RWSCCA,
734784　信紘科統一56購01,TW25Z7347847,2025/06/18,上櫃,,RWSCCA,
734785　萬潤統一5C購01,TW25Z7347854,2025/06/18,上櫃,,RWSCCA,
734786　鴻呈統一56購02,TW25Z7347862,2025/06/18,上櫃,,RWSCCA,
734787　鑫科統一56購04,TW25Z7347870,2025/06/18,上櫃,,RWSCCA,
734791　良維元富56購01,TW25Z7347912,2025/06/18,上櫃,,RWSCCA,
734805　新應材元大55購03,TW25Z7348050,2025/06/18,上櫃,,RWSCCA,
734857　新應材元大56購01,TW25Z7348571,2025/06/19,上櫃,,RWSCCA,
734869　M31統一56購01,TW25Z7348696,2025/06/19,上櫃,,RWSCCA,
734871　金益鼎統一56購02,TW25Z7348712,2025/06/19,上櫃,,RWSCCA,
734872　前鼎統一56購01,TW25Z7348720,2025/06/19,上櫃,,RWSCCA,
734873　前鼎統一5C購01,TW25Z7348738,2025/06/19,上櫃,,RWSCCA,
734874　威剛統一5C購01,TW25Z7348746,2025/06/19,上櫃,,RWSCCA,
734886　鈊象元富56購02,TW25Z7348860,2025/06/19,上櫃,,RWSCCA,
734910　弘塑凱基56購01,TW25Z7349108,2025/06/20,上櫃,,RWSCCA,
734926　欣銓元大56購01,TW25Z7349264,2025/06/20,上櫃,,RWSCCA,
734937　金山電統一56購02,TW25Z7349371,2025/06/20,上櫃,,RWSCCA,
734938　前鼎統一56購02,TW25Z7349389,2025/06/20,上櫃,,RWSCCA,
734939　家登統一56購01,TW25Z7349397,2025/06/20,上櫃,,RWSCCA,
734940　萬泰科統一56購02,TW25Z7349405,2025/06/20,上櫃,,RWSCCA,
734941　雍智統一56購01,TW25Z7349413,2025/06/20,上櫃,,RWSCCA,
734991　正淩統一56購03,TW25Z7349918,2025/06/23,上櫃,,RWSCCA,
734992　協易機統一56購02,TW25Z7349926,2025/06/23,上櫃,,RWSCCA,
734993　桓達統一56購01,TW25Z7349934,2025/06/23,上櫃,,RWSCCA,
734994　新應材統一62購01,TW25Z7349942,2025/06/23,上櫃,,RWSCCA,
734995　雍智統一56購02,TW25Z7349959,2025/06/23,上櫃,,RWSCCA,
734996　綠界*統一56購01,TW25Z7349967,2025/06/23,上櫃,,RWSCCA,
735000　欣銓凱基56購01,TW25Z7350007,2025/06/23,上櫃,,RWSCCA,
735028　新應材元富63購01,TW25Z7350288,2025/06/23,上櫃,,RWSCCA,
735029　新應材元富64購01,TW25Z7350296,2025/06/23,上櫃,,RWSCCA,
735030　雍智元富56購01,TW25Z7350304,2025/06/23,上櫃,,RWSCCA,
735035　新應材永豐56購01,TW25Z7350353,2025/06/23,上櫃,,RWSCCA,
735046　竹陞統一56購05,TW25Z7350460,2025/06/24,上櫃,,RWSCCA,
735047　均豪統一56購03,TW25Z7350478,2025/06/24,上櫃,,RWSCCA,
735086　璟德元富56購01,TW25Z7350866,2025/06/24,上櫃,,RWSCCA,
735090　信立永豐56購01,TW25Z7350908,2025/06/24,上櫃,,RWSCCA,
735102　友華統一56購01,TW25Z7351021,2025/06/25,上櫃,,RWSCCA,
735103　兆利統一56購02,TW25Z7351039,2025/06/25,上櫃,,RWSCCA,
735104　均豪統一56購04,TW25Z7351047,2025/06/25,上櫃,,RWSCCA,
735105　宏碩統一56購03,TW25Z7351054,2025/06/25,上櫃,,RWSCCA,
735106　綠界*統一56購02,TW25Z7351062,2025/06/25,上櫃,,RWSCCA,
735122　新應材凱基57購01,TW25Z7351229,2025/06/25,上櫃,,RWSCCA,
735181　宏碩統一56購04,TW25Z7351815,2025/06/26,上櫃,,RWSCCA,
735182　新復興統一56購01,TW25Z7351823,2025/06/26,上櫃,,RWSCCA,
735183　聖暉*統一56購01,TW25Z7351831,2025/06/26,上櫃,,RWSCCA,
735184　鴻呈統一56購03,TW25Z7351849,2025/06/26,上櫃,,RWSCCA,
735217　萬潤凱基56購01,TW25Z7352177,2025/06/27,上櫃,,RWSCCA,
735257　雙鴻元大55購01,TW25Z7352573,2025/06/27,上櫃,,RWSCCA,
735271　波若威統一62購01,TW25Z7352714,2025/06/27,上櫃,,RWSCCA,
735272　茂達統一56購01,TW25Z7352722,2025/06/27,上櫃,,RWSCCA,
735273　富喬統一56購03,TW25Z7352730,2025/06/27,上櫃,,RWSCCA,
735274　新復興統一56購02,TW25Z7352748,2025/06/27,上櫃,,RWSCCA,
735300　友華統一56購02,TW25Z7353001,2025/06/30,上櫃,,RWSCCA,
735301　昇佳電統一56購01,TW25Z7353019,2025/06/30,上櫃,,RWSCCA,
735302　茂達統一56購02,TW25Z7353027,2025/06/30,上櫃,,RWSCCA,
735303　富喬統一56購04,TW25Z7353035,2025/06/30,上櫃,,RWSCCA,
735304　華景電統一5A購01,TW25Z7353043,2025/06/30,上櫃,,RWSCCA,
735305　順達統一56購04,TW25Z7353050,2025/06/30,上櫃,,RWSCCA,
735306　順達統一5C購01,TW25Z7353068,2025/06/30,上櫃,,RWSCCA,
735307　廣運統一58購04,TW25Z7353076,2025/06/30,上櫃,,RWSCCA,
735343　昇達科元富56購01,TW25Z7353431,2025/06/30,上櫃,,RWSCCA,
735344　富喬元富56購02,TW25Z7353449,2025/06/30,上櫃,,RWSCCA,
735387　M31統一56購02,TW25Z7353878,2025/07/01,上櫃,,RWSCCA,
735388　百德統一56購01,TW25Z7353886,2025/07/01,上櫃,,RWSCCA,
735389　系統電統一56購03,TW25Z7353894,2025/07/01,上櫃,,RWSCCA,
735390　昇佳電統一56購02,TW25Z7353902,2025/07/01,上櫃,,RWSCCA,
735391　昇佳電統一56購03,TW25Z7353910,2025/07/01,上櫃,,RWSCCA,
735392　東捷統一56購01,TW25Z7353928,2025/07/01,上櫃,,RWSCCA,
735432　弘塑元大56購02,TW25Z7354322,2025/07/01,上櫃,,RWSCCA,
735444　大國鋼元富57購01,TW25Z7354447,2025/07/02,上櫃,,RWSCCA,
735445　華星光元富57購01,TW25Z7354454,2025/07/02,上櫃,,RWSCCA,
735488　友華永豐56購01,TW25Z7354884,2025/07/02,上櫃,,RWSCCA,
735507　台燿統一57購01,TW25Z7355071,2025/07/02,上櫃,,RWSCCA,
735508　巨有統一57購01,TW25Z7355089,2025/07/02,上櫃,,RWSCCA,
735509　兆利統一57購01,TW25Z7355097,2025/07/02,上櫃,,RWSCCA,
735510　朋億*統一57購01,TW25Z7355105,2025/07/02,上櫃,,RWSCCA,
735511　湧德統一57購02,TW25Z7355113,2025/07/02,上櫃,,RWSCCA,
735512　華星光統一61購03,TW25Z7355121,2025/07/02,上櫃,,RWSCCA,
735513　鈺太統一57購01,TW25Z7355139,2025/07/02,上櫃,,RWSCCA,
735523　雍智兆豐57購01,TW25Z7355238,2025/07/03,上櫃,,RWSCCA,
735556　百德統一59購01,TW25Z7355568,2025/07/03,上櫃,,RWSCCA,
735557　波若威統一63購01,TW25Z7355576,2025/07/03,上櫃,,RWSCCA,
735559　信驊統一56購02,TW25Z7355592,2025/07/03,上櫃,,RWSCCA,
735560　富喬統一57購02,TW25Z7355600,2025/07/03,上櫃,,RWSCCA,
735561　華景電統一57購01,TW25Z7355618,2025/07/03,上櫃,,RWSCCA,
735564　精星統一57購01,TW25Z7355642,2025/07/03,上櫃,,RWSCCA,
735565　廣積統一57購01,TW25Z7355659,2025/07/03,上櫃,,RWSCCA,
735566　環球晶統一57購01,TW25Z7355667,2025/07/03,上櫃,,RWSCCA,
735580　新應材元富57購01,TW25Z7355808,2025/07/03,上櫃,,RWSCCA,
735621　萬潤元大57購01,TW25Z7356210,2025/07/04,上櫃,,RWSCCA,
735622　雍智元大56購01,TW25Z7356228,2025/07/04,上櫃,,RWSCCA,
735646　久禾光統一57購01,TW25Z7356467,2025/07/04,上櫃,,RWSCCA,
735647　久禾光統一61購01,TW25Z7356475,2025/07/07,上櫃,,RWSCCA,
735648　久禾光統一63購01,TW25Z7356483,2025/07/07,上櫃,,RWSCCA,
735649　中美晶統一57購01,TW25Z7356491,2025/07/04,上櫃,,RWSCCA,
735650　台特化統一59購01,TW25Z7356509,2025/07/04,上櫃,,RWSCCA,
735651　弘塑統一57購01,TW25Z7356517,2025/07/04,上櫃,,RWSCCA,
735652　長佳智統一57購01,TW25Z7356525,2025/07/04,上櫃,,RWSCCA,
735653　信立統一57購01,TW25Z7356533,2025/07/04,上櫃,,RWSCCA,
735654　信紘科統一5A購01,TW25Z7356541,2025/07/04,上櫃,,RWSCCA,
735656　桓達統一57購01,TW25Z7356566,2025/07/04,上櫃,,RWSCCA,
735657　彩富統一56購01,TW25Z7356574,2025/07/08,上櫃,,RWSCCA,
735658　彩富統一5B購01,TW25Z7356582,2025/07/08,上櫃,,RWSCCA,
735659　彩富統一61購01,TW25Z7356590,2025/07/04,上櫃,,RWSCCA,
735660　彩富統一63購01,TW25Z7356608,2025/07/07,上櫃,,RWSCCA,
735661　富喬統一5A購01,TW25Z7356616,2025/07/04,上櫃,,RWSCCA,
735662　晶焱統一57購01,TW25Z7356624,2025/07/04,上櫃,,RWSCCA,
735663　智冠統一57購01,TW25Z7356632,2025/07/04,上櫃,,RWSCCA,
735664　意德士統一57購01,TW25Z7356640,2025/07/04,上櫃,,RWSCCA,
735665　意德士統一61購01,TW25Z7356657,2025/07/04,上櫃,,RWSCCA,
735666　精材統一57購01,TW25Z7356665,2025/07/04,上櫃,,RWSCCA,
735675　綠界*元富57購01,TW25Z7356756,2025/07/04,上櫃,,RWSCCA,
735723　久禾光統一57購02,TW25Z7357234,2025/07/08,上櫃,,RWSCCA,
735724　久禾光統一61購02,TW25Z7357242,2025/07/08,上櫃,,RWSCCA,
735726　均華統一57購02,TW25Z7357267,2025/07/07,上櫃,,RWSCCA,
735727　長佳智統一57購02,TW25Z7357275,2025/07/07,上櫃,,RWSCCA,
735728　高鋒統一57購01,TW25Z7357283,2025/07/07,上櫃,,RWSCCA,
735729　彩富統一56購02,TW25Z7357291,2025/07/08,上櫃,,RWSCCA,
735730　彩富統一57購01,TW25Z7357309,2025/07/08,上櫃,,RWSCCA,
735731　彩富統一57購02,TW25Z7357317,2025/07/08,上櫃,,RWSCCA,
735732　彩富統一57購03,TW25Z7357325,2025/07/08,上櫃,,RWSCCA,
735733　新復興統一57購01,TW25Z7357333,2025/07/07,上櫃,,RWSCCA,
735734　群聯統一57購02,TW25Z7357341,2025/07/07,上櫃,,RWSCCA,
735743　萬潤元大57購02,TW25Z7357432,2025/07/07,上櫃,,RWSCCA,
735754　信驊元富57購01,TW25Z7357549,2025/07/07,上櫃,,RWSCCA,
735758　群翊元富57購01,TW25Z7357580,2025/07/07,上櫃,,RWSCCA,
735789　良維元大57購01,TW25Z7357895,2025/07/08,上櫃,,RWSCCA,
735807　雙鴻元大56購01,TW25Z7358075,2025/07/08,上櫃,,RWSCCA,
735848　生合統一63購01,TW25Z7358489,2025/07/08,上櫃,,RWSCCA,
735849　均華統一63購01,TW25Z7358497,2025/07/08,上櫃,,RWSCCA,
735850　宏捷科統一57購01,TW25Z7358505,2025/07/08,上櫃,,RWSCCA,
735851　宏觀統一57購01,TW25Z7358513,2025/07/08,上櫃,,RWSCCA,
735852　宏觀統一61購01,TW25Z7358521,2025/07/08,上櫃,,RWSCCA,
735853　旺矽統一61購01,TW25Z7358539,2025/07/08,上櫃,,RWSCCA,
735854　信紘科統一57購01,TW25Z7358547,2025/07/08,上櫃,,RWSCCA,
735855　南俊統一61購01,TW25Z7358554,2025/07/08,上櫃,,RWSCCA,
735856　茂迪統一57購01,TW25Z7358562,2025/07/08,上櫃,,RWSCCA,
735857　智通*統一56購03,TW25Z7358570,2025/07/08,上櫃,,RWSCCA,
735858　智通*統一57購01,TW25Z7358588,2025/07/08,上櫃,,RWSCCA,
735859　群翊統一57購01,TW25Z7358596,2025/07/08,上櫃,,RWSCCA,
735860　穩懋統一57購01,TW25Z7358604,2025/07/08,上櫃,,RWSCCA,
735871　萬潤凱基57購01,TW25Z7358711,2025/07/09,上櫃,,RWSCCA,
735909　振曜元富57購01,TW25Z7359099,2025/07/09,上櫃,,RWSCCA,
735917　宏捷科統一57購02,TW25Z7359172,2025/07/09,上櫃,,RWSCCA,
735918　宏觀統一57購02,TW25Z7359180,2025/07/09,上櫃,,RWSCCA,
735919　旺矽統一56購04,TW25Z7359198,2025/07/09,上櫃,,RWSCCA,
735920　欣銓統一57購01,TW25Z7359206,2025/07/09,上櫃,,RWSCCA,
735921　南俊統一57購02,TW25Z7359214,2025/07/09,上櫃,,RWSCCA,
735922　茂迪統一57購02,TW25Z7359222,2025/07/09,上櫃,,RWSCCA,
735923　創惟統一59購01,TW25Z7359230,2025/07/09,上櫃,,RWSCCA,
735924　富驊統一57購01,TW25Z7359248,2025/07/09,上櫃,,RWSCCA,
735925　雙鴻統一59購01,TW25Z7359255,2025/07/09,上櫃,,RWSCCA,
735926　穩懋統一57購02,TW25Z7359263,2025/07/09,上櫃,,RWSCCA,
735962　五福統一57購01,TW25Z7359628,2025/07/10,上櫃,,RWSCCA,
735963　旺矽統一57購01,TW25Z7359636,2025/07/10,上櫃,,RWSCCA,
735964　茂訊統一57購02,TW25Z7359644,2025/07/10,上櫃,,RWSCCA,
735974　弘塑元大57購01,TW25Z7359743,2025/07/10,上櫃,,RWSCCA,
735975　宇峻元大57購01,TW25Z7359750,2025/07/10,上櫃,,RWSCCA,
736006　宏碁資統一57購01,TW25Z7360063,2025/07/11,上櫃,,RWSCCA,
736009　元債20元大55購01,TW25Z7360097,2025/07/11,上櫃,,RWBCCA,
736010　元債20元大56購01,TW25Z7360105,2025/07/11,上櫃,,RWBCCA,
736011　台特化元大56購01,TW25Z7360113,2025/07/11,上櫃,,RWSCCA,
736039　元債20凱基56購02,TW25Z7360394,2025/07/14,上櫃,,RWBCCA,
736079　台半統一57購01,TW25Z7360790,2025/07/14,上櫃,,RWSCCA,
736081　均華統一63購02,TW25Z7360816,2025/07/14,上櫃,,RWSCCA,
736082　均豪統一61購01,TW25Z7360824,2025/07/14,上櫃,,RWSCCA,
736083　宏碁資統一57購02,TW25Z7360832,2025/07/14,上櫃,,RWSCCA,
736084　昇達科統一59購03,TW25Z7360840,2025/07/14,上櫃,,RWSCCA,
736085　金居統一57購01,TW25Z7360857,2025/07/14,上櫃,,RWSCCA,
736086　創惟統一59購02,TW25Z7360865,2025/07/14,上櫃,,RWSCCA,
736087　閎康統一57購01,TW25Z7360873,2025/07/14,上櫃,,RWSCCA,
736088　閎康統一57購02,TW25Z7360881,2025/07/14,上櫃,,RWSCCA,
736090　台燿元富57購01,TW25Z7360907,2025/07/14,上櫃,,RWSCCA,
736116　旺矽國票57購01,TW25Z7361160,2025/07/15,上櫃,,RWSCCA,
736124　均華群益56購01,TW25Z7361244,2025/07/15,上櫃,,RWSCCA,
736125　旺矽群益56購01,TW25Z7361251,2025/07/15,上櫃,,RWSCCA,
736153　台燿統一61購01,TW25Z7361533,2025/07/15,上櫃,,RWSCCA,
736154　立碁統一61購01,TW25Z7361541,2025/07/15,上櫃,,RWSCCA,
736155　均華統一57購03,TW25Z7361558,2025/07/15,上櫃,,RWSCCA,
736156　均華統一5C購02,TW25Z7361566,2025/07/15,上櫃,,RWSCCA,
736157　旺矽統一59購02,TW25Z7361574,2025/07/15,上櫃,,RWSCCA,
736158　金居統一59購01,TW25Z7361582,2025/07/15,上櫃,,RWSCCA,
736159　金居統一59購02,TW25Z7361590,2025/07/15,上櫃,,RWSCCA,
736160　金居統一62購01,TW25Z7361608,2025/07/15,上櫃,,RWSCCA,
736161　閎康統一59購01,TW25Z7361616,2025/07/15,上櫃,,RWSCCA,
736162　順達統一57購02,TW25Z7361624,2025/07/15,上櫃,,RWSCCA,
736163　聖暉*統一57購01,TW25Z7361632,2025/07/15,上櫃,,RWSCCA,
736164　綠界*統一57購01,TW25Z7361640,2025/07/15,上櫃,,RWSCCA,
736177　富喬元大57購01,TW25Z7361772,2025/07/15,上櫃,,RWSCCA,
736188　旺矽群益57購01,TW25Z7361889,2025/07/16,上櫃,,RWSCCA,
736210　良維元大57購02,TW25Z7362101,2025/07/16,上櫃,,RWSCCA,
736216　智通*元大57購01,TW25Z7362168,2025/07/16,上櫃,,RWSCCA,
736238　中光電統一57購02,TW25Z7362382,2025/07/16,上櫃,,RWSCCA,
736239　元太統一57購01,TW25Z7362390,2025/07/16,上櫃,,RWSCCA,
736241　宜特統一57購01,TW25Z7362416,2025/07/16,上櫃,,RWSCCA,
736242　宜特統一59購01,TW25Z7362424,2025/07/16,上櫃,,RWSCCA,
736243　宜特統一61購01,TW25Z7362432,2025/07/16,上櫃,,RWSCCA,
736244　金居統一61購01,TW25Z7362440,2025/07/16,上櫃,,RWSCCA,
736245　信紘科統一57購02,TW25Z7362457,2025/07/16,上櫃,,RWSCCA,
736247　原相統一57購01,TW25Z7362473,2025/07/16,上櫃,,RWSCCA,
736248　家登統一57購01,TW25Z7362481,2025/07/16,上櫃,,RWSCCA,
736249　家登統一61購01,TW25Z7362499,2025/07/16,上櫃,,RWSCCA,
736250　廣運統一57購01,TW25Z7362507,2025/07/16,上櫃,,RWSCCA,
736251　環球晶統一57購02,TW25Z7362515,2025/07/16,上櫃,,RWSCCA,
736258　良維凱基57購01,TW25Z7362580,2025/07/17,上櫃,,RWSCCA,
736287　信立統一57購02,TW25Z7362879,2025/07/17,上櫃,,RWSCCA,
736288　華景電統一57購02,TW25Z7362887,2025/07/17,上櫃,,RWSCCA,
736306　安國國票55購01,TW25Z7363067,2025/07/18,上櫃,,RWSCCA,
736307　安國國票57購01,TW25Z7363075,2025/07/18,上櫃,,RWSCCA,
736311　聯合國票56購01,TW25Z7363117,2025/07/18,上櫃,,RWSCCA,
736320　富喬凱基55購02,TW25Z7363208,2025/07/18,上櫃,,RWSCCA,
736322　雍智凱基55購01,TW25Z7363224,2025/07/18,上櫃,,RWSCCA,
736323　雙鴻凱基55購02,TW25Z7363232,2025/07/18,上櫃,,RWSCCA,
736335　富喬元大55購04,TW25Z7363356,2025/07/18,上櫃,,RWSCCA,
736346　立碁統一59購01,TW25Z7363463,2025/07/18,上櫃,,RWSCCA,
736347　安國統一57購01,TW25Z7363471,2025/07/18,上櫃,,RWSCCA,
736348　安國統一57購02,TW25Z7363489,2025/07/21,上櫃,,RWSCCA,
736349　安國統一63購01,TW25Z7363497,2025/07/21,上櫃,,RWSCCA,
736350　安國統一65購01,TW25Z7363505,2025/07/21,上櫃,,RWSCCA,
736351　安國統一66購01,TW25Z7363513,2025/07/21,上櫃,,RWSCCA,
736352　安國統一67購01,TW25Z7363521,2025/07/18,上櫃,,RWSCCA,
736353　安國統一67購02,TW25Z7363539,2025/07/21,上櫃,,RWSCCA,
736354　安國統一67購03,TW25Z7363547,2025/07/21,上櫃,,RWSCCA,
736355　金居統一57購02,TW25Z7363554,2025/07/18,上櫃,,RWSCCA,
736356　宸曜統一57購01,TW25Z7363562,2025/07/18,上櫃,,RWSCCA,
736357　神盾統一57購04,TW25Z7363570,2025/07/18,上櫃,,RWSCCA,
736358　創惟統一57購02,TW25Z7363588,2025/07/18,上櫃,,RWSCCA,
736359　湧德統一57購03,TW25Z7363596,2025/07/18,上櫃,,RWSCCA,
736360　閎康統一5B購01,TW25Z7363604,2025/07/18,上櫃,,RWSCCA,
736361　群翊統一57購02,TW25Z7363612,2025/07/18,上櫃,,RWSCCA,
736362　綠界*統一57購02,TW25Z7363620,2025/07/18,上櫃,,RWSCCA,
736399　旺矽凱基56購01,TW25Z7363992,2025/07/21,上櫃,,RWSCCA,
736400　昇達科凱基55購01,TW25Z7364008,2025/07/21,上櫃,,RWSCCA,
736401　信立凱基55購01,TW25Z7364016,2025/07/21,上櫃,,RWSCCA,
736403　富喬凱基57購01,TW25Z7364032,2025/07/21,上櫃,,RWSCCA,
736411　旺矽群益57購02,TW25Z7364115,2025/07/21,上櫃,,RWSCCA,
736421　波若威永豐57購01,TW25Z7364214,2025/07/21,上櫃,,RWSCCA,
736427　M31統一61購03,TW25Z7364271,2025/07/21,上櫃,,RWSCCA,
736428　立碁統一59購02,TW25Z7364289,2025/07/21,上櫃,,RWSCCA,
736429　宏捷科統一57購03,TW25Z7364297,2025/07/21,上櫃,,RWSCCA,
736430　宏捷科統一59購01,TW25Z7364305,2025/07/21,上櫃,,RWSCCA,
736431　宏捷科統一61購01,TW25Z7364313,2025/07/21,上櫃,,RWSCCA,
736432　東捷統一57購01,TW25Z7364321,2025/07/21,上櫃,,RWSCCA,
736433　波若威統一59購04,TW25Z7364339,2025/07/21,上櫃,,RWSCCA,
736434　信紘科統一59購02,TW25Z7364347,2025/07/21,上櫃,,RWSCCA,
736435　泰茂統一57購01,TW25Z7364354,2025/07/21,上櫃,,RWSCCA,
736436　晶呈統一59購01,TW25Z7364362,2025/07/21,上櫃,,RWSCCA,
736437　智通*統一57購02,TW25Z7364370,2025/07/21,上櫃,,RWSCCA,
736438　閎康統一56購03,TW25Z7364388,2025/07/21,上櫃,,RWSCCA,
736439　順達統一59購04,TW25Z7364396,2025/07/21,上櫃,,RWSCCA,
736440　精材統一56購02,TW25Z7364404,2025/07/21,上櫃,,RWSCCA,
736441　廣運統一56購01,TW25Z7364412,2025/07/21,上櫃,,RWSCCA,
736442　環球晶統一57購03,TW25Z7364420,2025/07/21,上櫃,,RWSCCA,
736443　雙鴻統一62購02,TW25Z7364438,2025/07/21,上櫃,,RWSCCA,
736444　穩懋統一61購01,TW25Z7364446,2025/07/21,上櫃,,RWSCCA,
736474　中美晶統一5A購01,TW25Z7364743,2025/07/22,上櫃,,RWSCCA,
736475　立碁統一59購03,TW25Z7364750,2025/07/22,上櫃,,RWSCCA,
736476　系微統一5B購01,TW25Z7364768,2025/07/22,上櫃,,RWSCCA,
736477　神盾統一5A購01,TW25Z7364776,2025/07/22,上櫃,,RWSCCA,
736478　新盛力統一67購01,TW25Z7364784,2025/07/22,上櫃,,RWSCCA,
736479　漢磊統一61購01,TW25Z7364792,2025/07/22,上櫃,,RWSCCA,
736480　廣運統一61購01,TW25Z7364800,2025/07/22,上櫃,,RWSCCA,
736496　信立元大55購02,TW25Z7364966,2025/07/22,上櫃,,RWSCCA,
736506　雍智元大57購01,TW25Z7365062,2025/07/22,上櫃,,RWSCCA,
736518　元債20元富57購01,TW25Z7365187,2025/07/22,上櫃,,RWBCCA,
736524　新盛力元富57購01,TW25Z7365245,2025/07/22,上櫃,,RWSCCA,
736584　宏捷科統一57購04,TW25Z7365849,2025/07/23,上櫃,,RWSCCA,
736585　振曜統一59購02,TW25Z7365856,2025/07/23,上櫃,,RWSCCA,
736586　神盾統一5C購01,TW25Z7365864,2025/07/23,上櫃,,RWSCCA,
736587　漢磊統一58購01,TW25Z7365872,2025/07/23,上櫃,,RWSCCA,
736593　旺矽群益57購03,TW25Z7365930,2025/07/23,上櫃,,RWSCCA,
736604　元債20凱基67購01,TW25Z7366045,2025/07/24,上櫃,,RWBCCA,
736641　弘塑元大56購03,TW25Z7366417,2025/07/24,上櫃,,RWSCCA,
736735　力旺統一57購01,TW25Z7367357,2025/07/28,上櫃,,RWSCCA,
736736　力旺統一61購01,TW25Z7367365,2025/07/28,上櫃,,RWSCCA,
736737　千附精統一57購01,TW25Z7367373,2025/07/28,上櫃,,RWSCCA,
736738　山富統一57購01,TW25Z7367381,2025/07/28,上櫃,,RWSCCA,
736739　安國統一57購03,TW25Z7367399,2025/07/28,上櫃,,RWSCCA,
736740　安國統一59購01,TW25Z7367407,2025/07/28,上櫃,,RWSCCA,
736741　安國統一61購01,TW25Z7367415,2025/07/28,上櫃,,RWSCCA,
736742　信立統一57購03,TW25Z7367423,2025/07/28,上櫃,,RWSCCA,
736743　神盾統一57購05,TW25Z7367431,2025/07/28,上櫃,,RWSCCA,
736750　力旺元大57購01,TW25Z7367506,2025/07/28,上櫃,,RWSCCA,
736756　波若威元大55購01,TW25Z7367563,2025/07/28,上櫃,,RWSCCA,
736792　萬潤永豐57購01,TW25Z7367928,2025/07/28,上櫃,,RWSCCA,
736795　華星光兆豐57購01,TW25Z7367951,2025/07/29,上櫃,,RWSCCA,
736833　大樹統一57購01,TW25Z7368330,2025/07/29,上櫃,,RWSCCA,
736834　中光電統一59購01,TW25Z7368348,2025/07/29,上櫃,,RWSCCA,
736855　華星光群益56購01,TW25Z7368553,2025/07/29,上櫃,,RWSCCA,
736883　華星光統一57購01,TW25Z7368835,2025/07/30,上櫃,,RWSCCA,
736884　穩懋統一57購03,TW25Z7368843,2025/07/30,上櫃,,RWSCCA,
736921　智通*元大56購01,TW25Z7369213,2025/07/31,上櫃,,RWSCCA,
736922　華星光元大56購01,TW25Z7369221,2025/07/31,上櫃,,RWSCCA,
736930　中光電統一57購03,TW25Z7369304,2025/07/31,上櫃,,RWSCCA,
736931　台燿統一57購02,TW25Z7369312,2025/07/31,上櫃,,RWSCCA,
736932　台燿統一57購03,TW25Z7369320,2025/07/31,上櫃,,RWSCCA,
736933　系統電統一59購02,TW25Z7369338,2025/07/31,上櫃,,RWSCCA,
736934　金居統一5B購01,TW25Z7369346,2025/07/31,上櫃,,RWSCCA,
736935　前鼎統一5B購01,TW25Z7369353,2025/07/31,上櫃,,RWSCCA,
736936　建榮統一57購01,TW25Z7369361,2025/07/31,上櫃,,RWSCCA,
736937　常珵統一57購01,TW25Z7369379,2025/07/31,上櫃,,RWSCCA,
736938　晶呈統一5B購01,TW25Z7369387,2025/07/31,上櫃,,RWSCCA,
736960　元太群益56購01,TW25Z7369601,2025/07/31,上櫃,,RWSCCA,
736976　IET凱基56購01,TW25Z7369767,2025/08/01,上櫃,,RWSCCA,
736982　弘塑凱基56購02,TW25Z7369825,2025/08/01,上櫃,,RWSCCA,
736987　智通*凱基56購01,TW25Z7369874,2025/08/01,上櫃,,RWSCCA,
736994　中光電統一57購04,TW25Z7369940,2025/08/01,上櫃,,RWSCCA,
736995　南俊統一57購03,TW25Z7369957,2025/08/01,上櫃,,RWSCCA,
736996　華星光統一56購03,TW25Z7369965,2025/08/01,上櫃,,RWSCCA,
736997　華景電統一59購01,TW25Z7369973,2025/08/01,上櫃,,RWSCCA,
737003　良維元大56購01,TW25Z7370039,2025/08/01,上櫃,,RWSCCA,
737004　波若威元大56購01,TW25Z7370047,2025/08/01,上櫃,,RWSCCA,
737011　華星光元大56購02,TW25Z7370112,2025/08/01,上櫃,,RWSCCA,
737015　中美晶國票59購01,TW25Z7370153,2025/08/01,上櫃,,RWSCCA,
737051　茂訊國票58購01,TW25Z7370518,2025/08/04,上櫃,,RWSCCA,
737078　神盾元大58購01,TW25Z7370781,2025/08/04,上櫃,,RWSCCA,
737085　中光電統一57購05,TW25Z7370856,2025/08/04,上櫃,,RWSCCA,
737086　良維統一62購01,TW25Z7370864,2025/08/04,上櫃,,RWSCCA,
737088　富喬統一5A購02,TW25Z7370880,2025/08/04,上櫃,,RWSCCA,
737106　IET群益58購01,TW25Z7371060,2025/08/04,上櫃,,RWSCCA,
737121　神盾凱基58購01,TW25Z7371219,2025/08/05,上櫃,,RWSCCA,
737127　波若威元大58購01,TW25Z7371276,2025/08/05,上櫃,,RWSCCA,
737129　信驊元大56購01,TW25Z7371292,2025/08/05,上櫃,,RWSCCA,
737132　智通*元大56購02,TW25Z7371326,2025/08/05,上櫃,,RWSCCA,
737147　富喬永豐58購01,TW25Z7371474,2025/08/05,上櫃,,RWSCCA,
737150　世禾統一58購01,TW25Z7371508,2025/08/05,上櫃,,RWSCCA,
737151　台燿統一57購04,TW25Z7371516,2025/08/05,上櫃,,RWSCCA,
737152　正基統一58購02,TW25Z7371524,2025/08/05,上櫃,,RWSCCA,
737153　正基統一5A購01,TW25Z7371532,2025/08/05,上櫃,,RWSCCA,
737154　印能統一58購01,TW25Z7371540,2025/08/05,上櫃,,RWSCCA,
737155　合騏統一58購01,TW25Z7371557,2025/08/05,上櫃,,RWSCCA,
737156　宏捷科統一58購02,TW25Z7371565,2025/08/05,上櫃,,RWSCCA,
737157　旺矽統一58購03,TW25Z7371573,2025/08/05,上櫃,,RWSCCA,
737158　南俊統一58購01,TW25Z7371581,2025/08/05,上櫃,,RWSCCA,
737159　茂綸統一58購01,TW25Z7371599,2025/08/05,上櫃,,RWSCCA,
737160　泰茂統一57購02,TW25Z7371607,2025/08/05,上櫃,,RWSCCA,
737161　富喬統一5A購03,TW25Z7371615,2025/08/05,上櫃,,RWSCCA,
737162　華星光統一58購01,TW25Z7371623,2025/08/05,上櫃,,RWSCCA,
737163　新應材統一59購01,TW25Z7371631,2025/08/05,上櫃,,RWSCCA,
737164　精材統一58購02,TW25Z7371649,2025/08/05,上櫃,,RWSCCA,
737165　環球晶統一58購01,TW25Z7371656,2025/08/05,上櫃,,RWSCCA,
737166　穩懋統一58購01,TW25Z7371664,2025/08/05,上櫃,,RWSCCA,
737184　新應材第一58購01,TW25Z7371847,2025/08/06,上櫃,,RWSCCE,
737186　富喬兆豐58購01,TW25Z7371862,2025/08/06,上櫃,,RWSCCA,
737188　大江國票56購01,TW25Z7371888,2025/08/06,上櫃,,RWSCCA,
737195　智通*國票56購01,TW25Z7371953,2025/08/06,上櫃,,RWSCCA,
737196　智通*國票58購01,TW25Z7371961,2025/08/06,上櫃,,RWSCCA,
737197　智通*國票59購01,TW25Z7371979,2025/08/06,上櫃,,RWSCCA,
737198　智通*國票5B購01,TW25Z7371987,2025/08/06,上櫃,,RWSCCA,
737202　正基統一57購01,TW25Z7372027,2025/08/06,上櫃,,RWSCCA,
737203　昇達科統一57購01,TW25Z7372035,2025/08/06,上櫃,,RWSCCA,
737204　富喬統一57購03,TW25Z7372043,2025/08/06,上櫃,,RWSCCA,
737205　智通*統一57購03,TW25Z7372050,2025/08/06,上櫃,,RWSCCA,
737211　聯合凱基56購01,TW25Z7372118,2025/08/06,上櫃,,RWSCCA,
737223　台燿群益58購01,TW25Z7372233,2025/08/06,上櫃,,RWSCCA,
737230　良維國票56購01,TW25Z7372308,2025/08/07,上櫃,,RWSCCA,
737255　晶呈元富58購01,TW25Z7372555,2025/08/07,上櫃,,RWSCCA,
737267　系統電元大56購01,TW25Z7372670,2025/08/07,上櫃,,RWSCCA,
737276　台燿群益58購02,TW25Z7372761,2025/08/07,上櫃,,RWSCCA,
737285　元債20元大57購01,TW25Z7372852,2025/08/08,上櫃,,RWBCCA,
737286　元債20元大58購01,TW25Z7372860,2025/08/08,上櫃,,RWBCCA,
737292　雍智元大58購01,TW25Z7372928,2025/08/08,上櫃,,RWSCCA,
737295　環球晶元大58購01,TW25Z7372951,2025/08/08,上櫃,,RWSCCA,
737299　信驊第一58購01,TW25Z7372993,2025/08/08,上櫃,,RWSCCE,
737319　大宇資統一58購01,TW25Z7373199,2025/08/08,上櫃,,RWSCCA,
737320　元太統一58購02,TW25Z7373207,2025/08/08,上櫃,,RWSCCA,
737321　立碁統一5C購01,TW25Z7373215,2025/08/08,上櫃,,RWSCCA,
737322　合晶統一58購01,TW25Z7373223,2025/08/08,上櫃,,RWSCCA,
737323　合騏統一58購02,TW25Z7373231,2025/08/08,上櫃,,RWSCCA,
737324　宏捷科統一57購05,TW25Z7373249,2025/08/08,上櫃,,RWSCCA,
737325　系微統一58購01,TW25Z7373256,2025/08/08,上櫃,,RWSCCA,
737326　良維統一57購01,TW25Z7373264,2025/08/08,上櫃,,RWSCCA,
737327　欣銓統一57購02,TW25Z7373272,2025/08/08,上櫃,,RWSCCA,
737328　美琪瑪統一58購02,TW25Z7373280,2025/08/08,上櫃,,RWSCCA,
737329　創惟統一57購03,TW25Z7373298,2025/08/08,上櫃,,RWSCCA,
737330　創惟統一58購02,TW25Z7373306,2025/08/08,上櫃,,RWSCCA,
737331　晶呈統一58購01,TW25Z7373314,2025/08/08,上櫃,,RWSCCA,
737332　華星光統一58購02,TW25Z7373322,2025/08/08,上櫃,,RWSCCA,
737333　新復興統一57購02,TW25Z7373330,2025/08/08,上櫃,,RWSCCA,
737334　萬泰科統一58購01,TW25Z7373348,2025/08/08,上櫃,,RWSCCA,
737335　廣明統一58購02,TW25Z7373355,2025/08/08,上櫃,,RWSCCA,
737336　雙鴻統一58購03,TW25Z7373363,2025/08/08,上櫃,,RWSCCA,
737337　穩懋統一58購02,TW25Z7373371,2025/08/08,上櫃,,RWSCCA,
737338　譜瑞統一57購01,TW25Z7373389,2025/08/08,上櫃,,RWSCCA,
737389　茂綸國票55購01,TW25Z7373892,2025/08/11,上櫃,,RWSCCA,
737396　譜瑞富邦55購01,TW25Z7373967,2025/08/11,上櫃,,RWSCCE,
737404　環球晶元大58購02,TW25Z7374049,2025/08/11,上櫃,,RWSCCA,
737426　精材國票56購01,TW25Z7374262,2025/08/12,上櫃,,RWSCCA,
737427　元太凱基55購01,TW25Z7374270,2025/08/12,上櫃,,RWSCCA,
737428　台燿凱基55購01,TW25Z7374288,2025/08/12,上櫃,,RWSCCA,
737450　旺矽群益56購02,TW25Z7374502,2025/08/12,上櫃,,RWSCCA,
737468　擎亞群益56購01,TW25Z7374684,2025/08/12,上櫃,,RWSCCA,
737487　環球晶元大58購03,TW25Z7374874,2025/08/12,上櫃,,RWSCCA,
737490　譜瑞元大57購01,TW25Z7374908,2025/08/12,上櫃,,RWSCCA,
737491　中美晶元富55購01,TW25Z7374916,2025/08/12,上櫃,,RWSCCA,
737493　弘塑元富55購01,TW25Z7374932,2025/08/12,上櫃,,RWSCCA,
737495　均豪元富55購01,TW25Z7374957,2025/08/12,上櫃,,RWSCCA,
737510　新應材第一58購02,TW25Z7375103,2025/08/13,上櫃,,RWSCCE,
737517　宏捷科國票58購01,TW25Z7375178,2025/08/13,上櫃,,RWSCCA,
737518　振曜國票56購01,TW25Z7375186,2025/08/13,上櫃,,RWSCCA,
737529　萬泰科群益55購01,TW25Z7375293,2025/08/13,上櫃,,RWSCCA,
737541　精測元富55購01,TW25Z7375418,2025/08/13,上櫃,,RWSCCA,
737579　良維凱基56購01,TW25Z7375798,2025/08/14,上櫃,,RWSCCA,
737600　台燿永豐55購01,TW25Z7376002,2025/08/14,上櫃,,RWSCCA,
737606　富喬國票56購01,TW25Z7376069,2025/08/14,上櫃,,RWSCCA,
737629　湧德群益55購01,TW25Z7376291,2025/08/15,上櫃,,RWSCCA,
737671　雙鴻富邦55購01,TW25Z7376713,2025/08/15,上櫃,,RWSCCE,
737675　建榮國票58購01,TW25Z7376754,2025/08/15,上櫃,,RWSCCA,
737687　金居元富55購01,TW25Z7376879,2025/08/15,上櫃,,RWSCCA,
737688　博智元富55購01,TW25Z7376887,2025/08/15,上櫃,,RWSCCA,
737692　系統電永豐56購01,TW25Z7376929,2025/08/18,上櫃,,RWSCCA,
737701　譜瑞兆豐58購01,TW25Z7377018,2025/08/18,上櫃,,RWSCCA,
737704　原相群益56購01,TW25Z7377042,2025/08/18,上櫃,,RWSCCA,
737705　富喬群益56購01,TW25Z7377059,2025/08/18,上櫃,,RWSCCA,
737744　中光電凱基55購01,TW25Z7377448,2025/08/19,上櫃,,RWSCCA,
737747　旺矽凱基56購02,TW25Z7377471,2025/08/19,上櫃,,RWSCCA,
737769　弘塑群益56購01,TW25Z7377695,2025/08/19,上櫃,,RWSCCA,
737773　旺矽群益55購01,TW25Z7377737,2025/08/19,上櫃,,RWSCCA,
737779　新應材群益56購01,TW25Z7377794,2025/08/19,上櫃,,RWSCCA,
737784　中探針國票56購01,TW25Z7377844,2025/08/19,上櫃,,RWSCCA,
737787　旺矽國票56購01,TW25Z7377877,2025/08/19,上櫃,,RWSCCA,
737795　鈦昇國票58購01,TW25Z7377950,2025/08/19,上櫃,,RWSCCA,
737799　漢磊國票55購01,TW25Z7377992,2025/08/19,上櫃,,RWSCCA,
737800　漢磊國票58購01,TW25Z7378008,2025/08/19,上櫃,,RWSCCA,
737801　漢磊國票5B購01,TW25Z7378016,2025/08/19,上櫃,,RWSCCA,
737803　璟德國票56購01,TW25Z7378032,2025/08/19,上櫃,,RWSCCA,
737846　台燿群益58購03,TW25Z7378461,2025/08/20,上櫃,,RWSCCA,
737856　精測群益56購02,TW25Z7378560,2025/08/20,上櫃,,RWSCCA,
737870　廣明兆豐58購01,TW25Z7378701,2025/08/21,上櫃,,RWSCCA,
737892　台燿凱基56購01,TW25Z7378925,2025/08/21,上櫃,,RWSCCA,
737912　能率群益56購01,TW25Z7379121,2025/08/21,上櫃,,RWSCCA,
737913　博智群益58購01,TW25Z7379139,2025/08/21,上櫃,,RWSCCA,
737914　晶呈群益58購01,TW25Z7379147,2025/08/21,上櫃,,RWSCCA,
737919　勤凱群益56購01,TW25Z7379196,2025/08/21,上櫃,,RWSCCA,
737926　中光電統一56購01,TW25Z7379261,2025/08/21,上櫃,,RWSCCA,
737927　中光電統一58購01,TW25Z7379279,2025/08/21,上櫃,,RWSCCA,
737928　台燿統一56購08,TW25Z7379287,2025/08/21,上櫃,,RWSCCA,
737929　台燿統一5A購01,TW25Z7379295,2025/08/21,上櫃,,RWSCCA,
737930　晶呈統一5C購01,TW25Z7379303,2025/08/21,上櫃,,RWSCCA,
737931　萬泰科統一59購02,TW25Z7379311,2025/08/21,上櫃,,RWSCCA,
737932　譜瑞統一56購01,TW25Z7379329,2025/08/21,上櫃,,RWSCCA,
737933　譜瑞統一5B購01,TW25Z7379337,2025/08/21,上櫃,,RWSCCA,
737935　台燿永豐55購02,TW25Z7379352,2025/08/21,上櫃,,RWSCCA,
737940　順達永豐56購01,TW25Z7379402,2025/08/21,上櫃,,RWSCCA,
737973　旺矽富邦55購01,TW25Z7379733,2025/08/22,上櫃,,RWSCCE,
737976　智通*富邦55購01,TW25Z7379766,2025/08/22,上櫃,,RWSCCE,
737982　廣運富邦55購01,TW25Z7379824,2025/08/22,上櫃,,RWSCCE,
737983　雙鴻富邦55購02,TW25Z7379832,2025/08/22,上櫃,,RWSCCE,
737989　能率凱基56購01,TW25Z7379899,2025/08/22,上櫃,,RWSCCA,
737991　湧德凱基55購01,TW25Z7379915,2025/08/22,上櫃,,RWSCCA,
737995　雙鴻凱基55購03,TW25Z7379956,2025/08/22,上櫃,,RWSCCA,
738001　台燿群益56購01,TW25Z7380012,2025/08/22,上櫃,,RWSCCA,
738020　中光電兆豐58購01,TW25Z7380202,2025/08/25,上櫃,,RWSCCA,
738032　萬潤元富55購01,TW25Z7380327,2025/08/25,上櫃,,RWSCCA,
738051　台特化第一58購01,TW25Z7380517,2025/08/25,上櫃,,RWSCCE,
738053　世禾國票55購01,TW25Z7380533,2025/08/25,上櫃,,RWSCCA,
738060　精測國票58購01,TW25Z7380608,2025/08/25,上櫃,,RWSCCA,
738071　中光電國票55購02,TW25Z7380715,2025/08/26,上櫃,,RWSCCA,
738072　良維國票58購01,TW25Z7380723,2025/08/26,上櫃,,RWSCCA,
738074　旺矽國票55購01,TW25Z7380749,2025/08/26,上櫃,,RWSCCA,
738079　中光電第一58購01,TW25Z7380798,2025/08/26,上櫃,,RWSCCE,
738080　精測第一58購01,TW25Z7380806,2025/08/26,上櫃,,RWSCCE,
738082　台燿凱基58購01,TW25Z7380822,2025/08/26,上櫃,,RWSCCA,
738093　譜瑞凱基57購01,TW25Z7380939,2025/08/26,上櫃,,RWSCCA,
738114　力旺富邦55購01,TW25Z7381143,2025/08/26,上櫃,,RWSCCE,
738123　中光電元富58購01,TW25Z7381234,2025/08/26,上櫃,,RWSCCA,
738128　聯合元富58購01,TW25Z7381283,2025/08/26,上櫃,,RWSCCA,
738130　大綜統一58購01,TW25Z7381309,2025/08/26,上櫃,,RWSCCA,
738131　中光電統一5B購01,TW25Z7381317,2025/08/26,上櫃,,RWSCCA,
738132　中美晶統一58購01,TW25Z7381325,2025/08/26,上櫃,,RWSCCA,
738133　元太統一58購03,TW25Z7381333,2025/08/26,上櫃,,RWSCCA,
738134　台燿統一58購02,TW25Z7381341,2025/08/26,上櫃,,RWSCCA,
738135　台燿統一5C購02,TW25Z7381358,2025/08/26,上櫃,,RWSCCA,
738136　亞信統一58購01,TW25Z7381366,2025/08/26,上櫃,,RWSCCA,
738137　亞信統一5B購01,TW25Z7381374,2025/08/26,上櫃,,RWSCCA,
738138　亞信統一64購01,TW25Z7381382,2025/08/26,上櫃,,RWSCCA,
738139　信紘科統一58購01,TW25Z7381390,2025/08/26,上櫃,,RWSCCA,
738140　美琪瑪統一64購01,TW25Z7381408,2025/08/26,上櫃,,RWSCCA,
738141　順達統一57購03,TW25Z7381416,2025/08/26,上櫃,,RWSCCA,
738142　順達統一58購01,TW25Z7381424,2025/08/26,上櫃,,RWSCCA,
738143　順達統一58購02,TW25Z7381432,2025/08/26,上櫃,,RWSCCA,
738144　順達統一5B購02,TW25Z7381440,2025/08/26,上櫃,,RWSCCA,
738145　順達統一5C購02,TW25Z7381457,2025/08/26,上櫃,,RWSCCA,
738146　萬潤統一58購03,TW25Z7381465,2025/08/26,上櫃,,RWSCCA,
738147　群翊統一58購01,TW25Z7381473,2025/08/26,上櫃,,RWSCCA,
738148　漢科統一58購01,TW25Z7381481,2025/08/26,上櫃,,RWSCCA,
738149　漢科統一58購02,TW25Z7381499,2025/08/26,上櫃,,RWSCCA,
738150　漢科統一5B購01,TW25Z7381507,2025/08/26,上櫃,,RWSCCA,
738151　漢科統一5C購01,TW25Z7381515,2025/08/26,上櫃,,RWSCCA,
738152　精測統一5B購01,TW25Z7381523,2025/08/26,上櫃,,RWSCCA,
738153　精測統一64購01,TW25Z7381531,2025/08/26,上櫃,,RWSCCA,
738154　廣明統一64購01,TW25Z7381549,2025/08/26,上櫃,,RWSCCA,
738155　擎亞統一5B購01,TW25Z7381556,2025/08/26,上櫃,,RWSCCA,
738156　譜瑞統一5C購01,TW25Z7381564,2025/08/26,上櫃,,RWSCCA,
738157　譜瑞統一64購01,TW25Z7381572,2025/08/26,上櫃,,RWSCCA,
738183　凡甲統一5C購01,TW25Z7381838,2025/08/27,上櫃,,RWSCCA,
738184　世禾統一5B購01,TW25Z7381846,2025/08/27,上櫃,,RWSCCA,
738185　昇達科統一58購01,TW25Z7381853,2025/08/27,上櫃,,RWSCCA,
738186　昱展統一58購05,TW25Z7381861,2025/08/27,上櫃,,RWSCCA,
738187　昱展統一64購01,TW25Z7381879,2025/08/27,上櫃,,RWSCCA,
738188　美琪瑪統一58購03,TW25Z7381887,2025/08/27,上櫃,,RWSCCA,
738189　能率統一58購02,TW25Z7381895,2025/08/27,上櫃,,RWSCCA,
738190　順達統一5A購01,TW25Z7381903,2025/08/27,上櫃,,RWSCCA,
738191　聖暉*統一5A購02,TW25Z7381911,2025/08/27,上櫃,,RWSCCA,
738192　聖暉*統一64購01,TW25Z7381929,2025/08/27,上櫃,,RWSCCA,
738193　廣明統一58購03,TW25Z7381937,2025/08/27,上櫃,,RWSCCA,
738194　環球晶統一58購02,TW25Z7381945,2025/08/27,上櫃,,RWSCCA,
738195　環球晶統一58購03,TW25Z7381952,2025/08/27,上櫃,,RWSCCA,
738196　聯合統一58購01,TW25Z7381960,2025/08/27,上櫃,,RWSCCA,
738197　譜瑞統一58購01,TW25Z7381978,2025/08/27,上櫃,,RWSCCA,
738198　譜瑞統一58購02,TW25Z7381986,2025/08/27,上櫃,,RWSCCA,
738202　順達元富58購01,TW25Z7382026,2025/08/27,上櫃,,RWSCCA,
738226　台燿凱基58購02,TW25Z7382265,2025/08/27,上櫃,,RWSCCA,
738239　弘塑群益55購01,TW25Z7382398,2025/08/27,上櫃,,RWSCCA,
738260　雙鴻凱基56購01,TW25Z7382604,2025/08/28,上櫃,,RWSCCA,
738264　M31富邦55購01,TW25Z7382646,2025/08/28,上櫃,,RWSCCE,
738269　廣明國票58購01,TW25Z7382695,2025/08/28,上櫃,,RWSCCA,
738281　M31統一5B購01,TW25Z7382810,2025/08/28,上櫃,,RWSCCA,
738282　M31統一5C購01,TW25Z7382828,2025/08/28,上櫃,,RWSCCA,
738283　凡甲統一58購01,TW25Z7382836,2025/08/28,上櫃,,RWSCCA,
738284　千附精統一59購03,TW25Z7382844,2025/08/28,上櫃,,RWSCCA,
738285　旺矽統一63購01,TW25Z7382851,2025/08/28,上櫃,,RWSCCA,
738286　信紘科統一64購01,TW25Z7382869,2025/08/28,上櫃,,RWSCCA,
738287　意德士統一58購01,TW25Z7382877,2025/08/28,上櫃,,RWSCCA,
738288　新應材統一64購01,TW25Z7382885,2025/08/28,上櫃,,RWSCCA,
738289　聖暉*統一58購02,TW25Z7382893,2025/08/28,上櫃,,RWSCCA,
738290　廣明統一56購03,TW25Z7382901,2025/08/28,上櫃,,RWSCCA,
738291　環球晶統一64購01,TW25Z7382919,2025/08/28,上櫃,,RWSCCA,
738292　聯合統一58購02,TW25Z7382927,2025/08/28,上櫃,,RWSCCA,
738293　聯合統一58購03,TW25Z7382935,2025/08/28,上櫃,,RWSCCA,
738294　譜瑞統一56購02,TW25Z7382943,2025/08/28,上櫃,,RWSCCA,
738296　廣明中信58購01,TW25Z7382968,2025/08/28,上櫃,,RWSCCE,
738299　元債20元富58購01,TW25Z7382992,2025/08/28,上櫃,,RWBCCA,
738302　廣明元富55購01,TW25Z7383024,2025/08/28,上櫃,,RWSCCA,
738306　生合永豐55購01,TW25Z7383065,2025/08/28,上櫃,,RWSCCA,
738320　元太凱基55購02,TW25Z7383206,2025/08/29,上櫃,,RWSCCA,
738327　博智凱基56購01,TW25Z7383271,2025/08/29,上櫃,,RWSCCA,
738360　台燿元大57購01,TW25Z7383602,2025/08/29,上櫃,,RWSCCA,
738364　信驊元大56購02,TW25Z7383644,2025/08/29,上櫃,,RWSCCA,
738366　華景電元大56購01,TW25Z7383669,2025/08/29,上櫃,,RWSCCA,
738367　新應材元大57購01,TW25Z7383677,2025/08/29,上櫃,,RWSCCA,
738373　雙鴻元大58購01,TW25Z7383735,2025/08/29,上櫃,,RWSCCA,
738383　新應材國票56購01,TW25Z7383834,2025/08/29,上櫃,,RWSCCA,
738403　南俊第一56購01,TW25Z7384030,2025/09/01,上櫃,,RWSCCE,
738426　中光電元大56購01,TW25Z7384261,2025/09/01,上櫃,,RWSCCA,
738427　台燿元大57購02,TW25Z7384279,2025/09/01,上櫃,,RWSCCA,
738437　環球晶元大57購01,TW25Z7384378,2025/09/01,上櫃,,RWSCCA,
738439　雙鴻元大58購02,TW25Z7384394,2025/09/01,上櫃,,RWSCCA,
738440　譜瑞元大56購01,TW25Z7384402,2025/09/01,上櫃,,RWSCCA,
738442　寬宏第一59購01,TW25Z7384428,2025/09/02,上櫃,,RWSCCE,
738447　倚強國票57購01,TW25Z7384477,2025/09/02,上櫃,,RWSCCA,
738461　譜瑞凱基57購02,TW25Z7384618,2025/09/02,上櫃,,RWSCCA,
738465　宜鼎兆豐59購01,TW25Z7384659,2025/09/02,上櫃,,RWSCCA,
738468　弘塑群益57購01,TW25Z7384683,2025/09/02,上櫃,,RWSCCA,
738481　旺矽元富56購01,TW25Z7384816,2025/09/02,上櫃,,RWSCCA,
738491　廣運永豐59購01,TW25Z7384915,2025/09/02,上櫃,,RWSCCA,
738493　廣明富邦56購01,TW25Z7384931,2025/09/02,上櫃,,RWSCCE,
738496　台燿元大58購01,TW25Z7384964,2025/09/02,上櫃,,RWSCCA,
738497　台燿元大59購01,TW25Z7384972,2025/09/02,上櫃,,RWSCCA,
738499　昇達科元大57購01,TW25Z7384998,2025/09/02,上櫃,,RWSCCA,
738503　勤凱元大59購01,TW25Z7385037,2025/09/02,上櫃,,RWSCCA,
738510　弘塑凱基57購01,TW25Z7385102,2025/09/03,上櫃,,RWSCCA,
738514　旺矽凱基56購03,TW25Z7385144,2025/09/03,上櫃,,RWSCCA,
738515　旺矽凱基56購04,TW25Z7385151,2025/09/03,上櫃,,RWSCCA,
738531　旺矽元富56購02,TW25Z7385318,2025/09/03,上櫃,,RWSCCA,
738535　精測元富56購01,TW25Z7385359,2025/09/03,上櫃,,RWSCCA,
738555　廣明元大57購01,TW25Z7385557,2025/09/03,上櫃,,RWSCCA,
738556　廣明元大58購01,TW25Z7385565,2025/09/03,上櫃,,RWSCCA,
738557　譜瑞元大59購01,TW25Z7385573,2025/09/03,上櫃,,RWSCCA,
738566　聖暉*國票56購01,TW25Z7385664,2025/09/04,上櫃,,RWSCCA,
738567　精測國票5B購01,TW25Z7385672,2025/09/04,上櫃,,RWSCCA,
738577　旺矽元大58購01,TW25Z7385771,2025/09/04,上櫃,,RWSCCA,
738587　廣明元大58購02,TW25Z7385870,2025/09/04,上櫃,,RWSCCA,
738588　譜瑞元大59購02,TW25Z7385888,2025/09/04,上櫃,,RWSCCA,
738598　聖暉*凱基56購01,TW25Z7385987,2025/09/04,上櫃,,RWSCCA,
738599　聖暉*凱基56購02,TW25Z7385995,2025/09/04,上櫃,,RWSCCA,
738600　聖暉*凱基56購03,TW25Z7386001,2025/09/04,上櫃,,RWSCCA,
738605　譜瑞凱基59購01,TW25Z7386050,2025/09/04,上櫃,,RWSCCA,
738619　精測群益59購01,TW25Z7386191,2025/09/04,上櫃,,RWSCCA,
738640　旺矽富邦56購02,TW25Z7386407,2025/09/05,上櫃,,RWSCCE,
738641　家登富邦56購01,TW25Z7386415,2025/09/05,上櫃,,RWSCCE,
738651　世禾統一59購01,TW25Z7386514,2025/09/05,上櫃,,RWSCCA,
738652　兆利統一57購02,TW25Z7386522,2025/09/05,上櫃,,RWSCCA,
738653　兆利統一59購02,TW25Z7386530,2025/09/05,上櫃,,RWSCCA,
738654　旺矽統一59購03,TW25Z7386548,2025/09/05,上櫃,,RWSCCA,
738655　旺矽統一59購04,TW25Z7386555,2025/09/05,上櫃,,RWSCCA,
738656　信紘科統一58購02,TW25Z7386563,2025/09/05,上櫃,,RWSCCA,
738657　茂訊統一57購03,TW25Z7386571,2025/09/05,上櫃,,RWSCCA,
738658　順達統一59購05,TW25Z7386589,2025/09/05,上櫃,,RWSCCA,
738659　漢科統一58購03,TW25Z7386597,2025/09/05,上櫃,,RWSCCA,
738660　精測統一58購02,TW25Z7386605,2025/09/05,上櫃,,RWSCCA,
738661　廣明統一59購01,TW25Z7386613,2025/09/05,上櫃,,RWSCCA,
738662　優群統一57購01,TW25Z7386621,2025/09/05,上櫃,,RWSCCA,
738663　雙鴻統一59購02,TW25Z7386639,2025/09/05,上櫃,,RWSCCA,
738666　力旺元富57購01,TW25Z7386662,2025/09/05,上櫃,,RWSCCA,
738674　旺矽國票58購01,TW25Z7386746,2025/09/05,上櫃,,RWSCCA,
738675　振曜國票59購01,TW25Z7386753,2025/09/05,上櫃,,RWSCCA,
738682　元太元大57購01,TW25Z7386829,2025/09/05,上櫃,,RWSCCA,
738686　旺矽元大58購02,TW25Z7386860,2025/09/05,上櫃,,RWSCCA,
738690　群聯元大59購01,TW25Z7386902,2025/09/05,上櫃,,RWSCCA,
738696　譜瑞元大58購01,TW25Z7386969,2025/09/05,上櫃,,RWSCCA,
738706　鴻呈群益57購01,TW25Z7387066,2025/09/05,上櫃,,RWSCCA,
738708　譜瑞群益58購01,TW25Z7387082,2025/09/05,上櫃,,RWSCCA,
738714　良維凱基56購02,TW25Z7387140,2025/09/08,上櫃,,RWSCCA,
738720　群聯凱基59購01,TW25Z7387207,2025/09/08,上櫃,,RWSCCA,
738726　宏捷科國票5B購01,TW25Z7387264,2025/09/08,上櫃,,RWSCCA,
738731　穩得國票56購01,TW25Z7387314,2025/09/08,上櫃,,RWSCCA,
738736　M31統一5C購02,TW25Z7387363,2025/09/08,上櫃,,RWSCCA,
738737　M31統一62購04,TW25Z7387371,2025/09/08,上櫃,,RWSCCA,
738738　千附精統一57購02,TW25Z7387389,2025/09/08,上櫃,,RWSCCA,
738739　弘塑統一59購01,TW25Z7387397,2025/09/08,上櫃,,RWSCCA,
738740　生合統一59購01,TW25Z7387405,2025/09/08,上櫃,,RWSCCA,
738741　生合統一63購02,TW25Z7387413,2025/09/08,上櫃,,RWSCCA,
738742　安勤統一59購01,TW25Z7387421,2025/09/08,上櫃,,RWSCCA,
738743　宏觀統一5C購01,TW25Z7387439,2025/09/08,上櫃,,RWSCCA,
738744　良維統一59購01,TW25Z7387447,2025/09/08,上櫃,,RWSCCA,
738745　旺矽統一59購05,TW25Z7387454,2025/09/08,上櫃,,RWSCCA,
738746　朋程統一5C購01,TW25Z7387462,2025/09/08,上櫃,,RWSCCA,
738747　長佳智統一5C購01,TW25Z7387470,2025/09/08,上櫃,,RWSCCA,
738748　信紘科統一5C購01,TW25Z7387488,2025/09/08,上櫃,,RWSCCA,
738749　前鼎統一59購02,TW25Z7387496,2025/09/08,上櫃,,RWSCCA,
738750　威剛統一59購01,TW25Z7387504,2025/09/08,上櫃,,RWSCCA,
738751　茂訊統一59購02,TW25Z7387512,2025/09/08,上櫃,,RWSCCA,
738752　振曜統一58購02,TW25Z7387520,2025/09/08,上櫃,,RWSCCA,
738753　神準統一59購01,TW25Z7387538,2025/09/08,上櫃,,RWSCCA,
738754　晶焱統一5C購01,TW25Z7387546,2025/09/08,上櫃,,RWSCCA,
738755　智擎統一59購01,TW25Z7387553,2025/09/08,上櫃,,RWSCCA,
738756　湧德統一59購02,TW25Z7387561,2025/09/08,上櫃,,RWSCCA,
738757　順達統一5C購03,TW25Z7387579,2025/09/08,上櫃,,RWSCCA,
738758　萬泰科統一5C購01,TW25Z7387587,2025/09/08,上櫃,,RWSCCA,
738759　群翊統一59購01,TW25Z7387595,2025/09/08,上櫃,,RWSCCA,
738760　群翊統一5C購01,TW25Z7387603,2025/09/08,上櫃,,RWSCCA,
738761　寬宏統一59購01,TW25Z7387611,2025/09/08,上櫃,,RWSCCA,
738762　寬宏統一65購01,TW25Z7387629,2025/09/08,上櫃,,RWSCCA,
738763　廣明統一58購04,TW25Z7387637,2025/09/08,上櫃,,RWSCCA,
738764　廣明統一5C購01,TW25Z7387645,2025/09/08,上櫃,,RWSCCA,
738765　緯軟統一59購01,TW25Z7387652,2025/09/08,上櫃,,RWSCCA,
738766　優群統一58購01,TW25Z7387660,2025/09/08,上櫃,,RWSCCA,
738767　耀勝統一5C購01,TW25Z7387678,2025/09/08,上櫃,,RWSCCA,
738776　群聯元大59購02,TW25Z7387769,2025/09/08,上櫃,,RWSCCA,
738781　信驊元富59購01,TW25Z7387819,2025/09/08,上櫃,,RWSCCA,
738783　精測元富56購02,TW25Z7387835,2025/09/08,上櫃,,RWSCCA,
738802　精測群益5C購01,TW25Z7388023,2025/09/08,上櫃,,RWSCCA,
738806　台半統一58購01,TW25Z7388064,2025/09/09,上櫃,,RWSCCA,
738807　台半統一59購01,TW25Z7388072,2025/09/09,上櫃,,RWSCCA,
738808　朋程統一59購01,TW25Z7388080,2025/09/09,上櫃,,RWSCCA,
738825　精測凱基57購01,TW25Z7388254,2025/09/09,上櫃,,RWSCCA,
738826　精測凱基57購02,TW25Z7388262,2025/09/09,上櫃,,RWSCCA,
738827　鴻呈凱基57購01,TW25Z7388270,2025/09/09,上櫃,,RWSCCA,
738837　生合國票56購01,TW25Z7388379,2025/09/09,上櫃,,RWSCCA,
738842　德微國票57購01,TW25Z7388429,2025/09/09,上櫃,,RWSCCA,
738845　元債20群益57購01,TW25Z7388452,2025/09/09,上櫃,,RWBCCA,
738851　美琪瑪群益57購01,TW25Z7388510,2025/09/09,上櫃,,RWSCCA,
738853　國債20群益58購01,TW25Z7388536,2025/09/09,上櫃,,RWBCCA,
738861　天品凱基55購01,TW25Z7388619,2025/09/10,上櫃,,RWSCCA,
738863　宇峻凱基57購01,TW25Z7388635,2025/09/10,上櫃,,RWSCCA,
738866　昇達科凱基57購01,TW25Z7388668,2025/09/10,上櫃,,RWSCCA,
738870　群聯凱基59購02,TW25Z7388700,2025/09/10,上櫃,,RWSCCA,
738871　精測凱基55購01,TW25Z7388718,2025/09/10,上櫃,,RWSCCA,
738872　精測凱基55購02,TW25Z7388726,2025/09/10,上櫃,,RWSCCA,
738873　精測凱基56購01,TW25Z7388734,2025/09/10,上櫃,,RWSCCA,
738874　精測凱基59購01,TW25Z7388742,2025/09/10,上櫃,,RWSCCA,
738880　雍智元大58購02,TW25Z7388809,2025/09/10,上櫃,,RWSCCA,
738887　中光電第一56購01,TW25Z7388874,2025/09/10,上櫃,,RWSCCE,
738888　振曜兆豐55購01,TW25Z7388882,2025/09/10,上櫃,,RWSCCA,
738889　精測兆豐55購02,TW25Z7388890,2025/09/10,上櫃,,RWSCCA,
738898　精測元富59購01,TW25Z7388981,2025/09/10,上櫃,,RWSCCA,
738899　精測元富59購02,TW25Z7388999,2025/09/10,上櫃,,RWSCCA,
738901　弘塑永豐55購01,TW25Z7389013,2025/09/10,上櫃,,RWSCCA,
738904　順達永豐55購01,TW25Z7389047,2025/09/10,上櫃,,RWSCCA,
738906　群聯永豐56購01,TW25Z7389062,2025/09/10,上櫃,,RWSCCA,
738911　中光電群益55購01,TW25Z7389112,2025/09/10,上櫃,,RWSCCA,
738914　旺矽群益55購03,TW25Z7389146,2025/09/10,上櫃,,RWSCCA,
738917　順達群益55購02,TW25Z7389179,2025/09/10,上櫃,,RWSCCA,
738921　雙鴻群益55購03,TW25Z7389211,2025/09/10,上櫃,,RWSCCA,
738929　中光電富邦59購01,TW25Z7389294,2025/09/10,上櫃,,RWSCCE,
738931　M31統一5C購03,TW25Z7389310,2025/09/10,上櫃,,RWSCCA,
738932　中光電統一59購02,TW25Z7389328,2025/09/10,上櫃,,RWSCCA,
738933　世禾統一5C購01,TW25Z7389336,2025/09/10,上櫃,,RWSCCA,
738934　台半統一5C購01,TW25Z7389344,2025/09/10,上櫃,,RWSCCA,
738935　正基統一57購02,TW25Z7389351,2025/09/10,上櫃,,RWSCCA,
738936　正基統一57購03,TW25Z7389369,2025/09/10,上櫃,,RWSCCA,
738937　永信建統一57購01,TW25Z7389377,2025/09/10,上櫃,,RWSCCA,
738938　永信建統一5C購01,TW25Z7389385,2025/09/10,上櫃,,RWSCCA,
738939　良維統一59購02,TW25Z7389393,2025/09/10,上櫃,,RWSCCA,
738940　旺矽統一65購01,TW25Z7389401,2025/09/10,上櫃,,RWSCCA,
738941　昇達科統一59購04,TW25Z7389419,2025/09/10,上櫃,,RWSCCA,
738942　威剛統一59購02,TW25Z7389427,2025/09/10,上櫃,,RWSCCA,
738943　湧德統一5C購01,TW25Z7389435,2025/09/10,上櫃,,RWSCCA,
738944　順達統一5C購04,TW25Z7389443,2025/09/10,上櫃,,RWSCCA,
738945　鈊象統一59購02,TW25Z7389450,2025/09/10,上櫃,,RWSCCA,
738946　群翊統一59購02,TW25Z7389468,2025/09/10,上櫃,,RWSCCA,
738947　精測統一65購01,TW25Z7389476,2025/09/10,上櫃,,RWSCCA,
738948　順達兆豐55購01,TW25Z7389484,2025/09/11,上櫃,,RWSCCA,
738949　台燿凱基58購03,TW25Z7389492,2025/09/11,上櫃,,RWSCCA,
738950　弘塑凱基55購02,TW25Z7389500,2025/09/11,上櫃,,RWSCCA,
738954　旺矽凱基58購01,TW25Z7389542,2025/09/11,上櫃,,RWSCCA,
738963　雙鴻凱基59購01,TW25Z7389633,2025/09/11,上櫃,,RWSCCA,
738971　精測國票56購01,TW25Z7389716,2025/09/11,上櫃,,RWSCCA,
738979　旺矽群益56購03,TW25Z7389799,2025/09/11,上櫃,,RWSCCA,
738999　群聯元富57購01,TW25Z7389997,2025/09/11,上櫃,,RWSCCA,
739002　台燿富邦59購01,TW25Z7390029,2025/09/11,上櫃,,RWSCCE,
739003　弘塑富邦55購01,TW25Z7390037,2025/09/11,上櫃,,RWSCCE,
739006　順達富邦55購01,TW25Z7390060,2025/09/11,上櫃,,RWSCCE,
739015　能率元大57購01,TW25Z7390151,2025/09/11,上櫃,,RWSCCA,
739017　華星光元大55購01,TW25Z7390177,2025/09/11,上櫃,,RWSCCA,
739018　華星光元大55購02,TW25Z7390185,2025/09/11,上櫃,,RWSCCA,
739027　宜鼎永豐55購01,TW25Z7390276,2025/09/11,上櫃,,RWSCCA,
739029　華星光永豐56購01,TW25Z7390292,2025/09/11,上櫃,,RWSCCA,
739031　雙鴻永豐55購01,TW25Z7390318,2025/09/11,上櫃,,RWSCCA,
739032　譜瑞永豐56購01,TW25Z7390326,2025/09/11,上櫃,,RWSCCA,
739045　M31元大59購01,TW25Z7390458,2025/09/12,上櫃,,RWSCCA,
739053　旺矽元大59購01,TW25Z7390532,2025/09/12,上櫃,,RWSCCA,
739057　智通*元大59購01,TW25Z7390573,2025/09/12,上櫃,,RWSCCA,
739059　順達元大55購01,TW25Z7390599,2025/09/12,上櫃,,RWSCCA,
739062　元太富邦55購01,TW25Z7390623,2025/09/12,上櫃,,RWSCCE,
739063　系統電富邦59購01,TW25Z7390631,2025/09/12,上櫃,,RWSCCE,
739064　昇達科富邦55購02,TW25Z7390649,2025/09/12,上櫃,,RWSCCE,
739067　欣銓兆豐55購01,TW25Z7390672,2025/09/12,上櫃,,RWSCCA,
739068　力致國票56購01,TW25Z7390680,2025/09/12,上櫃,,RWSCCA,
739071　旺矽國票5A購01,TW25Z7390714,2025/09/12,上櫃,,RWSCCA,
739073　威剛國票59購01,TW25Z7390730,2025/09/12,上櫃,,RWSCCA,
739076　智通*國票55購01,TW25Z7390763,2025/09/12,上櫃,,RWSCCA,
739077　智通*國票56購02,TW25Z7390771,2025/09/12,上櫃,,RWSCCA,
739078　智通*第一55購01,TW25Z7390789,2025/09/12,上櫃,,RWSCCE,
739079　元債20凱基57購01,TW25Z7390797,2025/09/12,上櫃,,RWBCCA,
739083　良維凱基57購02,TW25Z7390839,2025/09/12,上櫃,,RWSCCA,
739089　弘塑群益56購02,TW25Z7390896,2025/09/12,上櫃,,RWSCCA,
739096　欣銓群益55購01,TW25Z7390961,2025/09/12,上櫃,,RWSCCA,
739100　順達群益55購03,TW25Z7391001,2025/09/12,上櫃,,RWSCCA,
739102　精測群益55購02,TW25Z7391027,2025/09/12,上櫃,,RWSCCA,
739105　智通*元富59購01,TW25Z7391050,2025/09/12,上櫃,,RWSCCA,
739106　湧德元富59購01,TW25Z7391068,2025/09/12,上櫃,,RWSCCA,
739116　元債20永豐59購01,TW25Z7391167,2025/09/12,上櫃,,RWBCCA,
739117　原相永豐56購01,TW25Z7391175,2025/09/12,上櫃,,RWSCCA,
739118　宸曜永豐56購01,TW25Z7391183,2025/09/12,上櫃,,RWSCCA,
739122　中光電元大58購01,TW25Z7391225,2025/09/15,上櫃,,RWSCCA,
739123　中光電元大59購01,TW25Z7391233,2025/09/15,上櫃,,RWSCCA,
739131　宜鼎元大59購01,TW25Z7391316,2025/09/15,上櫃,,RWSCCA,
739133　昇達科元大57購02,TW25Z7391332,2025/09/15,上櫃,,RWSCCA,
739143　神盾元富56購01,TW25Z7391431,2025/09/15,上櫃,,RWSCCA,
739148　中光電永豐56購01,TW25Z7391480,2025/09/15,上櫃,,RWSCCA,
739149　良維永豐55購02,TW25Z7391498,2025/09/15,上櫃,,RWSCCA,
739151　威剛永豐56購01,TW25Z7391514,2025/09/15,上櫃,,RWSCCA,
739152　茂訊永豐55購02,TW25Z7391522,2025/09/15,上櫃,,RWSCCA,
739155　群聯永豐55購01,TW25Z7391555,2025/09/15,上櫃,,RWSCCA,
739156　廣明永豐55購01,TW25Z7391563,2025/09/15,上櫃,,RWSCCA,
739157　譜瑞永豐56購02,TW25Z7391571,2025/09/15,上櫃,,RWSCCA,
739160　中光電國票57購01,TW25Z7391605,2025/09/15,上櫃,,RWSCCA,
739161　中光電國票59購01,TW25Z7391613,2025/09/15,上櫃,,RWSCCA,
739162　弘塑國票55購01,TW25Z7391621,2025/09/15,上櫃,,RWSCCA,
739166　神盾國票56購01,TW25Z7391662,2025/09/15,上櫃,,RWSCCA,
739174　昇佳電凱基57購01,TW25Z7391746,2025/09/15,上櫃,,RWSCCA,
739185　聖暉*群益55購04,TW25Z7391852,2025/09/15,上櫃,,RWSCCA,
739208　良維凱基57購03,TW25Z7392082,2025/09/16,上櫃,,RWSCCA,
739209　宜鼎凱基58購01,TW25Z7392090,2025/09/16,上櫃,,RWSCCA,
739211　神盾凱基56購01,TW25Z7392116,2025/09/16,上櫃,,RWSCCA,
739215　群聯凱基55購01,TW25Z7392157,2025/09/16,上櫃,,RWSCCA,
739216　雍智凱基57購01,TW25Z7392165,2025/09/16,上櫃,,RWSCCA,
739217　雙鴻凱基59購02,TW25Z7392173,2025/09/16,上櫃,,RWSCCA,
739220　印能國票55購01,TW25Z7392207,2025/09/16,上櫃,,RWSCCA,
739221　泰茂國票57購01,TW25Z7392215,2025/09/16,上櫃,,RWSCCA,
739224　雷科國票55購01,TW25Z7392249,2025/09/16,上櫃,,RWSCCA,
739225　臺慶科國票55購01,TW25Z7392256,2025/09/16,上櫃,,RWSCCA,
739227　昇達科群益56購01,TW25Z7392272,2025/09/16,上櫃,,RWSCCA,
739234　聰泰永豐56購01,TW25Z7392348,2025/09/16,上櫃,,RWSCCA,
739235　雙鴻永豐56購01,TW25Z7392355,2025/09/16,上櫃,,RWSCCA,
739251　群聯凱基57購01,TW25Z7392512,2025/09/17,上櫃,,RWSCCA,
739252　雙鴻凱基56購02,TW25Z7392520,2025/09/17,上櫃,,RWSCCA,
739262　群聯元大55購01,TW25Z7392629,2025/09/17,上櫃,,RWSCCA,
739263　群聯元大57購01,TW25Z7392637,2025/09/17,上櫃,,RWSCCA,
739270　群聯永豐56購02,TW25Z7392702,2025/09/17,上櫃,,RWSCCA,
739273　群聯富邦56購01,TW25Z7392736,2025/09/17,上櫃,,RWSCCE,
739276　精測富邦55購01,TW25Z7392769,2025/09/17,上櫃,,RWSCCE,
739277　綠界*富邦55購01,TW25Z7392777,2025/09/17,上櫃,,RWSCCE,
739280　正德國票55購01,TW25Z7392801,2025/09/17,上櫃,,RWSCCA,
739281　良維國票56購02,TW25Z7392819,2025/09/17,上櫃,,RWSCCA,
739284　威剛國票5B購01,TW25Z7392843,2025/09/17,上櫃,,RWSCCA,
739288　聰泰國票55購01,TW25Z7392884,2025/09/17,上櫃,,RWSCCA,
739292　威剛群益55購02,TW25Z7392926,2025/09/17,上櫃,,RWSCCA,
739293　鈊象群益55購01,TW25Z7392934,2025/09/17,上櫃,,RWSCCA,
739295　群聯群益55購02,TW25Z7392959,2025/09/17,上櫃,,RWSCCA,
739303　中美晶凱基59購01,TW25Z7393031,2025/09/18,上櫃,,RWSCCA,
739310　環球晶凱基57購01,TW25Z7393106,2025/09/18,上櫃,,RWSCCA,
739317　力旺富邦56購01,TW25Z7393171,2025/09/18,上櫃,,RWSCCE,
739320　鈊象富邦55購01,TW25Z7393205,2025/09/18,上櫃,,RWSCCE,
739321　鈊象富邦56購01,TW25Z7393213,2025/09/18,上櫃,,RWSCCE,
739322　雙鴻富邦55購05,TW25Z7393221,2025/09/18,上櫃,,RWSCCE,
739327　宜鼎元富56購01,TW25Z7393270,2025/09/18,上櫃,,RWSCCA,
739337　能率永豐56購01,TW25Z7393379,2025/09/18,上櫃,,RWSCCA,
739340　千附精元大56購01,TW25Z7393403,2025/09/18,上櫃,,RWSCCA,
739341　千附精元大57購01,TW25Z7393411,2025/09/18,上櫃,,RWSCCA,
739345　順達元大55購02,TW25Z7393452,2025/09/18,上櫃,,RWSCCA,
739353　雷科元大56購01,TW25Z7393536,2025/09/18,上櫃,,RWSCCA,
739359　合晶群益55購01,TW25Z7393593,2025/09/18,上櫃,,RWSCCA,
739362　威剛群益55購03,TW25Z7393627,2025/09/18,上櫃,,RWSCCA,
739365　中美晶國票57購01,TW25Z7393650,2025/09/18,上櫃,,RWSCCA,
739367　振曜國票56購02,TW25Z7393676,2025/09/18,上櫃,,RWSCCA,
739369　廣明國票56購01,TW25Z7393692,2025/09/18,上櫃,,RWSCCA,
739372　力旺統一5C購01,TW25Z7393726,2025/09/18,上櫃,,RWSCCA,
739373　生合統一5C購01,TW25Z7393734,2025/09/18,上櫃,,RWSCCA,
739374　合晶統一59購01,TW25Z7393742,2025/09/18,上櫃,,RWSCCA,
739375　合晶統一5C購01,TW25Z7393759,2025/09/18,上櫃,,RWSCCA,
739376　均豪統一5B購01,TW25Z7393767,2025/09/18,上櫃,,RWSCCA,
739377　宜鼎統一57購01,TW25Z7393775,2025/09/18,上櫃,,RWSCCA,
739378　宜鼎統一5C購01,TW25Z7393783,2025/09/18,上櫃,,RWSCCA,
739379　宜鼎統一5C購02,TW25Z7393791,2025/09/18,上櫃,,RWSCCA,
739380　欣銓統一64購01,TW25Z7393809,2025/09/18,上櫃,,RWSCCA,
739381　信驊統一5C購01,TW25Z7393817,2025/09/18,上櫃,,RWSCCA,
739382　威剛統一5C購02,TW25Z7393825,2025/09/18,上櫃,,RWSCCA,
739383　威剛統一64購01,TW25Z7393833,2025/09/18,上櫃,,RWSCCA,
739384　鈊象統一5C購01,TW25Z7393841,2025/09/18,上櫃,,RWSCCA,
739385　萬泰科統一64購01,TW25Z7393858,2025/09/18,上櫃,,RWSCCA,
739386　群翊統一5C購02,TW25Z7393866,2025/09/18,上櫃,,RWSCCA,
739387　精材統一5C購01,TW25Z7393874,2025/09/18,上櫃,,RWSCCA,
739388　德微統一5C購01,TW25Z7393882,2025/09/18,上櫃,,RWSCCA,
739389　優群統一59購01,TW25Z7393890,2025/09/18,上櫃,,RWSCCA,
739390　千附精凱基56購01,TW25Z7393908,2025/09/19,上櫃,,RWSCCA,
739398　廣明凱基57購01,TW25Z7393981,2025/09/19,上櫃,,RWSCCA,
739399　德微凱基57購01,TW25Z7393999,2025/09/19,上櫃,,RWSCCA,
739404　中光電元大58購02,TW25Z7394047,2025/09/19,上櫃,,RWSCCA,
739410　系微元大56購01,TW25Z7394104,2025/09/19,上櫃,,RWSCCA,
739417　環球晶元大55購01,TW25Z7394179,2025/09/19,上櫃,,RWSCCA,
739419　永信建國票59購01,TW25Z7394195,2025/09/19,上櫃,,RWSCCA,
739421　合晶國票55購01,TW25Z7394211,2025/09/19,上櫃,,RWSCCA,
739424　威剛國票57購01,TW25Z7394245,2025/09/19,上櫃,,RWSCCA,
739425　泰茂國票5A購01,TW25Z7394252,2025/09/19,上櫃,,RWSCCA,
739432　環球晶國票55購01,TW25Z7394328,2025/09/19,上櫃,,RWSCCA,
739433　威剛兆豐59購01,TW25Z7394336,2025/09/19,上櫃,,RWSCCA,
739434　合晶富邦55購01,TW25Z7394344,2025/09/19,上櫃,,RWSCCE,
739436　環球晶富邦57購01,TW25Z7394369,2025/09/19,上櫃,,RWSCCE,
739437　雙鴻富邦56購01,TW25Z7394377,2025/09/19,上櫃,,RWSCCE,
739440　中光電統一57購06,TW25Z7394401,2025/09/19,上櫃,,RWSCCA,
739441　中光電統一5B購02,TW25Z7394419,2025/09/19,上櫃,,RWSCCA,
739442　中美晶統一5C購01,TW25Z7394427,2025/09/19,上櫃,,RWSCCA,
739443　永信建統一5C購02,TW25Z7394435,2025/09/19,上櫃,,RWSCCA,
739444　合晶統一59購02,TW25Z7394443,2025/09/19,上櫃,,RWSCCA,
739445　合晶統一59購03,TW25Z7394450,2025/09/19,上櫃,,RWSCCA,
739446　宜鼎統一5C購03,TW25Z7394468,2025/09/19,上櫃,,RWSCCA,
739447　朋程統一5C購02,TW25Z7394476,2025/09/19,上櫃,,RWSCCA,
739448　長佳智統一59購01,TW25Z7394484,2025/09/19,上櫃,,RWSCCA,
739450　威剛統一57購01,TW25Z7394500,2025/09/19,上櫃,,RWSCCA,
739451　威剛統一59購03,TW25Z7394518,2025/09/19,上櫃,,RWSCCA,
739452　茂達統一59購01,TW25Z7394526,2025/09/19,上櫃,,RWSCCA,
739453　振曜統一5C購01,TW25Z7394534,2025/09/19,上櫃,,RWSCCA,
739454　能率統一5B購01,TW25Z7394542,2025/09/19,上櫃,,RWSCCA,
739455　鈊象統一59購03,TW25Z7394559,2025/09/19,上櫃,,RWSCCA,
739456　精測統一59購02,TW25Z7394567,2025/09/19,上櫃,,RWSCCA,
739457　營邦統一59購01,TW25Z7394575,2025/09/19,上櫃,,RWSCCA,
739458　環球晶統一59購01,TW25Z7394583,2025/09/19,上櫃,,RWSCCA,
739459　環球晶統一59購02,TW25Z7394591,2025/09/19,上櫃,,RWSCCA,
739460　環球晶統一64購02,TW25Z7394609,2025/09/19,上櫃,,RWSCCA,
739461　中光電永豐55購01,TW25Z7394617,2025/09/19,上櫃,,RWSCCA,
739463　長佳智永豐56購01,TW25Z7394633,2025/09/19,上櫃,,RWSCCA,
739465　廣運永豐55購01,TW25Z7394658,2025/09/19,上櫃,,RWSCCA,
739467　環球晶永豐55購01,TW25Z7394674,2025/09/19,上櫃,,RWSCCA,
739468　環球晶永豐55購02,TW25Z7394682,2025/09/19,上櫃,,RWSCCA,
739476　雙鴻元富57購01,TW25Z7394765,2025/09/19,上櫃,,RWSCCA,
739478　大宇資群益59購01,TW25Z7394781,2025/09/19,上櫃,,RWSCCA,
739481　中美晶群益57購01,TW25Z7394815,2025/09/19,上櫃,,RWSCCA,
739484　永信建群益55購01,TW25Z7394849,2025/09/19,上櫃,,RWSCCA,
739493　雙鴻群益57購02,TW25Z7394930,2025/09/19,上櫃,,RWSCCA,
739504　泰茂凱基57購01,TW25Z7395044,2025/09/22,上櫃,,RWSCCA,
739506　華景電凱基55購01,TW25Z7395069,2025/09/22,上櫃,,RWSCCA,
739511　鴻呈凱基56購01,TW25Z7395119,2025/09/22,上櫃,,RWSCCA,
739513　中美晶富邦55購01,TW25Z7395135,2025/09/22,上櫃,,RWSCCE,
739515　能率富邦55購01,TW25Z7395150,2025/09/22,上櫃,,RWSCCE,
739517　合晶統一56購02,TW25Z7395176,2025/09/22,上櫃,,RWSCCA,
739518　合晶統一57購01,TW25Z7395184,2025/09/22,上櫃,,RWSCCA,
739519　系微統一5C購02,TW25Z7395192,2025/09/22,上櫃,,RWSCCA,
739520　旺矽統一5B購01,TW25Z7395200,2025/09/22,上櫃,,RWSCCA,
739521　茂迪統一59購01,TW25Z7395218,2025/09/22,上櫃,,RWSCCA,
739522　廣運統一5C購01,TW25Z7395226,2025/09/22,上櫃,,RWSCCA,
739523　擎亞統一5C購01,TW25Z7395234,2025/09/22,上櫃,,RWSCCA,
739524　環球晶統一56購03,TW25Z7395242,2025/09/22,上櫃,,RWSCCA,
739525　均豪兆豐55購01,TW25Z7395259,2025/09/22,上櫃,,RWSCCA,
739528　環球晶兆豐55購01,TW25Z7395283,2025/09/22,上櫃,,RWSCCA,
739545　臺慶科國票57購01,TW25Z7395457,2025/09/22,上櫃,,RWSCCA,
739547　環球晶國票56購01,TW25Z7395473,2025/09/22,上櫃,,RWSCCA,
739549　聯合國票5A購01,TW25Z7395499,2025/09/22,上櫃,,RWSCCA,
739565　宜鼎第一56購01,TW25Z7395655,2025/09/22,上櫃,,RWSCCE,
739566　威剛第一55購01,TW25Z7395663,2025/09/22,上櫃,,RWSCCE,
739568　環球晶中信55購01,TW25Z7395689,2025/09/22,上櫃,,RWSCCE,
739569　中美晶元富57購01,TW25Z7395697,2025/09/22,上櫃,,RWSCCA,
739578　合晶永豐55購01,TW25Z7395788,2025/09/22,上櫃,,RWSCCA,
739579　均豪永豐55購01,TW25Z7395796,2025/09/22,上櫃,,RWSCCA,
739581　均華兆豐59購01,TW25Z7395812,2025/09/23,上櫃,,RWSCCA,
739584　中美晶凱基55購01,TW25Z7395846,2025/09/23,上櫃,,RWSCCA,
739586　印能凱基55購01,TW25Z7395861,2025/09/23,上櫃,,RWSCCA,
739590　威剛凱基55購01,TW25Z7395903,2025/09/23,上櫃,,RWSCCA,
739591　鈊象凱基55購01,TW25Z7395911,2025/09/23,上櫃,,RWSCCA,
739593　廣明凱基57購02,TW25Z7395937,2025/09/23,上櫃,,RWSCCA,
739595　威剛第一57購01,TW25Z7395952,2025/09/23,上櫃,,RWSCCE,
739596　精測第一56購01,TW25Z7395960,2025/09/23,上櫃,,RWSCCE,
739597　IET國票57購01,TW25Z7395978,2025/09/23,上櫃,,RWSCCA,
739598　中美晶國票59購02,TW25Z7395986,2025/09/23,上櫃,,RWSCCA,
739600　元債20國票56購01,TW25Z7396000,2025/09/23,上櫃,,RWBCCA,
739610　博智國票55購01,TW25Z7396109,2025/09/23,上櫃,,RWSCCA,
739611　精測國票55購01,TW25Z7396117,2025/09/23,上櫃,,RWSCCA,
739620　系微元大57購01,TW25Z7396208,2025/09/23,上櫃,,RWSCCA,
739621　良維元大57購03,TW25Z7396216,2025/09/23,上櫃,,RWSCCA,
739634　中光電富邦59購02,TW25Z7396349,2025/09/23,上櫃,,RWSCCE,
739635　均豪富邦56購01,TW25Z7396356,2025/09/23,上櫃,,RWSCCE,
739636　威剛富邦55購01,TW25Z7396364,2025/09/23,上櫃,,RWSCCE,
739639　大宇資統一5C購01,TW25Z7396398,2025/09/23,上櫃,,RWSCCA,
739640　中光電統一59購03,TW25Z7396406,2025/09/23,上櫃,,RWSCCA,
739641　台燿統一64購01,TW25Z7396414,2025/09/23,上櫃,,RWSCCA,
739642　弘塑統一5C購01,TW25Z7396422,2025/09/23,上櫃,,RWSCCA,
739643　合晶統一5B購01,TW25Z7396430,2025/09/23,上櫃,,RWSCCA,
739644　合晶統一5C購02,TW25Z7396448,2025/09/23,上櫃,,RWSCCA,
739645　均豪統一5C購01,TW25Z7396455,2025/09/23,上櫃,,RWSCCA,
739646　昇佳電統一5C購01,TW25Z7396463,2025/09/23,上櫃,,RWSCCA,
739647　昇佳電統一5C購02,TW25Z7396471,2025/09/23,上櫃,,RWSCCA,
739648　創惟統一5C購02,TW25Z7396489,2025/09/23,上櫃,,RWSCCA,
739649　新漢統一64購01,TW25Z7396497,2025/09/23,上櫃,,RWSCCA,
739650　萬泰科統一5C購02,TW25Z7396505,2025/09/23,上櫃,,RWSCCA,
739651　德微統一5C購02,TW25Z7396513,2025/09/23,上櫃,,RWSCCA,
739652　耀勝統一5C購02,TW25Z7396521,2025/09/23,上櫃,,RWSCCA,
739654　中美晶群益55購01,TW25Z7396547,2025/09/23,上櫃,,RWSCCA,
739660　威剛群益55購04,TW25Z7396604,2025/09/23,上櫃,,RWSCCA,
739662　原相群益55購01,TW25Z7396620,2025/09/23,上櫃,,RWSCCA,
739668　雙鴻群益55購04,TW25Z7396687,2025/09/23,上櫃,,RWSCCA,
739669　譜瑞群益55購01,TW25Z7396695,2025/09/23,上櫃,,RWSCCA,
739670　中光電永豐55購02,TW25Z7396703,2025/09/23,上櫃,,RWSCCA,
739674　均豪永豐55購02,TW25Z7396745,2025/09/23,上櫃,,RWSCCA,
739676　威剛永豐55購01,TW25Z7396760,2025/09/23,上櫃,,RWSCCA,
739677　原相永豐55購02,TW25Z7396778,2025/09/23,上櫃,,RWSCCA,
739678　華景電永豐55購01,TW25Z7396786,2025/09/23,上櫃,,RWSCCA,
739679　精測永豐55購01,TW25Z7396794,2025/09/23,上櫃,,RWSCCA,
739680　德微永豐55購01,TW25Z7396802,2025/09/23,上櫃,,RWSCCA,
739683　穩懋永豐55購01,TW25Z7396836,2025/09/23,上櫃,,RWSCCA,
739684　萬潤中信55購01,TW25Z7396844,2025/09/23,上櫃,,RWSCCE,
739687　弘塑元富57購01,TW25Z7396877,2025/09/23,上櫃,,RWSCCA,
739688　弘塑元富57購02,TW25Z7396885,2025/09/23,上櫃,,RWSCCA,
739696　鈊象元富59購01,TW25Z7396968,2025/09/23,上櫃,,RWSCCA,
739702　信驊國票55購01,TW25Z7397024,2025/09/24,上櫃,,RWSCCA,
739703　德微國票56購01,TW25Z7397032,2025/09/24,上櫃,,RWSCCA,
739704　環球晶國票57購01,TW25Z7397040,2025/09/24,上櫃,,RWSCCA,
739709　環球晶富邦59購01,TW25Z7397099,2025/09/24,上櫃,,RWSCCE,
739710　中美晶群益57購02,TW25Z7397107,2025/09/24,上櫃,,RWSCCA,
739711　振曜群益55購02,TW25Z7397115,2025/09/24,上櫃,,RWSCCA,
739712　精測群益55購03,TW25Z7397123,2025/09/24,上櫃,,RWSCCA,
739715　台半元富59購01,TW25Z7397156,2025/09/24,上櫃,,RWSCCA,
739716　台半元富59購02,TW25Z7397164,2025/09/24,上櫃,,RWSCCA,
739718　精測元富59購03,TW25Z7397180,2025/09/24,上櫃,,RWSCCA,
739720　德微元富57購01,TW25Z7397206,2025/09/24,上櫃,,RWSCCA,
739723　環球晶元富59購01,TW25Z7397230,2025/09/24,上櫃,,RWSCCA,
739724　環球晶元富59購02,TW25Z7397248,2025/09/24,上櫃,,RWSCCA,
739725　合晶中信55購01,TW25Z7397255,2025/09/24,上櫃,,RWSCCE,
739726　中光電永豐55購03,TW25Z7397263,2025/09/24,上櫃,,RWSCCA,
739729　旺矽永豐56購01,TW25Z7397297,2025/09/24,上櫃,,RWSCCA,
739731　精測永豐55購02,TW25Z7397313,2025/09/24,上櫃,,RWSCCA,
739732　環球晶永豐55購03,TW25Z7397321,2025/09/24,上櫃,,RWSCCA,
739739　立碁凱基55購01,TW25Z7397396,2025/09/24,上櫃,,RWSCCA,
739742　威剛凱基59購01,TW25Z7397420,2025/09/24,上櫃,,RWSCCA,
739745　華星光凱基55購02,TW25Z7397453,2025/09/24,上櫃,,RWSCCA,
739747　臺慶科凱基57購01,TW25Z7397479,2025/09/24,上櫃,,RWSCCA,
739749　環球晶凱基55購04,TW25Z7397495,2025/09/24,上櫃,,RWSCCA,
739750　環球晶凱基59購01,TW25Z7397503,2025/09/24,上櫃,,RWSCCA,
739751　環球晶凱基59購02,TW25Z7397511,2025/09/24,上櫃,,RWSCCA,
739752　中光電元大57購01,TW25Z7397529,2025/09/24,上櫃,,RWSCCA,
739758　系微元大57購02,TW25Z7397586,2025/09/24,上櫃,,RWSCCA,
739771　印能凱基55購02,TW25Z7397719,2025/09/25,上櫃,,RWSCCA,
739774　信驊凱基55購02,TW25Z7397743,2025/09/25,上櫃,,RWSCCA,
739778　精測凱基55購05,TW25Z7397784,2025/09/25,上櫃,,RWSCCA,
739779　德微凱基56購01,TW25Z7397792,2025/09/25,上櫃,,RWSCCA,
739782　精測兆豐55購03,TW25Z7397826,2025/09/25,上櫃,,RWSCCA,
739783　雙鴻兆豐55購01,TW25Z7397834,2025/09/25,上櫃,,RWSCCA,
739802　雙鴻富邦55購06,TW25Z7398022,2025/09/25,上櫃,,RWSCCE,
739806　合晶永豐58購01,TW25Z7398063,2025/09/25,上櫃,,RWSCCA,
739808　威剛永豐55購02,TW25Z7398089,2025/09/25,上櫃,,RWSCCA,
739809　家登永豐55購01,TW25Z7398097,2025/09/25,上櫃,,RWSCCA,
739812　廣明永豐55購02,TW25Z7398121,2025/09/25,上櫃,,RWSCCA,
739813　雙鴻永豐55購02,TW25Z7398139,2025/09/25,上櫃,,RWSCCA,
739814　中光電元富56購01,TW25Z7398147,2025/09/25,上櫃,,RWSCCA,
739825　雙鴻元富59購01,TW25Z7398253,2025/09/25,上櫃,,RWSCCA,
739826　世界群益59購01,TW25Z7398261,2025/09/25,上櫃,,RWSCCA,
739829　佳邦群益57購01,TW25Z7398295,2025/09/25,上櫃,,RWSCCA,
739831　威剛群益56購01,TW25Z7398311,2025/09/25,上櫃,,RWSCCA,
739833　振曜群益55購03,TW25Z7398337,2025/09/25,上櫃,,RWSCCA,
739835　華星光群益55購03,TW25Z7398352,2025/09/25,上櫃,,RWSCCA,
739836　順達群益57購01,TW25Z7398360,2025/09/25,上櫃,,RWSCCA,
739837　雍智群益57購01,TW25Z7398378,2025/09/25,上櫃,,RWSCCA,
739838　精材群益56購01,TW25Z7398386,2025/09/25,上櫃,,RWSCCA,
739840　雙鴻群益55購05,TW25Z7398402,2025/09/25,上櫃,,RWSCCA,
739841　世界國票5C購01,TW25Z7398410,2025/09/25,上櫃,,RWSCCA,
739842　威剛國票5A購01,TW25Z7398428,2025/09/25,上櫃,,RWSCCA,
739845　精測國票57購01,TW25Z7398451,2025/09/25,上櫃,,RWSCCA,
739849　中光電元大56購02,TW25Z7398493,2025/09/26,上櫃,,RWSCCA,
739850　中光電元大58購03,TW25Z7398501,2025/09/26,上櫃,,RWSCCA,
739855　均豪元大56購01,TW25Z7398550,2025/09/26,上櫃,,RWSCCA,
739856　系微元大59購01,TW25Z7398568,2025/09/26,上櫃,,RWSCCA,
739858　昇達科元大59購01,TW25Z7398584,2025/09/26,上櫃,,RWSCCA,
739870　雙鴻元大56購02,TW25Z7398709,2025/09/26,上櫃,,RWSCCA,
739879　合晶富邦55購02,TW25Z7398790,2025/09/26,上櫃,,RWSCCE,
739880　旺矽富邦56購03,TW25Z7398808,2025/09/26,上櫃,,RWSCCE,
739881　威剛富邦55購02,TW25Z7398816,2025/09/26,上櫃,,RWSCCE,
739882　振曜富邦55購01,TW25Z7398824,2025/09/26,上櫃,,RWSCCE,
739883　振曜富邦56購01,TW25Z7398832,2025/09/26,上櫃,,RWSCCE,
739884　廣明富邦55購03,TW25Z7398840,2025/09/26,上櫃,,RWSCCE,
739885　穩懋富邦55購02,TW25Z7398857,2025/09/26,上櫃,,RWSCCE,
739886　穩懋富邦56購01,TW25Z7398865,2025/09/26,上櫃,,RWSCCE,
739887　威剛中信57購01,TW25Z7398873,2025/09/26,上櫃,,RWSCCE,
739891　信驊元富56購01,TW25Z7398915,2025/09/26,上櫃,,RWSCCA,
739894　均華永豐55購01,TW25Z7398949,2025/09/26,上櫃,,RWSCCA,
739895　博智永豐55購01,TW25Z7398956,2025/09/26,上櫃,,RWSCCA,
739903　威剛凱基57購01,TW25Z7399038,2025/09/26,上櫃,,RWSCCA,
739907　華星光凱基55購03,TW25Z7399079,2025/09/26,上櫃,,RWSCCA,
739909　精材凱基55購01,TW25Z7399095,2025/09/26,上櫃,,RWSCCA,
739910　廣明凱基56購01,TW25Z7399103,2025/09/26,上櫃,,RWSCCA,
739913　旺矽國票5B購01,TW25Z7399137,2025/09/26,上櫃,,RWSCCA,
739921　欣銓群益55購02,TW25Z7399210,2025/09/26,上櫃,,RWSCCA,
739924　中光電凱基57購01,TW25Z7399244,2025/09/30,上櫃,,RWSCCA,
739941　均豪元大56購02,TW25Z7399418,2025/09/30,上櫃,,RWSCCA,
739953　雙鴻元大56購03,TW25Z7399533,2025/09/30,上櫃,,RWSCCA,
739958　雍智中信56購01,TW25Z7399582,2025/09/30,上櫃,,RWSCCE,
739960　均華元富56購01,TW25Z7399608,2025/09/30,上櫃,,RWSCCA,
739966　良維群益56購01,TW25Z7399665,2025/09/30,上櫃,,RWSCCA,
739968　威剛群益57購01,TW25Z7399681,2025/09/30,上櫃,,RWSCCA,
739973　均華國票56購01,TW25Z7399731,2025/09/30,上櫃,,RWSCCA,
739983　新應材國票56購02,TW25Z7399830,2025/10/01,上櫃,,RWSCCA,
739986　廣明國票5B購01,TW25Z7399863,2025/10/01,上櫃,,RWSCCA,
739991　弘塑群益56購03,TW25Z7399913,2025/10/01,上櫃,,RWSCCA,
739992　良維群益56購02,TW25Z7399921,2025/10/01,上櫃,,RWSCCA,
739994　能率群益56購02,TW25Z7399947,2025/10/01,上櫃,,RWSCCA,
739995　新應材群益56購02,TW25Z7399954,2025/10/01,上櫃,,RWSCCA,
739999　昇達科元大56購01,TW25Z7399996,2025/10/01,上櫃,,RWSCCA,
ETF
006201　元大富櫃50,TW0000062017,2011/01/27,上櫃,,CEOGEU,
00679B　元大美債20年,TW00000679B0,2017/01/17,上櫃,,CEOIBU,
00687B　國泰20年美債,TW00000687B3,2017/04/13,上櫃,,CEOJBU,
00687C　國泰20年美債+櫃U,TW00000687C1,2025/01/10,上櫃,,CEOGBU,
00694B　富邦美債1-3年,TW00000694B9,2017/06/08,上櫃,,CEOGBU,
00695B　富邦美債7-10年,TW00000695B6,2017/06/08,上櫃,,CEOGBU,
00696B　富邦美債20年,TW00000696B4,2017/06/08,上櫃,,CEOGBU,
00697B　元大美債7-10,TW00000697B2,2017/06/23,上櫃,,CEOGBU,
00719B　元大美債1-3,TW00000719B4,2018/02/01,上櫃,,CEOJBU,
00720B　元大投資級公司債,TW00000720B2,2018/02/01,上櫃,,CEOJBU,
00722B　群益投資級電信債,TW00000722B8,2017/12/15,上櫃,,CEOIBU,
00723B　群益投資級科技債,TW00000723B6,2017/12/15,上櫃,,CEOIBU,
00724B　群益投資級金融債,TW00000724B4,2017/12/15,上櫃,,CEOIBU,
00725B　國泰投資級公司債,TW00000725B1,2018/02/07,上櫃,,CEOJBU,
00726B　國泰新興投等債,TW00000726B9,2018/02/07,上櫃,,CEOJBU,
00727B　國泰優選非投等債,TW00000727B7,2018/02/07,上櫃,,CEOIBU,
00734B　台新JPM新興債,TW00000734B3,2018/05/24,上櫃,,CEOIBU,
00740B　富邦全球投等債,TW00000740B0,2018/06/08,上櫃,,CEOIBU,
00741B　富邦全球非投等債,TW00000741B8,2018/06/08,上櫃,,CEOIBU,
00746B　富邦A級公司債,TW00000746B7,2018/08/15,上櫃,,CEOIBU,
00749B　凱基新興債10+,TW00000749B1,2018/09/20,上櫃,,CEOIBU,
00750B　凱基科技債10+,TW00000750B9,2018/09/20,上櫃,,CEOIBU,
00751B　元大AAA至A公司債,TW00000751B7,2018/10/03,上櫃,,CEOJBU,
00754B　群益AAA-AA公司債,TW00000754B1,2018/10/22,上櫃,,CEOIBU,
00755B　群益投資級公用債,TW00000755B8,2018/10/22,上櫃,,CEOIBU,
00756B　群益投等新興公債,TW00000756B6,2018/10/22,上櫃,,CEOIBU,
00758B　復華能源債,TW00000758B2,2018/11/14,上櫃,,CEOIBU,
00759B　復華製藥債,TW00000759B0,2018/11/14,上櫃,,CEOIBU,
00760B　復華新興企業債,TW00000760B8,2018/11/14,上櫃,,CEOIBU,
00761B　國泰A級公司債,TW00000761B6,2018/11/30,上櫃,,CEOJBU,
00764B　群益25年美債,TW00000764B0,2018/12/24,上櫃,,CEOIBU,
00768B　復華20年美債,TW00000768B1,2019/01/28,上櫃,,CEOGBU,
00772B　中信高評級公司債,TW00000772B3,2019/01/29,上櫃,,CEOJBU,
00773B　中信優先金融債,TW00000773B1,2019/01/29,上櫃,,CEOJBU,
00777B　凱基AAA至A公司債,TW00000777B2,2019/02/14,上櫃,,CEOIBU,
00778B　凱基金融債20+,TW00000778B0,2019/02/14,上櫃,,CEOIBU,
00779B　凱基美債25+,TW00000779B8,2019/02/14,上櫃,,CEOIBU,
00780B　國泰A級金融債,TW00000780B6,2019/03/07,上櫃,,CEOJBU,
00781B　國泰A級科技債,TW00000781B4,2019/03/07,上櫃,,CEOJBU,
00782B　國泰A級公用債,TW00000782B2,2019/03/07,上櫃,,CEOJBU,
00785B　富邦金融投等債,TW00000785B5,2019/03/27,上櫃,,CEOIBU,
00786B　元大10年IG銀行債,TW00000786B3,2019/04/02,上櫃,,CEOJBU,
00787B　元大10年IG醫療債,TW00000787B1,2019/04/02,上櫃,,CEOJBU,
00788B　元大10年IG電能債,TW00000788B9,2019/04/02,上櫃,,CEOJBU,
00789B　復華公司債A3,TW00000789B7,2019/03/20,上櫃,,CEOIBU,
00791B　復華信用債1-5,TW00000791B3,2019/03/20,上櫃,,CEOIBU,
00792B　群益A級公司債,TW00000792B1,2019/04/03,上櫃,,CEOIBU,
00793B　群益AAA-A醫療債,TW00000793B9,2019/04/03,上櫃,,CEOIRU,
00795B　中信美國公債20年,TW00000795B4,2019/04/11,上櫃,,CEOIBU,
00799B　國泰A級醫療債,TW00000799B6,2019/05/03,上櫃,,CEOJBU,
00834B　第一金金融債10+,TW00000834B1,2019/05/09,上櫃,,CEOIBU,
00836B　永豐10年A公司債,TW00000836B6,2019/05/22,上櫃,,CEOIBU,
00838B　永豐7-10年中國債,TW00000838B2,2019/06/13,上櫃,,CEOIBU,
00840B　凱基IG精選15+,TW00000840B8,2019/06/10,上櫃,,CEOIBU,
00841B　凱基AAA-AA公司債,TW00000841B6,2019/06/10,上櫃,,CEOIBU,
00842B　台新美元銀行債,TW00000842B4,2019/06/14,上櫃,,CEOIBU,
00844B　新光15年IG金融債,TW00000844B0,2019/07/18,上櫃,,CEOIBU,
00845B　富邦新興投等債,TW00000845B7,2019/07/16,上櫃,,CEOIBU,
00846B　富邦歐洲銀行債,TW00000846B5,2019/07/16,上櫃,,CEOIBU,
00847B　中信美國市政債,TW00000847B3,2019/07/30,上櫃,,CEOJBU,
00848B　中信新興亞洲債,TW00000848B1,2019/07/30,上櫃,,CEOJBU,
00849B　中信EM主權債0-5,TW00000849B9,2019/07/30,上櫃,,CEOJBU,
00853B　統一美債10年Aa-A,TW00000853B1,2019/09/04,上櫃,,CEOIBU,
00856B　永豐1-3年美公債,TW00000856B4,2019/09/30,上櫃,,CEOIBU,
00857B　永豐20年美公債,TW00000857B2,2019/09/30,上櫃,,CEOIBU,
00858　永豐美國500大,TW0000085802,2019/09/30,上櫃,,CEOIEU,
00859B　群益0-1年美債,TW00000859B8,2019/10/18,上櫃,,CEOIBU,
00860B　群益1-5Y投資級債,TW00000860B6,2019/10/18,上櫃,,CEOIBU,
00862B　中信投資級公司債,TW00000862B2,2019/10/18,上櫃,,CEOIBU,
00863B　中信全球電信債,TW00000863B0,2019/10/18,上櫃,,CEOIBU,
00864B　中信美國公債0-1,TW00000864B8,2019/10/18,上櫃,,CEOGBU,
00867B　新光A-BBB電信債,TW00000867B1,2019/11/15,上櫃,,CEOIBU,
00870B　元大15年EM主權債,TW00000870B5,2020/01/09,上櫃,,CEOJBU,
00877　復華中國5G,TW0000087709,2020/07/22,上櫃,,CEOGEU,
00884B　中信低碳新興債,TW00000884B6,2021/02/04,上櫃,,CEOIBU,
00886　永豐美國科技,TW0000088608,2021/03/31,上櫃,,CEOGEU,
00887　永豐中國科技50大,TW0000088707,2021/03/31,上櫃,,CEOGEU,
00888　永豐台灣ESG,TW0000088806,2021/03/31,上櫃,,CEOIEU,
00890B　凱基ESG BBB 債 15+,TW00000890B3,2021/05/10,上櫃,,CEOIBU,
00928　中信上櫃ESG 30,TW0000092808,2023/05/24,上櫃,,CEOIEU,
00931B　統一美債20年,TW00000931B5,2023/08/07,上櫃,,CEOIBU,
00933B　國泰10Y+金融債,TW00000933B1,2023/10/19,上櫃,,CEOJBU,
00937B　群益ESG投等債20+,TW00000937B2,2023/12/05,上櫃,,CEOIBU,
00942B　台新美A公司債20+,TW00000942B2,2024/04/18,上櫃,,CEOIBU,
00948B　中信優息投資級債,TW00000948B9,2024/06/12,上櫃,,CEOIBU,
00950B　凱基A級公司債,TW00000950B5,2024/07/09,上櫃,,CEOIBU,
00955　中信日本商社,TW0000095504,2024/08/20,上櫃,,CEOIEU,
00957B　兆豐US優選投等債,TW00000957B0,2024/09/10,上櫃,,CEOIBU,
00958B　永豐ESG銀行債15+,TW00000958B8,2024/09/18,上櫃,,CEOIBU,
00959B　大華投等美債15Y+,TW00000959B6,2024/08/28,上櫃,,CEOIBU,
00966B　統一ESG投等債15+,TW00000966B1,2024/12/16,上櫃,,CEOIBU,
00967B　元大優息美債,TW00000967B9,2024/12/09,上櫃,,CEOIBU,
00968B　元大優息投等債,TW00000968B7,2024/12/09,上櫃,,CEOIBU,
00969B　元大零息超長美債,TW00000969B5,2024/12/09,上櫃,,CEOIBU,
00970B　新光BBB投等債20+,TW00000970B3,2024/12/17,上櫃,,CEOIBU,
009806　台新標普500,TW0000098060,2025/05/28,上櫃,,CEOIEU,
009807　台新標普科技精選,TW0000098078,2025/05/28,上櫃,,CEOIEU,
00980B　台新特選IG債10+,TW00000980B2,2025/01/22,上櫃,,CEOIBU,
00980D　主動聯博投等入息,TW00000980D8,2025/08/04,上櫃,,CEOIBU,
00980T　平衡凱基美國TOP,TW00000980T4,2025/08/15,上櫃,,CEOJLU,
009814　富邦標普500,TW0000098144,2025/12/19,上櫃,,CEOIEU,
009815　大華美國MAG7+,TW0000098151,2026/01/26,上櫃,,CEOIEU,
00981B　第一金優選非投債,TW00000981B0,2025/03/10,上櫃,,CEOIBU,
00981D　主動中信非投等債,TW00000981D6,2025/09/16,上櫃,,CEOIBU,
00982B　FT投資級債20+,TW00000982B8,2025/04/28,上櫃,,CEOIBU,
00983B　大華優利美公債20,TW00000983B6,2025/05/13,上櫃,,CEOIBU,
00984B　大華優利美A債15,TW00000984B4,2025/05/13,上櫃,,CEOIBU,
00985D　主動貝萊德優投等,TW00000985D7,2026/03/30,上櫃,,CEOIBU,
00986B　FT金融債10+,TW00000986B9,2025/11/12,上櫃,,CEOIBU,
00986D　主動復華金融債息,TW00000986D5,2026/04/15,上櫃,,CEOIBU,
00987B　野村10+澳洲公債,TW00000987B7,2026/01/22,上櫃,,CEOIBU,
00988B　玉山嚴選非投債,TW00000988B5,2026/03/25,上櫃,,CEOIBU,
00989B　台新美國非投等債,TW00000989B3,2026/03/31,上櫃,,CEOIBU,
00998A　主動復華金融股息,TW00000998A6,2026/04/15,上櫃,,CEOIEU,
ETN
020001　富邦存股雙十N,TW0000200013,2019/04/30,上櫃,,CMXXXU,
020025　統一亞洲半導體N,TW0000200252,2021/07/22,上櫃,,CMXXXU,
020027　元大上櫃ESG成長N,TW0000200278,2021/07/19,上櫃,,CMXXXU,
020033　統一恆生科期N,TW0000200336,2022/05/25,上櫃,,CMXXXU,
020035　元大上櫃ESG高息N,TW0000200351,2022/10/03,上櫃,,CMXXXU,
020040　元大上櫃ESG龍頭N,TW0000200401,2023/12/18,上櫃,,CMXXXU,
020041　兆豐半導體氣候N,TW0000200419,2023/12/25,上櫃,,CMXXXU,
股票
1240　茂生農經,TW0001240000,2018/08/08,上櫃,農業科技業,ESVUFR,
1259　安心,TW0001259000,2011/12/15,上櫃,觀光餐旅,ESVUFR,
1264　德麥,TW0001264000,2015/04/09,上櫃,食品工業,ESVUFR,
1268　漢來美食,TW0001268001,2017/09/27,上櫃,觀光餐旅,ESVUFR,
1294　漢田生技,TW0001294007,2024/09/26,上櫃,食品工業,ESVUFR,
1295　生合,TW0001295004,2025/05/27,上櫃,食品工業,ESVUFR,
1336　台翰,TW0001336006,2007/11/02,上櫃,電子零組件業,ESVUFR,
1565　精華,TW0001565000,2004/03/30,上櫃,生技醫療業,ESVUFR,
1569　濱川,TW0001569002,2005/07/29,上櫃,電腦及週邊設備業,ESVUFR,
1570　力肯,TW0001570000,2005/06/30,上櫃,電機機械,ESVUFR,
1580　新麥,TW0001580009,2007/12/10,上櫃,電機機械,ESVUFR,
1584　精剛,TW0001584001,2007/11/28,上櫃,其他業,ESVUFR,
1586　和勤,TW0001586006,2012/01/09,上櫃,電機機械,ESVUFR,
1591　駿吉-KY,KYG4782L1023,2012/03/23,上櫃,電機機械,ESVUFR,
1593　祺驊,TW0001593002,2012/06/13,上櫃,運動休閒,ESVUFR,
1595　川寶,TW0001595007,2011/10/04,上櫃,電子零組件業,ESVUFR,
1599　宏佳騰,TW0001599009,2012/12/25,上櫃,電機機械,ESVUFR,
1742　台蠟,TW0001742005,2004/05/14,上櫃,化學工業,ESVUFR,
1777　生泰,TW0001777001,2005/10/19,上櫃,生技醫療業,ESVUFR,
1781　合世,TW0001781003,2004/12/24,上櫃,生技醫療業,ESVUFR,
1784　訊聯,TW0001784007,2007/07/26,上櫃,生技醫療業,ESVUFR,
1785　光洋科,TW0001785004,2005/01/31,上櫃,其他電子業,ESVUFR,
1788　杏昌,TW0001788008,2009/07/20,上櫃,生技醫療業,ESVUFR,
1796　金穎生技,TW0001796001,2018/01/22,上櫃,食品工業,ESVUFR,
1799　易威,TW0001799005,2008/11/10,上櫃,生技醫療業,ESVUFR,
1813　寶利徠,TW0001813004,2009/08/04,上櫃,生技醫療業,ESVUFR,
1815　富喬,TW0001815009,2006/01/23,上櫃,電子零組件業,ESVUFR,
2035　唐榮,TW0002035003,2006/07/07,上櫃,鋼鐵工業,ESVUFR,
2061　風青,TW0002061009,2010/12/09,上櫃,電器電纜,ESVUFR,
2063　世鎧,TW0002063005,2010/09/07,上櫃,鋼鐵工業,ESVUFR,
2064　晉椿,TW0002064003,2014/12/26,上櫃,鋼鐵工業,ESVUFR,
2065　世豐,TW0002065000,2017/04/21,上櫃,鋼鐵工業,ESVUFR,
2066　世德,TW0002066008,2013/09/24,上櫃,電機機械,ESVUFR,
2067　嘉鋼,TW0002067006,2014/05/26,上櫃,電機機械,ESVUFR,
2070　精湛,TW0002070000,2018/12/17,上櫃,電機機械,ESVUFR,
2073　雄順,TW0002073004,2023/06/21,上櫃,鋼鐵工業,ESVUFR,
2221　大甲,TW0002221009,2007/08/01,上櫃,其他業,ESVUFR,
2230　泰茂,TW0002230000,2013/04/18,上櫃,電機機械,ESVUFR,
2235　謚源,TW0002235009,2014/12/15,上櫃,電機機械,ESVUFR,
2596　綠意,TW0002596004,2009/06/01,上櫃,建材營造業,ESVUFR,
2640　大車隊,TW0002640000,2012/11/07,上櫃,數位雲端,ESVUFR,
2641　正德,TW0002641008,2014/10/09,上櫃,航運業,ESVUFR,
2643　捷迅,TW0002643004,2016/03/04,上櫃,航運業,ESVUFR,
2718　全心投控,TW0002718004,2011/03/29,上櫃,建材營造業,ESVUFR,
2719　燦星旅,TW0002719002,2012/02/24,上櫃,觀光餐旅,ESVUFR,
2724　藝舍-KY,KYG3704Y1017,2012/05/29,上櫃,其他業,ESVUFR,
2726　雅茗-KY,KYG988361021,2014/12/24,上櫃,觀光餐旅,ESVUFR,
2729　瓦城,TW0002729001,2012/09/17,上櫃,觀光餐旅,ESVUFR,
2732　六角,TW0002732005,2015/01/20,上櫃,觀光餐旅,ESVUFR,
2734　易飛網,TW0002734001,2013/12/26,上櫃,觀光餐旅,ESVUFR,
2736　富野,TW0002736006,2016/01/06,上櫃,觀光餐旅,ESVUFR,
2740　華軒,TW0002740008,2015/12/24,上櫃,觀光餐旅,ESVUFR,
2743　山富,TW0002743002,2020/03/09,上櫃,觀光餐旅,ESVUFR,
2745　五福,TW0002745007,2018/04/16,上櫃,觀光餐旅,ESVUFR,
2751　王座,TW0002751005,2024/09/10,上櫃,觀光餐旅,ESVUFR,
2752　豆府,TW0002752003,2019/09/25,上櫃,觀光餐旅,ESVUFR,
2754　亞洲藏壽司,TW0002754009,2020/09/17,上櫃,觀光餐旅,ESVUFR,
2755　揚秦,TW0002755006,2020/12/16,上櫃,觀光餐旅,ESVUFR,
2756　聯發國際,TW0002756004,2022/01/14,上櫃,觀光餐旅,ESVUFR,
2916　滿心,TW0002916004,2005/03/10,上櫃,居家生活,ESVUFR,
2924　宏太-KY,KYG198691092,2011/12/02,上櫃,居家生活,ESVUFR,
2926　誠品生活,TW0002926003,2013/01/30,上櫃,文化創意業,ESVUFR,
2937　集雅社,TW0002937000,2017/06/08,上櫃,居家生活,ESVUFR,
2941　米斯特,TW0002941002,2024/03/20,上櫃,居家生活,ESVUFR,
2947　振宇五金,TW0002947009,2021/10/06,上櫃,居家生活,ESVUFR,
2948　寶陞,TW0002948007,2023/12/12,上櫃,居家生活,ESVUFR,
2949　欣新網,TW0002949005,2023/12/15,上櫃,數位雲端,ESVUFR,
3064　泰偉,TW0003064002,2004/06/09,上櫃,文化創意業,ESVUFR,
3066　李洲,TW0003066007,2004/12/02,上櫃,光電業,ESVUFR,
3067　全域,TW0003067005,2003/10/21,上櫃,其他電子業,ESVUFR,
3071　協禧,TW0003071007,2004/12/30,上櫃,電腦及週邊設備業,ESVUFR,
3073　天方能源,TW0003073003,2007/10/08,上櫃,綠能環保,ESVUFR,
3078　僑威,TW0003078002,2005/01/31,上櫃,電子零組件業,ESVUFR,
3081　聯亞,TW0003081006,2015/07/22,上櫃,通信網路業,ESVUFR,
3083　網龍,TW0003083002,2003/12/02,上櫃,文化創意業,ESVUFR,
3085　新零售,TW0003085007,2004/03/01,上櫃,數位雲端,ESVUFR,
3086　華義*,TW0003086005,2004/03/29,上櫃,文化創意業,ESVUFR,
3088　艾訊,TW0003088001,2005/04/28,上櫃,電腦及週邊設備業,ESVUFR,
3093　港建*,TW0003093001,2005/06/17,上櫃,其他電子業,ESVUFR,
3095　及成,TW0003095006,2005/05/26,上櫃,通信網路業,ESVUFR,
3105　穩懋,TW0003105003,2011/12/13,上櫃,半導體業,ESVUFR,
3114　好德,TW0003114005,2004/03/25,上櫃,電子零組件業,ESVUFR,
3115　富榮綱,TW0003115002,2005/04/08,上櫃,電子零組件業,ESVUFR,
3118　進階,TW0003118006,2008/05/21,上櫃,生技醫療業,ESVUFR,
3122　笙泉,TW0003122008,2015/01/26,上櫃,半導體業,ESVUFR,
3128　昇銳,TW0003128005,2006/09/04,上櫃,光電業,ESVUFR,
3131　弘塑,TW0003131009,2011/01/17,上櫃,其他電子業,ESVUFR,
3141　晶宏,TW0003141008,2014/03/14,上櫃,半導體業,ESVUFR,
3147　大綜,TW0003147005,2018/05/29,上櫃,資訊服務業,ESVUFR,
3152　璟德,TW0003152005,2008/03/24,上櫃,通信網路業,ESVUFR,
3158　嘉實,TW0003158002,2025/11/17,上櫃,資訊服務業,ESVUFR,
3162　精確,TW0003162004,2005/10/03,上櫃,電機機械,ESVUFR,
3163　波若威,TW0003163002,2012/12/03,上櫃,通信網路業,ESVUFR,
3169　亞信,TW0003169009,2009/11/24,上櫃,半導體業,ESVUFR,
3171　炎洲流通,TW0003171005,2004/09/17,上櫃,居家生活,ESVUFR,
3176　基亞,TW0003176004,2011/11/23,上櫃,生技醫療業,ESVUFR,
3178　公準,TW0003178000,2018/11/19,上櫃,半導體業,ESVUFR,
3188　鑫龍騰,TW0003188009,2004/03/17,上櫃,建材營造業,ESVUFR,
3191　雲嘉南,TW0003191003,2005/04/12,上櫃,電子零組件業,ESVUFR,
3205　佰研,TW0003205001,2005/09/12,上櫃,生技醫療業,ESVUFR,
3206　志豐,TW0003206009,2007/02/08,上櫃,電子零組件業,ESVUFR,
3207　耀勝,TW0003207007,2004/11/04,上櫃,電子零組件業,ESVUFR,
3211　順達,TW0003211009,2004/11/08,上櫃,電腦及週邊設備業,ESVUFR,
3213　茂訊,TW0003213005,2004/10/01,上櫃,電腦及週邊設備業,ESVUFR,
3217　優群,TW0003217006,2004/04/30,上櫃,電子零組件業,ESVUFR,
3218　大學光,TW0003218004,2004/11/29,上櫃,生技醫療業,ESVUFR,
3219　倚強科,TW0003219002,2004/03/19,上櫃,其他電子業,ESVUFR,
3221　台嘉碩,TW0003221008,2006/02/22,上櫃,通信網路業,ESVUFR,
3224　三顧,TW0003224002,2004/06/03,上櫃,電子通路業,ESVUFR,
3226　龍鋒,TW0003226007,2004/06/16,上櫃,電機機械,ESVUFR,
3227　原相,TW0003227005,2006/05/04,上櫃,半導體業,ESVUFR,
3228　金麗科,TW0003228003,2005/03/02,上櫃,半導體業,ESVUFR,
3230　錦明,TW0003230009,2006/09/25,上櫃,光電業,ESVUFR,
3232　昱捷,TW0003232005,2004/11/01,上櫃,電子通路業,ESVUFR,
3234　光環,TW0003234001,2011/03/24,上櫃,通信網路業,ESVUFR,
3236　千如,TW0003236006,2004/12/02,上櫃,電子零組件業,ESVUFR,
3252　海灣,TW0003252003,2004/09/23,上櫃,觀光餐旅,ESVUFR,
3259　鑫創,TW0003259008,2007/12/24,上櫃,半導體業,ESVUFR,
3260　威剛,TW0003260006,2004/10/08,上櫃,半導體業,ESVUFR,
3264　欣銓,TW0003264008,2005/01/05,上櫃,半導體業,ESVUFR,
3265　台星科,TW0003265005,2005/08/02,上櫃,半導體業,ESVUFR,
3268　海德威,TW0003268009,2005/01/27,上櫃,半導體業,ESVUFR,
3272　東碩,TW0003272001,2014/08/26,上櫃,電腦及週邊設備業,ESVUFR,
3276　宇環,TW0003276002,2005/01/12,上櫃,電子零組件業,ESVUFR,
3284　太普高,TW0003284006,2005/03/22,上櫃,其他業,ESVUFR,
3285　微端,TW0003285003,2012/07/23,上櫃,其他電子業,ESVUFR,
3287　廣寰科,TW0003287009,2008/01/28,上櫃,電腦及週邊設備業,ESVUFR,
3288　點晶,TW0003288007,2005/04/15,上櫃,電子零組件業,ESVUFR,
3289　宜特,TW0003289005,2004/12/28,上櫃,其他電子業,ESVUFR,
3290　東浦,TW0003290003,2005/05/19,上櫃,電子零組件業,ESVUFR,
3293　鈊象,TW0003293007,2006/07/12,上櫃,文化創意業,ESVUFR,
3294　英濟,TW0003294005,2007/04/27,上櫃,電子零組件業,ESVUFR,
3297　杭特,TW0003297008,2005/06/07,上櫃,光電業,ESVUFR,
3303　岱稜,TW0003303004,2007/05/28,上櫃,其他電子業,ESVUFR,
3306　鼎天,TW0003306007,2005/07/05,上櫃,通信網路業,ESVUFR,
3310　佳穎,TW0003310009,2008/06/27,上櫃,電子零組件業,ESVUFR,
3313　斐成,TW0003313003,2006/05/29,上櫃,其他業,ESVUFR,
3317　尼克森,TW0003317004,2007/08/09,上櫃,半導體業,ESVUFR,
3322　建舜電,TW0003322004,2009/05/20,上櫃,電子零組件業,ESVUFR,
3323　加百裕,TW0003323002,2007/06/25,上櫃,電腦及週邊設備業,ESVUFR,
3324　雙鴻,TW0003324000,2005/05/13,上櫃,其他電子業,ESVUFR,
3325　旭品,TW0003325007,2005/08/15,上櫃,電腦及週邊設備業,ESVUFR,
3332　幸康,TW0003332003,2008/01/24,上櫃,電子零組件業,ESVUFR,
3339　泰谷,TW0003339008,2006/06/27,上櫃,光電業,ESVUFR,
3349　寶德,TW0003349007,2022/03/23,上櫃,電腦及週邊設備業,ESVUFR,
3354　律勝,TW0003354007,2005/12/08,上櫃,電子零組件業,ESVUFR,
3357　臺慶科,TW0003357000,2021/04/27,上櫃,電子零組件業,ESVUFR,
3360　尚立,TW0003360004,2006/06/06,上櫃,電子通路業,ESVUFR,
3362　先進光,TW0003362000,2005/09/06,上櫃,光電業,ESVUFR,
3363　上詮,TW0003363008,2011/02/25,上櫃,通信網路業,ESVUFR,
3372　典範,TW0003372009,2005/12/16,上櫃,半導體業,ESVUFR,
3373　熱映,TW0003373007,2007/12/13,上櫃,其他電子業,ESVUFR,
3374　精材,TW0003374005,2015/03/30,上櫃,半導體業,ESVUFR,
3379　彬台,TW0003379004,2011/10/20,上櫃,電機機械,ESVUFR,
3388　崇越電,TW0003388005,2006/02/22,上櫃,電子零組件業,ESVUFR,
3390　旭軟,TW0003390001,2006/02/22,上櫃,電子零組件業,ESVUFR,
3402　漢科,TW0003402004,2007/01/09,上櫃,其他電子業,ESVUFR,
3426　台興,TW0003426003,2016/12/21,上櫃,電機機械,ESVUFR,
3430　奇鈦科,TW0003430005,2022/09/08,上櫃,化學工業,ESVUFR,
3434　哲固,TW0003434007,2008/01/28,上櫃,光電業,ESVUFR,
3438　類比科,TW0003438008,2006/07/19,上櫃,半導體業,ESVUFR,
3441　聯一光,TW0003441002,2010/10/04,上櫃,光電業,ESVUFR,
3444　利機,TW0003444006,2008/09/26,上櫃,電子通路業,ESVUFR,
3455　由田,TW0003455002,2007/12/27,上櫃,光電業,ESVUFR,
3465　進泰電子,TW0003465001,2008/01/28,上櫃,其他電子業,ESVUFR,
3466　德晉,TW0003466009,2006/05/17,上櫃,通信網路業,ESVUFR,
3467　台灣精材,TW0003467007,2025/03/25,上櫃,半導體業,ESVUFR,
3479　安勤,TW0003479002,2010/06/08,上櫃,電腦及週邊設備業,ESVUFR,
3483　力致,TW0003483004,2006/12/18,上櫃,電腦及週邊設備業,ESVUFR,
3484　崧騰,TW0003484002,2007/11/09,上櫃,電子零組件業,ESVUFR,
3485　敘豐,TW0003485009,2026/05/06,上櫃,電子零組件業,ESVUFR,
3489　森寶,TW0003489001,2007/09/29,上櫃,建材營造業,ESVUFR,
3490　單井,TW0003490009,2007/10/15,上櫃,光電業,ESVUFR,
3491　昇達科,TW0003491007,2008/01/03,上櫃,通信網路業,ESVUFR,
3492　長盛,TW0003492005,2015/05/18,上櫃,電子零組件業,ESVUFR,
3498　陽程,TW0003498002,2007/09/11,上櫃,其他電子業,ESVUFR,
3499　環天科,TW0003499000,2006/10/19,上櫃,通信網路業,ESVUFR,
3508　位速,TW0003508008,2007/10/17,上櫃,其他電子業,ESVUFR,
3511　矽瑪,TW0003511002,2009/02/16,上櫃,電子零組件業,ESVUFR,
3512　皇龍,TW0003512000,2007/07/25,上櫃,建材營造業,ESVUFR,
3516　亞帝歐,TW0003516001,2007/11/29,上櫃,光電業,ESVUFR,
3520　華盈,TW0003520003,2007/10/12,上櫃,電子零組件業,ESVUFR,
3521　台鋼建設,TW0003521001,2025/06/02,上櫃,建材營造業,ESVUFR,
3522　御嵿,TW0003522009,2007/10/15,上櫃,觀光餐旅,ESVUFR,
3523　迎輝,TW0003523007,2007/11/16,上櫃,光電業,ESVUFR,
3526　凡甲,TW0003526000,2007/11/02,上櫃,電子零組件業,ESVUFR,
3527　聚積,TW0003527008,2007/10/29,上櫃,半導體業,ESVUFR,
3529　力旺,TW0003529004,2011/01/24,上櫃,半導體業,ESVUFR,
3531　先益,TW0003531000,2008/04/08,上櫃,光電業,ESVUFR,
3537　堡達,TW0003537007,2010/01/25,上櫃,電子零組件業,ESVUFR,
3540　曜越,TW0003540001,2007/12/12,上櫃,電腦及週邊設備業,ESVUFR,
3541　西柏,TW0003541009,2009/12/22,上櫃,其他電子業,ESVUFR,
3546　宇峻,TW0003546008,2008/04/18,上櫃,文化創意業,ESVUFR,
3548　兆利,TW0003548004,2008/03/27,上櫃,電子零組件業,ESVUFR,
3551　世禾,TW0003551008,2008/04/15,上櫃,綠能環保,ESVUFR,
3552　同致,TW0003552006,2009/01/07,上櫃,其他電子業,ESVUFR,
3555　博士旺,TW0003555009,2011/11/08,上櫃,半導體業,ESVUFR,
3556　禾瑞亞,TW0003556007,2008/04/15,上櫃,半導體業,ESVUFR,
3558　神準,TW0003558003,2013/12/30,上櫃,通信網路業,ESVUFR,
3564　其陽,TW0003564001,2013/12/03,上櫃,通信網路業,ESVUFR,
3567　逸昌,TW0003567004,2010/11/22,上櫃,半導體業,ESVUFR,
3570　大塚,TW0003570008,2008/10/23,上櫃,資訊服務業,ESVUFR,
3577　泓格,TW0003577003,2009/01/06,上櫃,電腦及週邊設備業,ESVUFR,
3580　友威科,TW0003580007,2010/07/09,上櫃,其他電子業,ESVUFR,
3581　博磊,TW0003581005,2015/01/20,上櫃,半導體業,ESVUFR,
3587　閎康,TW0003587002,2009/08/18,上櫃,其他電子業,ESVUFR,
3594　磐儀,TW0003594008,2013/05/07,上櫃,電腦及週邊設備業,ESVUFR,
3597　映興,TW0003597001,2020/03/09,上櫃,電子零組件業,ESVUFR,
3609　三一東林,TW0003609004,2011/01/11,上櫃,電子零組件業,ESVUFR,
3611　鼎翰,TW0003611000,2008/11/26,上櫃,電腦及週邊設備業,ESVUFR,
3615　安可,TW0003615001,2009/04/15,上櫃,光電業,ESVUFR,
3623　富晶通,TW0003623005,2010/04/28,上櫃,光電業,ESVUFR,
3624　光頡,TW0003624003,2011/03/16,上櫃,電子零組件業,ESVUFR,
3625　西勝,TW0003625000,2009/10/28,上櫃,電腦及週邊設備業,ESVUFR,
3628　盈正,TW0003628004,2010/09/09,上櫃,其他電子業,ESVUFR,
3629　地心引力,TW0003629002,2020/06/01,上櫃,文化創意業,ESVUFR,
3630　新鉅科,TW0003630000,2010/04/26,上櫃,光電業,ESVUFR,
3631　晟楠,TW0003631008,2010/12/20,上櫃,電子零組件業,ESVUFR,
3632　研勤,TW0003632006,2011/01/11,上櫃,通信網路業,ESVUFR,
3646　艾恩特,TW0003646006,2012/03/27,上櫃,電子零組件業,ESVUFR,
3663　鑫科,TW0003663001,2012/11/20,上櫃,其他電子業,ESVUFR,
3664　安瑞-KY,KYG0550W1069,2010/06/24,上櫃,通信網路業,ESVUFR,
3666　光耀,TW0003666004,2014/12/04,上櫃,光電業,ESVUFR,
3672　康聯訊,TW0003672002,2015/04/20,上櫃,通信網路業,ESVUFR,
3675　德微,TW0003675005,2012/06/29,上櫃,半導體業,ESVUFR,
3680　家登,TW0003680005,2011/08/31,上櫃,半導體業,ESVUFR,
3684　榮昌,TW0003684007,2014/03/28,上櫃,通信網路業,ESVUFR,
3685　元創精密,TW0003685004,2010/12/08,上櫃,電機機械,ESVUFR,
3687　歐買尬,TW0003687000,2020/06/01,上櫃,數位雲端,ESVUFR,
3689　湧德,TW0003689006,2012/10/18,上櫃,電子零組件業,ESVUFR,
3691　碩禾,TW0003691002,2010/11/18,上櫃,光電業,ESVUFR,
3693　營邦,TW0003693008,2013/11/27,上櫃,電腦及週邊設備業,ESVUFR,
3707　漢磊,TW0003707006,2014/10/01,上櫃,半導體業,ESVUFR,
3709　鑫聯大投控,TW0003709002,1999/04/16,上櫃,電腦及週邊設備業,ESVUFR,
3710　連展投控,TW0003710000,2017/12/29,上櫃,電子零組件業,ESVUFR,
3713　新晶投控,TW0003713004,2020/02/27,上櫃,綠能環保,ESVUFR,
4102　永日,TW0004102009,2001/03/20,上櫃,生技醫療業,ESVUFR,
4105　東洋,TW0004105002,2001/09/27,上櫃,生技醫療業,ESVUFR,
4107　邦特,TW0004107008,2002/03/04,上櫃,生技醫療業,ESVUFR,
4109　加捷生醫,TW0004109004,2002/08/08,上櫃,生技醫療業,ESVUFR,
4111　濟生,TW0004111000,1999/03/06,上櫃,生技醫療業,ESVUFR,
4113　聯上,TW0004113006,2003/07/22,上櫃,建材營造業,ESVUFR,
4114　健喬,TW0004114004,2003/05/12,上櫃,生技醫療業,ESVUFR,
4116　明基醫,TW0004116009,2015/12/16,上櫃,生技醫療業,ESVUFR,
4120　友華,TW0004120001,2003/11/05,上櫃,生技醫療業,ESVUFR,
4121　優盛,TW0004121009,2003/07/25,上櫃,生技醫療業,ESVUFR,
4123　晟德,TW0004123005,2003/10/07,上櫃,生技醫療業,ESVUFR,
4126　太醫,TW0004126008,2004/02/09,上櫃,生技醫療業,ESVUFR,
4127　天良,TW0004127006,2005/07/29,上櫃,生技醫療業,ESVUFR,
4128　中天,TW0004128004,2006/06/09,上櫃,生技醫療業,ESVUFR,
4129　聯合,TW0004129002,2004/09/29,上櫃,生技醫療業,ESVUFR,
4130　健亞,TW0004130000,2012/01/12,上櫃,生技醫療業,ESVUFR,
4131　浩泰,TW0004131008,2004/04/09,上櫃,生技醫療業,ESVUFR,
4138　曜亞,TW0004138003,2010/12/29,上櫃,生技醫療業,ESVUFR,
4139　馬光-KY,KYG5831M1087,2011/04/29,上櫃,生技醫療業,ESVUFR,
4147　中裕,TW0004147004,2015/11/23,上櫃,生技醫療業,ESVUFR,
4153　鈺緯,TW0004153002,2013/05/23,上櫃,生技醫療業,ESVUFR,
4154　樂威科-KY,KYG527551082,2011/12/28,上櫃,其他業,ESVUFR,
4157　太景*-KY,KYG866171005,2013/08/30,上櫃,生技醫療業,ESVUFR,
4160　訊聯基因,TW0004160007,2012/09/17,上櫃,生技醫療業,ESVUFR,
4161　聿新科,TW0004161005,2013/06/26,上櫃,生技醫療業,ESVUFR,
4162　智擎,TW0004162003,2012/09/18,上櫃,生技醫療業,ESVUFR,
4163　鐿鈦,TW0004163001,2012/11/15,上櫃,生技醫療業,ESVUFR,
4166　友霖,TW0004166004,2025/08/21,上櫃,生技醫療業,ESVUFR,
4167　松瑞藥,TW0004167002,2015/09/08,上櫃,生技醫療業,ESVUFR,
4168　醣聯,TW0004168000,2012/12/18,上櫃,生技醫療業,ESVUFR,
4171　瑞基,TW0004171004,2018/03/28,上櫃,農業科技業,ESVUFR,
4173　久裕,TW0004173000,2013/10/31,上櫃,生技醫療業,ESVUFR,
4174　浩鼎,TW0004174008,2015/03/23,上櫃,生技醫療業,ESVUFR,
4175　杏一,TW0004175005,2014/04/23,上櫃,生技醫療業,ESVUFR,
4183　福永生技,TW0004183009,2017/03/09,上櫃,生技醫療業,ESVUFR,
4188　安克,TW0004188008,2015/03/24,上櫃,生技醫療業,ESVUFR,
4192　杏國,TW0004192000,2014/10/28,上櫃,生技醫療業,ESVUFR,
4198　欣大健康,TW0004198007,2014/12/23,上櫃,生技醫療業,ESVUFR,
4205　中華食,TW0004205000,1999/01/31,上櫃,食品工業,ESVUFR,
4207　環泰,TW0004207006,2000/01/21,上櫃,食品工業,ESVUFR,
4303　信立,TW0004303003,1999/03/10,上櫃,塑膠工業,ESVUFR,
4304　勝昱,TW0004304001,2000/01/27,上櫃,塑膠工業,ESVUFR,
4305　世坤,TW0004305008,2000/09/28,上櫃,塑膠工業,ESVUFR,
4401　東隆興,TW0004401005,1996/05/09,上櫃,紡織纖維,ESVUFR,
4402　郡都開發,TW0004402003,1997/07/23,上櫃,紡織纖維,ESVUFR,
4406　新昕纖,TW0004406004,1999/01/14,上櫃,紡織纖維,ESVUFR,
4413　飛寶企業,TW0004413000,1999/07/29,上櫃,紡織纖維,ESVUFR,
4416　三圓,TW0004416003,2000/05/06,上櫃,建材營造業,ESVUFR,
4417　金洲,TW0004417001,2000/11/07,上櫃,紡織纖維,ESVUFR,
4419　皇家美食,TW0004419007,2001/06/26,上櫃,觀光餐旅,ESVUFR,
4420　光明,TW0004420005,2002/04/18,上櫃,紡織纖維,ESVUFR,
4430　耀億,TW0004430004,2011/06/09,上櫃,其他業,ESVUFR,
4432　銘旺實,TW0004432000,2012/11/26,上櫃,紡織纖維,ESVUFR,
4433　興采,TW0004433008,2014/11/03,上櫃,紡織纖維,ESVUFR,
4442　竣邦-KY,KYG5001G1055,2023/11/29,上櫃,紡織纖維,ESVUFR,
4502　健信,TW0004502000,1995/12/12,上櫃,電機機械,ESVUFR,
4503　金雨,TW0004503008,1996/12/19,上櫃,電機機械,ESVUFR,
4506　崇友,TW0004506001,1997/12/06,上櫃,電機機械,ESVUFR,
4510　高鋒,TW0004510003,1998/02/24,上櫃,電機機械,ESVUFR,
4513　福裕,TW0004513007,1998/03/25,上櫃,電機機械,ESVUFR,
4523　永彰,TW0004523006,1999/11/22,上櫃,電機機械,ESVUFR,
4527　方土霖,TW0004527007,2000/09/28,上櫃,電機機械,ESVUFR,
4528　江興鍛,TW0004528005,2001/02/12,上櫃,電機機械,ESVUFR,
4529　淳紳,TW0004529003,2001/05/04,上櫃,其他業,ESVUFR,
4530　宏易,TW0004530001,2001/04/30,上櫃,觀光餐旅,ESVUFR,
4533　協易機,TW0004533005,2002/04/26,上櫃,電機機械,ESVUFR,
4534　慶騰,TW0004534003,2003/03/31,上櫃,電機機械,ESVUFR,
4535　至興,TW0004535000,2003/04/16,上櫃,電機機械,ESVUFR,
4538　大詠城,TW0004538004,2019/01/15,上櫃,電機機械,ESVUFR,
4541　晟田,TW0004541008,2014/07/22,上櫃,其他業,ESVUFR,
4542　科嶠,TW0004542006,2014/08/25,上櫃,電子零組件業,ESVUFR,
4543　萬在,TW0004543004,2016/03/15,上櫃,電機機械,ESVUFR,
4549　桓達,TW0004549001,2014/11/27,上櫃,電機機械,ESVUFR,
4550　長佳,TW0004550009,2015/03/18,上櫃,電機機械,ESVUFR,
4554　橙的,TW0004554001,2016/08/05,上櫃,其他電子業,ESVUFR,
4556　旭然,TW0004556006,2015/12/22,上櫃,其他業,ESVUFR,
4558　寶緯,TW0004558002,2022/03/17,上櫃,電機機械,ESVUFR,
4561　健椿,TW0004561006,2018/06/11,上櫃,電機機械,ESVUFR,
4563　百德,TW0004563002,2018/07/12,上櫃,電機機械,ESVUFR,
4568　科際精密,TW0004568001,2018/10/03,上櫃,電機機械,ESVUFR,
4577　達航科技,TW0004577002,2022/06/14,上櫃,其他電子業,ESVUFR,
4580　捷流閥業,TW0004580006,2020/01/06,上櫃,電機機械,ESVUFR,
4584　君帆,TW0004584008,2022/10/05,上櫃,電機機械,ESVUFR,
4609　唐鋒,TW0004609003,2000/05/19,上櫃,居家生活,ESVUFR,
4702　中美實,TW0004702006,1995/04/21,上櫃,居家生活,ESVUFR,
4706　大恭,TW0004706007,1998/04/17,上櫃,化學工業,ESVUFR,
4707　磐亞,TW0004707005,1998/05/20,上櫃,化學工業,ESVUFR,
4711　永純,TW0004711007,1999/02/24,上櫃,化學工業,ESVUFR,
4714　永捷,TW0004714001,2000/03/27,上櫃,化學工業,ESVUFR,
4716　大立,TW0004716006,2000/03/27,上櫃,化學工業,ESVUFR,
4721　美琪瑪,TW0004721006,2001/03/09,上櫃,化學工業,ESVUFR,
4726　永昕,TW0004726005,2013/12/25,上櫃,生技醫療業,ESVUFR,
4728　雙美,TW0004728001,2012/01/10,上櫃,生技醫療業,ESVUFR,
4729　熒茂,TW0004729009,2009/02/24,上櫃,光電業,ESVUFR,
4735　豪展,TW0004735006,2011/08/16,上櫃,生技醫療業,ESVUFR,
4741　泓瀚,TW0004741004,2017/09/26,上櫃,化學工業,ESVUFR,
4743　合一,TW0004743000,2011/09/23,上櫃,生技醫療業,ESVUFR,
4744　皇將,TW0004744008,2018/07/12,上櫃,生技醫療業,ESVUFR,
4745　合富-KY,KYG248111042,2013/01/30,上櫃,生技醫療業,ESVUFR,
4747　強生,TW0004747001,2013/12/25,上櫃,生技醫療業,ESVUFR,
4749　新應材,TW0004749007,2025/01/17,上櫃,半導體業,ESVUFR,
4754　國碳科,TW0004754007,2016/09/28,上櫃,化學工業,ESVUFR,
4760　勤凱,TW0004760004,2019/03/21,上櫃,其他電子業,ESVUFR,
4767　誠泰科技,TW0004767009,2018/10/29,上櫃,化學工業,ESVUFR,
4768　晶呈科技,TW0004768007,2022/04/13,上櫃,化學工業,ESVUFR,
4772　台特化,TW0004772009,2024/09/20,上櫃,化學工業,ESVUFR,
4804　大略-KY,KYG2646C1024,2015/12/04,上櫃,觀光餐旅,ESVUFR,
4806　桂田文創,TW0004806005,2016/03/09,上櫃,文化創意業,ESVUFR,
4903　聯光通,TW0004903000,2001/05/14,上櫃,通信網路業,ESVUFR,
4905　台聯電,TW0004905005,2001/12/07,上櫃,通信網路業,ESVUFR,
4907　富宇,TW0004907001,2002/03/04,上櫃,建材營造業,ESVUFR,
4908　前鼎,TW0004908009,2002/02/27,上櫃,通信網路業,ESVUFR,
4909　新復興,TW0004909007,2002/11/28,上櫃,通信網路業,ESVUFR,
4911　德英,TW0004911003,2011/03/21,上櫃,生技醫療業,ESVUFR,
4923　力士,TW0004923008,2022/03/14,上櫃,半導體業,ESVUFR,
4924　欣厚-KY,KYG4642A1067,2011/10/18,上櫃,電腦及週邊設備業,ESVUFR,
4931　新盛力,TW0004931001,2019/09/17,上櫃,電腦及週邊設備業,ESVUFR,
4933　友輝,TW0004933007,2010/05/04,上櫃,光電業,ESVUFR,
4939　亞電,TW0004939004,2011/09/19,上櫃,電子零組件業,ESVUFR,
4946　辣椒,TW0004946009,2011/06/10,上櫃,文化創意業,ESVUFR,
4950　金耘國際,TW0004950001,2012/04/27,上櫃,鋼鐵工業,ESVUFR,
4951　精拓科,TW0004951009,2022/11/03,上櫃,半導體業,ESVUFR,
4953　緯軟,TW0004953005,2014/01/08,上櫃,資訊服務業,ESVUFR,
4966　譜瑞-KY,KYG6892A1085,2011/09/13,上櫃,半導體業,ESVUFR,
4971　IET-KY,KYG480071011,2013/07/24,上櫃,半導體業,ESVUFR,
4972　湯石照明,TW0004972005,2013/06/17,上櫃,光電業,ESVUFR,
4973　廣穎,TW0004973003,2012/06/19,上櫃,半導體業,ESVUFR,
4974　亞泰,TW0004974001,2011/11/29,上櫃,電子零組件業,ESVUFR,
4979　華星光,TW0004979000,2011/12/12,上櫃,通信網路業,ESVUFR,
4987　科誠,TW0004987003,2012/03/21,上櫃,電腦及週邊設備業,ESVUFR,
4991　環宇-KY,KYG377541019,2014/09/15,上櫃,半導體業,ESVUFR,
4995　晶達,TW0004995006,2012/05/09,上櫃,光電業,ESVUFR,
5009　榮剛,TW0005009005,1998/10/17,上櫃,鋼鐵工業,ESVUFR,
5011　久陽,TW0005011001,1999/05/06,上櫃,鋼鐵工業,ESVUFR,
5013　強新,TW0005013007,2000/05/08,上櫃,鋼鐵工業,ESVUFR,
5014　建錩,TW0005014005,2001/02/15,上櫃,鋼鐵工業,ESVUFR,
5015　華祺,TW0005015002,2000/12/15,上櫃,鋼鐵工業,ESVUFR,
5016　松和,TW0005016000,2001/03/05,上櫃,鋼鐵工業,ESVUFR,
5201　凱衛,TW0005201008,2000/10/12,上櫃,資訊服務業,ESVUFR,
5202　力新,TW0005202006,2000/10/18,上櫃,資訊服務業,ESVUFR,
5205　中茂,TW0005205009,2001/05/14,上櫃,綠能環保,ESVUFR,
5206　坤悅,TW0005206007,2001/10/08,上櫃,建材營造業,ESVUFR,
5209　新鼎,TW0005209001,2002/02/25,上櫃,其他業,ESVUFR,
5210　寶碩,TW0005210009,2002/04/25,上櫃,資訊服務業,ESVUFR,
5211　蒙恬,TW0005211007,2002/12/23,上櫃,資訊服務業,ESVUFR,
5212　凌網,TW0005212005,2003/03/24,上櫃,資訊服務業,ESVUFR,
5213　亞昕,TW0005213003,2003/04/24,上櫃,建材營造業,ESVUFR,
5220　萬達光電,TW0005220008,2018/04/26,上櫃,光電業,ESVUFR,
5223　安力-KY,KYG0458G1047,2018/07/02,上櫃,電腦及週邊設備業,ESVUFR,
5227　立凱-KY,KYG0100G1064,2013/12/09,上櫃,電子零組件業,ESVUFR,
5228　鈺鎧,TW0005228001,2022/05/20,上櫃,電子零組件業,ESVUFR,
5230　雷笛克光學,TW0005230007,2012/06/05,上櫃,光電業,ESVUFR,
5236　凌陽創新,TW0005236004,2021/07/29,上櫃,半導體業,ESVUFR,
5245　智晶,TW0005245005,2015/05/25,上櫃,光電業,ESVUFR,
5251　天鉞電,TW0005251003,2012/11/26,上櫃,光電業,ESVUFR,
5263　智崴,TW0005263008,2012/12/18,上櫃,文化創意業,ESVUFR,
5272　笙科,TW0005272009,2013/05/30,上櫃,半導體業,ESVUFR,
5274　信驊,TW0005274005,2013/04/30,上櫃,半導體業,ESVUFR,
5276　達輝-KY,KYG2743W1006,2014/06/12,上櫃,其他業,ESVUFR,
5278　尚凡*,TW0005278006,2013/06/04,上櫃,數位雲端,ESVUFR,
5287　數字,TW0005287007,2014/01/20,上櫃,數位雲端,ESVUFR,
5289　宜鼎,TW0005289003,2013/11/27,上櫃,電腦及週邊設備業,ESVUFR,
5291　邑昇,TW0005291009,2014/12/23,上櫃,電子零組件業,ESVUFR,
5299　杰力,TW0005299002,2018/01/23,上櫃,半導體業,ESVUFR,
5301　寶得利,TW0005301006,1990/06/25,上櫃,觀光餐旅,ESVUFR,
5302　太欣,TW0005302004,1991/01/17,上櫃,半導體業,ESVUFR,
5309　系統電,TW0005309009,1996/03/18,上櫃,電子零組件業,ESVUFR,
5310　天剛,TW0005310007,1996/04/09,上櫃,資訊服務業,ESVUFR,
5312　寶島科,TW0005312003,1996/05/25,上櫃,生技醫療業,ESVUFR,
5314　世紀*,TW0005314009,1996/09/16,上櫃,其他業,ESVUFR,
5315　光聯,TW0005315006,1996/11/02,上櫃,光電業,ESVUFR,
5321　美而快,TW0005321004,1996/12/30,上櫃,數位雲端,ESVUFR,
5324　士開,TW0005324008,1997/01/30,上櫃,建材營造業,ESVUFR,
5328　華容,TW0005328009,1997/08/28,上櫃,電子零組件業,ESVUFR,
5340　建榮,TW0005340004,1998/01/20,上櫃,電子零組件業,ESVUFR,
5344　立衛,TW0005344006,1998/03/23,上櫃,半導體業,ESVUFR,
5345　馥鴻,TW0005345003,1998/03/23,上櫃,其他業,ESVUFR,
5347　世界,TW0005347009,1998/03/25,上櫃,半導體業,ESVUFR,
5348　正能量智能,TW0005348007,2025/06/02,上櫃,運動休閒,ESVUFR,
5351　鈺創,TW0005351001,1998/05/15,上櫃,半導體業,ESVUFR,
5353　台林,TW0005353007,1998/05/18,上櫃,通信網路業,ESVUFR,
5355　佳總,TW0005355002,1998/06/23,上櫃,電子零組件業,ESVUFR,
5356　協益,TW0005356000,1998/07/20,上櫃,電腦及週邊設備業,ESVUFR,
5364　力麗店,TW0005364004,2013/08/26,上櫃,觀光餐旅,ESVUFR,
5371　中光電,TW0005371009,1999/01/20,上櫃,光電業,ESVUFR,
5381　光譜,TW0005381008,1999/03/19,上櫃,電子零組件業,ESVUFR,
5386　青雲,TW0005386007,1999/05/13,上櫃,電腦及週邊設備業,ESVUFR,
5392　能率,TW0005392005,1999/06/14,上櫃,光電業,ESVUFR,
5398　慕康生醫,TW0005398002,1999/10/11,上櫃,其他業,ESVUFR,
5403　中菲,TW0005403000,1999/10/15,上櫃,資訊服務業,ESVUFR,
5410　國眾,TW0005410005,1999/11/26,上櫃,資訊服務業,ESVUFR,
5425　台半,TW0005425003,2000/02/21,上櫃,半導體業,ESVUFR,
5426　振發,TW0005426001,2000/02/09,上櫃,電腦及週邊設備業,ESVUFR,
5432　新門,TW0005432009,2000/03/21,上櫃,綠能環保,ESVUFR,
5438　東友,TW0005438006,2000/06/17,上櫃,電腦及週邊設備業,ESVUFR,
5439　高技,TW0005439004,2000/06/26,上櫃,電子零組件業,ESVUFR,
5443　均豪,TW0005443006,1998/02/09,上櫃,半導體業,ESVUFR,
5450　南良,TW0005450001,2020/06/01,上櫃,其他業,ESVUFR,
5452　佶優,TW0005452007,2000/10/02,上櫃,其他電子業,ESVUFR,
5455　昇益,TW0005455000,2000/10/19,上櫃,建材營造業,ESVUFR,
5457　宣德,TW0005457006,2000/09/29,上櫃,電子零組件業,ESVUFR,
5460　同協,TW0005460000,2000/09/28,上櫃,電子零組件業,ESVUFR,
5464　霖宏,TW0005464002,2000/11/08,上櫃,電子零組件業,ESVUFR,
5465　富驊,TW0005465009,2000/11/08,上櫃,電腦及週邊設備業,ESVUFR,
5468　凱鈺,TW0005468003,2001/01/17,上櫃,半導體業,ESVUFR,
5474　聰泰,TW0005474001,2001/03/20,上櫃,電腦及週邊設備業,ESVUFR,
5475　德宏,TW0005475008,2001/01/16,上櫃,電子零組件業,ESVUFR,
5478　智冠,TW0005478002,2001/03/29,上櫃,文化創意業,ESVUFR,
5481　新華,TW0005481006,2020/06/01,上櫃,其他業,ESVUFR,
5483　中美晶,TW0005483002,2001/03/02,上櫃,半導體業,ESVUFR,
5487　通泰,TW0005487003,2001/02/20,上櫃,半導體業,ESVUFR,
5488　松普,TW0005488001,2001/03/12,上櫃,電子零組件業,ESVUFR,
5489　彩富,TW0005489009,2001/03/12,上櫃,其他電子業,ESVUFR,
5490　同亨,TW0005490007,2001/05/14,上櫃,電腦及週邊設備業,ESVUFR,
5493　三聯,TW0005493001,2001/05/03,上櫃,其他電子業,ESVUFR,
5498　凱崴,TW0005498000,2001/03/29,上櫃,電子零組件業,ESVUFR,
5508　永信建,TW0005508006,1998/05/13,上櫃,建材營造業,ESVUFR,
5511　德昌,TW0005511000,1998/12/09,上櫃,建材營造業,ESVUFR,
5512　力麒,TW0005512008,1998/12/04,上櫃,建材營造業,ESVUFR,
5514　三豐,TW0005514004,1998/12/29,上櫃,建材營造業,ESVUFR,
5516　雙喜,TW0005516009,1999/03/23,上櫃,建材營造業,ESVUFR,
5520　力泰,TW0005520001,1999/10/27,上櫃,建材營造業,ESVUFR,
5523　豐謙,TW0005523005,1999/12/27,上櫃,建材營造業,ESVUFR,
5529　鉅陞,TW0005529002,1996/01/12,上櫃,建材營造業,ESVUFR,
5530　龍巖,TW0005530000,2000/10/04,上櫃,其他業,ESVUFR,
5536　聖暉*,TW0005536007,2010/11/10,上櫃,其他電子業,ESVUFR,
5543　桓鼎-KY,KYG1676E1035,2016/05/09,上櫃,建材營造業,ESVUFR,
5547　久舜,TW0005547004,2026/02/03,上櫃,建材營造業,ESVUFR,
5548　安倉,TW0005548002,2024/03/18,上櫃,建材營造業,ESVUFR,
5601　台聯櫃,TW0005601009,1994/11/24,上櫃,航運業,ESVUFR,
5603　陸海,TW0005603005,1997/01/25,上櫃,航運業,ESVUFR,
5604　中連,TW0005604003,1997/05/22,上櫃,其他業,ESVUFR,
5609　中菲行,TW0005609002,2001/10/15,上櫃,航運業,ESVUFR,
5701　劍湖山,TW0005701007,1998/03/12,上櫃,觀光餐旅,ESVUFR,
5703　亞都,TW0005703003,1999/06/15,上櫃,觀光餐旅,ESVUFR,
5704　老爺知,TW0005704001,1999/12/21,上櫃,觀光餐旅,ESVUFR,
5864　致和證,TW0005864003,2018/04/02,上櫃,金融保險業,ESVUFR,
5878　台名,TW0005878003,2014/10/28,上櫃,金融保險業,ESVUFR,
5902　德記,TW0005902001,1998/02/07,上櫃,居家生活,ESVUFR,
5903　全家,TW0005903009,2002/02/25,上櫃,居家生活,ESVUFR,
5904　寶雅,TW0005904007,2002/09/06,上櫃,居家生活,ESVUFR,
5905　南仁湖,TW0005905004,2003/06/17,上櫃,觀光餐旅,ESVUFR,
6015　宏遠證,TW0006015001,1996/07/25,上櫃,金融保險業,ESVUFR,
6016　康和證,TW0006016009,1996/12/04,上櫃,金融保險業,ESVUFR,
6020　大展證,TW0006020001,2003/01/23,上櫃,金融保險業,ESVUFR,
6021　美好證,TW0006021009,2003/04/21,上櫃,金融保險業,ESVUFR,
6023　元大期,TW0006023005,2007/11/28,上櫃,金融保險業,ESVUFR,
6026　福邦證,TW0006026008,2016/01/27,上櫃,金融保險業,ESVUFR,
6028　公勝保經,TW0006028004,2026/03/30,上櫃,金融保險業,ESVUFR,
6101　寬魚國際,TW0006101009,2001/03/29,上櫃,文化創意業,ESVUFR,
6103　合邦,TW0006103005,2001/05/07,上櫃,半導體業,ESVUFR,
6104　創惟,TW0006104003,2001/05/22,上櫃,半導體業,ESVUFR,
6109　亞元,TW0006109002,2001/07/26,上櫃,通信網路業,ESVUFR,
6111　光聚晶電,TW0006111008,2026/03/12,上櫃,文化創意業,ESVUFR,
6113　亞矽,TW0006113004,2001/08/10,上櫃,電子通路業,ESVUFR,
6114　久威,TW0006114002,2001/09/27,上櫃,電子零組件業,ESVUFR,
6118　建達,TW0006118003,2001/10/25,上櫃,電子通路業,ESVUFR,
6121　新普,TW0006121007,2001/11/27,上櫃,電腦及週邊設備業,ESVUFR,
6122　擎邦,TW0006122005,2000/07/14,上櫃,電機機械,ESVUFR,
6123　上奇,TW0006123003,2002/01/23,上櫃,資訊服務業,ESVUFR,
6124　業強,TW0006124001,2002/03/19,上櫃,電子零組件業,ESVUFR,
6125　廣運,TW0006125008,2002/01/23,上櫃,光電業,ESVUFR,
6126　信音,TW0006126006,2002/01/18,上櫃,電子零組件業,ESVUFR,
6127　九豪,TW0006127004,2002/01/10,上櫃,電子零組件業,ESVUFR,
6129　普誠,TW0006129000,2001/12/25,上櫃,半導體業,ESVUFR,
6130　上亞科技,TW0006130008,2002/03/26,上櫃,生技醫療業,ESVUFR,
6134　萬旭,TW0006134000,2002/01/08,上櫃,電子零組件業,ESVUFR,
6138　茂達,TW0006138001,2002/01/18,上櫃,半導體業,ESVUFR,
6140　訊達,TW0006140007,2002/02/04,上櫃,資訊服務業,ESVUFR,
6143　振曜,TW0006143001,2002/01/28,上櫃,通信網路業,ESVUFR,
6144　得利影,TW0006144009,2002/01/23,上櫃,文化創意業,ESVUFR,
6146　耕興,TW0006146004,2002/01/23,上櫃,其他電子業,ESVUFR,
6147　頎邦,TW0006147002,2002/01/31,上櫃,半導體業,ESVUFR,
6148　驊宏資,TW0006148000,2002/02/01,上櫃,資訊服務業,ESVUFR,
6150　撼訊,TW0006150006,2002/03/11,上櫃,電腦及週邊設備業,ESVUFR,
6151　晉倫,TW0006151004,2002/02/25,上櫃,其他電子業,ESVUFR,
6154　順發,TW0006154008,2002/02/18,上櫃,電子通路業,ESVUFR,
6156　松上,TW0006156003,2002/02/19,上櫃,電子零組件業,ESVUFR,
6158　禾昌,TW0006158009,2002/02/19,上櫃,電子零組件業,ESVUFR,
6160　欣技,TW0006160005,2002/03/01,上櫃,電腦及週邊設備業,ESVUFR,
6161　捷波,TW0006161003,2002/03/01,上櫃,電腦及週邊設備業,ESVUFR,
6163　華電網,TW0006163009,2002/03/19,上櫃,通信網路業,ESVUFR,
6167　久正,TW0006167000,2002/03/26,上櫃,光電業,ESVUFR,
6169　昱泉,TW0006169006,2002/03/22,上櫃,文化創意業,ESVUFR,
6170　統振,TW0006170004,2002/04/16,上櫃,通信網路業,ESVUFR,
6171　大城地產,TW0006171002,2002/04/22,上櫃,建材營造業,ESVUFR,
6173　信昌電,TW0006173008,2002/04/19,上櫃,電子零組件業,ESVUFR,
6174　安碁,TW0006174006,2002/05/02,上櫃,電子零組件業,ESVUFR,
6175　立敦,TW0006175003,2002/06/10,上櫃,電子零組件業,ESVUFR,
6179　亞通,TW0006179005,2002/05/17,上櫃,其他業,ESVUFR,
6180　橘子,TW0006180003,2002/05/21,上櫃,文化創意業,ESVUFR,
6182　合晶,TW0006182009,2002/05/16,上櫃,半導體業,ESVUFR,
6185　幃翔,TW0006185002,2002/08/09,上櫃,電子零組件業,ESVUFR,
6186　新潤,TW0006186000,2002/08/02,上櫃,建材營造業,ESVUFR,
6187　萬潤,TW0006187008,2002/09/27,上櫃,半導體業,ESVUFR,
6188　廣明,TW0006188006,2002/08/27,上櫃,電腦及週邊設備業,ESVUFR,
6190　萬泰科,TW0006190002,1998/02/04,上櫃,通信網路業,ESVUFR,
6194　育富,TW0006194004,2002/12/05,上櫃,電子零組件業,ESVUFR,
6195　詩肯,TW0006195001,2002/10/21,上櫃,居家生活,ESVUFR,
6198　瑞築,TW0006198005,2002/12/26,上櫃,建材營造業,ESVUFR,
6199　天品,TW0006199003,2016/10/07,上櫃,其他業,ESVUFR,
6203　海韻電,TW0006203003,2002/12/26,上櫃,電子零組件業,ESVUFR,
6204　艾華,TW0006204001,2002/11/13,上櫃,電子零組件業,ESVUFR,
6207　雷科,TW0006207004,2002/12/23,上櫃,電子零組件業,ESVUFR,
6208　日揚,TW0006208002,2002/12/23,上櫃,半導體業,ESVUFR,
6210　慶生,TW0006210008,2003/02/14,上櫃,電子零組件業,ESVUFR,
6212　理銘,TW0006212004,2002/12/26,上櫃,建材營造業,ESVUFR,
6217　中探針,TW0006217003,2003/01/09,上櫃,電子零組件業,ESVUFR,
6218　豪勉,TW0006218001,2003/01/14,上櫃,通信網路業,ESVUFR,
6219　富旺,TW0006219009,2003/02/26,上櫃,建材營造業,ESVUFR,
6220　岳豐,TW0006220007,2003/01/09,上櫃,電子零組件業,ESVUFR,
6221　晉泰,TW0006221005,2003/01/06,上櫃,資訊服務業,ESVUFR,
6222　立軒,TW0006222003,2003/01/09,上櫃,光電業,ESVUFR,
6223　旺矽,TW0006223001,2003/01/06,上櫃,半導體業,ESVUFR,
6227　茂綸,TW0006227002,2003/01/14,上櫃,電子通路業,ESVUFR,
6228　全譜,TW0006228000,2003/01/21,上櫃,電腦及週邊設備業,ESVUFR,
6229　研通,TW0006229008,2003/01/14,上櫃,半導體業,ESVUFR,
6231　系微,TW0006231004,2003/01/23,上櫃,資訊服務業,ESVUFR,
6233　旺玖,TW0006233000,2003/02/20,上櫃,半導體業,ESVUFR,
6234　高僑,TW0006234008,2003/03/12,上櫃,光電業,ESVUFR,
6236　中湛,TW0006236003,2003/03/31,上櫃,其他業,ESVUFR,
6237　驊訊,TW0006237001,2003/04/21,上櫃,半導體業,ESVUFR,
6240　松崗,TW0006240005,2003/05/30,上櫃,資訊服務業,ESVUFR,
6241　易通展,TW0006241003,2003/04/08,上櫃,通信網路業,ESVUFR,
6242　立康,TW0006242001,2003/04/23,上櫃,生技醫療業,ESVUFR,
6244　茂迪,TW0006244007,2003/05/15,上櫃,光電業,ESVUFR,
6245　立端,TW0006245004,2003/05/19,上櫃,通信網路業,ESVUFR,
6246　臺龍,TW0006246002,2003/06/18,上櫃,光電業,ESVUFR,
6248　沛波,TW0006248008,2003/09/03,上櫃,鋼鐵工業,ESVUFR,
6259　百徽,TW0006259005,2003/09/17,上櫃,電子零組件業,ESVUFR,
6261　久元,TW0006261001,2004/03/29,上櫃,半導體業,ESVUFR,
6263　普萊德,TW0006263007,2003/09/17,上櫃,通信網路業,ESVUFR,
6264　富裔,TW0006264005,2004/02/24,上櫃,建材營造業,ESVUFR,
6265　方土昶,TW0006265002,2003/10/24,上櫃,電子通路業,ESVUFR,
6266　泰詠,TW0006266000,2004/04/29,上櫃,電子零組件業,ESVUFR,
6270　倍微,TW0006270002,2003/09/17,上櫃,電子通路業,ESVUFR,
6274　台燿,TW0006274004,2003/12/18,上櫃,電子零組件業,ESVUFR,
6275　元山,TW0006275001,2004/12/23,上櫃,電子零組件業,ESVUFR,
6276　安鈦克,TW0006276009,2003/10/30,上櫃,電腦及週邊設備業,ESVUFR,
6279　胡連,TW0006279003,2003/11/26,上櫃,電子零組件業,ESVUFR,
6284　佳邦,TW0006284003,2004/06/29,上櫃,電子零組件業,ESVUFR,
6290　良維,TW0006290000,2005/06/03,上櫃,電子零組件業,ESVUFR,
6291　沛亨,TW0006291008,2004/01/28,上櫃,半導體業,ESVUFR,
6292　迅德,TW0006292006,2003/11/26,上櫃,電子零組件業,ESVUFR,
6294　智基,TW0006294002,2004/01/13,上櫃,文化創意業,ESVUFR,
6411　晶焱,TW0006411002,2014/03/11,上櫃,半導體業,ESVUFR,
6417　韋僑,TW0006417009,2015/10/08,上櫃,通信網路業,ESVUFR,
6418　詠昇,TW0006418007,2019/02/18,上櫃,電子零組件業,ESVUFR,
6419　京晨科,TW0006419005,2014/12/29,上櫃,光電業,ESVUFR,
6423　億而得,TW0006423007,2026/01/22,上櫃,半導體業,ESVUFR,
6425　易發,TW0006425002,2019/01/18,上櫃,電機機械,ESVUFR,
6432　今展科,TW0006432008,2015/05/20,上櫃,電子零組件業,ESVUFR,
6435　大中,TW0006435001,2016/01/07,上櫃,半導體業,ESVUFR,
6441　廣錠,TW0006441009,2017/09/27,上櫃,電腦及週邊設備業,ESVUFR,
6461　益得,TW0006461007,2018/03/28,上櫃,生技醫療業,ESVUFR,
6462　神盾,TW0006462005,2015/12/23,上櫃,半導體業,ESVUFR,
6465　威潤,TW0006465008,2015/11/20,上櫃,通信網路業,ESVUFR,
6469　大樹,TW0006469000,2016/03/30,上櫃,生技醫療業,ESVUFR,
6470　宇智,TW0006470008,2015/11/03,上櫃,通信網路業,ESVUFR,
6474　華豫寧,TW0006474000,2025/11/25,上櫃,電子通路業,ESVUFR,
6482　弘煜科,TW0006482003,2016/06/13,上櫃,文化創意業,ESVUFR,
6485　點序,TW0006485006,2015/11/17,上櫃,半導體業,ESVUFR,
6486　互動,TW0006486004,2016/09/13,上櫃,通信網路業,ESVUFR,
6488　環球晶,TW0006488000,2015/09/25,上櫃,半導體業,ESVUFR,
6492　生華科,TW0006492002,2017/04/24,上櫃,生技醫療業,ESVUFR,
6494　九齊,TW0006494008,2016/05/09,上櫃,半導體業,ESVUFR,
6496　科懋,TW0006496003,2016/01/07,上櫃,生技醫療業,ESVUFR,
6498　久禾光,TW0006498009,2025/05/20,上櫃,光電業,ESVUFR,
6499　益安,TW0006499007,2016/07/27,上櫃,生技醫療業,ESVUFR,
6506　雙邦,TW0006506009,2011/05/03,上櫃,紡織纖維,ESVUFR,
6508　惠光,TW0006508005,2004/03/22,上櫃,農業科技業,ESVUFR,
6509　聚和,TW0006509003,2004/04/12,上櫃,化學工業,ESVUFR,
6510　精測,TW0006510001,2016/03/24,上櫃,半導體業,ESVUFR,
6512　啟發電,TW0006512007,2016/03/25,上櫃,其他電子業,ESVUFR,
6516　勤崴國際,TW0006516008,2019/05/06,上櫃,資訊服務業,ESVUFR,
6517　保勝光學,TW0006517006,2022/12/15,上櫃,光電業,ESVUFR,
6523　達爾膚,TW0006523004,2016/06/16,上櫃,生技醫療業,ESVUFR,
6527　明達醫,TW0006527005,2019/12/25,上櫃,生技醫療業,ESVUFR,
6530　創威,TW0006530009,2018/01/23,上櫃,通信網路業,ESVUFR,
6532　瑞耘,TW0006532005,2016/09/26,上櫃,半導體業,ESVUFR,
6535　順藥,TW0006535008,2016/09/26,上櫃,生技醫療業,ESVUFR,
6538　倉和,TW0006538002,2016/10/21,上櫃,電子零組件業,ESVUFR,
6542　隆中,TW0006542004,2016/09/08,上櫃,文化創意業,ESVUFR,
6546　正基,TW0006546005,2022/05/24,上櫃,通信網路業,ESVUFR,
6547　高端疫苗,TW0006547003,2018/04/17,上櫃,生技醫療業,ESVUFR,
6548　長科*,TW0006548001,2016/09/13,上櫃,半導體業,ESVUFR,
6556　勝品,TW0006556004,2017/10/31,上櫃,光電業,ESVUFR,
6560　欣普羅,TW0006560006,2017/01/24,上櫃,光電業,ESVUFR,
6561　是方,TW0006561004,2018/06/05,上櫃,通信網路業,ESVUFR,
6568　宏觀,TW0006568009,2016/12/28,上櫃,半導體業,ESVUFR,
6569　醫揚,TW0006569007,2016/12/21,上櫃,生技醫療業,ESVUFR,
6570　維田,TW0006570005,2017/12/11,上櫃,電腦及週邊設備業,ESVUFR,
6574　霈方,TW0006574007,2017/09/04,上櫃,生技醫療業,ESVUFR,
6576　逸達,TW0006576002,2018/06/29,上櫃,生技醫療業,ESVUFR,
6577　勁豐,TW0006577000,2017/03/21,上櫃,電腦及週邊設備業,ESVUFR,
6578　達邦蛋白,TW0006578008,2018/09/18,上櫃,農業科技業,ESVUFR,
6584　南俊國際,TW0006584006,2023/05/18,上櫃,電子零組件業,ESVUFR,
6588　東典光電,TW0006588007,2020/07/01,上櫃,通信網路業,ESVUFR,
6590　普鴻,TW0006590003,2018/12/24,上櫃,資訊服務業,ESVUFR,
6593　台灣銘板,TW0006593007,2017/11/03,上櫃,資訊服務業,ESVUFR,
6596　寬宏藝術,TW0006596000,2018/01/04,上櫃,文化創意業,ESVUFR,
6597　立誠,TW0006597008,2025/05/08,上櫃,電子零組件業,ESVUFR,
6603　富強鑫,TW0006603004,2004/04/05,上櫃,電機機械,ESVUFR,
6609　瀧澤科,TW0006609001,2003/09/23,上櫃,電機機械,ESVUFR,
6612　奈米醫材,TW0006612005,2018/07/18,上櫃,生技醫療業,ESVUFR,
6613　朋億*,TW0006613003,2017/12/28,上櫃,其他電子業,ESVUFR,
6615　慧智,TW0006615008,2018/01/22,上櫃,生技醫療業,ESVUFR,
6616　特昇-KY,KYG870931030,2018/01/10,上櫃,居家生活,ESVUFR,
6617　共信-KY,KYG409471060,2024/06/18,上櫃,生技醫療業,ESVUFR,
6620　漢達,TW0006620008,2025/12/23,上櫃,生技醫療業,ESVUFR,
6624　萬年清,TW0006624000,2019/05/28,上櫃,綠能環保,ESVUFR,
6629　泰金-KY,KYG877791072,2019/06/06,上櫃,居家生活,ESVUFR,
6637　醫影,TW0006637002,2024/06/18,上櫃,生技醫療業,ESVUFR,
6640　均華,TW0006640006,2018/10/23,上櫃,半導體業,ESVUFR,
6642　富致,TW0006642002,2019/09/23,上櫃,電子零組件業,ESVUFR,
6643　M31,TW0006643000,2019/01/23,上櫃,半導體業,ESVUFR,
6649　台生材,TW0006649007,2019/06/05,上櫃,生技醫療業,ESVUFR,
6651　全宇昕,TW0006651003,2021/02/01,上櫃,半導體業,ESVUFR,
6654　天正國際,TW0006654007,2018/10/23,上櫃,其他電子業,ESVUFR,
6661　威健生技,TW0006661002,2021/01/27,上櫃,生技醫療業,ESVUFR,
6662　樂斯科,TW0006662000,2019/03/26,上櫃,生技醫療業,ESVUFR,
6664　群翊,TW0006664006,2018/09/12,上櫃,電子零組件業,ESVUFR,
6667　信紘科,TW0006667009,2018/11/13,上櫃,其他電子業,ESVUFR,
6679　鈺太,TW0006679004,2019/05/09,上櫃,半導體業,ESVUFR,
6680　鑫創電子,TW0006680002,2019/09/16,上櫃,電腦及週邊設備業,ESVUFR,
6683　雍智科技,TW0006683006,2019/04/23,上櫃,半導體業,ESVUFR,
6684　安格,TW0006684004,2021/08/11,上櫃,半導體業,ESVUFR,
6690　安碁資訊,TW0006690001,2019/10/30,上櫃,數位雲端,ESVUFR,
6692　進能服,TW0006692007,2024/02/02,上櫃,綠能環保,ESVUFR,
6693　廣閎科,TW0006693005,2022/03/01,上櫃,半導體業,ESVUFR,
6697　東捷資訊,TW0006697006,2019/12/26,上櫃,資訊服務業,ESVUFR,
6703　軒郁,TW0006703002,2020/10/20,上櫃,生技醫療業,ESVUFR,
6708　天擎,TW0006708001,2022/12/29,上櫃,半導體業,ESVUFR,
6712　長聖,TW0006712003,2021/01/08,上櫃,生技醫療業,ESVUFR,
6716　應廣,TW0006716004,2020/03/27,上櫃,半導體業,ESVUFR,
6720　久昌,TW0006720006,2024/12/04,上櫃,半導體業,ESVUFR,
6721　信實,TW0006721004,2022/04/29,上櫃,其他業,ESVUFR,
6725　矽科宏晟,TW0006725005,2025/12/30,上櫃,其他電子業,ESVUFR,
6727　亞泰金屬,TW0006727001,2020/12/01,上櫃,電子零組件業,ESVUFR,
6728　上洋,TW0006728009,2020/12/25,上櫃,居家生活,ESVUFR,
6730　常廣,TW0006730005,2025/12/10,上櫃,生技醫療業,ESVUFR,
6732　昇佳電子,TW0006732001,2020/06/08,上櫃,半導體業,ESVUFR,
6733　博晟生醫,TW0006733009,2021/01/28,上櫃,生技醫療業,ESVUFR,
6735　美達科技,TW0006735004,2022/04/29,上櫃,其他電子業,ESVUFR,
6739　竹陞科技,TW0006739006,2024/09/02,上櫃,其他電子業,ESVUFR,
6741　91APP*-KY,KYG6525T1022,2021/05/25,上櫃,數位雲端,ESVUFR,
6751　智聯服務,TW0006751001,2020/12/25,上櫃,資訊服務業,ESVUFR,
6752　叡揚,TW0006752009,2020/12/10,上櫃,資訊服務業,ESVUFR,
6761　穩得,TW0006761000,2021/11/08,上櫃,電子零組件業,ESVUFR,
6762　達亞,TW0006762008,2020/12/18,上櫃,生技醫療業,ESVUFR,
6763　綠界科技*,TW0006763006,2022/03/15,上櫃,數位雲端,ESVUFR,
6767　台微醫,TW0006767007,2021/01/25,上櫃,生技醫療業,ESVUFR,
6785　昱展新藥,TW0006785009,2024/01/24,上櫃,生技醫療業,ESVUFR,
6788　華景電,TW0006788003,2021/09/29,上櫃,半導體業,ESVUFR,
6791　虎門科技,TW0006791007,2022/11/14,上櫃,資訊服務業,ESVUFR,
6803　崑鼎,TW0006803000,2010/05/27,上櫃,綠能環保,ESVUFR,
6804　明係,TW0006804008,2022/03/31,上櫃,運動休閒,ESVUFR,
6811　宏碁資訊,TW0006811003,2022/08/09,上櫃,數位雲端,ESVUFR,
6821　聯寶,TW0006821002,2023/05/22,上櫃,電子零組件業,ESVUFR,
6823　濾能,TW0006823008,2022/06/30,上櫃,半導體業,ESVUFR,
6829　千附精密,TW0006829005,2022/03/11,上櫃,半導體業,ESVUFR,
6840　東研信超,TW0006840002,2023/03/24,上櫃,其他電子業,ESVUFR,
6841　長佳智能,TW0006841000,2023/03/01,上櫃,生技醫療業,ESVUFR,
6843　進典,TW0006843006,2022/11/21,上櫃,電機機械,ESVUFR,
6844　諾貝兒,TW0006844004,2024/03/08,上櫃,生技醫療業,ESVUFR,
6846　綠茵,TW0006846009,2023/05/15,上櫃,食品工業,ESVUFR,
6855　數泓科,TW0006855000,2022/10/06,上櫃,其他電子業,ESVUFR,
6856　鑫傳,TW0006856008,2023/10/27,上櫃,文化創意業,ESVUFR,
6859　伯特光,TW0006859002,2022/11/28,上櫃,光電業,ESVUFR,
6865　偉康科技,TW0006865009,2023/01/11,上櫃,數位雲端,ESVUFR,
6870　騰雲,TW0006870009,2023/09/14,上櫃,數位雲端,ESVUFR,
6872　浩宇生醫,TW0006872005,2025/03/07,上櫃,生技醫療業,ESVUFR,
6874　倍力,TW0006874001,2022/12/14,上櫃,資訊服務業,ESVUFR,
6875　國邑*,TW0006875008,2024/03/26,上櫃,生技醫療業,ESVUFR,
6877　鏵友益,TW0006877004,2023/06/16,上櫃,其他電子業,ESVUFR,
6881　潤德,TW0006881006,2024/05/21,上櫃,其他業,ESVUFR,
6884　海柏特,TW0006884000,2025/12/17,上櫃,資訊服務業,ESVUFR,
6894　衛司特,TW0006894009,2023/11/29,上櫃,綠能環保,ESVUFR,
6895　宏碩系統,TW0006895006,2023/08/22,上櫃,半導體業,ESVUFR,
6899　創為精密,TW0006899008,2024/04/08,上櫃,光電業,ESVUFR,
6903　巨漢,TW0006903008,2024/06/12,上櫃,其他電子業,ESVUFR,
6904　伯鑫,TW0006904006,2023/12/05,上櫃,其他業,ESVUFR,
6907　雅特力-KY,KYG0511A1022,2026/01/29,上櫃,半導體業,ESVUFR,
6910　德鴻,TW0006910003,2025/12/11,上櫃,數位雲端,ESVUFR,
6913　鴻呈,TW0006913007,2024/10/01,上櫃,電子零組件業,ESVUFR,
6922　宸曜,TW0006922008,2023/11/09,上櫃,電腦及週邊設備業,ESVUFR,
6925　意藍,TW0006925001,2025/05/28,上櫃,數位雲端,ESVUFR,
6929　佑全,TW0006929003,2024/03/28,上櫃,生技醫療業,ESVUFR,
6953　家碩,TW0006953003,2024/05/13,上櫃,半導體業,ESVUFR,
6961　旅天下,TW0006961006,2026/01/22,上櫃,觀光餐旅,ESVUFR,
6967　汎瑋材料,TW0006967003,2024/09/25,上櫃,電子零組件業,ESVUFR,
6968　萬達寵物,TW0006968001,2024/08/14,上櫃,居家生活,ESVUFR,
6971　惠民實業,TW0006971005,2025/10/02,上櫃,綠能環保,ESVUFR,
6982　大井泵浦,TW0006982002,2024/12/18,上櫃,電機機械,ESVUFR,
6996　力領科技,TW0006996002,2024/12/10,上櫃,半導體業,ESVUFR,
6997　博弘,TW0006997000,2024/12/16,上櫃,數位雲端,ESVUFR,
7402　邑錡,TW0007402000,2015/12/29,上櫃,光電業,ESVUFR,
7547　碩網,TW0007547B12,2025/07/29,上櫃,數位雲端,ESVUFR,
7556　意德士,TW0007556B10,2020/10/30,上櫃,半導體業,ESVUFR,
7584　樂意,TW0007584B16,2024/07/25,上櫃,文化創意業,ESVUFR,
7642　昶瑞機電,TW0007642B16,2025/05/22,上櫃,電機機械,ESVUFR,
7703　銳澤,TW0007703001,2024/11/13,上櫃,其他電子業,ESVUFR,
7704　明遠精密,TW0007704009,2024/12/16,上櫃,半導體業,ESVUFR,
7708　全家餐飲,TW0007708000,2024/11/15,上櫃,觀光餐旅,ESVUFR,
7709　榮田,TW0007709008,2025/02/25,上櫃,電機機械,ESVUFR,
7712　博盛半導體,TW0007712002,2024/12/26,上櫃,半導體業,ESVUFR,
7713　威力德生醫,TW0007713000,2025/02/24,上櫃,生技醫療業,ESVUFR,
7714　創泓科技,TW0007714008,2025/01/15,上櫃,數位雲端,ESVUFR,
7715　裕山,TW0007715005,2025/01/15,上櫃,綠能環保,ESVUFR,
7716　昱臺國際,TW0007716003,2025/10/28,上櫃,航運業,ESVUFR,
7717　萊德光電-KY,KYG5486D1060,2025/11/17,上櫃,通信網路業,ESVUFR,
7718　友鋮,TW0007718009,2025/03/18,上櫃,鋼鐵工業,ESVUFR,
7723　築間,TW0007723009,2025/04/30,上櫃,觀光餐旅,ESVUFR,
7728　光焱科技,TW0007728008,2025/03/06,上櫃,其他電子業,ESVUFR,
7734　印能科技,TW0007734006,2025/02/26,上櫃,半導體業,ESVUFR,
7738　東聯互動,TW0007738007,2025/10/16,上櫃,數位雲端,ESVUFR,
7743　金利食安,TW0007743007,2025/05/20,上櫃,食品工業,ESVUFR,
7744　崴寶,TW0007744005,2025/11/27,上櫃,電子零組件業,ESVUFR,
7747　昕奇雲端,TW0007747008,2025/07/11,上櫃,數位雲端,ESVUFR,
7751　竑騰,TW0007751000,2025/08/26,上櫃,半導體業,ESVUFR,
7753　星亞,TW0007753006,2025/08/11,上櫃,光電業,ESVUFR,
7757　金色三麥,TW0007757007,2025/10/20,上櫃,觀光餐旅,ESVUFR,
7767　仁大資訊,TW0007767006,2025/12/10,上櫃,資訊服務業,ESVUFR,
7770　君曜,TW0007770000,2025/12/10,上櫃,半導體業,ESVUFR,
7772　耀穎,TW0007772006,2026/05/08,上櫃,半導體業,ESVUFR,
7777　能率亞洲,TW0007777005,2025/12/22,上櫃,其他業,ESVUFR,
7782　光速火箭,TW0007782005,2025/10/28,上櫃,居家生活,ESVUFR,
7792　安葆,TW0007792004,2026/01/28,上櫃,其他電子業,ESVUFR,
7794　宏碁智新,TW0007794000,2026/04/20,上櫃,居家生活,ESVUFR,
7805　威聯通,TW0007805004,2025/12/22,上櫃,數位雲端,ESVUFR,
7810　捷創科技,TW0007810004,2025/12/23,上櫃,半導體業,ESVUFR,
7811　民盛,TW0007811002,2026/03/25,上櫃,運動休閒,ESVUFR,
7820　立盈,TW0007820003,2026/04/27,上櫃,綠能環保,ESVUFR,
7828　創新服務,TW0007828006,2026/04/22,上櫃,半導體業,ESVUFR,
7842　天能綠電,TW0007842007,2026/05/11,上櫃,綠能環保,ESVUFR,
8024　佑華,TW0008024001,2006/09/25,上櫃,半導體業,ESVUFR,
8027　鈦昇,TW0008027004,2015/06/09,上櫃,電機機械,ESVUFR,
8032　光菱,TW0008032004,2003/10/02,上櫃,電子通路業,ESVUFR,
8034　榮群,TW0008034000,2004/05/06,上櫃,通信網路業,ESVUFR,
8038　長園科,TW0008038001,2013/11/21,上櫃,電子零組件業,ESVUFR,
8040　九暘,TW0008040007,2007/04/30,上櫃,半導體業,ESVUFR,
8042　金山電,TW0008042003,2004/03/22,上櫃,電子零組件業,ESVUFR,
8043　蜜望實,TW0008043001,2003/10/24,上櫃,電子零組件業,ESVUFR,
8044　網家,TW0008044009,2005/01/24,上櫃,數位雲端,ESVUFR,
8047　星雲,TW0008047002,2004/02/09,上櫃,其他電子業,ESVUFR,
8048　德勝,TW0008048000,2009/09/08,上櫃,通信網路業,ESVUFR,
8049　晶采,TW0008049008,2004/02/02,上櫃,光電業,ESVUFR,
8050　廣積,TW0008050006,2003/10/24,上櫃,電腦及週邊設備業,ESVUFR,
8054　安國,TW0008054008,2004/11/08,上櫃,半導體業,ESVUFR,
8059　凱碩,TW0008059007,2010/03/16,上櫃,通信網路業,ESVUFR,
8064　東捷,TW0008064007,2006/09/25,上櫃,光電業,ESVUFR,
8066　來思達,TW0008066002,2004/12/24,上櫃,居家生活,ESVUFR,
8067　志旭,TW0008067000,2004/04/23,上櫃,電子通路業,ESVUFR,
8068　全達,TW0008068008,2004/03/25,上櫃,電子通路業,ESVUFR,
8069　元太,TW0008069006,2004/03/30,上櫃,光電業,ESVUFR,
8071　能率網通,TW0008071002,2003/12/29,上櫃,電子零組件業,ESVUFR,
8074　鉅橡,TW0008074006,2004/01/27,上櫃,電子零組件業,ESVUFR,
8076　伍豐,TW0008076001,2003/12/15,上櫃,電腦及週邊設備業,ESVUFR,
8077　洛碁,TW0008077009,2004/12/06,上櫃,觀光餐旅,ESVUFR,
8080　泰霖,TW0008080003,2021/04/07,上櫃,建材營造業,ESVUFR,
8083　瑞穎,TW0008083007,2004/09/23,上櫃,電機機械,ESVUFR,
8084　巨虹,TW0008084005,2004/03/08,上櫃,電子通路業,ESVUFR,
8085　福華,TW0008085002,2004/03/01,上櫃,其他電子業,ESVUFR,
8086　宏捷科,TW0008086000,2009/06/01,上櫃,半導體業,ESVUFR,
8087　麗升能源,TW0008087008,2004/02/25,上櫃,綠能環保,ESVUFR,
8088　品安,TW0008088006,2004/02/27,上櫃,半導體業,ESVUFR,
8089　康全電訊,TW0008089004,2020/09/23,上櫃,通信網路業,ESVUFR,
8091　翔名,TW0008091000,2004/06/24,上櫃,半導體業,ESVUFR,
8092　建暐,TW0008092008,2004/02/02,上櫃,其他電子業,ESVUFR,
8093　保銳,TW0008093006,2004/12/31,上櫃,電子零組件業,ESVUFR,
8096　擎亞,TW0008096009,2004/07/15,上櫃,電子通路業,ESVUFR,
8097　常珵,TW0008097007,2004/03/01,上櫃,通信網路業,ESVUFR,
8099　大世科,TW0008099003,2004/03/29,上櫃,資訊服務業,ESVUFR,
8102　傑霖科技,TW0008102005,2025/12/22,上櫃,半導體業,ESVUFR,
8107　大億金茂,TW0008107004,2005/11/15,上櫃,電機機械,ESVUFR,
8109　博大,TW0008109000,2005/03/22,上櫃,電子零組件業,ESVUFR,
8111　立碁,TW0008111006,2004/02/09,上櫃,光電業,ESVUFR,
8121　越峰,TW0008121005,2005/02/17,上櫃,電子零組件業,ESVUFR,
8147　正淩,TW0008147000,2013/04/30,上櫃,電子零組件業,ESVUFR,
8155　博智,TW0008155003,2012/12/18,上櫃,電子零組件業,ESVUFR,
8171　天宇,TW0008171000,2011/12/19,上櫃,綠能環保,ESVUFR,
8176　智捷,TW0008176009,2013/06/25,上櫃,通信網路業,ESVUFR,
8182　加高,TW0008182007,2006/05/25,上櫃,電子零組件業,ESVUFR,
8183　精星,TW0008183005,2005/03/30,上櫃,其他電子業,ESVUFR,
8227　巨有科技,TW0008227000,2022/12/20,上櫃,半導體業,ESVUFR,
8234　新漢,TW0008234006,2007/06/07,上櫃,電腦及週邊設備業,ESVUFR,
8240　華宏,TW0008240003,2005/06/23,上櫃,光電業,ESVUFR,
8255　朋程,TW0008255001,2006/04/25,上櫃,電機機械,ESVUFR,
8272　全景軟體,TW0008272006,2024/10/23,上櫃,資訊服務業,ESVUFR,
8277　商丞,TW0008277005,2004/12/27,上櫃,半導體業,ESVUFR,
8279　生展,TW0008279001,2016/09/26,上櫃,生技醫療業,ESVUFR,
8284　三竹,TW0008284001,2020/05/18,上櫃,資訊服務業,ESVUFR,
8289　泰藝,TW0008289000,2008/04/24,上櫃,電子零組件業,ESVUFR,
8291　尚茂,TW0008291006,2011/11/29,上櫃,電子零組件業,ESVUFR,
8299　群聯,TW0008299009,2004/12/06,上櫃,半導體業,ESVUFR,
8342　益張,TW0008342007,2017/11/23,上櫃,其他業,ESVUFR,
8349　恒耀,TW0008349002,2006/03/10,上櫃,鋼鐵工業,ESVUFR,
8354　冠好,TW0008354002,2004/04/15,上櫃,其他業,ESVUFR,
8358　金居,TW0008358003,2010/09/27,上櫃,電子零組件業,ESVUFR,
8383　千附,TW0008383001,2004/09/10,上櫃,半導體業,ESVUFR,
8390　金益鼎,TW0008390006,2008/05/21,上櫃,綠能環保,ESVUFR,
8401　白紗科,TW0008401001,2010/03/29,上櫃,其他業,ESVUFR,
8403　盛弘,TW0008403007,2011/03/01,上櫃,生技醫療業,ESVUFR,
8409　商之器,TW0008409004,2013/11/25,上櫃,生技醫療業,ESVUFR,
8410　森田,TW0008410002,2011/02/23,上櫃,電腦及週邊設備業,ESVUFR,
8415　大國鋼,TW0008415001,2016/09/07,上櫃,鋼鐵工業,ESVUFR,
8416　實威,TW0008416009,2012/09/19,上櫃,資訊服務業,ESVUFR,
8421　旭源,TW0008421009,2012/11/23,上櫃,其他業,ESVUFR,
8423　保綠-KY,KYG715991074,2012/03/14,上櫃,綠能環保,ESVUFR,
8424　惠普,TW0008424003,2012/12/18,上櫃,建材營造業,ESVUFR,
8426　紅木-KY,KYG7457N1051,2011/12/13,上櫃,其他業,ESVUFR,
8431　匯鑽科,TW0008431008,2015/03/30,上櫃,其他電子業,ESVUFR,
8432　東生華,TW0008432006,2012/04/30,上櫃,生技醫療業,ESVUFR,
8433　弘帆,TW0008433004,2012/12/19,上櫃,居家生活,ESVUFR,
8435　鉅邁,TW0008435009,2012/12/28,上櫃,其他業,ESVUFR,
8436　大江,TW0008436007,2013/09/12,上櫃,生技醫療業,ESVUFR,
8437　大地-KY,KYG2615N1051,2015/05/06,上櫃,其他業,ESVUFR,
8440　綠電,TW0008440009,2018/03/28,上櫃,綠能環保,ESVUFR,
8444　綠河-KY,KYG409691006,2015/10/27,上櫃,其他業,ESVUFR,
8446　華研,TW0008446006,2013/12/19,上櫃,文化創意業,ESVUFR,
8450　霹靂,TW0008450008,2014/10/07,上櫃,文化創意業,ESVUFR,
8455　大拓-KY,KYG264101034,2016/01/08,上櫃,其他電子業,ESVUFR,
8472　夠麻吉,TW0008472002,2016/01/11,上櫃,數位雲端,ESVUFR,
8477　創業家,TW0008477001,2025/08/25,上櫃,數位雲端,ESVUFR,
8489　三貝德,TW0008489006,2017/04/27,上櫃,其他業,ESVUFR,
8905　裕國,TW0008905001,1996/01/31,上櫃,其他業,ESVUFR,
8906　花王,TW0008906009,1996/04/23,上櫃,其他業,ESVUFR,
8908　欣雄,TW0008908005,1997/02/14,上櫃,油電燃氣業,ESVUFR,
8916　光隆,TW0008916008,1999/04/20,上櫃,其他業,ESVUFR,
8917　欣泰,TW0008917006,1999/05/06,上櫃,油電燃氣業,ESVUFR,
8921　沈氏,TW0008921008,2000/03/21,上櫃,其他業,ESVUFR,
8923　時報,TW0008923004,1999/12/27,上櫃,文化創意業,ESVUFR,
8924　大田,TW0008924002,2000/02/09,上櫃,運動休閒,ESVUFR,
8927　北基,TW0008927005,2000/11/02,上櫃,油電燃氣業,ESVUFR,
8928　鉅明,TW0008928003,2001/02/02,上櫃,運動休閒,ESVUFR,
8929　富堡,TW0008929001,2000/11/30,上櫃,其他業,ESVUFR,
8930　青鋼,TW0008930009,2000/12/06,上櫃,鋼鐵工業,ESVUFR,
8931　大汽電,TW0008931007,2001/05/10,上櫃,油電燃氣業,ESVUFR,
8932　智通*,TW0008932005,2001/03/29,上櫃,其他業,ESVUFR,
8933　愛地雅,TW0008933003,2001/03/28,上櫃,運動休閒,ESVUFR,
8935　邦泰,TW0008935008,2002/03/26,上櫃,其他業,ESVUFR,
8936　國統,TW0008936006,2002/09/09,上櫃,其他業,ESVUFR,
8937　合騏*,TW0008937004,2002/10/29,上櫃,其他業,ESVUFR,
8938　明安,TW0008938002,2002/12/02,上櫃,運動休閒,ESVUFR,
8941　關中,TW0008941006,2003/01/20,上櫃,居家生活,ESVUFR,
8942　森鉅,TW0008942004,2003/05/16,上櫃,其他業,ESVUFR,
9949　琉園,TW0009949008,2003/11/21,上櫃,文化創意業,ESVUFR,
9950　萬國通,TW0009950006,2004/02/17,上櫃,塑膠工業,ESVUFR,
9951　皇田,TW0009951004,2003/12/18,上櫃,電機機械,ESVUFR,
9960　邁達康,TW0009960005,2004/12/06,上櫃,運動休閒,ESVUFR,
9962　有益,TW0009962001,2006/07/10,上櫃,鋼鐵工業,ESVUFR,
特別股
8349A　恒耀甲特,TW0008349A03,2020/02/24,上櫃,,EPNRAR,
受益證券-資產基礎證券
01014S　93中信貸a,TW00001014S3,2004/08/10,上櫃,,DAVUBR,
01015S　93中信貸b,TW00001015S0,2004/08/10,上櫃,,DAVUBR,
01016S　93中信貸c,TW00001016S8,2004/08/10,上櫃,,DAVUBR,
01017S　93中信貸d,TW00001017S6,2004/08/10,上櫃,,DAVUBR,
01111S　081中租賃A,TW00001111S7,2019/12/11,上櫃,,DAFUFR,
01112S　081中租賃B,TW00001112S5,2019/12/11,上櫃,,DAFUFR,
01113S　111中租賃A,TW00001113S3,2022/04/15,上櫃,,DAFUFR,
01114S　111中租賃B,TW00001114S1,2022/04/15,上櫃,,DAFUFR,
