有價證券代號及名稱,國際證券辨識號碼(ISIN Code),發行日,到期日,利率值,市場別,產業別,CFICode,備註
轉換公司債
11011　台泥一永,TW0001101103,2024/12/10,2029/12/10,0.000000,上櫃,,DCZUDR,
12561　鮮活果汁一KY,TW0001256105,2025/10/08,2028/10/08,0.000000,上櫃,,DCZUDR,
13166　上曜六,TW0001316602,2024/12/27,2027/12/27,0.000000,上櫃,,DCZSDR,
13382　廣華二KY,TW0001338200,2023/12/01,2028/12/01,0.000000,上櫃,,DCZUDR,
14363　華友聯三,TW0001436301,2024/08/27,2027/08/27,0.000000,上櫃,,DCZUDR,
14364　華友聯四,TW0001436400,2025/03/18,2028/03/18,0.000000,上櫃,,DCZUDR,
14381　三地開發一,TW0001438109,2024/12/19,2029/12/19,0.000000,上櫃,,DCZSDR,
14664　聚隆四,TW0001466407,2025/06/20,2028/06/20,0.000000,上櫃,,DCZSGR,
14722　三洋實業二,TW0001472207,2025/05/29,2028/05/29,0.000000,上櫃,,DCZSDR,
14723　三洋實業三,TW0001472306,2025/06/17,2028/06/17,0.000000,上櫃,,DCZUDR,
14743　弘裕三,TW0001474302,2025/03/31,2028/03/31,0.000000,上櫃,,DCZUGR,
15142　亞力二,TW0001514206,2025/01/13,2030/01/13,0.000000,上櫃,,DCZUDR,
15261　日馳一,TW0001526101,2023/09/19,2026/09/19,0.000000,上櫃,,DCZUGR,
15364　和大四,TW0001536407,2024/08/12,2027/08/12,0.000000,上櫃,,DCZUDR,
15601　中砂一,TW0001560100,2024/06/24,2029/06/24,0.000000,上櫃,,DCZUDR,
15864　和勤四,TW0001586402,2023/08/30,2026/08/30,0.000000,上櫃,,DCZSGR,
15865　和勤五,TW0001586501,2023/08/31,2026/08/31,0.000000,上櫃,,DCZUGR,
15894　永冠四KY,TW0001589406,2023/02/20,2028/02/20,0.000000,上櫃,,DCZUDR,
15952　川寶二,TW0001595205,2024/09/02,2029/09/02,0.000000,上櫃,,DCZUDR,
15984　岱宇四,TW0001598407,2025/03/03,2028/03/03,0.000000,上櫃,,DCZUDR,
16095　大亞五,TW0001609501,2024/09/30,2029/09/30,0.000000,上櫃,,DCZUDR,
17813　合世三,TW0001781300,2024/09/24,2027/09/24,0.000000,上櫃,,DCZSGR,
17863　科妍三,TW0001786309,2025/08/01,2028/08/01,0.000000,上櫃,,DCZUDR,
19094　榮成四,TW0001909406,2021/12/20,2026/12/20,0.000000,上櫃,,DCZUDR,
20344　允強四,TW0002034402,2024/10/02,2029/10/02,0.000000,上櫃,,DCZUDR,
20662　世德二,TW0002066206,2023/07/31,2026/07/31,0.000000,上櫃,,DCZUGR,
21043　國際中橡三,TW0002104304,2023/10/13,2028/10/13,0.000000,上櫃,,DCZUDR,
22013　裕隆三,TW0002201308,2023/05/25,2028/05/25,0.000000,上櫃,,DCZUDR,
22283　劍麟三,TW0002228301,2024/08/29,2027/08/29,0.000000,上櫃,,DCZUGR,
22331　宇隆一,TW0002233103,2026/01/23,2029/01/23,0.000000,上櫃,,DCZUGR,
22363　百達三KY,TW0002236304,2026/02/10,2031/02/10,0.000000,上櫃,,DCZUDR,
22471　汎德永業一,TW0002247103,2025/06/26,2028/06/26,0.000000,上櫃,,DCZUGR,
22472　汎德永業二,TW0002247202,2025/06/30,2028/06/30,0.000000,上櫃,,DCZUGR,
23291　華泰一,TW0002329109,2026/03/18,2029/03/18,0.000000,上櫃,,DCZUGR,
23372　旺宏二,TW0002337201,2025/03/24,2028/03/24,0.000000,上櫃,,DCZUGR,
23383　光罩三,TW0002338308,2021/08/03,2026/08/03,0.000000,上櫃,,DCZUDR,
23511　順德一,TW0002351103,2025/06/17,2028/06/17,0.000000,上櫃,,DCZUGR,
23683　金像電三,TW0002368305,2025/11/24,2030/11/24,0.000000,上櫃,,DCZUDR,
23742　佳能二,TW0002374204,2026/02/02,2031/02/02,0.000000,上櫃,,DCZUDR,
24023　毅嘉三,TW0002402302,2025/11/19,2028/11/19,0.000000,上櫃,,DCZUDR,
24271　三商電一,TW0002427101,2023/12/13,2028/12/13,0.000000,上櫃,,DCZUDR,
24361　偉詮電一,TW0002436102,2023/09/11,2026/09/11,0.000000,上櫃,,DCZUDR,
24394　美律四,TW0002439403,2024/07/10,2027/07/10,0.000000,上櫃,,DCZUGR,
24395　美律五,TW0002439502,2024/07/22,2027/07/22,0.000000,上櫃,,DCZUGR,
24423　新美齊三,TW0002442308,2024/11/29,2027/11/29,0.000000,上櫃,,DCZUDR,
24424　新美齊四,TW0002442407,2024/12/25,2027/12/25,0.000000,上櫃,,DCZUDR,
24552　全新二,TW0002455201,2026/01/23,2029/01/23,0.000000,上櫃,,DCZUGR,
24553　全新三,TW0002455300,2026/01/27,2029/01/27,0.000000,上櫃,,DCZUGR,
24624　良得電四,TW0002462405,2023/08/11,2026/08/11,0.000000,上櫃,,DCZUDR,
24642　盟立二,TW0002464203,2024/09/16,2027/09/16,0.000000,上櫃,,DCZUDR,
24672　志聖二,TW0002467206,2026/01/09,2029/01/09,0.000000,上櫃,,DCZUDR,
24673　志聖三,TW0002467305,2026/01/22,2029/01/22,0.000000,上櫃,,DCZUDR,
24762　鉅祥二,TW0002476207,2024/01/26,2027/01/26,0.000000,上櫃,,DCZUGR,
24866　一詮六,TW0002486602,2024/07/01,2027/07/01,0.000000,上櫃,,DCZUDR,
25283　皇普三,TW0002528304,2024/12/31,2029/12/31,0.000000,上櫃,,DCZSDR,
25284　皇普四,TW0002528403,2025/01/17,2030/01/17,0.000000,上櫃,,DCZUDR,
25303　華建三,TW0002530300,2025/06/23,2028/06/23,0.000000,上櫃,,DCZUDR,
25304　華建四,TW0002530409,2025/06/30,2028/06/30,0.000000,上櫃,,DCZUDR,
25483　華固三,TW0002548302,2024/10/02,2029/10/02,0.000000,上櫃,,DCZUDR,
25484　華固四,TW0002548401,2024/10/18,2029/10/18,0.000000,上櫃,,DCZUDR,
26417　正德七,TW0002641701,2024/07/26,2027/07/26,0.000000,上櫃,,DCZUGR,
26418　正德八,TW0002641800,2025/08/06,2030/08/06,0.000000,上櫃,,DCZUDR,
27271　王品一,TW0002727104,2023/03/29,2028/03/29,0.000000,上櫃,,DCZUDR,
27323　六角三,TW0002732302,2024/01/26,2027/01/26,0.000000,上櫃,,DCZUDR,
27324　六角四,TW0002732401,2025/12/08,2028/12/08,0.000000,上櫃,,DCZUDR,
27431　山富一,TW0002743101,2025/08/28,2028/08/28,0.000000,上櫃,,DCZUDR,
27451　五福一,TW0002745106,2026/01/05,2029/01/05,0.000000,上櫃,,DCZUDR,
27531　八方雲集一,TW0002753100,2025/10/09,2028/10/09,0.000000,上櫃,,DCZUGR,
27532　八方雲集二,TW0002753209,2025/10/20,2028/10/20,0.000000,上櫃,,DCZUGR,
27551　揚秦一,TW0002755105,2025/01/15,2028/01/15,0.000000,上櫃,,DCZUGR,
27561　聯發國際一,TW0002756103,2024/05/30,2027/05/30,0.000000,上櫃,,DCZUDR,
29061　高林一,TW0002906104,2023/09/20,2026/09/20,0.000000,上櫃,,DCZUDR,
30112　今皓二,TW0003011201,2026/03/26,2029/03/26,0.000000,上櫃,,DCZSDR,
30134　晟銘電四,TW0003013405,2024/10/18,2027/10/18,0.000000,上櫃,,DCZSGR,
30165　嘉晶五,TW0003016507,2024/07/26,2027/07/26,0.000000,上櫃,,DCZUFR,
30321　偉訓一,TW0003032108,2025/11/13,2028/11/13,0.000000,上櫃,,DCZUDR,
30322　偉訓二,TW0003032207,2025/11/25,2030/11/25,0.000000,上櫃,,DCZUDR,
30336　威健六,TW0003033601,2022/06/01,2027/06/01,0.000000,上櫃,,DCZUDR,
30337　威健七,TW0003033700,2024/09/11,2029/09/11,0.000000,上櫃,,DCZUDR,
30371　欣興一,TW0003037107,2025/11/03,2030/11/03,0.000000,上櫃,,DCZUDR,
30401　遠見一,TW0003040101,2025/06/30,2028/06/30,0.000000,上櫃,,DCZUDR,
30454　台灣大四,TW0003045407,2025/02/24,2030/02/24,0.000000,上櫃,,DCZUDR,
30455　台灣大五,TW0003045506,2025/02/25,2030/02/25,0.000000,上櫃,,DCZUDR,
30882　艾訊二,TW0003088209,2023/08/28,2026/08/28,0.000000,上櫃,,DCZUGR,
30922　鴻碩二,TW0003092201,2023/07/04,2026/07/04,0.000000,上櫃,,DCZUDR,
30954　及成四,TW0003095402,2025/02/25,2028/02/25,0.000000,上櫃,,DCZSDR,
31222　笙泉二,TW0003122206,2024/05/03,2027/05/03,0.000000,上櫃,,DCZUDR,
31282　昇銳二,TW0003128203,2023/07/03,2026/07/03,0.000000,上櫃,,DCZUDR,
31311　弘塑一,TW0003131108,2025/07/30,2030/07/30,0.000000,上櫃,,DCZUDR,
31312　弘塑二,TW0003131207,2025/08/05,2030/08/05,0.000000,上櫃,,DCZUDR,
31351　凌航一,TW0003135109,2025/12/04,2028/12/04,0.000000,上櫃,,DCZUDR,
31352　凌航二,TW0003135208,2026/05/05,2029/05/05,0.000000,上櫃,,DCZUDR,
31382　耀登二,TW0003138202,2025/01/10,2027/04/22,0.000000,上櫃,,DCZUGR,
31413　晶宏三,TW0003141305,2024/05/20,2027/05/20,0.000000,上櫃,,DCZUDR,
31672　大量二,TW0003167201,2025/08/06,2028/08/06,0.000000,上櫃,,DCZUGR,
31882　鑫龍騰二,TW0003188207,2025/06/20,2028/06/20,0.000000,上櫃,,DCZUDR,
32071　耀勝一,TW0003207106,2024/03/25,2027/03/25,0.000000,上櫃,,DCZUDR,
32571　虹冠電一,TW0003257101,2024/11/01,2029/11/01,0.000000,上櫃,,DCZUDR,
32608　威剛八,TW0003260808,2026/01/08,2029/01/08,0.000000,上櫃,,DCZUDR,
32723　東碩三,TW0003272308,2024/03/07,2029/03/07,0.000000,上櫃,,DCZUDR,
32843　太普高三,TW0003284303,2025/09/15,2028/09/15,0.000000,上櫃,,DCZUDR,
33035　岱稜五,TW0003303509,2024/11/26,2029/11/26,0.000000,上櫃,,DCZUDR,
33055　昇貿五,TW0003305504,2023/12/25,2026/12/25,0.000000,上櫃,,DCZUDR,
33121　弘憶股一,TW0003312104,2024/06/25,2027/06/25,0.000000,上櫃,,DCZUGR,
33133　斐成三,TW0003313300,2024/11/29,2027/11/29,0.000000,上櫃,,DCZSGR,
33225　建舜電五,TW0003322509,2024/09/02,2027/09/02,0.000000,上櫃,,DCZUDR,
33233　加百裕三,TW0003323309,2023/06/02,2026/06/02,0.000000,上櫃,,DCZUGR,
33245　雙鴻五,TW0003324505,2024/07/31,2029/07/31,0.000000,上櫃,,DCZUDR,
33246　雙鴻六,TW0003324604,2026/03/02,2031/03/02,0.000000,上櫃,,DCZUDR,
33247　雙鴻七,TW0003324703,2026/03/16,2031/03/16,0.000000,上櫃,,DCZUDR,
33253　旭品三,TW0003325304,2023/05/09,2026/05/09,0.000000,上櫃,,DCZUDR,
33466　麗清六,TW0003346607,2024/11/27,2027/11/27,0.000000,上櫃,,DCZUDR,
33571　臺慶科一,TW0003357109,2023/10/31,2026/10/31,0.000000,上櫃,,DCZUGR,
33621　先進光一,TW0003362109,2024/07/16,2029/07/16,0.000000,上櫃,,DCZSDR,
33763　新日興三,TW0003376307,2024/08/23,2029/08/23,0.000000,上櫃,,DCZUDR,
33881　崇越電一,TW0003388104,2022/11/09,2027/11/09,0.000000,上櫃,,DCZUDR,
33902　旭軟二,TW0003390209,2025/02/21,2028/02/21,0.000000,上櫃,,DCZSGR,
34163　融程電三,TW0003416301,2024/01/25,2027/01/25,0.000000,上櫃,,DCZUDR,
34793　安勤三,TW0003479309,2024/01/22,2027/01/22,0.000000,上櫃,,DCZUGR,
34834　力致四,TW0003483400,2024/05/22,2027/05/22,0.000000,上櫃,,DCZUGR,
34843　崧騰三,TW0003484309,2023/04/24,2028/04/24,0.000000,上櫃,,DCZUDR,
35161　亞帝歐一,TW0003516100,2024/10/18,2027/10/18,0.000000,上櫃,,DCZSGR,
35181　柏騰一,TW0003518106,2024/08/15,2027/08/15,0.000000,上櫃,,DCZSGR,
35221　御嵿一,TW0003522108,2023/12/18,2026/12/18,0.000000,上櫃,,DCZSDR,
35265　凡甲五,TW0003526505,2022/02/14,2027/02/14,0.000000,上櫃,,DCZUDR,
35266　凡甲六,TW0003526604,2024/01/29,2029/01/29,0.000000,上櫃,,DCZUDR,
35267　凡甲七,TW0003526703,2025/07/24,2030/07/24,0.000000,上櫃,,DCZUDR,
35431　州巧一,TW0003543104,2025/12/26,2028/12/26,0.000000,上櫃,,DCZSDR,
35482　兆利二,TW0003548202,2024/01/08,2027/01/08,0.000000,上櫃,,DCZUGR,
35483　兆利三,TW0003548301,2025/02/25,2030/02/25,0.000000,上櫃,,DCZUDR,
35513　世禾三,TW0003551305,2025/10/28,2028/10/28,0.000000,上櫃,,DCZUGR,
35642　其陽二,TW0003564209,2024/09/03,2027/09/03,0.000000,上櫃,,DCZUGR,
35831　辛耘一,TW0003583100,2024/06/07,2027/06/07,0.000000,上櫃,,DCZUDR,
35832　辛耘二,TW0003583209,2024/06/19,2027/06/19,0.000000,上櫃,,DCZUDR,
35871　閎康一,TW0003587101,2023/06/20,2026/06/20,0.000000,上櫃,,DCZUGR,
35872　閎康二,TW0003587200,2026/02/04,2031/02/04,0.000000,上櫃,,DCZUDR,
35914　艾笛森四,TW0003591400,2024/11/22,2027/11/22,0.000000,上櫃,,DCZUGR,
36053　宏致三,TW0003605309,2024/08/06,2027/08/06,0.000000,上櫃,,DCZUGR,
36173　碩天三,TW0003617304,2025/06/16,2028/06/16,0.000000,上櫃,,DCZUGR,
36804　家登四,TW0003680401,2023/10/18,2026/10/18,0.000000,上櫃,,DCZUDR,
36805　家登五,TW0003680500,2026/05/08,2031/05/08,0.000000,上櫃,,DCZUDR,
36841　榮昌一,TW0003684106,2025/10/28,2028/10/28,0.000000,上櫃,,DCZUDR,
36872　歐買尬二,TW0003687208,2025/10/02,2028/10/02,0.000000,上櫃,,DCZUDR,
36873　歐買尬三,TW0003687307,2025/10/03,2028/10/03,0.000000,上櫃,,DCZUDR,
36894　湧德四,TW0003689402,2024/03/05,2027/03/05,0.000000,上櫃,,DCZUDR,
36913　碩禾三,TW0003691309,2024/08/30,2027/08/30,0.000000,上櫃,,DCZSGR,
37012　大眾控二,TW0003701207,2023/05/31,2026/05/31,0.000000,上櫃,,DCZUDR,
37022　大聯大二,TW0003702205,2024/11/11,2027/11/11,0.000000,上櫃,,DCZUGR,
37023　大聯大三,TW0003702304,2024/11/21,2027/11/21,0.000000,上櫃,,DCZUGR,
37075　漢磊五,TW0003707501,2025/08/20,2030/08/20,0.000000,上櫃,,DCZUDR,
37083　上緯投控三,TW0003708301,2021/09/27,2026/09/27,0.000000,上櫃,,DCZSDR,
37084　上緯投控四,TW0003708400,2021/09/28,2026/09/28,0.000000,上櫃,,DCZUDR,
37151　定穎投控一,TW0003715108,2026/01/21,2029/01/21,0.000000,上櫃,,DCZUGR,
37152　定穎投控二,TW0003715207,2026/03/24,2029/03/24,0.000000,上櫃,,DCZUGR,
37171　聯嘉投控一,TW0003717104,2026/01/21,2029/01/21,0.000000,上櫃,,DCZSDR,
41135　聯上五,TW0004113501,2025/10/27,2030/10/27,0.000000,上櫃,,DCZSDR,
41136　聯上六,TW0004113600,2026/03/20,2031/03/20,0.000000,上櫃,,DCZUDR,
41236　晟德六,TW0004123609,2023/04/26,2028/04/26,0.000000,上櫃,,DCZSGR,
41237　晟德七,TW0004123708,2023/04/27,2028/04/27,0.000000,上櫃,,DCZUDR,
41238　晟德八,TW0004123807,2026/05/04,2031/05/04,0.000000,上櫃,,DCZUDR,
41295　聯合五,TW0004129507,2025/05/29,2030/05/29,0.000000,上櫃,,DCZUDR,
41372　麗豐二KY,TW0004137203,2024/08/12,2027/08/12,0.000000,上櫃,,DCZUDR,
41645　承業醫五,TW0004164504,2025/06/20,2030/06/20,0.000000,上櫃,,DCZUDR,
41684　醣聯四,TW0004168406,2025/09/18,2028/09/18,0.000000,上櫃,,DCZSGR,
41903　佐登三KY,TW0004190301,2024/07/11,2027/07/11,0.000000,上櫃,,DCZUDR,
44163　三圓三,TW0004416300,2022/09/30,2027/09/30,0.000000,上櫃,,DCZSDR,
44383　廣越三,TW0004438304,2025/09/30,2028/09/30,0.000000,上櫃,,DCZUGR,
44391　冠星一KY,TW0004439104,2025/03/03,2028/03/03,0.000000,上櫃,,DCZUGR,
44421　竣邦一KY,TW0004442108,2025/07/28,2028/07/28,0.000000,上櫃,,DCZUDR,
45102　高鋒二,TW0004510201,2025/02/26,2028/02/26,0.000000,上櫃,,DCZUDR,
45421　科嶠一,TW0004542105,2024/09/06,2027/09/06,0.000000,上櫃,,DCZUDR,
45491　桓達一,TW0004549100,2024/11/07,2027/11/07,0.000000,上櫃,,DCZUGR,
45554　氣立四,TW0004555404,2025/06/09,2028/06/09,0.000000,上櫃,,DCZSGR,
45581　寶緯一,TW0004558101,2025/08/28,2028/08/28,0.000000,上櫃,,DCZSGR,
45641　元翎一,TW0004564109,2023/09/26,2026/09/26,0.000000,上櫃,,DCZUGR,
45663　時碩工業三,TW0004566302,2023/11/27,2026/11/27,0.000000,上櫃,,DCZUGR,
45691　六方科一KY,TW0004569108,2025/01/15,2028/01/15,0.000000,上櫃,,DCZUGR,
45721　駐龍一,TW0004572102,2024/07/16,2027/07/16,0.000000,上櫃,,DCZUDR,
45811　光隆精密一KY,TW0004581103,2025/08/15,2028/08/15,0.000000,上櫃,,DCZUDR,
47148　永捷八,TW0004714803,2026/05/04,2029/05/04,0.000000,上櫃,,DCZSDR,
47223　國精化三,TW0004722301,2025/10/01,2028/10/01,0.000000,上櫃,,DCZUGR,
47393　康普三,TW0004739305,2021/10/28,2026/10/28,0.000000,上櫃,,DCZSDR,
47394　康普四,TW0004739404,2025/12/17,2030/12/17,0.000000,上櫃,,DCZSDR,
47471　強生一,TW0004747100,2023/06/12,2026/06/12,0.000000,上櫃,,DCZUGR,
47721　台特化一,TW0004772108,2025/11/27,2028/11/27,0.000000,上櫃,,DCZUGR,
49066　正文六,TW0004906607,2023/06/02,2026/06/02,0.000000,上櫃,,DCZUDR,
49165　事欣科五,TW0004916507,2025/05/14,2030/05/14,0.000000,上櫃,,DCZUDR,
49231　力士一,TW0004923107,2026/01/29,2029/01/29,0.000000,上櫃,,DCZUDR,
49674　十銓四,TW0004967401,2026/01/15,2029/01/15,0.000000,上櫃,,DCZSGR,
49793　華星光三,TW0004979307,2024/12/09,2027/12/09,0.000000,上櫃,,DCZUDR,
49794　華星光四,TW0004979406,2024/12/25,2027/12/25,0.000000,上櫃,,DCZUDR,
50097　榮剛七,TW0005009708,2023/07/31,2026/07/31,0.000000,上櫃,,DCZUGR,
52011　凱衛一,TW0005201107,2025/10/15,2028/10/15,0.000000,上櫃,,DCZSGR,
52091　新鼎一,TW0005209100,2023/10/06,2026/10/06,0.000000,上櫃,,DCZUGR,
52121　凌網一,TW0005212104,2024/10/15,2029/10/15,0.000000,上櫃,,DCZUDR,
52303　雷笛克光學三,TW0005230304,2023/07/24,2026/07/24,0.000000,上櫃,,DCZSGR,
52441　弘凱一,TW0005244107,2024/09/25,2029/09/25,0.000000,上櫃,,DCZUDR,
52452　智晶二,TW0005245203,2024/12/18,2027/12/18,0.000000,上櫃,,DCZUDR,
52635　智崴五,TW0005263503,2024/03/04,2027/03/04,0.000000,上櫃,,DCZSDR,
52844　jpp四KY,TW0005284400,2026/05/05,2029/05/05,0.000000,上櫃,,DCZUGR,
52845　jpp五KY,TW0005284509,2026/05/11,2029/05/11,0.000000,上櫃,,DCZUGR,
53064　桂盟四,TW0005306401,2023/11/08,2026/11/08,0.000000,上櫃,,DCZSGR,
53095　系統電五,TW0005309504,2023/08/08,2026/08/08,0.000000,上櫃,,DCZUDR,
53096　系統電六,TW0005309603,2025/12/12,2030/12/12,0.000000,上櫃,,DCZUDR,
53097　系統電七,TW0005309702,2025/12/15,2028/12/15,0.000000,上櫃,,DCZUDR,
53211　美而快一,TW0005321103,2024/03/04,2027/03/04,0.000000,上櫃,,DCZUDR,
53887　中磊七,TW0005388706,2023/12/06,2028/12/06,0.000000,上櫃,,DCZUDR,
54342　崇越二,TW0005434203,2023/06/29,2026/06/29,0.000000,上櫃,,DCZUGR,
54391　高技一,TW0005439103,2025/09/09,2030/09/09,0.000000,上櫃,,DCZUDR,
54501　南良一,TW0005450100,2023/03/21,2028/03/21,0.000000,上櫃,,DCZSDR,
54573　宣德三,TW0005457303,2024/03/06,2027/03/06,0.000000,上櫃,,DCZUGR,
55344　長虹四,TW0005534408,2026/03/11,2031/03/11,0.000000,上櫃,,DCZUDR,
56086　四維航六,TW0005608608,2023/06/21,2026/06/21,0.000000,上櫃,,DCZSGR,
56087　四維航七,TW0005608707,2024/12/17,2027/12/17,0.000000,上櫃,,DCZSGR,
59055　南仁湖四,TW0005905509,2021/05/18,2026/05/18,0.000000,上櫃,,DCZSDR,
60151　宏遠證一,TW0006015100,2021/06/11,2026/06/11,0.000000,上櫃,,DCZUDR,
60152　宏遠證二,TW0006015209,2024/01/05,2029/01/05,0.000000,上櫃,,DCZUDR,
61011　寬魚國際一,TW0006101108,2026/01/29,2029/01/29,0.000000,上櫃,,DCZSDR,
61012　寬魚國際二,TW0006101207,2026/01/30,2029/01/30,0.000000,上櫃,,DCZUDR,
61041　創惟一,TW0006104102,2022/08/26,2027/08/26,0.000000,上櫃,,DCZUDR,
61112　光聚晶電二,TW0006111206,2024/09/10,2027/09/10,0.000000,上櫃,,DCZUDR,
61171　迎廣一,TW0006117104,2024/05/27,2027/05/27,0.000000,上櫃,,DCZUDR,
61172　迎廣二,TW0006117203,2025/05/28,2028/05/28,0.000000,上櫃,,DCZUDR,
61255　廣運五,TW0006125503,2024/06/21,2027/06/21,0.000000,上櫃,,DCZUDR,
61263　信音三,TW0006126303,2023/11/30,2026/11/30,0.000000,上櫃,,DCZUDR,
61506　撼訊六,TW0006150600,2024/03/07,2027/03/07,0.000000,上櫃,,DCZUGR,
61565　松上五,TW0006156508,2025/06/25,2028/06/25,0.000000,上櫃,,DCZUDR,
61635　華電網五,TW0006163504,2025/10/16,2028/10/16,0.000000,上櫃,,DCZUDR,
61777　達麗七,TW0006177702,2025/06/25,2028/06/25,0.000000,上櫃,,DCZUDR,
61793　亞通三,TW0006179302,2023/07/25,2026/07/25,0.000000,上櫃,,DCZUDR,
61794　亞通四,TW0006179401,2024/08/28,2027/08/28,0.000000,上櫃,,DCZUDR,
61827　合晶七,TW0006182702,2021/07/27,2026/07/27,0.000000,上櫃,,DCZUGR,
61828　合晶八,TW0006182801,2024/09/27,2029/09/27,0.000000,上櫃,,DCZUDR,
61843　大豐電三,TW0006184302,2024/03/06,2027/03/06,0.000000,上櫃,,DCZUGR,
61875　萬潤五,TW0006187503,2024/07/10,2026/05/20,0.000000,上櫃,,DCZUGR,
61894　豐藝四,TW0006189400,2023/11/10,2028/11/10,0.000000,上櫃,,DCZUDR,
61907　萬泰科七,TW0006190705,2025/11/06,2028/11/06,0.000000,上櫃,,DCZUGR,
61973　佳必琪三,TW0006197304,2024/10/15,2027/10/15,0.000000,上櫃,,DCZUGR,
61993　天品三,TW0006199300,2026/01/20,2029/01/20,0.000000,上櫃,,DCZSDR,
61994　天品四,TW0006199409,2026/01/21,2029/01/21,0.000000,上櫃,,DCZUDR,
62075　雷科五,TW0006207509,2025/08/26,2028/08/26,0.000000,上櫃,,DCZUDR,
62076　雷科六,TW0006207608,2025/09/05,2028/09/05,0.000000,上櫃,,DCZUDR,
62093　今國光三,TW0006209307,2025/10/23,2028/10/23,0.000000,上櫃,,DCZSGR,
62194　富旺四,TW0006219405,2025/10/16,2028/10/16,0.000000,上櫃,,DCZSGR,
62433　迅杰三,TW0006243306,2024/06/25,2027/06/25,0.000000,上櫃,,DCZUGR,
62695　台郡五,TW0006269509,2024/08/02,2027/08/02,0.000000,上櫃,,DCZUGR,
62696　台郡六,TW0006269608,2024/08/02,2027/08/02,0.000000,上櫃,,DCZUGR,
62745　台燿五,TW0006274509,2025/11/13,2026/06/29,0.000000,上櫃,,DCZUDR,
62756　元山六,TW0006275605,2021/09/30,2026/09/30,0.000000,上櫃,,DCZSDR,
62822　康舒二,TW0006282205,2023/06/13,2028/06/13,0.000000,上櫃,,DCZUDR,
62843　佳邦三,TW0006284300,2023/12/14,2026/12/14,0.000000,上櫃,,DCZUDR,
629010　良維十,TW0006290109,2025/05/13,2028/05/13,0.000000,上櫃,,DCZUDR,
64145　樺漢五,TW0006414501,2023/08/16,2026/08/16,0.000000,上櫃,,DCZUGR,
64251　易發一,TW0006425101,2024/10/15,2027/10/15,0.000000,上櫃,,DCZSGR,
64324　今展科四,TW0006432404,2024/08/16,2027/08/16,0.000000,上櫃,,DCZUDR,
64422　光聖二,TW0006442205,2025/12/01,2026/06/12,0.000000,上櫃,,DCZUDR,
64423　光聖三,TW0006442304,2025/12/11,2026/06/24,0.000000,上櫃,,DCZUDR,
64512　訊芯二KY,TW0006451206,2025/02/27,2028/02/27,0.000000,上櫃,,DCZUGR,
64693　大樹三,TW0006469307,2025/07/28,2028/07/28,0.000000,上櫃,,DCZUGR,
64724　保瑞四,TW0006472400,2026/04/01,2031/04/01,0.000000,上櫃,,DCZUDR,
64725　保瑞五,TW0006472509,2026/04/15,2031/04/15,0.000000,上櫃,,DCZUDR,
64773　安集三,TW0006477300,2021/08/04,2026/08/04,0.000000,上櫃,,DCZUDR,
64774　安集四,TW0006477409,2022/07/21,2027/07/21,0.000000,上櫃,,DCZUDR,
64775　安集五,TW0006477508,2025/10/09,2028/10/09,0.000000,上櫃,,DCZUDR,
65096　聚和六,TW0006509607,2024/07/03,2027/07/03,0.000000,上櫃,,DCZUDR,
65101　精測一,TW0006510100,2026/01/05,2029/01/05,0.000000,上櫃,,DCZUFR,
65152　穎崴二,TW0006515208,2026/02/05,2029/02/05,0.000000,上櫃,,DCZUGR,
65331　晶心科一,TW0006533102,2025/09/08,2028/09/08,0.000000,上櫃,,DCZUGR,
65381　倉和一,TW0006538101,2025/06/26,2030/06/26,0.000000,上櫃,,DCZUDR,
65461　正基一,TW0006546104,2024/06/05,2027/06/05,0.000000,上櫃,,DCZUDR,
65472　高端疫苗二,TW0006547201,2026/03/19,2029/03/19,0.000000,上櫃,,DCZSGR,
65521　易華電一,TW0006552102,2021/10/25,2026/10/25,0.000000,上櫃,,DCZSDR,
65761　逸達一,TW0006576101,2026/03/25,2029/03/25,0.000000,上櫃,,DCZSDR,
65841　南俊國際一,TW0006584105,2024/10/29,2027/10/29,0.000000,上櫃,,DCZSDR,
65842　南俊國際二,TW0006584204,2024/10/30,2027/10/30,0.000000,上櫃,,DCZUDR,
65851　鼎基一,TW0006585102,2023/10/26,2026/10/26,0.000000,上櫃,,DCZSGR,
65852　鼎基二,TW0006585201,2023/10/27,2026/10/27,0.000000,上櫃,,DCZUGR,
65914　動力四KY,TW0006591407,2025/08/27,2028/08/27,0.000000,上櫃,,DCZUDR,
66034　富強鑫四,TW0006603400,2026/05/04,2029/05/04,0.000000,上櫃,,DCZUDR,
66163　特昇三KY,TW0006616303,2023/09/20,2028/09/20,0.000000,上櫃,,DCZUDR,
66241　萬年清一,TW0006624109,2024/07/05,2029/07/05,0.000000,上櫃,,DCZSDR,
66292　泰金二KY,TW0006629207,2024/09/13,2027/09/13,0.000000,上櫃,,DCZUDR,
66411　基士德一KY,TW0006641103,2021/05/17,2026/05/17,0.000000,上櫃,,DCZUDR,
66451　金萬林一創,TW0006645104,2024/12/04,2027/12/04,0.000000,上櫃,,DCZSDR,
66642　群翊二,TW0006664204,2024/11/19,2027/11/19,0.000000,上櫃,,DCZUGR,
66702　復盛應用二,TW0006670201,2025/12/26,2028/12/26,0.000000,上櫃,,DCZUGR,
66721　騰輝電子一KY,TW0006672108,2026/01/22,2031/01/22,0.000000,上櫃,,DCZUDR,
66722　騰輝電子二KY,TW0006672207,2026/02/03,2031/02/03,0.000000,上櫃,,DCZUDR,
66801　鑫創電子一,TW0006680101,2024/09/02,2029/09/02,0.000000,上櫃,,DCZUDR,
67062　惠特二,TW0006706203,2024/10/25,2027/10/25,0.000000,上櫃,,DCZUGR,
67152　嘉基二,TW0006715204,2024/01/18,2026/06/11,0.000000,上櫃,,DCZUGR,
67531　龍德造船一,TW0006753106,2024/06/25,2027/06/25,0.000000,上櫃,,DCZUGR,
67681　志強-KY,TW0006768104,2024/10/31,2027/10/31,0.000000,上櫃,,DCZUGR,
67711　平和環保一創,TW0006771108,2025/05/08,2028/05/08,0.000000,上櫃,,DCZSDR,
67961　晉弘一,TW0006796105,2023/08/25,2026/08/25,0.000000,上櫃,,DCZUGR,
67962　晉弘二,TW0006796204,2025/12/22,2028/12/22,0.000000,上櫃,,DCZUDR,
68041　明係一,TW0006804107,2023/06/19,2026/06/19,0.000000,上櫃,,DCZUGR,
68061　森崴能源一,TW0006806102,2023/11/22,2026/11/22,0.000000,上櫃,,DCZSGR,
68211　聯寶一,TW0006821101,2025/08/15,2028/08/15,0.000000,上櫃,,DCZUDR,
68231　濾能一,TW0006823107,2023/06/01,2026/06/01,0.000000,上櫃,,DCZUDR,
68301　汎銓一,TW0006830102,2024/08/15,2027/08/15,0.000000,上櫃,,DCZUDR,
68351　圓裕一,TW0006835101,2024/11/01,2027/11/01,0.000000,上櫃,,DCZUDR,
68401　東研信超一,TW0006840101,2024/05/27,2027/05/27,0.000000,上櫃,,DCZUGR,
68431　進典一,TW0006843105,2025/08/04,2028/08/04,0.000000,上櫃,,DCZUDR,
68461　綠茵一,TW0006846108,2025/03/13,2030/03/13,0.000000,上櫃,,DCZUDR,
68462　綠茵二,TW0006846207,2025/03/25,2030/03/25,0.000000,上櫃,,DCZUDR,
68541　錼創科技一KY創,TW0006854102,2025/02/27,2028/02/27,0.000000,上櫃,,DCZSDR,
68621　三集瑞一KY,TW0006862105,2026/03/13,2029/03/13,0.000000,上櫃,,DCZUDR,
68631　永道一KY,TW0006863103,2024/10/15,2027/10/15,0.000000,上櫃,,DCZUGR,
68701　騰雲一,TW0006870108,2024/12/05,2029/12/05,0.000000,上櫃,,DCZUDR,
68702　騰雲二,TW0006870207,2024/12/05,2029/12/05,0.000000,上櫃,,DCZUDR,
68731　泓德能源一,TW0006873102,2023/09/28,2026/09/28,0.000000,上櫃,,DCZUDR,
68732　泓德能源二,TW0006873201,2025/05/29,2030/05/29,0.000000,上櫃,,DCZUDR,
68741　倍力一,TW0006874100,2024/11/04,2027/11/04,0.000000,上櫃,,DCZUDR,
68901　來億一KY,TW0006890106,2025/11/28,2028/11/28,0.000000,上櫃,,DCZUGR,
68902　來億二KY,TW0006890205,2025/12/10,2028/12/10,0.000000,上櫃,,DCZUGR,
68941　衛司特一,TW0006894108,2026/03/09,2029/03/09,0.000000,上櫃,,DCZUGR,
69041　伯鑫一,TW0006904105,2025/12/26,2028/12/26,0.000000,上櫃,,DCZUGR,
69131　鴻呈一,TW0006913106,2026/03/19,2029/03/19,0.000000,上櫃,,DCZUDR,
69571　裕慶一KY,TW0006957103,2025/10/02,2028/10/02,0.000000,上櫃,,DCZUDR,
69821　大井泵浦一,TW0006982101,2025/07/23,2028/07/23,0.000000,上櫃,,DCZUDR,
69822　大井泵浦二,TW0006982200,2025/08/04,2028/08/04,0.000000,上櫃,,DCZUDR,
74022　邑錡二,TW0007402208,2025/09/02,2028/09/02,0.000000,上櫃,,DCZUDR,
75561　意德士一永,TW0007556102,2025/08/12,2028/08/12,0.000000,上櫃,,DCZUGR,
75562　意德士二,TW0007556201,2025/08/15,2028/08/15,0.000000,上櫃,,DCZUGR,
77131　威力德生醫一,TW0007713109,2025/10/20,2028/10/20,0.000000,上櫃,,DCZUDR,
80212　尖點二,TW0008021205,2026/01/20,2031/01/20,0.000000,上櫃,,DCZUDR,
80273　鈦昇三,TW0008027301,2022/07/13,2027/07/13,0.000000,上櫃,,DCZUDR,
80282　昇陽半導體二,TW0008028200,2025/01/22,2030/01/22,0.000000,上櫃,,DCZUGR,
80426　金山電六,TW0008042607,2025/12/16,2028/12/16,0.000000,上櫃,,DCZUDR,
80506　廣積六,TW0008050600,2022/11/22,2027/11/22,0.000000,上櫃,,DCZUDR,
80872　麗升能源二,TW0008087206,2025/05/02,2028/05/02,0.000000,上櫃,,DCZUDR,
80914　翔名四,TW0008091406,2024/08/15,2027/08/15,0.000000,上櫃,,DCZUDR,
80924　建暐四,TW0008092404,2024/03/11,2027/03/11,0.000000,上櫃,,DCZSDR,
81042　錸寶二,TW0008104209,2022/01/11,2027/01/11,0.000000,上櫃,,DCZUDR,
81114　立碁四,TW0008111402,2026/04/28,2029/04/28,0.000000,上櫃,,DCZUDR,
811210　至上十,TW0008112103,2024/05/24,2029/05/24,0.000000,上櫃,,DCZUDR,
81473　正淩三,TW0008147307,2024/10/03,2027/10/03,0.000000,上櫃,,DCZUGR,
81551　博智一,TW0008155102,2025/01/10,2030/01/10,0.000000,上櫃,,DCZUDR,
81714　天宇四,TW0008171406,2024/11/12,2027/11/12,0.000000,上櫃,,DCZSGR,
81715　天宇五,TW0008171505,2024/11/14,2027/11/14,0.000000,上櫃,,DCZUGR,
82102　勤誠二,TW0008210204,2026/01/26,2029/01/26,0.000000,上櫃,,DCZUGR,
82103　勤誠三,TW0008210303,2026/02/03,2029/02/03,0.000000,上櫃,,DCZUGR,
82551　朋程一,TW0008255100,2023/08/09,2026/08/09,0.000000,上櫃,,DCZUGR,
82711　宇瞻一,TW0008271107,2026/05/05,2029/05/05,0.000000,上櫃,,DCZUGR,
82993　群聯三,TW0008299306,2026/02/06,2031/02/06,0.000000,上櫃,,DCZUDR,
83742　羅昇二,TW0008374208,2024/11/15,2027/11/15,0.000000,上櫃,,DCZUGR,
84041　百和興業一KY,TW0008404104,2025/10/03,2028/10/03,0.000000,上櫃,,DCZSDR,
84113　福貞三KY,TW0008411307,2025/08/01,2030/08/01,0.000000,上櫃,,DCZSDR,
84221　可寧衛一,TW0008422106,2022/11/22,2027/11/22,0.000000,上櫃,,DCZUDR,
84222　可寧衛二,TW0008422205,2025/04/07,2030/04/07,0.000000,上櫃,,DCZUDR,
84312　匯鑽科二,TW0008431206,2026/01/05,2029/01/05,0.000000,上櫃,,DCZUDR,
84332　弘帆二,TW0008433202,2024/05/24,2027/05/24,0.000000,上櫃,,DCZUDR,
84333　弘帆三,TW0008433301,2024/05/27,2027/05/27,0.000000,上櫃,,DCZUDR,
84422　威宏二KY,TW0008442203,2023/10/19,2026/10/19,0.000000,上櫃,,DCZSGR,
84624　柏文四,TW0008462409,2026/05/08,2029/05/08,0.000000,上櫃,,DCZUDR,
84662　美吉吉二KY,TW0008466202,2023/07/26,2026/07/26,0.000000,上櫃,,DCZUDR,
84672　波力二KY,TW0008467200,2024/05/30,2027/05/30,0.000000,上櫃,,DCZSGR,
84673　波力三KY,TW0008467309,2024/05/31,2027/05/31,0.000000,上櫃,,DCZUGR,
84732　山林水二,TW0008473208,2021/09/28,2026/09/28,0.000000,上櫃,,DCZUDR,
84762　台境二,TW0008476201,2026/04/21,2029/04/21,0.000000,上櫃,,DCZUDR,
84781　東哥遊艇一,TW0008478108,2024/07/15,2027/07/15,0.000000,上櫃,,DCZUGR,
84881　吉源一KY,TW0008488107,2023/12/19,2026/12/19,0.000000,上櫃,,DCZSGR,
84891　三貝德一,TW0008489105,2024/12/09,2027/12/09,0.000000,上櫃,,DCZSDR,
89277　北基七,TW0008927708,2024/08/16,2027/08/16,0.000000,上櫃,,DCZSGR,
89278　北基八,TW0008927807,2024/08/21,2027/08/21,0.000000,上櫃,,DCZUDR,
89964　高力四,TW0008996406,2023/12/06,2028/12/06,0.000000,上櫃,,DCZUDR,
98026　鈺齊六KY,TW0009802603,2024/11/15,2027/11/15,0.000000,上櫃,,DCZUDR,
99063　欣巴巴三,TW0009906305,2025/02/27,2028/02/27,0.000000,上櫃,,DCZUDR,
99332　中鼎二,TW0009933200,2024/07/23,2029/07/23,0.000000,上櫃,,DCZUDR,
99353　慶豐富三,TW0009935304,2024/10/14,2027/10/14,0.000000,上櫃,,DCZUDR,
99392　宏全二,TW0009939207,2024/10/29,2029/10/29,0.000000,上櫃,,DCZUDR,
99412　裕融二,TW0009941203,2023/11/20,2028/11/20,0.000000,上櫃,,DCZUDR,
99587　世紀鋼七,TW0009958702,2024/10/28,2027/10/28,0.000000,上櫃,,DCZUDR,
99588　世紀鋼八永,TW0009958801,2024/11/08,2027/11/08,0.000000,上櫃,,DCZUDR,
公司債
B20160　P09亞泥2B,TW000B201607,2020/06/18,2027/06/18,0.830000,上櫃,,DBFUFR,
B20162　P09亞泥3B,TW000B201623,2020/09/23,2027/09/23,0.730000,上櫃,,DBFUFR,
B20164　P09亞泥4B,TW000B201649,2020/12/23,2027/12/23,0.650000,上櫃,,DBFUFR,
B20165　P10亞泥1,TW000B201656,2021/08/05,2026/08/05,0.600000,上櫃,,DBFUFR,
B20166　P12亞泥1,TW000B201664,2023/04/27,2028/04/27,1.600000,上櫃,,DBFUFR,
B20167　P13亞泥1A,TW000B201672,2024/04/26,2029/04/26,1.700000,上櫃,,DBFUFR,
B20168　P13亞泥1B,TW000B201680,2024/04/26,2031/04/26,1.770000,上櫃,,DBFUFR,
B20169　P14亞泥1,TW000B201698,2025/04/29,2030/04/29,2.100000,上櫃,,DBFUFR,
B20170　P14亞泥2,TW000B201706,2025/07/29,2030/07/29,2.080000,上櫃,,DBFUFR,
B20171　P14亞泥3,TW000B201714,2025/09/22,2030/09/22,1.900000,上櫃,,DBFUFR,
B20172　P14亞泥4,TW000B201722,2025/12/22,2030/12/22,1.750000,上櫃,,DBFUFR,
B20173　P15亞泥1,TW000B201730,2026/05/08,2031/05/08,1.920000,上櫃,,DBFUFR,
B20244　P07台泥1,TW000B202449,2018/06/21,2033/06/21,1.700000,上櫃,,DBFUFR,
B20246　P09台泥1A,TW000B202464,2020/04/15,2027/04/15,0.690000,上櫃,,DBFUFR,
B20247　P09台泥1B,TW000B202472,2020/04/15,2035/04/15,0.930000,上櫃,,DBFUFR,
B20248　P10台泥1A,TW000B202480,2021/08/31,2026/08/31,0.590000,上櫃,,DBFUFR,
B20249　P10台泥1B,TW000B202498,2021/08/31,2028/08/31,0.680000,上櫃,,DBFUFR,
B20250　P10台泥1C,TW000B202506,2021/08/31,2031/08/31,0.780000,上櫃,,DBFUFR,
B20251　P10台泥1D,TW000B202514,2021/08/31,2036/08/31,0.950000,上櫃,,DBFUFR,
B20252　P11台泥1A,TW000B202522,2022/06/08,2028/06/08,1.900000,上櫃,,DBFUFR,
B20253　P11台泥1B,TW000B202530,2022/06/08,2032/06/08,2.150000,上櫃,,DBFUFR,
B20254　P11台泥2A,TW000B202548,2022/11/25,2027/11/25,2.100000,上櫃,,DBFUFR,
B20255　P11台泥2B,TW000B202555,2022/11/25,2032/11/25,2.650000,上櫃,,DBFUFR,
B20256　P12台泥1A,TW000B202563,2023/01/13,2030/01/13,2.400000,上櫃,,DBFUFR,
B20257　P12台泥1B,TW000B202571,2023/01/13,2033/01/13,2.650000,上櫃,,DBFUFR,
B20258　P14台泥1A,TW000B202589,2025/12/23,2031/12/23,1.800000,上櫃,,DBFUFR,
B20259　P14台泥1B,TW000B202597,2025/12/23,2037/12/23,2.100000,上櫃,,DBFUFR,
B20260　P14台泥1C,TW000B202605,2025/12/23,2040/12/23,2.250000,上櫃,,DBFUFR,
B30441　P08統一1B,TW000B304419,2019/05/15,2026/05/15,0.830000,上櫃,,DBFUFR,
B30443　P08統一2B,TW000B304435,2019/09/25,2026/09/25,0.730000,上櫃,,DBFUFR,
B30445　P09統一1B,TW000B304450,2020/04/22,2027/04/22,0.590000,上櫃,,DBFUFR,
B30447　P09統一2B,TW000B304476,2020/10/14,2027/10/14,0.580000,上櫃,,DBFUFR,
B30448　P09統一3,TW000B304484,2020/12/29,2027/12/29,0.430000,上櫃,,DBFUFR,
B30449　P10統一1A,TW000B304492,2021/06/02,2026/06/02,0.450000,上櫃,,DBFUFR,
B30450　P10統一1B,TW000B304500,2021/06/02,2028/06/02,0.530000,上櫃,,DBFUFR,
B30451　P10統一2A,TW000B304518,2021/09/28,2028/09/28,0.520000,上櫃,,DBFUFR,
B30452　P10統一2B,TW000B304526,2021/09/28,2031/09/28,0.560000,上櫃,,DBFUFR,
B30453　P11統一1A,TW000B304534,2022/09/14,2027/09/14,1.500000,上櫃,,DBFUFR,
B30454　P11統一1B,TW000B304542,2022/09/14,2029/09/14,1.600000,上櫃,,DBFUFR,
B30455　P12統一1A,TW000B304559,2023/04/18,2028/04/18,1.530000,上櫃,,DBFUFR,
B30456　P12統一1B,TW000B304567,2023/04/18,2030/04/18,1.620000,上櫃,,DBFUFR,
B30457　P12統一2,TW000B304575,2023/07/20,2028/07/20,1.550000,上櫃,,DBFUFR,
B30458　P12統一3A,TW000B304583,2023/10/18,2028/10/18,1.550000,上櫃,,DBFUFR,
B30459　P12統一3B,TW000B304591,2023/10/18,2033/10/18,1.750000,上櫃,,DBFUFR,
B30460　P13統一1A,TW000B304609,2024/04/16,2029/04/16,1.600000,上櫃,,DBFUFR,
B30461　P13統一1B,TW000B304617,2024/04/16,2034/04/16,1.720000,上櫃,,DBFUFR,
B30462　P13統一2,TW000B304625,2024/10/23,2029/10/23,1.840000,上櫃,,DBFUFR,
B30463　P14統一1,TW000B304633,2025/04/18,2030/04/18,1.900000,上櫃,,DBFUFR,
B30464　P14統一2,TW000B304641,2025/09/19,2030/09/19,1.660000,上櫃,,DBFUFR,
B30465　P15統一1,TW000B304658,2026/05/08,2031/05/08,1.750000,上櫃,,DBFUFR,
B30804　P11聯華1A,TW000B308048,2022/05/17,2027/05/17,1.300000,上櫃,,DBFSFR,
B30805　P11聯華1B,TW000B308055,2022/05/17,2027/05/17,1.300000,上櫃,,DBFSFR,
B401D6　P03南亞1,TW000B401D63,2014/06/24,2029/06/24,2.040000,上櫃,,DBFUFR,
B401DE　P07南亞1C,TW000B401DE3,2018/09/06,2028/09/06,1.070000,上櫃,,DBFUFR,
B401DG　P08南亞1B,TW000B401DG8,2019/06/17,2026/06/17,0.820000,上櫃,,DBFUFR,
B401DH　P08南亞1C,TW000B401DH6,2019/06/17,2029/06/17,0.910000,上櫃,,DBFUFR,
B401DK　P08南亞2B,TW000B401DK0,2019/10/15,2026/10/15,0.750000,上櫃,,DBFUFR,
B401DL　P08南亞2C,TW000B401DL8,2019/10/15,2029/10/15,0.840000,上櫃,,DBFUFR,
B401DN　P09南亞1B,TW000B401DN4,2020/09/24,2027/09/24,0.580000,上櫃,,DBFUFR,
B401DP　P09南亞1C,TW000B401DP9,2020/09/24,2030/09/24,0.620000,上櫃,,DBFUFR,
B401DQ　P10南亞1A,TW000B401DQ7,2021/06/03,2026/06/03,0.450000,上櫃,,DBFUFR,
B401DR　P10南亞1B,TW000B401DR5,2021/06/03,2028/06/03,0.530000,上櫃,,DBFUFR,
B401DS　P12南亞1A,TW000B401DS3,2023/10/05,2028/10/05,1.570000,上櫃,,DBFUFR,
B401DT　P12南亞1B,TW000B401DT1,2023/10/05,2033/10/05,1.770000,上櫃,,DBFUFR,
B401DU　P14南亞1,TW000B401DU9,2025/05/20,2030/05/20,2.080000,上櫃,,DBFUFR,
B401DV　P14南亞2A,TW000B401DV7,2025/09/19,2030/09/19,1.900000,上櫃,,DBFUFR,
B401DW　P14南亞2B,TW000B401DW5,2025/09/19,2035/09/19,2.030000,上櫃,,DBFUFR,
B402B8　P03台塑1B,TW000B402B80,2014/05/21,2026/05/21,1.920000,上櫃,,DBFUFR,
B402BD　P07台塑1C,TW000B402BD7,2018/06/26,2028/06/26,1.090000,上櫃,,DBFUFR,
B402BF　P09台塑1B,TW000B402BF2,2020/06/22,2027/06/22,0.630000,上櫃,,DBFUFR,
B402BG　P09台塑1C,TW000B402BG0,2020/06/22,2030/06/22,0.670000,上櫃,,DBFUFR,
B402BH　P10台塑1A,TW000B402BH8,2021/09/15,2026/09/15,0.460000,上櫃,,DBFUFR,
B402BJ　P10台塑1B,TW000B402BJ4,2021/09/15,2028/09/15,0.520000,上櫃,,DBFUFR,
B402BK　P12台塑1A,TW000B402BK2,2023/06/27,2028/06/27,1.550000,上櫃,,DBFUFR,
B402BL　P12台塑1B,TW000B402BL0,2023/06/27,2030/06/27,1.620000,上櫃,,DBFUFR,
B402BM　P13台塑1A,TW000B402BM8,2024/05/14,2029/05/14,1.820000,上櫃,,DBFUFR,
B402BN　P13台塑1B,TW000B402BN6,2024/05/14,2034/05/14,1.900000,上櫃,,DBFUFR,
B402BP　P13台塑2A,TW000B402BP1,2024/12/10,2029/12/10,1.920000,上櫃,,DBFUFR,
B402BQ　P13台塑2B,TW000B402BQ9,2024/12/10,2034/12/10,2.000000,上櫃,,DBFUFR,
B402BR　P14台塑1,TW000B402BR7,2025/09/15,2030/09/15,2.020000,上櫃,,DBFUFR,
B40423　P10台聚1A,TW000B404235,2021/06/23,2026/06/23,0.630000,上櫃,,DBFUFR,
B40424　P10台聚1B,TW000B404243,2021/06/23,2028/06/23,0.730000,上櫃,,DBFUFR,
B40425　P10台聚2A,TW000B404250,2021/10/26,2026/10/26,0.630000,上櫃,,DBFUFR,
B40426　P10台聚2B,TW000B404268,2021/10/26,2028/10/26,0.770000,上櫃,,DBFUFR,
B40706　P11聯成1A,TW000B407063,2022/07/26,2027/07/26,1.800000,上櫃,,DBFSFR,
B40707　P11聯成1B,TW000B407071,2022/07/26,2027/07/26,1.800000,上櫃,,DBFSFR,
B40708　P11聯成1C,TW000B407089,2022/07/26,2027/07/26,1.800000,上櫃,,DBFSFR,
B50164　P09遠東新3,TW000B501642,2020/06/10,2027/06/10,0.850000,上櫃,,DBFUFR,
B50165　P09遠東新4,TW000B501659,2020/09/17,2027/09/17,0.830000,上櫃,,DBFUFR,
B50168　P10遠東新2,TW000B501683,2021/05/24,2026/05/24,0.520000,上櫃,,DBFUFR,
B50169　P10遠東新3,TW000B501691,2021/09/27,2026/09/27,0.630000,上櫃,,DBFUFR,
B50170　P11遠東新1,TW000B501709,2022/09/14,2027/09/14,1.750000,上櫃,,DBFUFR,
B50172　P11遠東新3,TW000B501725,2022/10/26,2027/10/26,1.800000,上櫃,,DBFUFR,
B50174　P12遠東新2,TW000B501741,2023/01/06,2028/01/06,1.800000,上櫃,,DBFUFR,
B50175　P12遠東新3,TW000B501758,2023/03/30,2028/03/30,1.500000,上櫃,,DBFUFR,
B50176　P12遠東新4,TW000B501766,2023/07/27,2026/07/27,1.600000,上櫃,,DBFUFR,
B50177　P12遠東新5,TW000B501774,2023/07/27,2028/07/27,1.670000,上櫃,,DBFUFR,
B50178　P12遠東新6,TW000B501782,2023/10/30,2028/10/30,1.730000,上櫃,,DBFUFR,
B50179　P12遠東新7,TW000B501790,2023/12/25,2028/12/25,1.770000,上櫃,,DBFUFR,
B50180　P12遠東新8,TW000B501808,2023/12/25,2028/12/25,1.800000,上櫃,,DBFUFR,
B50181　P13遠東新1,TW000B501816,2024/04/08,2029/04/08,1.660000,上櫃,,DBFUFR,
B50182　P13遠東新2,TW000B501824,2024/04/08,2029/04/08,1.750000,上櫃,,DBFUFR,
B50183　P13遠東新3,TW000B501832,2024/09/27,2027/09/27,1.970000,上櫃,,DBFUFR,
B50184　P13遠東新4,TW000B501840,2024/09/27,2029/09/27,1.990000,上櫃,,DBFUFR,
B50185　P13遠東新5,TW000B501857,2024/09/27,2031/09/27,2.040000,上櫃,,DBFUFR,
B50186　P13遠東新6,TW000B501865,2024/12/26,2027/12/26,1.950000,上櫃,,DBFUFR,
B50187　P13遠東新7,TW000B501873,2024/12/26,2029/12/26,1.950000,上櫃,,DBFUFR,
B50188　P13遠東新8,TW000B501881,2024/12/26,2029/12/26,1.980000,上櫃,,DBFUFR,
B50189　P13遠東新9,TW000B501899,2024/12/26,2031/12/26,2.020000,上櫃,,DBFUFR,
B50190　P14遠東新1,TW000B501907,2025/06/09,2028/06/09,2.030000,上櫃,,DBFUFR,
B50191　P14遠東新2,TW000B501915,2025/06/09,2030/06/09,2.050000,上櫃,,DBFUFR,
B50192　P14遠東新3,TW000B501923,2025/06/09,2030/06/09,2.120000,上櫃,,DBFUFR,
B50193　P14遠東新4,TW000B501931,2025/08/07,2028/08/07,1.980000,上櫃,,DBFUFR,
B50194　P14遠東新5,TW000B501949,2025/08/07,2030/08/07,2.050000,上櫃,,DBFUFR,
B50195　P14遠東新6,TW000B501956,2025/08/07,2032/08/07,2.050000,上櫃,,DBFUFR,
B50196　P14遠東新7,TW000B501964,2025/11/04,2028/11/04,1.880000,上櫃,,DBFUFR,
B50197　P14遠東新8,TW000B501972,2025/11/04,2030/11/04,1.950000,上櫃,,DBFUFR,
B50198　P14遠東新9,TW000B501980,2025/11/04,2032/11/04,2.000000,上櫃,,DBFUFR,
B50199　P14遠東新10,TW000B501998,2025/12/19,2028/12/19,1.800000,上櫃,,DBFUFR,
B501A1　P14遠東新11,TW000B501A16,2025/12/19,2030/12/19,1.850000,上櫃,,DBFUFR,
B501A2　P14遠東新12,TW000B501A24,2025/12/19,2032/12/19,1.880000,上櫃,,DBFUFR,
B501A3　P15遠東新1,TW000B501A32,2026/04/27,2031/04/27,2.030000,上櫃,,DBFUFR,
B50912　P13怡華1,TW000B509124,2024/04/22,2027/04/22,1.800000,上櫃,,DBFSFR,
B50913　P14怡華1,TW000B509132,2025/01/08,2028/01/08,2.070000,上櫃,,DBFSFR,
B51407　P10新纖2,TW000B514074,2021/10/28,2026/10/28,0.540000,上櫃,,DBFSFR,
B60104　P10中興電1,TW000B601046,2021/09/29,2026/09/29,0.550000,上櫃,,DBFSFR,
B60438　P10華新1,TW000B604388,2021/10/08,2026/10/08,0.700000,上櫃,,DBFUFR,
B60439　P12華新1A,TW000B604396,2023/04/11,2028/04/11,1.700000,上櫃,,DBFUFR,
B60440　P12華新1B,TW000B604404,2023/04/11,2033/04/11,2.100000,上櫃,,DBFUFR,
B60906　P10世界1A,TW000B609064,2021/10/06,2026/10/06,0.570000,上櫃,,DBFUFR,
B60907　P10世界1B,TW000B609072,2021/10/06,2026/10/06,0.520000,上櫃,,DBFUFR,
B60908　P11世界1A,TW000B609080,2022/03/29,2027/03/29,0.900000,上櫃,,DBFUFR,
B60909　P11世界1B,TW000B609098,2022/03/29,2027/03/29,0.850000,上櫃,,DBFUFR,
B60910　P12世界1A,TW000B609106,2023/09/25,2028/09/25,1.680000,上櫃,,DBFUFR,
B60911　P12世界1B,TW000B609114,2023/09/25,2030/09/25,1.750000,上櫃,,DBFUFR,
B60912　P13世界1,TW000B609122,2024/03/06,2031/03/06,1.820000,上櫃,,DBFUFR,
B618BN　P09台積1B,TW000B618BN7,2020/03/23,2027/03/23,0.620000,上櫃,,DBFUFR,
B618BP　P09台積1C,TW000B618BP2,2020/03/23,2030/03/23,0.640000,上櫃,,DBFUFR,
B618BR　P09台積2B,TW000B618BR8,2020/04/15,2027/04/15,0.580000,上櫃,,DBFUFR,
B618BS　P09台積2C,TW000B618BS6,2020/04/15,2030/04/15,0.600000,上櫃,,DBFUFR,
B618BU　P09台積3B,TW000B618BU2,2020/05/29,2027/05/29,0.600000,上櫃,,DBFUFR,
B618BV　P09台積3C,TW000B618BV0,2020/05/29,2030/05/29,0.640000,上櫃,,DBFUFR,
B618BX　P09台積4B,TW000B618BX6,2020/07/14,2027/07/14,0.650000,上櫃,,DBFUFR,
B618BY　P09台積4C,TW000B618BY4,2020/07/14,2030/07/14,0.670000,上櫃,,DBFUFR,
B618C1　P09台積5B,TW000B618C14,2020/09/03,2027/09/03,0.580000,上櫃,,DBFUFR,
B618C2　P09台積5C,TW000B618C22,2020/09/03,2030/09/03,0.600000,上櫃,,DBFUFR,
B618C4　P09台積6B,TW000B618C48,2020/12/02,2027/12/02,0.440000,上櫃,,DBFUFR,
B618C5　P09台積6C,TW000B618C55,2020/12/02,2030/12/02,0.480000,上櫃,,DBFUFR,
B618C7　P09台積7B,TW000B618C71,2020/12/29,2027/12/29,0.410000,上櫃,,DBFUFR,
B618C8　P09台積7C,TW000B618C89,2020/12/29,2030/12/29,0.450000,上櫃,,DBFUFR,
B618CA　P10台積1B,TW000B618CA2,2021/03/30,2028/03/30,0.550000,上櫃,,DBFUFR,
B618CB　P10台積1C,TW000B618CB0,2021/03/30,2031/03/30,0.600000,上櫃,,DBFUFR,
B618CD　P10台積2B,TW000B618CD6,2021/05/03,2028/05/03,0.580000,上櫃,,DBFUFR,
B618CE　P10台積2C,TW000B618CE4,2021/05/03,2031/05/03,0.650000,上櫃,,DBFUFR,
B618CF　P10台積3A,TW000B618CF1,2021/06/25,2026/06/25,0.520000,上櫃,,DBFUFR,
B618CG　P10台積3B,TW000B618CG9,2021/06/25,2028/06/25,0.580000,上櫃,,DBFUFR,
B618CH　P10台積3C,TW000B618CH7,2021/06/25,2031/06/25,0.650000,上櫃,,DBFUFR,
B618CK　P10台積4B,TW000B618CK1,2021/08/19,2026/08/19,0.500000,上櫃,,DBFUFR,
B618CL　P10台積4C,TW000B618CL9,2021/08/19,2028/08/19,0.550000,上櫃,,DBFUFR,
B618CM　P10台積4D,TW000B618CM7,2021/08/19,2031/08/19,0.620000,上櫃,,DBFUFR,
B618CP　P10台積5B,TW000B618CP0,2021/10/05,2026/10/05,0.540000,上櫃,,DBFUFR,
B618CQ　P10台積5C,TW000B618CQ8,2021/10/05,2028/10/05,0.600000,上櫃,,DBFUFR,
B618CR　P10台積5D,TW000B618CR6,2021/10/05,2031/10/05,0.620000,上櫃,,DBFUFR,
B618CS　P10台積6A,TW000B618CS4,2021/12/09,2026/12/09,0.650000,上櫃,,DBFUFR,
B618CT　P10台積6B,TW000B618CT2,2021/12/09,2027/06/09,0.675000,上櫃,,DBFUFR,
B618CU　P10台積6C,TW000B618CU0,2021/12/09,2028/12/09,0.720000,上櫃,,DBFUFR,
B618CV　P11台積1A,TW000B618CV8,2022/01/12,2027/01/12,0.630000,上櫃,,DBFUFR,
B618CW　P11台積1B,TW000B618CW6,2022/01/12,2029/01/12,0.720000,上櫃,,DBFUFR,
B618CX　P11台積2A,TW000B618CX4,2022/03/29,2026/09/29,0.840000,上櫃,,DBFUFR,
B618CY　P11台積2B,TW000B618CY2,2022/03/29,2027/03/29,0.850000,上櫃,,DBFUFR,
B618CZ　P11台積2C,TW000B618CZ9,2022/03/29,2029/03/29,0.900000,上櫃,,DBFUFR,
B618D1　P11台積3,TW000B618D13,2022/05/20,2027/05/20,1.500000,上櫃,,DBFUFR,
B618D2　P11台積4A,TW000B618D21,2022/07/27,2026/07/27,1.600000,上櫃,,DBFUFR,
B618D3　P11台積4B,TW000B618D39,2022/07/27,2027/07/27,1.700000,上櫃,,DBFUFR,
B618D4　P11台積4C,TW000B618D47,2022/07/27,2029/07/27,1.750000,上櫃,,DBFUFR,
B618D5　P11台積4D,TW000B618D54,2022/07/27,2032/07/27,1.950000,上櫃,,DBFUFR,
B618D6　P11台積5A,TW000B618D62,2022/08/25,2027/06/25,1.650000,上櫃,,DBFUFR,
B618D7　P11台積5B,TW000B618D70,2022/08/25,2027/08/25,1.650000,上櫃,,DBFUFR,
B618D8　P11台積5C,TW000B618D88,2022/08/25,2029/08/25,1.650000,上櫃,,DBFUFR,
B618D9　P11台積5D,TW000B618D96,2022/08/25,2032/08/25,1.820000,上櫃,,DBFUFR,
B618DA　P11台積6A,TW000B618DA0,2022/10/20,2027/10/20,1.750000,上櫃,,DBFUFR,
B618DB　P11台積6B,TW000B618DB8,2022/10/20,2029/10/20,1.800000,上櫃,,DBFUFR,
B618DC　P11台積6C,TW000B618DC6,2022/10/20,2032/10/20,2.000000,上櫃,,DBFUFR,
B618DD　P12台積1A,TW000B618DD4,2023/03/28,2028/03/28,1.540000,上櫃,,DBFUFR,
B618DE　P12台積1B,TW000B618DE2,2023/03/28,2030/03/28,1.600000,上櫃,,DBFUFR,
B618DF　P12台積1C,TW000B618DF9,2023/03/28,2033/03/28,1.780000,上櫃,,DBFUFR,
B618DG　P12台積2A,TW000B618DG7,2023/05/03,2028/05/03,1.600000,上櫃,,DBFUFR,
B618DH　P12台積2B,TW000B618DH5,2023/05/03,2030/05/03,1.650000,上櫃,,DBFUFR,
B618DJ　P12台積2C,TW000B618DJ1,2023/05/03,2033/05/03,1.820000,上櫃,,DBFUFR,
B618DK　P12台積3A,TW000B618DK9,2023/06/01,2028/06/01,1.600000,上櫃,,DBFUFR,
B618DL　P12台積3B,TW000B618DL7,2023/06/01,2030/06/01,1.650000,上櫃,,DBFUFR,
B618DM　P12台積3C,TW000B618DM5,2023/06/01,2033/06/01,1.800000,上櫃,,DBFUFR,
B618DN　P12台積4A,TW000B618DN3,2023/08/16,2028/08/16,1.600000,上櫃,,DBFUFR,
B618DP　P12台積4B,TW000B618DP8,2023/08/16,2030/08/16,1.650000,上櫃,,DBFUFR,
B618DQ　P12台積4C,TW000B618DQ6,2023/08/16,2033/08/16,1.760000,上櫃,,DBFUFR,
B618DR　P12台積5A,TW000B618DR4,2023/10/16,2028/10/16,1.620000,上櫃,,DBFUFR,
B618DS　P12台積5B,TW000B618DS2,2023/10/16,2033/10/16,1.760000,上櫃,,DBFUFR,
B618DT　P13台積1A,TW000B618DT0,2024/03/15,2029/03/15,1.640000,上櫃,,DBFUFR,
B618DU　P13台積1B,TW000B618DU8,2024/03/15,2034/03/15,1.760000,上櫃,,DBFUFR,
B618DV　P13台積2A,TW000B618DV6,2024/05/17,2029/05/17,1.980000,上櫃,,DBFUFR,
B618DW　P13台積2B,TW000B618DW4,2024/05/17,2034/05/17,2.100000,上櫃,,DBFUFR,
B618DX　P14台積1A,TW000B618DX2,2025/03/28,2030/03/28,1.900000,上櫃,,DBFUFR,
B618DY　P14台積1B,TW000B618DY0,2025/03/28,2035/03/28,2.050000,上櫃,,DBFUFR,
B618DZ　P14台積2A,TW000B618DZ7,2025/06/02,2030/06/02,1.920000,上櫃,,DBFUFR,
B618E1　P14台積2B,TW000B618E12,2025/06/02,2035/06/02,2.050000,上櫃,,DBFUFR,
B618E2　P14台積3A,TW000B618E20,2025/07/09,2030/07/09,1.920000,上櫃,,DBFUFR,
B618E3　P14台積3B,TW000B618E38,2025/07/09,2035/07/09,2.050000,上櫃,,DBFUFR,
B618E4　P14台積4A,TW000B618E46,2025/09/18,2030/09/18,1.660000,上櫃,,DBFUFR,
B618E5　P14台積4B,TW000B618E53,2025/09/18,2035/09/18,1.730000,上櫃,,DBFUFR,
B618E6　P14台積5A,TW000B618E61,2025/11/20,2030/11/20,1.500000,上櫃,,DBFUFR,
B618E7　P14台積5B,TW000B618E79,2025/11/20,2032/11/20,1.530000,上櫃,,DBFUFR,
B618E8　P14台積5C,TW000B618E87,2025/11/20,2035/11/20,1.580000,上櫃,,DBFUFR,
B618E9　P15台積1A,TW000B618E95,2026/03/31,2031/03/31,1.720000,上櫃,,DBFUFR,
B618EA　P15台積1B,TW000B618EA8,2026/03/31,2036/03/31,1.780000,上櫃,,DBFUFR,
B62942　P11佳世達1,TW000B629427,2022/06/28,2027/06/28,1.800000,上櫃,,DBFSFR,
B63111　P11欣興1,TW000B631118,2022/01/12,2027/01/12,0.790000,上櫃,,DBFUFR,
B63112　P14欣興1,TW000B631126,2025/04/23,2030/04/23,2.100000,上櫃,,DBFUFR,
B63528　P10宏碁2,TW000B635283,2021/08/26,2026/08/26,0.620000,上櫃,,DBFUFR,
B63529　P13宏碁1A,TW000B635291,2024/06/12,2027/06/12,1.990000,上櫃,,DBFUFR,
B63530　P13宏碁1B,TW000B635309,2024/06/12,2029/06/12,2.050000,上櫃,,DBFUFR,
B638BE　P10聯電1B,TW000B638BE4,2021/04/22,2028/04/22,0.630000,上櫃,,DBFUFR,
B638BF　P10聯電1C,TW000B638BF1,2021/04/22,2031/04/22,0.680000,上櫃,,DBFUFR,
B638BG　P10聯電2,TW000B638BG9,2021/12/17,2026/12/17,0.630000,上櫃,,DBFUFR,
B638BH　P12聯電1,TW000B638BH7,2023/09/15,2028/09/15,1.620000,上櫃,,DBFUFR,
B638BJ　P14聯電1A,TW000B638BJ3,2025/06/27,2030/06/27,1.940000,上櫃,,DBFUFR,
B638BK　P14聯電1B,TW000B638BK1,2025/06/27,2030/06/27,1.990000,上櫃,,DBFUFR,
B638BL　P14聯電2,TW000B638BL9,2025/08/22,2028/08/22,1.800000,上櫃,,DBFUFR,
B638BM　P14聯電3,TW000B638BM7,2025/10/31,2028/10/31,1.700000,上櫃,,DBFUFR,
B638BN　P14聯電4A,TW000B638BN5,2025/12/05,2028/12/05,1.550000,上櫃,,DBFUFR,
B638BP　P14聯電4B,TW000B638BP0,2025/12/05,2030/12/05,1.600000,上櫃,,DBFUFR,
B64012　P11光罩1A,TW000B640127,2022/09/28,2027/09/28,1.800000,上櫃,,DBFSFR,
B64013　P11光罩1B,TW000B640135,2022/09/28,2027/09/28,1.800000,上櫃,,DBFSFR,
B64014　P11光罩2A,TW000B640143,2022/12/27,2027/12/27,2.200000,上櫃,,DBFSFR,
B64016　P12光罩1,TW000B640168,2023/08/28,2028/08/28,1.620000,上櫃,,DBFSFR,
B64017　P12光罩2,TW000B640176,2023/12/12,2028/12/12,1.800000,上櫃,,DBFSFR,
B64018　P13光罩1,TW000B640184,2024/08/01,2029/08/01,2.200000,上櫃,,DBFSFR,
B64472　P03鴻海4E,TW000B644723,2014/10/08,2026/10/08,2.150000,上櫃,,DBFUFR,
B64495　P04鴻海4H,TW000B644954,2015/09/29,2027/09/29,2.000000,上櫃,,DBFUFR,
B644A3　P04鴻海5H,TW000B644A30,2015/11/30,2027/11/30,1.950000,上櫃,,DBFUFR,
B644AA　P05鴻海1G,TW000B644AA2,2016/06/07,2026/06/07,1.200000,上櫃,,DBFUFR,
B644AQ　P06鴻海1E,TW000B644AQ8,2017/05/17,2027/05/17,1.530000,上櫃,,DBFUFR,
B644AX　P06鴻海2G,TW000B644AX4,2017/08/08,2027/08/08,1.520000,上櫃,,DBFUFR,
B644B1　P06鴻海3D,TW000B644B13,2017/11/16,2027/11/16,1.400000,上櫃,,DBFUFR,
B644B6　P07鴻海1E,TW000B644B62,2018/05/09,2028/05/09,1.350000,上櫃,,DBFUFR,
B644BC　P07鴻海2F,TW000B644BC6,2018/07/27,2028/07/27,1.300000,上櫃,,DBFUFR,
B644BG　P08鴻海1D,TW000B644BG7,2019/10/22,2026/10/22,0.900000,上櫃,,DBFUFR,
B644BH　P08鴻海1E,TW000B644BH5,2019/10/22,2029/10/22,1.100000,上櫃,,DBFUFR,
B644BL　P09鴻海1C,TW000B644BL7,2020/01/09,2027/01/09,0.920000,上櫃,,DBFUFR,
B644BM　P09鴻海1D,TW000B644BM5,2020/01/09,2030/01/09,1.120000,上櫃,,DBFUFR,
B644BP　P09鴻海2B,TW000B644BP8,2020/05/14,2027/05/14,0.900000,上櫃,,DBFUFR,
B644BQ　P09鴻海2C,TW000B644BQ6,2020/05/14,2030/05/14,1.000000,上櫃,,DBFUFR,
B644BS　P09鴻海3B,TW000B644BS2,2020/09/09,2027/09/09,0.790000,上櫃,,DBFUFR,
B644BT　P09鴻海3C,TW000B644BT0,2020/09/09,2030/09/09,0.900000,上櫃,,DBFUFR,
B644BU　P09鴻海3D,TW000B644BU8,2020/09/09,2032/09/09,1.000000,上櫃,,DBFUFR,
B644BW　P09鴻海4B,TW000B644BW4,2020/12/28,2027/12/28,0.630000,上櫃,,DBFUFR,
B644BX　P09鴻海4C,TW000B644BX2,2020/12/28,2030/12/28,0.680000,上櫃,,DBFUFR,
B644BY　P09鴻海4D,TW000B644BY0,2020/12/28,2035/12/28,0.900000,上櫃,,DBFUFR,
B644C1　P10鴻海1B,TW000B644C12,2021/05/14,2026/05/14,0.540000,上櫃,,DBFUFR,
B644C2　P10鴻海1C,TW000B644C20,2021/05/14,2028/05/14,0.630000,上櫃,,DBFUFR,
B644C3　P10鴻海1D,TW000B644C38,2021/05/14,2031/05/14,0.730000,上櫃,,DBFUFR,
B644C4　P10鴻海1E,TW000B644C46,2021/05/14,2036/05/14,0.950000,上櫃,,DBFUFR,
B644C5　P10鴻海2A,TW000B644C53,2021/09/30,2026/09/30,0.510000,上櫃,,DBFUFR,
B644C6　P10鴻海2B,TW000B644C61,2021/09/30,2028/09/30,0.620000,上櫃,,DBFUFR,
B644C7　P10鴻海2C,TW000B644C79,2021/09/30,2031/09/30,0.700000,上櫃,,DBFUFR,
B644C8　P10鴻海2D,TW000B644C87,2021/09/30,2036/09/30,0.840000,上櫃,,DBFUFR,
B644CA　P10鴻海3B,TW000B644CA8,2021/12/08,2026/12/08,0.630000,上櫃,,DBFUFR,
B644CB　P10鴻海3C,TW000B644CB6,2021/12/08,2028/12/08,0.720000,上櫃,,DBFUFR,
B644CC　P10鴻海3D,TW000B644CC4,2021/12/08,2031/12/08,0.820000,上櫃,,DBFUFR,
B644CE　P11鴻海1B,TW000B644CE0,2022/05/06,2027/05/06,1.150000,上櫃,,DBFUFR,
B644CF　P11鴻海1C,TW000B644CF7,2022/05/06,2029/05/06,1.200000,上櫃,,DBFUFR,
B644CH　P11鴻海2B,TW000B644CH3,2022/08/18,2027/08/18,1.670000,上櫃,,DBFUFR,
B644CJ　P11鴻海2C,TW000B644CJ9,2022/08/18,2029/08/18,1.700000,上櫃,,DBFUFR,
B644CK　P11鴻海2D,TW000B644CK7,2022/08/18,2032/08/18,1.850000,上櫃,,DBFUFR,
B644CM　P11鴻海3B,TW000B644CM3,2022/10/21,2027/10/21,1.750000,上櫃,,DBFUFR,
B644CN　P11鴻海3C,TW000B644CN1,2022/10/21,2029/10/21,1.800000,上櫃,,DBFUFR,
B644CP　P11鴻海3D,TW000B644CP6,2022/10/21,2032/10/21,1.950000,上櫃,,DBFUFR,
B644CR　P12鴻海1B,TW000B644CR2,2023/04/20,2028/04/20,1.620000,上櫃,,DBFUFR,
B644CS　P12鴻海1C,TW000B644CS0,2023/04/20,2030/04/20,1.680000,上櫃,,DBFUFR,
B644CT　P12鴻海1D,TW000B644CT8,2023/04/20,2033/04/20,1.850000,上櫃,,DBFUFR,
B644CU　P12鴻海2A,TW000B644CU6,2023/07/05,2026/07/05,1.520000,上櫃,,DBFUFR,
B644CV　P12鴻海2B,TW000B644CV4,2023/07/05,2028/07/05,1.620000,上櫃,,DBFUFR,
B644CW　P12鴻海2C,TW000B644CW2,2023/07/05,2030/07/05,1.680000,上櫃,,DBFUFR,
B644CX　P12鴻海2D,TW000B644CX0,2023/07/05,2033/07/05,1.830000,上櫃,,DBFUFR,
B644CY　P12鴻海3A,TW000B644CY8,2023/09/14,2026/09/14,1.530000,上櫃,,DBFUFR,
B644CZ　P12鴻海3B,TW000B644CZ5,2023/09/14,2028/09/14,1.650000,上櫃,,DBFUFR,
B644D1　P12鴻海3C,TW000B644D11,2023/09/14,2030/09/14,1.700000,上櫃,,DBFUFR,
B644D2　P12鴻海3D,TW000B644D29,2023/09/14,2033/09/14,1.810000,上櫃,,DBFUFR,
B644D3　P12鴻海4A,TW000B644D37,2023/11/22,2028/11/22,1.720000,上櫃,,DBFUFR,
B644D4　P12鴻海4B,TW000B644D45,2023/11/22,2030/11/22,1.740000,上櫃,,DBFUFR,
B644D5　P13鴻海1A,TW000B644D52,2024/01/11,2027/01/11,1.680000,上櫃,,DBFUFR,
B644D6　P13鴻海1B,TW000B644D60,2024/01/11,2029/01/11,1.800000,上櫃,,DBFUFR,
B644D7　P13鴻海1C,TW000B644D78,2024/01/11,2034/01/11,1.900000,上櫃,,DBFUFR,
B644D8　P13鴻海2A,TW000B644D86,2024/04/25,2027/04/25,1.700000,上櫃,,DBFUFR,
B644D9　P13鴻海2B,TW000B644D94,2024/04/25,2029/04/25,1.800000,上櫃,,DBFUFR,
B644DA　P13鴻海2C,TW000B644DA6,2024/04/25,2031/04/25,1.840000,上櫃,,DBFUFR,
B644DB　P13鴻海2D,TW000B644DB4,2024/04/25,2034/04/25,1.900000,上櫃,,DBFUFR,
B644DC　P13鴻海3A,TW000B644DC2,2024/10/16,2029/10/16,1.960000,上櫃,,DBFUFR,
B644DD　P13鴻海3B,TW000B644DD0,2024/10/16,2031/10/16,2.000000,上櫃,,DBFUFR,
B644DE　P13鴻海3C,TW000B644DE8,2024/10/16,2034/10/16,2.050000,上櫃,,DBFUFR,
B644DF　P14鴻海1A,TW000B644DF5,2025/01/14,2030/01/14,1.980000,上櫃,,DBFUFR,
B644DG　P14鴻海1B,TW000B644DG3,2025/01/14,2032/01/14,2.000000,上櫃,,DBFUFR,
B644DH　P14鴻海1C,TW000B644DH1,2025/01/14,2035/01/14,2.050000,上櫃,,DBFUFR,
B644DJ　P14鴻海2A,TW000B644DJ7,2025/05/09,2028/05/09,1.950000,上櫃,,DBFUFR,
B644DK　P14鴻海2B,TW000B644DK5,2025/05/09,2030/05/09,2.000000,上櫃,,DBFUFR,
B644DL　P14鴻海2C,TW000B644DL3,2025/05/09,2035/05/09,2.150000,上櫃,,DBFUFR,
B644DM　P14鴻海3A,TW000B644DM1,2025/08/18,2028/08/18,1.850000,上櫃,,DBFUFR,
B644DN　P14鴻海3B,TW000B644DN9,2025/08/18,2030/08/18,1.880000,上櫃,,DBFUFR,
B644DP　P14鴻海3C,TW000B644DP4,2025/08/18,2032/08/18,1.930000,上櫃,,DBFUFR,
B644DQ　P14鴻海3D,TW000B644DQ2,2025/08/18,2035/08/18,1.990000,上櫃,,DBFUFR,
B644DR　P14鴻海4A,TW000B644DR0,2025/11/05,2030/11/05,1.670000,上櫃,,DBFUFR,
B644DS　P14鴻海4B,TW000B644DS8,2025/11/05,2032/11/05,1.730000,上櫃,,DBFUFR,
B644DT　P14鴻海4C,TW000B644DT6,2025/11/05,2035/11/05,1.770000,上櫃,,DBFUFR,
B644DU　P15鴻海1A,TW000B644DU4,2026/01/14,2029/01/14,1.650000,上櫃,,DBFUFR,
B644DV　P15鴻海1B,TW000B644DV2,2026/01/14,2031/01/14,1.680000,上櫃,,DBFUFR,
B644DW　P15鴻海1C,TW000B644DW0,2026/01/14,2033/01/14,1.720000,上櫃,,DBFUFR,
B644DX　P15鴻海1D,TW000B644DX8,2026/01/14,2036/01/14,1.750000,上櫃,,DBFUFR,
B64613　P10國巨2B,TW000B646132,2021/09/03,2026/09/03,0.600000,上櫃,,DBFUFR,
B64614　P11國巨1,TW000B646140,2022/01/12,2027/01/12,0.730000,上櫃,,DBFUFR,
B64615　P15國巨1A,TW000B646157,2026/01/07,2029/01/07,1.750000,上櫃,,DBFUFR,
B64616　P15國巨1B,TW000B646165,2026/01/07,2031/01/07,1.800000,上櫃,,DBFUFR,
B66605　P10精金1A,TW000B666056,2021/07/05,2026/07/05,0.510000,上櫃,,DBFSFR,
B66606　P10精金1B,TW000B666064,2021/07/05,2026/07/05,0.510000,上櫃,,DBFSFR,
B66607　P10精金1C,TW000B666072,2021/07/05,2026/07/05,0.510000,上櫃,,DBFSFR,
B66608　P10精金2,TW000B666080,2021/11/26,2026/11/26,0.570000,上櫃,,DBFSFR,
B67008　P15東元1,TW000B670082,2026/01/12,2031/01/12,1.800000,上櫃,,DBFUFR,
B67405　P12大亞1,TW000B674050,2023/04/26,2030/04/26,1.680000,上櫃,,DBFSFR,
B67406　P13大亞1,TW000B674068,2024/05/08,2031/05/08,1.750000,上櫃,,DBFSFR,
B67407　P15大亞1,TW000B674076,2026/04/20,2031/04/20,1.890000,上櫃,,DBFSFR,
B68125　P13南科1,TW000B681253,2024/04/11,2029/04/11,1.750000,上櫃,,DBFUFR,
B69003　P15佳穎1,TW000B690031,2026/04/22,2031/04/22,1.980000,上櫃,,DBFSFR,
B69108　P08和碩1B,TW000B691088,2019/06/13,2026/06/13,0.950000,上櫃,,DBFUFR,
B69111　P10和碩1B,TW000B691112,2021/01/08,2028/01/08,0.580000,上櫃,,DBFUFR,
B69112　P10和碩2A,TW000B691120,2021/12/02,2026/12/02,0.560000,上櫃,,DBFUFR,
B69113　P10和碩2B,TW000B691138,2021/12/02,2028/12/02,0.650000,上櫃,,DBFUFR,
B69203　P11新美齊1,TW000B692037,2022/09/01,2027/09/01,1.950000,上櫃,,DBFSFR,
B69205　P13新美齊1,TW000B692052,2024/10/28,2029/10/28,2.060000,上櫃,,DBFSFR,
B69206　P14新美齊1,TW000B692060,2025/12/23,2030/12/23,1.960000,上櫃,,DBFSGR,
B69503　P14九豪1,TW000B695030,2025/12/10,2028/12/10,1.950000,上櫃,,DBFSFR,
B69802　P10緯穎1,TW000B698026,2021/08/06,2026/08/06,0.630000,上櫃,,DBFUFR,
B69901　P10環球晶1,TW000B699016,2021/05/11,2026/05/11,0.620000,上櫃,,DBFUFR,
B69903　P10環球晶3,TW000B699032,2021/08/19,2026/08/19,0.600000,上櫃,,DBFUFR,
B69904　P13環球晶1,TW000B699040,2024/03/19,2029/03/19,1.700000,上櫃,,DBFUFR,
B69905　P13環球晶2,TW000B699057,2024/03/19,2031/03/19,1.750000,上櫃,,DBFUFR,
B69906　P14環球晶1,TW000B699065,2025/05/28,2028/05/28,2.010000,上櫃,,DBFUFR,
B69907　P14環球晶2,TW000B699073,2025/05/28,2030/05/28,2.080000,上櫃,,DBFUFR,
B69908　P14環球晶3,TW000B699081,2025/05/28,2035/05/28,2.180000,上櫃,,DBFUFR,
B69909　P14環球晶4,TW000B699099,2025/09/24,2028/09/24,1.860000,上櫃,,DBFUFR,
B69910　P14環球晶5,TW000B699107,2025/09/24,2030/09/24,1.920000,上櫃,,DBFUFR,
B69911　P14環球晶6,TW000B699115,2025/09/24,2032/09/24,1.980000,上櫃,,DBFUFR,
B69912　P14環球晶7,TW000B699123,2025/09/24,2035/09/24,2.020000,上櫃,,DBFUFR,
B6A101　P10伍豐1,TW000B6A1014,2021/06/15,2026/06/15,0.620000,上櫃,,DBFSFR,
B6A201　P11皇龍1,TW000B6A2012,2022/01/11,2027/01/11,0.700000,上櫃,,DBFSFR,
B6A301　P11台達電1,TW000B6A3010,2022/04/07,2027/04/07,0.850000,上櫃,,DBFUFR,
B6A302　P11台達電2,TW000B6A3028,2022/04/07,2029/04/07,0.900000,上櫃,,DBFUFR,
B6A306　P12台達電3,TW000B6A3069,2023/04/27,2028/04/27,1.530000,上櫃,,DBFUFR,
B6A307　P12台達電4,TW000B6A3077,2023/06/05,2026/06/05,1.490000,上櫃,,DBFUFR,
B6A308　P14台達電1,TW000B6A3085,2025/08/22,2027/08/22,1.750000,上櫃,,DBFUFR,
B6A309　P14台達電2,TW000B6A3093,2025/08/22,2028/08/22,1.820000,上櫃,,DBFUFR,
B702AJ　P03台化2B,TW000B702AJ9,2014/07/04,2029/07/04,2.030000,上櫃,,DBFUFR,
B702AL　P08台化1B,TW000B702AL5,2019/05/13,2026/05/13,0.830000,上櫃,,DBFUFR,
B702AM　P08台化1C,TW000B702AM3,2019/05/13,2029/05/13,0.930000,上櫃,,DBFUFR,
B702AP　P09台化1B,TW000B702AP6,2020/09/03,2027/09/03,0.600000,上櫃,,DBFUFR,
B702AQ　P09台化1C,TW000B702AQ4,2020/09/03,2030/09/03,0.670000,上櫃,,DBFUFR,
B702AR　P10台化1A,TW000B702AR2,2021/05/10,2026/05/10,0.480000,上櫃,,DBFUFR,
B702AS　P10台化1B,TW000B702AS0,2021/05/10,2028/05/10,0.560000,上櫃,,DBFUFR,
B702AT　P14台化1,TW000B702AT8,2025/07/02,2030/07/02,2.080000,上櫃,,DBFUFR,
B702AU　P14台化2A,TW000B702AU6,2025/10/16,2030/10/16,1.900000,上櫃,,DBFUFR,
B702AV　P14台化2B,TW000B702AV4,2025/10/16,2035/10/16,2.030000,上櫃,,DBFUFR,
B712FT　P03塑化1C,TW000B712FT6,2014/09/12,2026/09/12,1.990000,上櫃,,DBFUFR,
B712FV　P08塑化1B,TW000B712FV2,2019/07/24,2026/07/24,0.780000,上櫃,,DBFUFR,
B712FW　P08塑化1C,TW000B712FW0,2019/07/24,2029/07/24,0.870000,上櫃,,DBFUFR,
B712FY　P09塑化1B,TW000B712FY6,2020/08/06,2027/08/06,0.640000,上櫃,,DBFUFR,
B712FZ　P09塑化1C,TW000B712FZ3,2020/08/06,2030/08/06,0.680000,上櫃,,DBFUFR,
B71310　P10長春1,TW000B713106,2021/07/12,2026/07/12,0.550000,上櫃,,DBFUFR,
B71892　P08中油1B,TW000B718923,2019/09/11,2026/09/11,0.730000,上櫃,,DBFUFR,
B71893　P08中油1C,TW000B718931,2019/09/11,2029/09/11,0.790000,上櫃,,DBFUFR,
B71895　P09中油1B,TW000B718956,2020/06/02,2027/06/02,0.580000,上櫃,,DBFUFR,
B71896　P09中油1C,TW000B718964,2020/06/03,2030/06/03,0.610000,上櫃,,DBFUFR,
B71897　P09中油1D,TW000B718972,2020/06/03,2035/06/03,0.720000,上櫃,,DBFUFR,
B71898　P10中油1A,TW000B718980,2021/06/18,2026/06/18,0.420000,上櫃,,DBFUFR,
B71899　P10中油1B,TW000B718998,2021/06/17,2028/06/17,0.450000,上櫃,,DBFUFR,
B718A0　P10中油1C,TW000B718A07,2021/06/16,2031/06/16,0.520000,上櫃,,DBFUFR,
B718A1　P11中油1A,TW000B718A15,2022/05/18,2027/05/18,1.400000,上櫃,,DBFUFR,
B718A2　P11中油1B,TW000B718A23,2022/05/19,2029/05/19,1.450000,上櫃,,DBFUFR,
B718A3　P11中油1C,TW000B718A31,2022/05/19,2032/05/19,1.450000,上櫃,,DBFUFR,
B718A4　P11中油2A,TW000B718A49,2022/08/04,2027/08/04,1.650000,上櫃,,DBFUFR,
B718A5　P11中油2B,TW000B718A56,2022/08/05,2029/08/05,1.750000,上櫃,,DBFUFR,
B718A6　P11中油2C,TW000B718A64,2022/08/05,2032/08/05,1.950000,上櫃,,DBFUFR,
B718A7　P11中油3A,TW000B718A72,2022/10/21,2027/10/21,1.550000,上櫃,,DBFUFR,
B718A8　P11中油3B,TW000B718A80,2022/10/21,2029/10/21,1.600000,上櫃,,DBFUFR,
B718A9　P12中油1A,TW000B718A98,2023/05/16,2028/05/16,1.530000,上櫃,,DBFUFR,
B718AA　P12中油1B,TW000B718AA4,2023/05/15,2030/05/15,1.600000,上櫃,,DBFUFR,
B718AB　P12中油1C,TW000B718AB2,2023/05/15,2033/05/15,1.780000,上櫃,,DBFUFR,
B718AC　P12中油2A,TW000B718AC0,2023/07/25,2028/07/25,1.530000,上櫃,,DBFUFR,
B718AD　P12中油2B,TW000B718AD8,2023/07/26,2030/07/26,1.600000,上櫃,,DBFUFR,
B718AE　P12中油2C,TW000B718AE6,2023/07/26,2033/07/26,1.740000,上櫃,,DBFUFR,
B718AF　P12中油3A,TW000B718AF3,2023/10/13,2028/10/13,1.530000,上櫃,,DBFUFR,
B718AG　P12中油3B,TW000B718AG1,2023/10/13,2030/10/13,1.590000,上櫃,,DBFUFR,
B718AH　P12中油3C,TW000B718AH9,2023/10/13,2033/10/13,1.680000,上櫃,,DBFUFR,
B718AJ　P13中油1A,TW000B718AJ5,2024/01/11,2029/01/11,1.660000,上櫃,,DBFUFR,
B718AK　P13中油1B,TW000B718AK3,2024/01/11,2031/01/11,1.700000,上櫃,,DBFUFR,
B718AL　P13中油1C,TW000B718AL1,2024/01/12,2034/01/12,1.780000,上櫃,,DBFUFR,
B718AM　P13中油2A,TW000B718AM9,2024/05/14,2029/05/14,1.730000,上櫃,,DBFUFR,
B718AN　P13中油2B,TW000B718AN7,2024/05/14,2031/05/14,1.760000,上櫃,,DBFUFR,
B718AP　P13中油2C,TW000B718AP2,2024/05/14,2034/05/14,1.840000,上櫃,,DBFUFR,
B718AQ　P13中油3A,TW000B718AQ0,2024/06/21,2029/06/21,1.940000,上櫃,,DBFUFR,
B718AR　P13中油3B,TW000B718AR8,2024/06/20,2031/06/20,1.970000,上櫃,,DBFUFR,
B718AS　P13中油3C,TW000B718AS6,2024/06/20,2034/06/20,2.050000,上櫃,,DBFUFR,
B718AT　P13中油4A,TW000B718AT4,2024/08/07,2029/08/07,1.950000,上櫃,,DBFUFR,
B718AU　P13中油4B,TW000B718AU2,2024/08/07,2031/08/07,1.950000,上櫃,,DBFUFR,
B718AV　P13中油4C,TW000B718AV0,2024/08/07,2034/08/07,2.030000,上櫃,,DBFUFR,
B718AW　P13中油5A,TW000B718AW8,2024/09/18,2029/09/18,1.920000,上櫃,,DBFUFR,
B718AX　P13中油5B,TW000B718AX6,2024/09/19,2031/09/19,1.950000,上櫃,,DBFUFR,
B718AY　P13中油5C,TW000B718AY4,2024/09/19,2034/09/19,2.010000,上櫃,,DBFUFR,
B718AZ　P13中油6A,TW000B718AZ1,2024/10/24,2029/10/24,1.900000,上櫃,,DBFUFR,
B718B1　P13中油6B,TW000B718B14,2024/10/25,2031/10/25,1.920000,上櫃,,DBFUFR,
B718B2　P13中油6C,TW000B718B22,2024/10/25,2034/10/25,1.950000,上櫃,,DBFUFR,
B718B3　P13中油7A,TW000B718B30,2024/12/19,2029/12/19,1.920000,上櫃,,DBFUFR,
B718B4　P13中油7B,TW000B718B48,2024/12/20,2031/12/20,1.920000,上櫃,,DBFUFR,
B718B5　P13中油7C,TW000B718B55,2024/12/20,2034/12/20,1.920000,上櫃,,DBFUFR,
B718B6　P14中油1A,TW000B718B63,2025/05/22,2030/05/22,1.900000,上櫃,,DBFUFR,
B718B7　P14中油1B,TW000B718B71,2025/05/23,2032/05/23,1.960000,上櫃,,DBFUFR,
B718B8　P14中油1C,TW000B718B89,2025/05/23,2035/05/23,2.000000,上櫃,,DBFUFR,
B718B9　P14中油2A,TW000B718B97,2025/07/07,2030/07/07,1.910000,上櫃,,DBFUFR,
B718BA　P14中油2B,TW000B718BA2,2025/07/08,2032/07/08,1.950000,上櫃,,DBFUFR,
B718BB　P14中油2C,TW000B718BB0,2025/07/08,2035/07/08,2.000000,上櫃,,DBFUFR,
B718BC　P14中油3A,TW000B718BC8,2025/08/13,2030/08/13,1.820000,上櫃,,DBFUFR,
B718BD　P14中油3B,TW000B718BD6,2025/08/14,2032/08/14,1.850000,上櫃,,DBFUFR,
B718BE　P14中油3C,TW000B718BE4,2025/08/14,2035/08/14,1.910000,上櫃,,DBFUFR,
B718BF　P14中油4A,TW000B718BF1,2025/09/23,2030/09/23,1.700000,上櫃,,DBFUFR,
B718BG　P14中油4B,TW000B718BG9,2025/09/24,2032/09/24,1.740000,上櫃,,DBFUFR,
B718BH　P14中油4C,TW000B718BH7,2025/09/24,2035/09/24,1.740000,上櫃,,DBFUFR,
B718BJ　P15中油1A,TW000B718BJ3,2026/01/14,2031/01/14,1.600000,上櫃,,DBFUFR,
B718BK　P15中油1B,TW000B718BK1,2026/01/14,2033/01/14,1.600000,上櫃,,DBFUFR,
B718BL　P15中油1C,TW000B718BL9,2026/01/14,2036/01/14,1.630000,上櫃,,DBFUFR,
B718BM　P15中油2A,TW000B718BM7,2026/05/11,2031/05/11,1.760000,上櫃,,DBFUFR,
B718BN　P15中油2B,TW000B718BN5,2026/05/11,2033/05/11,1.760000,上櫃,,DBFUFR,
B718BP　P15中油2C,TW000B718BP0,2026/05/11,2036/05/11,1.810000,上櫃,,DBFUFR,
B72007　P10長興1,TW000B720077,2021/08/27,2026/08/27,0.580000,上櫃,,DBFGFR,
B72102　P10南僑1A,TW000B721026,2021/08/11,2026/08/11,0.470000,上櫃,,DBFSFR,
B72103　P10南僑1B,TW000B721034,2021/08/11,2028/08/11,0.530000,上櫃,,DBFSFR,
B801AE　02中鋼1C,TW000B801AE0,2013/07/12,2028/07/12,1.880000,上櫃,,DBFUFR,
B801AH　P03中鋼1C,TW000B801AH3,2014/01/23,2029/01/23,2.150000,上櫃,,DBFUFR,
B801AK　P07中鋼2,TW000B801AK7,2018/08/08,2028/08/08,1.100000,上櫃,,DBFUFR,
B801AM　P07中鋼3B,TW000B801AM3,2018/10/09,2028/10/09,1.050000,上櫃,,DBFUFR,
B801AP　P09中鋼1B,TW000B801AP6,2020/12/28,2027/12/28,0.430000,上櫃,,DBFUFR,
B801AQ　P12中鋼1A,TW000B801AQ4,2023/07/05,2026/07/05,1.500000,上櫃,,DBFUFR,
B801AR　P12中鋼1B,TW000B801AR2,2023/07/05,2028/07/05,1.570000,上櫃,,DBFUFR,
B801AS　P13中鋼1,TW000B801AS0,2024/05/28,2029/05/28,1.840000,上櫃,,DBFUFR,
B801AT　P14中鋼1,TW000B801AT8,2025/04/29,2030/04/29,2.060000,上櫃,,DBFUFR,
B801AU　P14中鋼2,TW000B801AU6,2025/09/17,2030/09/17,1.890000,上櫃,,DBFUFR,
B801AV　P15中鋼1A,TW000B801AV4,2026/01/06,2031/01/06,1.790000,上櫃,,DBFUFR,
B801AW　P15中鋼1B,TW000B801AW2,2026/01/06,2033/01/06,1.820000,上櫃,,DBFUFR,
B81706　P10聯上發2,TW000B817063,2021/06/25,2026/06/25,0.570000,上櫃,,DBFSFR,
B81707　P10聯上發3,TW000B817071,2021/10/14,2026/10/14,0.570000,上櫃,,DBFSFR,
B81708　P10聯上發4A,TW000B817089,2021/11/01,2026/11/01,0.570000,上櫃,,DBFSFR,
B81709　P10聯上發4B,TW000B817097,2021/11/01,2026/11/01,0.570000,上櫃,,DBFSFR,
B81710　P14聯上發1,TW000B817105,2025/05/29,2030/05/29,2.150000,上櫃,,DBFSFR,
B81711　P14聯上發2,TW000B817113,2025/11/26,2030/11/26,1.900000,上櫃,,DBFSFR,
B81712　P15聯上發1,TW000B817121,2026/01/12,2031/01/12,1.880000,上櫃,,DBFSFR,
B83425　P12冠德1,TW000B834258,2023/10/12,2028/10/12,1.750000,上櫃,,DBFSFR,
B83426　P13冠德1,TW000B834266,2024/12/11,2029/12/11,2.060000,上櫃,,DBFSFR,
B83427　P14冠德1,TW000B834274,2025/10/03,2030/10/03,1.960000,上櫃,,DBFSFR,
B83428　P14冠德2,TW000B834282,2025/10/30,2030/10/30,1.960000,上櫃,,DBFSFR,
B83706　P10榮剛1,TW000B837061,2021/11/29,2028/11/29,0.650000,上櫃,,DBFSFR,
B84308　P14中鼎1A,TW000B843085,2025/03/31,2030/03/31,2.100000,上櫃,,DBFUFR,
B84309　P14中鼎1B,TW000B843093,2025/03/31,2032/03/31,2.280000,上櫃,,DBFUFR,
B84705　P11太子1,TW000B847052,2022/06/16,2027/06/16,1.580000,上櫃,,DBFSFR,
B84706　P12太子1,TW000B847060,2023/06/13,2028/06/13,1.540000,上櫃,,DBFSFR,
B84814　P13亞國1,TW000B848142,2024/03/27,2029/03/27,1.770000,上櫃,,DBFSFR,
B84815　P13亞國2,TW000B848159,2024/03/27,2027/03/27,1.750000,上櫃,,DBFSFR,
B84816　P13亞國3,TW000B848167,2024/06/24,2027/06/24,2.200000,上櫃,,DBFSFR,
B84817　P13亞國4,TW000B848175,2024/11/27,2029/11/27,2.010000,上櫃,,DBFSGR,
B84818　P13亞國5,TW000B848183,2024/12/13,2027/12/13,2.000000,上櫃,,DBFSGR,
B84819　P14亞國1,TW000B848191,2025/01/14,2029/01/14,2.200000,上櫃,,DBFSGR,
B84820　P14亞國2,TW000B848209,2025/03/26,2030/03/26,2.070000,上櫃,,DBFSGR,
B84821　P14亞國3,TW000B848217,2025/07/08,2028/07/08,2.090000,上櫃,,DBFSGR,
B84822　P15亞國1A,TW000B848225,2026/05/04,2031/05/04,1.920000,上櫃,,DBFSGR,
B84823　P15亞國1B,TW000B848233,2026/05/04,2031/05/04,1.920000,上櫃,,DBFSGR,
B84905　P10 三發 1,TW000B849058,2021/12/24,2026/12/24,0.670000,上櫃,,DBFSFR,
B84906　P11三發1,TW000B849066,2022/01/10,2027/01/10,0.680000,上櫃,,DBFSFR,
B84907　P11 三發2,TW000B849074,2022/09/14,2027/09/14,1.700000,上櫃,,DBFSFR,
B84908　P13三發1,TW000B849082,2024/07/18,2029/07/18,2.080000,上櫃,,DBFSFR,
B84909　P14三發1,TW000B849090,2025/01/13,2030/01/13,2.010000,上櫃,,DBFSFR,
B85108　P10潤隆1,TW000B851088,2021/11/10,2026/11/10,0.570000,上櫃,,DBFSFR,
B85109　P11潤隆1,TW000B851096,2022/04/11,2027/04/11,0.850000,上櫃,,DBFSFR,
B85110　P13潤隆1,TW000B851104,2024/03/28,2029/03/28,1.700000,上櫃,,DBFSFR,
B85111　P13潤隆2,TW000B851112,2024/05/02,2029/05/02,1.730000,上櫃,,DBFSFR,
B85112　P13潤隆3,TW000B851120,2024/12/20,2029/12/20,2.050000,上櫃,,DBFSFR,
B85113　P14潤隆1,TW000B851138,2025/09/03,2028/09/03,2.050000,上櫃,,DBFSFR,
B85114　P15潤隆1,TW000B851146,2026/01/08,2031/01/08,1.880000,上櫃,,DBFSFR,
B85204　P10太設1,TW000B852045,2021/06/04,2026/06/04,0.630000,上櫃,,DBFSFR,
B85205　P11太設1,TW000B852052,2022/04/01,2027/04/01,0.850000,上櫃,,DBFSFR,
B85309　P10達麗2,TW000B853092,2021/08/05,2026/08/05,0.550000,上櫃,,DBFSFR,
B85310　P13達麗1,TW000B853100,2024/06/24,2027/06/24,2.000000,上櫃,,DBFSFR,
B85311　P14達麗1,TW000B853118,2025/04/25,2030/04/25,2.100000,上櫃,,DBFSFR,
B85410　P12中龍1,TW000B854108,2023/06/13,2026/06/13,1.550000,上櫃,,DBFUFR,
B85411　P12中龍2,TW000B854116,2023/12/12,2028/12/12,1.790000,上櫃,,DBFUFR,
B85412　P13中龍1,TW000B854124,2024/04/23,2029/04/23,1.720000,上櫃,,DBFUFR,
B85413　P13中龍2,TW000B854132,2024/08/27,2029/08/27,2.250000,上櫃,,DBFUFR,
B85414　P14中龍1,TW000B854140,2025/01/06,2030/01/06,2.190000,上櫃,,DBFUFR,
B85504　P11士開1,TW000B855048,2022/01/12,2027/01/12,0.600000,上櫃,,DBFSFR,
B85505　P13士開1,TW000B855055,2024/08/15,2029/08/15,2.150000,上櫃,,DBFSFR,
B85506　P15士開1,TW000B855063,2026/04/17,2031/04/17,1.900000,上櫃,,DBFSFR,
B85702　P11隆大1,TW000B857028,2022/01/12,2027/01/12,0.680000,上櫃,,DBFSFR,
B85703　P12隆大1,TW000B857036,2023/08/30,2028/08/30,1.650000,上櫃,,DBFSFR,
B85704　P13隆大1,TW000B857044,2024/11/13,2029/11/13,1.950000,上櫃,,DBFSFR,
B86005　P14力麒1,TW000B860055,2025/08/12,2030/08/12,1.980000,上櫃,,DBFSFR,
B86006　P14力麒2,TW000B860063,2025/10/16,2030/10/16,1.950000,上櫃,,DBFSFR,
B86211　P12富旺1,TW000B862119,2023/12/19,2026/12/19,1.770000,上櫃,,DBFSFR,
B86212　P13富旺1,TW000B862127,2024/01/12,2027/01/12,1.770000,上櫃,,DBFSFR,
B86213　P13富旺2,TW000B862135,2024/05/07,2027/05/07,1.690000,上櫃,,DBFSFR,
B86214　P13富旺3,TW000B862143,2024/07/11,2029/07/11,2.150000,上櫃,,DBFSFR,
B86306　P10愛山林2,TW000B863067,2021/11/25,2026/11/25,0.600000,上櫃,,DBFSFR,
B86309　P12愛山林1,TW000B863091,2023/09/21,2026/09/21,1.620000,上櫃,,DBFSFR,
B86310　P13愛山林1,TW000B863109,2024/07/29,2027/07/29,2.100000,上櫃,,DBFSFR,
B86311　P14愛山林1,TW000B863117,2025/10/16,2028/10/16,2.500000,上櫃,,DBFUGR,
B86409　P10興富發3,TW000B864099,2021/09/15,2026/09/15,0.550000,上櫃,,DBFSFR,
B86410　P11興富發1,TW000B864107,2022/04/18,2027/04/18,0.900000,上櫃,,DBFSFR,
B86411　P12興富發1,TW000B864115,2023/12/11,2026/12/11,1.700000,上櫃,,DBFSFR,
B86412　P13興富發1,TW000B864123,2024/01/11,2027/01/11,1.800000,上櫃,,DBFSFR,
B86413　P14興富發1,TW000B864131,2025/06/13,2028/06/13,2.100000,上櫃,,DBFSFR,
B86414　P14興富發2,TW000B864149,2025/06/20,2028/06/20,2.080000,上櫃,,DBFSFR,
B86415　P14興富發3,TW000B864156,2025/09/01,2028/09/01,2.060000,上櫃,,DBFSFR,
B86416　P14興富發4,TW000B864164,2025/12/15,2030/12/15,1.880000,上櫃,,DBFSFR,
B86417　P14興富發5,TW000B864172,2025/12/22,2030/12/22,1.900000,上櫃,,DBFSGR,
B86418　P15興富發1,TW000B864180,2026/01/13,2029/01/13,1.800000,上櫃,,DBFSFR,
B86507　P11新潤1,TW000B865070,2022/10/03,2027/10/03,1.800000,上櫃,,DBFSFR,
B86508　P12新潤1,TW000B865088,2023/09/11,2028/09/11,1.650000,上櫃,,DBFSFR,
B86509　P13新潤1A,TW000B865096,2024/06/27,2029/06/27,2.100000,上櫃,,DBFSFR,
B86510　P13新潤1B,TW000B865104,2024/06/27,2029/06/27,2.100000,上櫃,,DBFSFR,
B86511　P13新潤2,TW000B865112,2024/11/12,2029/11/12,1.970000,上櫃,,DBFSFR,
B86603　P10永信建1,TW000B866037,2021/07/20,2026/07/20,0.590000,上櫃,,DBFSFR,
B86604　P10永信建2,TW000B866045,2021/09/27,2026/09/27,0.550000,上櫃,,DBFSFR,
B86605　P11永信建1,TW000B866052,2022/06/08,2027/06/08,1.800000,上櫃,,DBFSFR,
B86606　P11永信建2,TW000B866060,2022/06/08,2027/06/08,1.850000,上櫃,,DBFSFR,
B86607　P12永信建1,TW000B866078,2023/07/21,2028/07/21,2.975000,上櫃,,DBFUGR,
B86608　P14永信建1,TW000B866086,2025/07/29,2030/07/29,3.200000,上櫃,,DBFUGR,
B86703　P10聯上1,TW000B867035,2021/09/03,2026/09/03,0.650000,上櫃,,DBFGFR,
B86704　P10聯上2,TW000B867043,2021/10/26,2026/10/26,0.570000,上櫃,,DBFSFR,
B86705　P11聯上1,TW000B867050,2022/11/16,2027/11/16,2.200000,上櫃,,DBFSFR,
B86802　P10夆典1,TW000B868025,2021/11/09,2026/11/09,0.560000,上櫃,,DBFSFR,
B86905　P10和潤2,TW000B869056,2021/07/22,2026/07/22,0.560000,上櫃,,DBFUFR,
B86909　P12和潤1,TW000B869098,2023/03/28,2028/03/28,1.500000,上櫃,,DBFUFR,
B86911　P14和潤1,TW000B869114,2025/07/21,2028/07/21,1.830000,上櫃,,DBFSFR,
B86912　P14和潤2A,TW000B869122,2025/10/08,2028/10/08,1.930000,上櫃,,DBFUFR,
B86913　P14和潤2B,TW000B869130,2025/10/08,2030/10/08,1.970000,上櫃,,DBFUFR,
B86914　P15和潤1A,TW000B869148,2026/03/30,2029/03/30,1.930000,上櫃,,DBFUFR,
B86915　P15和潤1B,TW000B869155,2026/03/30,2031/03/30,1.930000,上櫃,,DBFUFR,
B87003　P11三圓1,TW000B870039,2022/05/27,2027/05/27,1.200000,上櫃,,DBFSFR,
B87004　P12三圓1,TW000B870047,2023/09/19,2026/09/19,1.650000,上櫃,,DBFSFR,
B87107　P10日勝1,TW000B871078,2021/08/02,2026/08/02,0.610000,上櫃,,DBFSFR,
B87108　P11日勝1,TW000B871086,2022/09/12,2027/09/12,2.000000,上櫃,,DBFSFR,
B87109　P11日勝2,TW000B871094,2022/11/18,2027/11/18,2.200000,上櫃,,DBFSFR,
B87110　P13日勝1,TW000B871102,2024/06/27,2029/06/27,2.100000,上櫃,,DBFSFR,
B87111　P14日勝1,TW000B871110,2025/05/28,2028/05/28,2.070000,上櫃,,DBFSFR,
B87112　P14日勝2,TW000B871128,2025/06/26,2028/06/26,2.050000,上櫃,,DBFSFR,
B87113　P14日勝3,TW000B871136,2025/12/24,2028/12/24,1.900000,上櫃,,DBFSFR,
B87204　P07裕隆1B,TW000B872043,2018/12/25,2028/12/25,1.800000,上櫃,,DBFUFR,
B87502　P14富華新1,TW000B875020,2025/09/24,2030/09/24,2.000000,上櫃,,DBFSFR,
B87601　P10華友聯1,TW000B876010,2021/06/29,2026/06/29,0.580000,上櫃,,DBFSFR,
B87602　P12華友聯1,TW000B876028,2023/09/21,2028/09/21,1.800000,上櫃,,DBFSFR,
B87701　P10達欣工1,TW000B877018,2021/08/18,2026/08/18,0.600000,上櫃,,DBFSFR,
B87801　P10春雨1,TW000B878016,2021/10/15,2028/10/15,0.650000,上櫃,,DBFSFR,
B87901　P11坤悅1,TW000B879014,2022/03/29,2027/03/29,0.890000,上櫃,,DBFSFR,
B88001　P11宏普1,TW000B880012,2022/10/27,2027/10/27,2.600000,上櫃,,DBFUGR,
B88002　P12宏普1,TW000B880020,2023/01/16,2028/01/16,2.850000,上櫃,,DBFUGR,
B88101　P14全坤建1,TW000B881010,2025/04/30,2028/04/30,2.100000,上櫃,,DBFSFR,
B88102　P15全坤建1,TW000B881028,2026/04/07,2029/04/07,1.970000,上櫃,,DBFSFR,
B903AI　P14台電1A,TW000B903AI5,2025/04/30,2030/04/30,1.900000,上櫃,,DBFUFR,
B903AO　P14台電1B,TW000B903AO3,2025/04/30,2032/04/30,1.960000,上櫃,,DBFUFR,
B903BI　P14台電1C,TW000B903BI3,2025/04/30,2035/04/30,2.010000,上櫃,,DBFUFR,
B903BO　P14台電2A,TW000B903BO1,2025/06/16,2030/06/16,1.900000,上櫃,,DBFUFR,
B903CI　P14台電2B,TW000B903CI1,2025/06/16,2032/06/16,1.950000,上櫃,,DBFUFR,
B903CO　P14台電3A,TW000B903CO9,2025/07/15,2030/07/15,1.880000,上櫃,,DBFUFR,
B903DI　P14台電3B,TW000B903DI9,2025/07/15,2032/07/15,1.920000,上櫃,,DBFUFR,
B903DO　P14台電3C,TW000B903DO7,2025/07/15,2035/07/15,1.970000,上櫃,,DBFUFR,
B903EI　P14台電4A,TW000B903EI7,2025/09/15,2030/09/15,1.700000,上櫃,,DBFUFR,
B903EO　P14台電4B,TW000B903EO5,2025/09/15,2032/09/15,1.740000,上櫃,,DBFUFR,
B903FI　P14台電4C,TW000B903FI4,2025/09/15,2035/09/15,1.780000,上櫃,,DBFUFR,
B903FO　P14台電5A,TW000B903FO2,2025/11/17,2030/11/17,1.600000,上櫃,,DBFUFR,
B903GI　P14台電5B,TW000B903GI2,2025/11/17,2032/11/17,1.640000,上櫃,,DBFUFR,
B903GO　P14台電5C,TW000B903GO0,2025/11/17,2035/11/17,1.650000,上櫃,,DBFUFR,
B903HI　P14台電6A,TW000B903HI0,2025/12/15,2028/12/15,1.400000,上櫃,,DBFUFR,
B903HO　P14台電6B,TW000B903HO8,2025/12/15,2030/12/15,1.500000,上櫃,,DBFUFR,
B903I1　P14台電6C,TW000B903I12,2025/12/15,2032/12/15,1.530000,上櫃,,DBFUFR,
B903I2　P15台電1A,TW000B903I20,2026/01/12,2031/01/12,1.630000,上櫃,,DBFUFR,
B903I3　P15台電1B,TW000B903I38,2026/01/14,2033/01/14,1.640000,上櫃,,DBFUFR,
B903I4　P15台電2A,TW000B903I46,2026/04/23,2031/04/23,1.730000,上櫃,,DBFUFR,
B903I5　P15台電2B,TW000B903I53,2026/04/24,2033/04/24,1.730000,上櫃,,DBFUFR,
B903I6　P15台電2C,TW000B903I61,2026/04/27,2036/04/27,1.780000,上櫃,,DBFUFR,
B903WE　P06台電1C,TW000B903WE8,2017/04/24,2027/04/24,1.550000,上櫃,,DBFUFR,
B903WH　P06台電2C,TW000B903WH1,2017/07/12,2027/07/12,1.400000,上櫃,,DBFUFR,
B903WL　P06台電3C,TW000B903WL3,2017/12/15,2027/12/15,1.150000,上櫃,,DBFUFR,
B903WQ　P07台電1D,TW000B903WQ2,2018/05/15,2028/05/15,1.100000,上櫃,,DBFUFR,
B903WT　P07台電3C,TW000B903WT6,2018/08/15,2028/08/15,1.090000,上櫃,,DBFUFR,
B903WW　P07台電4C,TW000B903WW0,2018/11/16,2028/11/16,1.100000,上櫃,,DBFUFR,
B903WZ　P08台電1C,TW000B903WZ3,2019/04/29,2029/04/29,0.990000,上櫃,,DBFUFR,
B903X1　P08台電2B,TW000B903X13,2019/07/15,2026/07/15,0.790000,上櫃,,DBFUFR,
B903X2　P08台電2C,TW000B903X21,2019/07/15,2029/07/15,0.870000,上櫃,,DBFUFR,
B903X4　P08台電3B,TW000B903X47,2019/09/10,2026/09/10,0.800000,上櫃,,DBFUFR,
B903X5　P08台電3C,TW000B903X54,2019/09/11,2029/09/11,0.850000,上櫃,,DBFUFR,
B903X7　P08台電4B,TW000B903X70,2019/12/16,2026/12/16,0.800000,上櫃,,DBFUFR,
B903X8　P08台電4C,TW000B903X88,2019/12/16,2029/12/16,0.850000,上櫃,,DBFUFR,
B903X9　P09台電1A,TW000B903X96,2020/04/22,2027/04/22,0.560000,上櫃,,DBFUFR,
B903XA　P09台電1B,TW000B903XA4,2020/04/23,2030/04/23,0.580000,上櫃,,DBFUFR,
B903XB　P09台電1C,TW000B903XB2,2020/04/24,2035/04/24,0.610000,上櫃,,DBFUFR,
B903XD　P09台電2B,TW000B903XD8,2020/06/15,2027/06/15,0.600000,上櫃,,DBFUFR,
B903XE　P09台電2C,TW000B903XE6,2020/06/16,2030/06/16,0.650000,上櫃,,DBFUFR,
B903XF　P09台電2D,TW000B903XF3,2020/06/15,2035/06/15,0.730000,上櫃,,DBFUFR,
B903XH　P09台電3B,TW000B903XH9,2020/07/20,2027/07/20,0.600000,上櫃,,DBFGFR,
B903XJ　P09台電3C,TW000B903XJ5,2020/07/20,2030/07/20,0.660000,上櫃,,DBFGFR,
B903XL　P09台電4B,TW000B903XL1,2020/11/16,2027/11/16,0.500000,上櫃,,DBFUFR,
B903XM　P09台電4C,TW000B903XM9,2020/11/16,2030/11/16,0.560000,上櫃,,DBFUFR,
B903XP　P09台電5B,TW000B903XP2,2020/12/15,2027/12/15,0.450000,上櫃,,DBFUFR,
B903XQ　P09台電5C,TW000B903XQ0,2020/12/16,2030/12/16,0.490000,上櫃,,DBFUFR,
B903XS　P10台電1B,TW000B903XS6,2021/04/19,2028/04/19,0.550000,上櫃,,DBFUFR,
B903XT　P10台電1C,TW000B903XT4,2021/04/16,2031/04/16,0.620000,上櫃,,DBFUFR,
B903XU　P10台電2A,TW000B903XU2,2021/06/15,2026/06/15,0.440000,上櫃,,DBFUFR,
B903XV　P10台電2B,TW000B903XV0,2021/06/16,2028/06/16,0.490000,上櫃,,DBFUFR,
B903XW　P10台電2C,TW000B903XW8,2021/06/15,2031/06/15,0.600000,上櫃,,DBFUFR,
B903XX　P10台電3A,TW000B903XX6,2021/11/15,2026/11/15,0.470000,上櫃,,DBFUFR,
B903XY　P10台電3B,TW000B903XY4,2021/11/15,2028/11/15,0.480000,上櫃,,DBFUFR,
B903XZ　P10台電3C,TW000B903XZ1,2021/11/15,2031/11/15,0.600000,上櫃,,DBFUFR,
B903Y0　P10台電4A,TW000B903Y04,2021/12/15,2026/12/15,0.570000,上櫃,,DBFUFR,
B903Y1　P10台電4B,TW000B903Y12,2021/12/15,2028/12/15,0.620000,上櫃,,DBFUFR,
B903Y2　P10台電4C,TW000B903Y20,2021/12/15,2031/12/15,0.690000,上櫃,,DBFUFR,
B903Y3　P11台電1A,TW000B903Y38,2022/04/26,2027/04/26,0.850000,上櫃,,DBFUFR,
B903Y4　P11台電1B,TW000B903Y46,2022/04/25,2029/04/25,0.890000,上櫃,,DBFUFR,
B903Y5　P11台電1C,TW000B903Y53,2022/04/27,2032/04/27,0.900000,上櫃,,DBFUFR,
B903Y7　P11台電2B,TW000B903Y79,2022/06/15,2027/06/15,1.700000,上櫃,,DBFUFR,
B903Y8　P11台電2C,TW000B903Y87,2022/06/15,2029/06/15,1.700000,上櫃,,DBFUFR,
B903YA　P11台電3B,TW000B903YA2,2022/07/15,2027/07/15,1.700000,上櫃,,DBFUFR,
B903YB　P11台電3C,TW000B903YB0,2022/07/15,2029/07/15,1.800000,上櫃,,DBFUFR,
B903YC　P11台電3D,TW000B903YC8,2022/07/15,2032/07/15,2.000000,上櫃,,DBFUFR,
B903YE　P11台電4B,TW000B903YE4,2022/08/15,2027/08/15,1.590000,上櫃,,DBFUFR,
B903YF　P11台電4C,TW000B903YF1,2022/08/15,2029/08/15,1.650000,上櫃,,DBFUFR,
B903YG　P11台電4D,TW000B903YG9,2022/08/17,2032/08/17,1.850000,上櫃,,DBFUFR,
B903YH　P11台電5A,TW000B903YH7,2022/10/18,2027/10/18,1.650000,上櫃,,DBFUFR,
B903YJ　P11台電5B,TW000B903YJ3,2022/10/18,2029/10/18,1.700000,上櫃,,DBFUFR,
B903YK　P11台電5C,TW000B903YK1,2022/10/18,2032/10/18,1.900000,上櫃,,DBFUFR,
B903YM　P11台電6B,TW000B903YM7,2022/11/15,2027/11/15,1.950000,上櫃,,DBFUFR,
B903YN　P11台電6C,TW000B903YN5,2022/11/15,2032/11/15,2.150000,上櫃,,DBFUFR,
B903YQ　P11台電7B,TW000B903YQ8,2022/12/15,2027/12/15,2.050000,上櫃,,DBFUFR,
B903YR　P11台電7C,TW000B903YR6,2022/12/15,2032/12/15,2.200000,上櫃,,DBFUFR,
B903YT　P12台電1B,TW000B903YT2,2023/01/11,2028/01/11,1.650000,上櫃,,DBFUFR,
B903YU　P12台電1C,TW000B903YU0,2023/01/12,2030/01/12,1.800000,上櫃,,DBFUFR,
B903YV　P12台電1D,TW000B903YV8,2023/01/12,2033/01/12,1.900000,上櫃,,DBFUFR,
B903YX　P12台電2B,TW000B903YX4,2023/04/20,2028/04/20,1.530000,上櫃,,DBFUFR,
B903YY　P12台電2C,TW000B903YY2,2023/04/20,2030/04/20,1.600000,上櫃,,DBFUFR,
B903YZ　P12台電2D,TW000B903YZ9,2023/04/20,2033/04/20,1.800000,上櫃,,DBFUFR,
B903Z1　P12台電3A,TW000B903Z11,2023/06/15,2026/06/15,1.450000,上櫃,,DBFUFR,
B903Z2　P12台電3B,TW000B903Z29,2023/06/15,2028/06/15,1.570000,上櫃,,DBFUFR,
B903Z3　P12台電3C,TW000B903Z37,2023/06/15,2030/06/15,1.600000,上櫃,,DBFUFR,
B903Z4　P12台電3D,TW000B903Z45,2023/06/15,2033/06/15,1.780000,上櫃,,DBFUFR,
B903Z5　P12台電4A,TW000B903Z52,2023/08/15,2026/08/15,1.450000,上櫃,,DBFUFR,
B903Z6　P12台電4B,TW000B903Z60,2023/08/15,2028/08/15,1.570000,上櫃,,DBFUFR,
B903Z7　P12台電4C,TW000B903Z78,2023/08/15,2030/08/15,1.630000,上櫃,,DBFUFR,
B903Z8　P12台電4D,TW000B903Z86,2023/08/15,2033/08/15,1.720000,上櫃,,DBFUFR,
B903Z9　P12台電5A,TW000B903Z94,2023/10/18,2028/10/18,1.570000,上櫃,,DBFUFR,
B903ZA　P12台電5B,TW000B903ZA9,2023/10/18,2030/10/18,1.600000,上櫃,,DBFUFR,
B903ZB　P12台電5C,TW000B903ZB7,2023/10/18,2033/10/18,1.720000,上櫃,,DBFUFR,
B903ZC　P12台電6A,TW000B903ZC5,2023/12/15,2028/12/15,1.700000,上櫃,,DBFUFR,
B903ZD　P12台電6B,TW000B903ZD3,2023/12/15,2030/12/15,1.700000,上櫃,,DBFUFR,
B903ZE　P12台電6C,TW000B903ZE1,2023/12/15,2033/12/15,1.810000,上櫃,,DBFUFR,
B903ZF　P13台電1A,TW000B903ZF8,2024/01/10,2029/01/10,1.700000,上櫃,,DBFUFR,
B903ZG　P13台電1B,TW000B903ZG6,2024/01/12,2034/01/12,1.810000,上櫃,,DBFUFR,
B903ZH　P13台電2A,TW000B903ZH4,2024/04/25,2029/04/25,1.660000,上櫃,,DBFUFR,
B903ZJ　P13台電2B,TW000B903ZJ0,2024/04/25,2031/04/25,1.690000,上櫃,,DBFUFR,
B903ZK　P13台電2C,TW000B903ZK8,2024/04/26,2034/04/26,1.770000,上櫃,,DBFUFR,
B903ZL　P13台電3A,TW000B903ZL6,2024/06/18,2029/06/18,1.950000,上櫃,,DBFUFR,
B903ZM　P13台電3B,TW000B903ZM4,2024/06/18,2031/06/18,1.980000,上櫃,,DBFUFR,
B903ZN　P13台電3C,TW000B903ZN2,2024/06/18,2034/06/18,2.080000,上櫃,,DBFUFR,
B903ZP　P13台電4A,TW000B903ZP7,2024/07/19,2029/07/19,1.920000,上櫃,,DBFUFR,
B903ZQ　P13台電4B,TW000B903ZQ5,2024/07/19,2031/07/19,1.950000,上櫃,,DBFUFR,
B903ZR　P13台電4C,TW000B903ZR3,2024/07/19,2034/07/19,2.030000,上櫃,,DBFUFR,
B903ZS　P13台電5A,TW000B903ZS1,2024/09/16,2029/09/16,1.900000,上櫃,,DBFUFR,
B903ZT　P13台電5B,TW000B903ZT9,2024/09/16,2031/09/16,1.920000,上櫃,,DBFUFR,
B903ZU　P13台電5C,TW000B903ZU7,2024/09/16,2034/09/16,1.990000,上櫃,,DBFUFR,
B903ZV　P13台電6A,TW000B903ZV5,2024/11/15,2029/11/15,1.880000,上櫃,,DBFUFR,
B903ZW　P13台電6B,TW000B903ZW3,2024/11/15,2031/11/15,1.900000,上櫃,,DBFUFR,
B903ZX　P13台電6C,TW000B903ZX1,2024/11/15,2034/11/15,1.930000,上櫃,,DBFUFR,
B903ZY　P13台電7A,TW000B903ZY9,2024/12/16,2029/12/16,1.900000,上櫃,,DBFUFR,
B903ZZ　P13台電7B,TW000B903ZZ6,2024/12/16,2031/12/16,1.900000,上櫃,,DBFUFR,
B90413　P09元大債2,TW000B904135,2020/05/06,2027/05/06,0.670000,上櫃,,DBFUFR,
B90414　P13元大債1,TW000B904143,2024/10/08,2029/10/08,2.050000,上櫃,,DBFUFR,
B91012　P08凱基證3,TW000B910124,2019/11/22,2026/11/22,0.830000,上櫃,,DBFUFR,
B91013　P10凱基證1A,TW000B910132,2021/07/09,2026/07/09,0.510000,上櫃,,DBFUFR,
B91014　P10凱基證1B,TW000B910140,2021/07/09,2028/07/09,0.550000,上櫃,,DBFUFR,
B91015　P13凱基證1,TW000B910157,2024/05/28,2034/05/28,2.200000,上櫃,,DBFUFR,
B921AC　P10陽明1H,TW000B921AC0,2021/04/28,2028/04/28,0.490000,上櫃,,DBFSFR,
B921AD　P10陽明1J,TW000B921AD8,2021/04/28,2028/04/28,0.490000,上櫃,,DBFSFR,
B92356　P10遠鼎1,TW000B923564,2021/06/29,2026/06/29,0.650000,上櫃,,DBFUFR,
B92357　P12遠鼎1A,TW000B923572,2023/06/28,2026/06/28,1.600000,上櫃,,DBFUFR,
B92358　P12遠鼎1B,TW000B923580,2023/06/28,2028/06/28,1.680000,上櫃,,DBFUFR,
B92359　P12遠鼎2A,TW000B923598,2023/09/25,2026/09/25,1.620000,上櫃,,DBFUFR,
B92360　P12遠鼎2B,TW000B923606,2023/09/25,2028/09/25,1.700000,上櫃,,DBFUFR,
B92361　P12遠鼎3,TW000B923614,2023/12/28,2027/12/28,1.900000,上櫃,,DBFUFR,
B92362　P13遠鼎1,TW000B923622,2024/07/29,2027/07/29,1.950000,上櫃,,DBFUFR,
B92363　P14遠鼎1,TW000B923630,2025/04/29,2030/04/29,2.150000,上櫃,,DBFUFR,
B92364　P14遠鼎2A,TW000B923648,2025/09/22,2028/09/22,1.990000,上櫃,,DBFUFR,
B92365　P14遠鼎2B,TW000B923655,2025/09/22,2030/09/22,2.050000,上櫃,,DBFUFR,
B92602　P09永昌證1,TW000B926021,2020/12/08,2026/12/08,0.960000,上櫃,,DBFUFR,
B92603　P13永昌證1,TW000B926039,2024/10/30,2034/10/30,2.500000,上櫃,,DBFUFR,
B92604　P15永昌證1,TW000B926047,2026/04/29,2036/04/29,2.450000,上櫃,,DBFUFR,
B93542　P10裕融1,TW000B935428,2021/06/08,2026/06/08,0.730000,上櫃,,DBFUFR,
B93543　P12裕融1,TW000B935436,2023/04/26,2028/04/26,1.700000,上櫃,,DBFUFR,
B94169　P09台灣大2,TW000B941699,2020/03/24,2027/03/24,0.660000,上櫃,,DBFUFR,
B94170　P09台灣大3,TW000B941707,2020/03/24,2030/03/24,0.720000,上櫃,,DBFUFR,
B94171　P10台灣大1,TW000B941715,2021/07/13,2028/07/13,0.530000,上櫃,,DBFUFR,
B94172　P12台灣大1,TW000B941723,2023/05/22,2028/05/22,1.537000,上櫃,,DBFUFR,
B94173　P13台灣大1,TW000B941731,2024/09/27,2029/09/27,1.890000,上櫃,,DBFUFR,
B94174　P14台灣大1,TW000B941749,2025/04/28,2030/04/28,1.900000,上櫃,,DBFUFR,
B94274　P08華航1B,TW000B942747,2019/06/21,2026/06/21,1.320000,上櫃,,DBFUFR,
B94275　P12華航1,TW000B942754,2023/05/22,2028/05/22,1.900000,上櫃,,DBFUFR,
B94276　P14華航1,TW000B942762,2025/08/28,2030/08/28,2.180000,上櫃,,DBFUFR,
B94646　P08遠傳1B,TW000B946466,2019/06/25,2026/06/25,0.810000,上櫃,,DBFUFR,
B94647　P08遠傳2A,TW000B946474,2019/12/20,2026/12/20,0.800000,上櫃,,DBFUFR,
B94648　P08遠傳2B,TW000B946482,2019/12/20,2029/12/20,0.850000,上櫃,,DBFUFR,
B94650　P09遠傳1B,TW000B946508,2020/03/16,2027/03/16,0.700000,上櫃,,DBFUFR,
B94651　P09遠傳1C,TW000B946516,2020/03/16,2030/03/16,0.770000,上櫃,,DBFUFR,
B94652　P09遠傳2,TW000B946524,2020/06/02,2027/06/02,0.730000,上櫃,,DBFUFR,
B94653　P10遠傳1,TW000B946532,2021/06/04,2028/06/04,0.550000,上櫃,,DBFUFR,
B94654　P11遠傳1,TW000B946540,2022/03/29,2027/03/29,0.880000,上櫃,,DBFUFR,
B94655　P11遠傳2,TW000B946557,2022/09/08,2027/09/08,1.700000,上櫃,,DBFUFR,
B94656　P12遠傳1A,TW000B946565,2023/03/10,2028/03/10,1.450000,上櫃,,DBFUFR,
B94657　P12遠傳1B,TW000B946573,2023/03/10,2030/03/10,1.580000,上櫃,,DBFUFR,
B94658　P12遠傳2,TW000B946581,2023/06/14,2028/06/14,1.570000,上櫃,,DBFUFR,
B94659　P12遠傳3A,TW000B946599,2023/07/31,2028/07/31,1.600000,上櫃,,DBFUFR,
B94660　P12遠傳3B,TW000B946607,2023/07/31,2030/07/31,1.650000,上櫃,,DBFUFR,
B94661　P13遠傳1A,TW000B946615,2024/03/12,2029/03/12,1.680000,上櫃,,DBFUFR,
B94662　P13遠傳1B,TW000B946623,2024/03/12,2031/03/12,1.720000,上櫃,,DBFUFR,
B94663　P14遠傳1A,TW000B946631,2025/03/12,2028/03/12,1.910000,上櫃,,DBFUFR,
B94664　P14遠傳1B,TW000B946649,2025/03/12,2030/03/12,1.960000,上櫃,,DBFUFR,
B94665　P15遠傳1,TW000B946656,2026/04/28,2031/04/28,1.750000,上櫃,,DBFUFR,
B94704　P10宏全1,TW000B947043,2021/11/26,2026/11/26,0.750000,上櫃,,DBFUFR,
B94898　P08高鐵1,TW000B948983,2019/11/14,2049/11/14,1.600000,上櫃,,DBFUFR,
B94899　P09高鐵1,TW000B948991,2020/07/01,2050/07/01,1.300000,上櫃,,DBFUFR,
B948A4　P14高鐵1,TW000B948A41,2025/09/30,2029/09/30,1.550000,上櫃,,DBFUFR,
B95026　P07華銀1B,TW000B950260,2018/01/09,2028/01/09,1.750000,上櫃,,DBFUFR,
B95027　P09華控1,TW000B950278,2020/01/09,2030/01/09,0.880000,上櫃,,DBFUFR,
B95028　P11華控1A,TW000B950286,2022/12/22,2027/12/22,2.150000,上櫃,,DBFUFR,
B95029　P11華控1B,TW000B950294,2022/12/22,2029/12/22,2.400000,上櫃,,DBFUFR,
B95030　P11華控1C,TW000B950302,2022/12/22,2032/12/22,2.700000,上櫃,,DBFUFR,
B95121　P08中租1B,TW000B951219,2019/05/09,2026/05/09,1.150000,上櫃,,DBFUFR,
B95123　P09中租2A,TW000B951235,2020/10/12,2027/10/12,0.730000,上櫃,,DBFUFR,
B95124　P09中租2B,TW000B951243,2020/10/12,2030/10/12,0.900000,上櫃,,DBFUFR,
B95125　P10中租1A,TW000B951250,2021/06/25,2028/06/25,0.680000,上櫃,,DBFUFR,
B95126　P10中租1B,TW000B951268,2021/06/25,2031/06/25,0.850000,上櫃,,DBFUFR,
B95127　P10中租1C,TW000B951276,2021/06/25,2036/06/25,1.000000,上櫃,,DBFUFR,
B95128　P10中租2A,TW000B951284,2021/10/08,2028/10/08,0.700000,上櫃,,DBFUFR,
B95129　P10中租2B,TW000B951292,2021/10/08,2031/10/08,0.850000,上櫃,,DBFUFR,
B95130　P11中租1A,TW000B951300,2022/03/30,2027/03/30,1.000000,上櫃,,DBFUFR,
B95131　P11中租1B,TW000B951318,2022/03/30,2029/03/30,1.150000,上櫃,,DBFUFR,
B95132　P11中租1C,TW000B951326,2022/03/30,2032/03/30,1.300000,上櫃,,DBFUFR,
B95134　P11中租2B,TW000B951342,2022/09/14,2029/09/14,2.200000,上櫃,,DBFUFR,
B95135　P12中租1A,TW000B951359,2023/03/30,2028/03/30,1.700000,上櫃,,DBFUFR,
B95136　P12中租1B,TW000B951367,2023/03/30,2030/03/30,1.850000,上櫃,,DBFUFR,
B95137　P12中租1C,TW000B951375,2023/03/30,2033/03/30,2.000000,上櫃,,DBFUFR,
B95138　P12中租2A,TW000B951383,2023/11/03,2028/11/03,1.750000,上櫃,,DBFUFR,
B95139　P12中租2B,TW000B951391,2023/11/03,2030/11/03,1.850000,上櫃,,DBFUFR,
B95140　P12中租2C,TW000B951409,2023/11/03,2033/11/03,1.950000,上櫃,,DBFUFR,
B95141　P13中租1A,TW000B951417,2024/03/22,2031/03/22,1.820000,上櫃,,DBFUFR,
B95142　P13中租1B,TW000B951425,2024/03/22,2034/03/22,1.920000,上櫃,,DBFUFR,
B95143　P13中租2A,TW000B951433,2024/11/25,2029/11/25,2.000000,上櫃,,DBFUFR,
B95144　P13中租2B,TW000B951441,2024/11/25,2031/11/25,2.050000,上櫃,,DBFUFR,
B95145　P13中租2C,TW000B951458,2024/11/25,2034/11/25,2.150000,上櫃,,DBFUFR,
B95146　P14中租1A,TW000B951466,2025/08/15,2028/08/15,2.100000,上櫃,,DBFUFR,
B95147　P14中租1B,TW000B951474,2025/08/15,2030/08/15,2.150000,上櫃,,DBFUFR,
B95148　P14中租2A,TW000B951482,2025/12/12,2030/12/12,2.000000,上櫃,,DBFUFR,
B95149　P14中租2B,TW000B951490,2025/12/12,2032/12/12,2.050000,上櫃,,DBFUFR,
B95150　P15中租1A,TW000B951508,2026/04/23,2029/04/23,2.000000,上櫃,,DBFUFR,
B95151　P15中租1B,TW000B951516,2026/04/23,2031/04/23,2.030000,上櫃,,DBFUFR,
B95152　P15中租1C,TW000B951524,2026/04/23,2036/04/23,2.130000,上櫃,,DBFUFR,
B95355　P09兆豐1A,TW000B953553,2020/05/27,2027/05/27,0.660000,上櫃,,DBFUFR,
B95356　P09兆豐1B,TW000B953561,2020/05/27,2030/05/27,0.710000,上櫃,,DBFUFR,
B95357　P12兆豐1A,TW000B953579,2023/08/24,2026/08/24,1.500000,上櫃,,DBFUFR,
B95358　P12兆豐1B,TW000B953587,2023/08/24,2028/08/24,1.600000,上櫃,,DBFUFR,
B95359　P12兆豐1C,TW000B953595,2023/08/24,2030/08/24,1.640000,上櫃,,DBFUFR,
B95360　P14兆豐1,TW000B953603,2025/11/24,2030/11/24,1.600000,上櫃,,DBFUFR,
B95454　P08中控1B,TW000B954544,2019/01/16,2031/01/16,1.550000,上櫃,,DBFUFR,
B95455　P09中控1A,TW000B954551,2020/06/24,2027/06/24,0.900000,上櫃,,DBFUFR,
B95456　P09中控1B,TW000B954569,2020/06/24,2030/06/24,1.050000,上櫃,,DBFUFR,
B95458　P09中控2B,TW000B954585,2020/09/17,2027/09/17,0.650000,上櫃,,DBFUFR,
B95459　P09中控2C,TW000B954593,2020/09/17,2029/09/17,0.680000,上櫃,,DBFUFR,
B95460　P09中控2D,TW000B954601,2020/09/17,2030/09/17,0.690000,上櫃,,DBFUFR,
B95462　P10中控1B,TW000B954627,2021/01/21,2028/01/21,0.440000,上櫃,,DBFUFR,
B95464　P11中控1B,TW000B954643,2022/01/21,2029/01/21,0.700000,上櫃,,DBFUFR,
B95465　P11中控1C,TW000B954650,2022/01/21,2032/01/21,0.800000,上櫃,,DBFUFR,
B95466　P11中控2,TW000B954668,2022/06/14,2027/06/14,1.600000,上櫃,,DBFUFR,
B95467　P14中控1A,TW000B954676,2025/09/02,2030/09/02,1.980000,上櫃,,DBFUFR,
B95468　P14中控1B,TW000B954684,2025/09/02,2032/09/02,2.020000,上櫃,,DBFUFR,
B95469　P14中控1C,TW000B954692,2025/09/02,2035/09/02,2.100000,上櫃,,DBFUFR,
B95470　P14中控1D,TW000B954700,2025/09/02,2040/09/02,2.170000,上櫃,,DBFUFR,
B95550　P06凱控1B,TW000B955509,2017/09/08,2027/09/08,1.900000,上櫃,,DBFUFR,
B95551　P06凱控1C,TW000B955517,2017/09/08,2032/09/08,2.100000,上櫃,,DBFUFR,
B95552　P08凱控1A,TW000B955525,2019/08/08,2026/08/08,0.880000,上櫃,,DBFUFR,
B95553　P08凱控1B,TW000B955533,2019/08/08,2029/08/08,1.000000,上櫃,,DBFUFR,
B95555　P09凱控1B,TW000B955558,2020/05/20,2035/05/20,0.950000,上櫃,,DBFUFR,
B95556　P09凱控2A,TW000B955566,2020/11/30,2030/11/30,1.250000,上櫃,,DBFUFR,
B95557　P09凱控2B,TW000B955574,2020/11/30,2035/11/30,1.500000,上櫃,,DBFUFR,
B95558　P10凱控1A,TW000B955582,2021/01/14,2028/01/14,0.500000,上櫃,,DBFUFR,
B95559　P10凱控1B,TW000B955590,2021/01/14,2031/01/14,0.590000,上櫃,,DBFUFR,
B95560　P10凱控2A,TW000B955608,2021/12/20,2026/12/20,0.590000,上櫃,,DBFUFR,
B95561　P10凱控2B,TW000B955616,2021/12/20,2028/12/20,0.650000,上櫃,,DBFUFR,
B95562　P10凱控2C,TW000B955624,2021/12/20,2031/12/20,0.750000,上櫃,,DBFUFR,
B95563　P14凱控1A,TW000B955632,2025/09/08,2030/09/08,1.870000,上櫃,,DBFUFR,
B95564　P14凱控1B,TW000B955640,2025/09/08,2034/09/08,2.000000,上櫃,,DBFUFR,
B95565　P14凱控1C,TW000B955657,2025/09/08,2040/09/08,2.060000,上櫃,,DBFUFR,
B95925　P11新新1,TW000B959253,2022/04/12,2027/04/12,0.900000,上櫃,,DBFUFR,
B96415　P11永豐證1,TW000B964154,2022/05/27,2029/05/27,2.000000,上櫃,,DBFUFR,
B96416　P11永豐證2,TW000B964162,2022/05/27,2032/05/27,2.200000,上櫃,,DBFUFR,
B96417　P11永豐證3,TW000B964170,2022/08/26,2029/08/26,2.400000,上櫃,,DBFUFR,
B96418　P11永豐證4,TW000B964188,2022/08/26,2032/08/26,2.500000,上櫃,,DBFUFR,
B96419　P14永豐證1,TW000B964196,2025/01/08,2035/01/08,2.510000,上櫃,,DBFUFR,
B96523　P10元金1,TW000B965235,2021/01/15,2031/01/15,0.590000,上櫃,,DBFUFR,
B96524　P11元金1,TW000B965243,2022/04/19,2027/04/19,0.850000,上櫃,,DBFUFR,
B96525　P11元金2,TW000B965250,2022/10/06,2027/10/06,1.550000,上櫃,,DBFUFR,
B96526　P12元金1A,TW000B965268,2023/11/06,2028/11/06,1.650000,上櫃,,DBFUFR,
B96527　P12元金1B,TW000B965276,2023/11/06,2033/11/06,1.800000,上櫃,,DBFUFR,
B96528　P13元金1A,TW000B965284,2024/08/21,2029/08/21,2.000000,上櫃,,DBFUFR,
B96529　P13元金1B,TW000B965292,2024/08/21,2034/08/21,2.100000,上櫃,,DBFUFR,
B96530　P14元金1,TW000B965300,2025/04/08,2035/04/08,2.080000,上櫃,,DBFUFR,
B96531　P14元金2A,TW000B965318,2025/12/03,2030/12/03,1.570000,上櫃,,DBFUFR,
B96532　P14元金2B,TW000B965326,2025/12/03,2032/12/03,1.600000,上櫃,,DBFUFR,
B96625　P06新新1,TW000B966258,2017/10/26,2027/10/26,1.900000,上櫃,,DBFUFR,
B96626　P07新新1,TW000B966266,2018/07/10,2033/07/10,1.920000,上櫃,,DBFUFR,
B96627　P08新新1,TW000B966274,2019/04/30,2034/04/30,1.600000,上櫃,,DBFUFR,
B96629　P09新新1B,TW000B966290,2020/05/20,2027/05/20,0.800000,上櫃,,DBFUFR,
B96630　P09新新1C,TW000B966308,2020/05/20,2035/05/20,0.950000,上櫃,,DBFUFR,
B97204　P09台汽電2,TW000B972041,2020/08/14,2030/08/14,1.000000,上櫃,,DBFUFR,
B97505　P07第一金1,TW000B975051,2018/10/15,2028/10/15,1.500000,上櫃,,DBFUFR,
B97506　P13第一金1,TW000B975069,2024/10/30,2029/10/30,1.950000,上櫃,,DBFUFR,
B97507　P14第一金1,TW000B975077,2025/10/03,2030/10/03,1.850000,上櫃,,DBFUFR,
B97629　P08萬海2B,TW000B976299,2019/10/07,2026/10/07,1.070000,上櫃,,DBFUFR,
B97847　P08富邦金2,TW000B978477,2019/12/05,2026/12/05,0.820000,上櫃,,DBFUFR,
B97849　P09富邦金2,TW000B978493,2020/07/29,2026/07/29,0.610000,上櫃,,DBFUFR,
B97850　P09富邦金3,TW000B978501,2020/07/29,2028/07/29,0.660000,上櫃,,DBFUFR,
B97851　P09富邦金4,TW000B978519,2020/07/29,2032/07/29,0.700000,上櫃,,DBFUFR,
B97853　P09富邦金6,TW000B978535,2020/09/15,2027/09/15,0.660000,上櫃,,DBFUFR,
B97854　P09富邦金7,TW000B978543,2020/09/15,2030/09/15,0.700000,上櫃,,DBFUFR,
B97856　P09富邦金9,TW000B978568,2020/11/06,2027/11/06,0.660000,上櫃,,DBFUFR,
B97857　P09富邦金A,TW000B978576,2020/11/06,2030/11/06,0.700000,上櫃,,DBFUFR,
B97858　P10富邦金1,TW000B978584,2021/09/16,2026/09/16,0.500000,上櫃,,DBFUFR,
B97859　P10富邦金2,TW000B978592,2021/09/16,2028/09/16,0.580000,上櫃,,DBFUFR,
B97860　P10富邦金3,TW000B978600,2021/09/16,2031/09/16,0.650000,上櫃,,DBFUFR,
B97861　P10富邦金4,TW000B978618,2021/09/16,2036/09/16,0.730000,上櫃,,DBFUFR,
B97863　P11富邦金2,TW000B978634,2022/01/17,2029/01/17,0.700000,上櫃,,DBFUFR,
B97864　P11富邦金3,TW000B978642,2022/01/17,2032/01/17,0.800000,上櫃,,DBFUFR,
B97865　P11富邦金4,TW000B978659,2022/08/30,2026/08/30,1.650000,上櫃,,DBFUFR,
B97866　P11富邦金5,TW000B978667,2022/08/30,2027/08/30,1.700000,上櫃,,DBFUFR,
B97867　P12富邦金1,TW000B978675,2023/01/12,2027/01/12,2.100000,上櫃,,DBFUFR,
B97868　P12富邦金2,TW000B978683,2023/01/12,2028/01/12,2.150000,上櫃,,DBFUFR,
B97869　P12富邦金3,TW000B978691,2023/06/20,2026/06/20,1.520000,上櫃,,DBFUFR,
B97870　P12富邦金4,TW000B978709,2023/06/20,2029/06/20,1.640000,上櫃,,DBFUFR,
B97871　P12富邦金5,TW000B978717,2023/06/20,2033/06/20,1.820000,上櫃,,DBFUFR,
B97872　P13富邦金1,TW000B978725,2024/03/06,2029/03/06,1.650000,上櫃,,DBFUFR,
B97873　P13富邦金2,TW000B978733,2024/03/06,2034/03/06,1.780000,上櫃,,DBFUFR,
B97874　P13富邦金3,TW000B978741,2024/07/23,2034/07/23,2.060000,上櫃,,DBFUFR,
B97875　P13富邦金4,TW000B978758,2024/07/23,2039/07/23,2.200000,上櫃,,DBFUFR,
B97876　P13富邦金5,TW000B978766,2024/10/15,2029/10/15,1.940000,上櫃,,DBFUFR,
B97877　P13富邦金6,TW000B978774,2024/10/15,2031/10/15,1.980000,上櫃,,DBFUFR,
B97878　P13富邦金7,TW000B978782,2024/10/15,2034/10/15,2.030000,上櫃,,DBFUFR,
B97879　P13富邦金8,TW000B978790,2024/10/15,2039/10/15,2.130000,上櫃,,DBFUFR,
B97880　P14富邦金1,TW000B978808,2025/02/18,2032/02/18,2.000000,上櫃,,DBFUFR,
B97881　P14富邦金2,TW000B978816,2025/02/18,2035/02/18,2.070000,上櫃,,DBFUFR,
B97882　P14富邦金3,TW000B978824,2025/04/23,2032/04/23,2.000000,上櫃,,DBFUFR,
B97883　P14富邦金4,TW000B978832,2025/04/23,2035/04/23,2.070000,上櫃,,DBFUFR,
B97884　P14富邦金5,TW000B978840,2025/04/23,2040/04/23,2.130000,上櫃,,DBFUFR,
B97885　P14富邦金6,TW000B978857,2025/08/19,2029/08/19,1.820000,上櫃,,DBFUFR,
B97886　P14富邦金7,TW000B978865,2025/08/19,2032/08/19,1.900000,上櫃,,DBFUFR,
B97887　P14富邦金8,TW000B978873,2025/08/19,2035/08/19,1.960000,上櫃,,DBFUFR,
B97888　P14富邦金9,TW000B978881,2025/08/19,2040/08/19,2.020000,上櫃,,DBFUFR,
B97889　P15富邦金1,TW000B978899,2026/01/14,2036/01/14,1.700000,上櫃,,DBFUFR,
B97920　P10正新1,TW000B979202,2021/08/05,2026/08/05,0.600000,上櫃,,DBFUFR,
B98008　P11森電1,TW000B980085,2022/08/01,2027/08/01,1.880000,上櫃,,DBFGFR,
B98412　P11奇美1,TW000B984129,2022/09/14,2027/09/14,1.650000,上櫃,,DBFUFR,
B98413　P12奇美1,TW000B984137,2023/04/19,2028/04/19,1.480000,上櫃,,DBFUFR,
B98608　P10玉控1,TW000B986082,2021/05/25,2026/05/25,0.500000,上櫃,,DBFUFR,
B98609　P12玉控1,TW000B986090,2023/11/27,2033/11/27,1.830000,上櫃,,DBFUFR,
B98610　P13玉控1,TW000B986108,2024/03/27,2029/03/27,1.680000,上櫃,,DBFUFR,
B98611　P14玉控1,TW000B986116,2025/01/13,2030/01/13,1.920000,上櫃,,DBFUFR,
B98612　P14玉控2A,TW000B986124,2025/06/24,2030/06/24,1.950000,上櫃,,DBFUFR,
B98613　P14玉控2B,TW000B986132,2025/06/24,2035/06/24,2.080000,上櫃,,DBFUFR,
B98614　P14玉控3,TW000B986140,2025/10/08,2030/10/08,1.780000,上櫃,,DBFUFR,
B98817　P14中航1A,TW000B988179,2025/05/14,2028/05/14,2.040000,上櫃,,DBFSFR,
B98818　P14中航1B,TW000B988187,2025/05/14,2028/05/14,2.030000,上櫃,,DBFSFR,
B98819　P14中航1C,TW000B988195,2025/05/14,2030/05/14,2.070000,上櫃,,DBFSFR,
B98820　P14中航1D,TW000B988203,2025/05/14,2030/05/14,2.060000,上櫃,,DBFSFR,
B98905　P08國泰金1C,TW000B989052,2019/05/08,2029/05/08,1.040000,上櫃,,DBFUFR,
B98907　P09國泰金2,TW000B989078,2020/06/23,2027/06/23,0.640000,上櫃,,DBFUFR,
B98908　P09國泰金3,TW000B989086,2020/06/23,2030/06/23,0.670000,上櫃,,DBFUFR,
B98910　P09國泰金5,TW000B989102,2020/09/08,2026/09/08,0.640000,上櫃,,DBFUFR,
B98911　P09國泰金6,TW000B989110,2020/09/08,2027/09/08,0.660000,上櫃,,DBFUFR,
B98912　P09國泰金7,TW000B989128,2020/09/08,2030/09/08,0.700000,上櫃,,DBFUFR,
B98913　P12國泰金1A,TW000B989136,2023/06/16,2028/06/16,1.620000,上櫃,,DBFUFR,
B98914　P12國泰金1B,TW000B989144,2023/06/16,2033/06/16,1.820000,上櫃,,DBFUFR,
B98915　P13國泰金1,TW000B989151,2024/03/26,2029/03/26,1.650000,上櫃,,DBFUFR,
B98916　P13國泰金2,TW000B989169,2024/03/26,2034/03/26,1.780000,上櫃,,DBFUFR,
B98917　P14國泰金1,TW000B989177,2025/05/23,2030/05/23,1.930000,上櫃,,DBFUFR,
B98918　P14國泰金2,TW000B989185,2025/05/23,2035/05/23,2.070000,上櫃,,DBFUFR,
B98919　P14國泰金3,TW000B989193,2025/09/10,2030/09/10,1.840000,上櫃,,DBFUFR,
B98920　P14國泰金4,TW000B989201,2025/09/10,2032/09/10,1.890000,上櫃,,DBFUFR,
B98921　P14國泰金5,TW000B989219,2025/09/10,2035/09/10,1.960000,上櫃,,DBFUFR,
B98922　P14國泰金6,TW000B989227,2025/12/08,2030/12/08,1.530000,上櫃,,DBFUFR,
B98923　P14國泰金7,TW000B989235,2025/12/08,2035/12/08,1.600000,上櫃,,DBFUFR,
B99001　01新壽1,TW000B990019,2012/12/10,無到期日,3.350000,上櫃,,DBFUQR,
B99002　P05新壽1,TW000B990027,2016/10/31,無到期日,3.800000,上櫃,,DBFUQR,
B99003　P07新壽1,TW000B990035,2018/06/29,無到期日,3.500000,上櫃,,DBFUQR,
B99004　P12新壽1,TW000B990043,2023/10/26,2033/10/26,4.000000,上櫃,,DBFUFR,
B99005　P13新壽1A,TW000B990050,2024/06/24,2034/06/24,3.500000,上櫃,,DBFSFR,
B99006　P13新壽1B,TW000B990068,2024/06/24,2034/06/24,3.500000,上櫃,,DBFSFR,
B99007　P13新壽1C,TW000B990076,2024/06/24,2034/06/24,3.500000,上櫃,,DBFSFR,
B99008　P13新壽1D,TW000B990084,2024/06/24,2034/06/24,3.500000,上櫃,,DBFSFR,
B99009　P13新壽2A,TW000B990092,2024/08/28,2034/08/28,3.500000,上櫃,,DBFSFR,
B99010　P13新壽2B,TW000B990100,2024/08/28,2034/08/28,3.500000,上櫃,,DBFSFR,
B99011　P13新壽3,TW000B990118,2024/12/09,2034/12/09,3.500000,上櫃,,DBFSFR,
B99105　P08信義1,TW000B991058,2019/11/28,2029/11/28,1.250000,上櫃,,DBFUFR,
B99201　P03三商1,TW000B992015,2014/12/29,無到期日,3.900000,上櫃,,DBFUQR,
B99202　P05三商1,TW000B992023,2016/11/15,無到期日,3.700000,上櫃,,DBFUQR,
B99203　P10三商1,TW000B992031,2021/09/10,無到期日,3.300000,上櫃,,DBFUQR,
B99204　P13三商1A,TW000B992049,2024/09/27,2034/09/27,3.800000,上櫃,,DBFSFR,
B99205　P13三商1B,TW000B992056,2024/09/27,2034/09/27,3.800000,上櫃,,DBFSFR,
B99206　P13三商2,TW000B992064,2024/11/11,2034/11/11,3.800000,上櫃,,DBFSFR,
B99207　P14三商1,TW000B992072,2025/04/24,2035/04/24,3.800000,上櫃,,DBFSFR,
B99208　P14三商2A,TW000B992080,2025/08/06,2035/08/06,3.800000,上櫃,,DBFSFR,
B99209　P14三商2B,TW000B992098,2025/08/06,2035/08/06,3.800000,上櫃,,DBFSFR,
B99210　P14三商3,TW000B992106,2025/10/23,2035/10/23,3.800000,上櫃,,DBFSFR,
B99211　P14三商4A,TW000B992114,2025/12/30,2035/12/30,3.800000,上櫃,,DBFSFR,
B99212　P14三商4B,TW000B992122,2025/12/30,2035/12/30,3.800000,上櫃,,DBFSFR,
B99401　P05南山1,TW000B994011,2016/06/24,無到期日,3.500000,上櫃,,DBFUQR,
B99402　P06南山1,TW000B994029,2017/06/29,無到期日,3.450000,上櫃,,DBFUQR,
B99403　P07南山1,TW000B994037,2018/06/29,無到期日,3.300000,上櫃,,DBFUQR,
B99404　P12南山1A,TW000B994045,2023/10/26,2033/10/26,3.750000,上櫃,,DBFUFR,
B99405　P12南山1B,TW000B994052,2023/10/26,2038/10/26,3.880000,上櫃,,DBFUGR,
B99406　P13南山1A,TW000B994060,2024/01/04,2034/01/04,3.750000,上櫃,,DBFUFR,
B99407　P13南山1B,TW000B994078,2024/01/04,2039/01/04,3.880000,上櫃,,DBFUGR,
B99408　P13南山2A,TW000B994086,2024/06/28,2034/06/28,3.750000,上櫃,,DBFUFR,
B99409　P13南山2B,TW000B994094,2024/06/28,2039/06/28,3.880000,上櫃,,DBFUGR,
B99410　P13南山3A,TW000B994102,2024/12/03,2034/12/03,3.750000,上櫃,,DBFUFR,
B99411　P13南山3B,TW000B994110,2024/12/03,2039/12/03,3.880000,上櫃,,DBFUGR,
B99412　P14南山1A,TW000B994128,2025/04/29,2035/04/29,3.750000,上櫃,,DBFUFR,
B99413　P14南山1B,TW000B994136,2025/04/29,2040/04/29,3.880000,上櫃,,DBFUGR,
B99414　P14南山2A,TW000B994144,2025/06/04,2035/06/04,3.750000,上櫃,,DBFUFR,
B99415　P14南山2B,TW000B994151,2025/06/04,2040/06/04,3.880000,上櫃,,DBFUGR,
B99416　P14南山3A,TW000B994169,2025/11/25,2035/11/25,3.750000,上櫃,,DBFUFR,
B99417　P14南山3B,TW000B994177,2025/11/25,2040/11/25,3.880000,上櫃,,DBFUGR,
B99418　P15南山1A,TW000B994185,2026/04/28,2036/04/28,3.750000,上櫃,,DBFUFR,
B99419　P15南山1B,TW000B994193,2026/04/28,2041/04/28,3.880000,上櫃,,DBFUGR,
B99501　P05富壽1,TW000B995018,2016/12/07,無到期日,3.250000,上櫃,,DBFUQR,
B99502　P06富壽1,TW000B995026,2017/04/21,無到期日,3.300000,上櫃,,DBFUQR,
B99503　P12富壽1A,TW000B995034,2023/09/05,2033/09/05,3.700000,上櫃,,DBFUFR,
B99504　P12富壽1B,TW000B995042,2023/09/05,2038/09/05,3.850000,上櫃,,DBFUGR,
B99505　P12富壽2A,TW000B995059,2023/11/07,2033/11/07,3.700000,上櫃,,DBFUFR,
B99506　P12富壽2B,TW000B995067,2023/11/07,2038/11/07,3.850000,上櫃,,DBFUGR,
B99507　P13富壽1A,TW000B995075,2024/06/12,2034/06/12,3.700000,上櫃,,DBFUFR,
B99508　P13富壽1B,TW000B995083,2024/06/12,2039/06/12,3.850000,上櫃,,DBFUGR,
B99509　P13富壽2A,TW000B995091,2024/10/23,2034/10/23,3.700000,上櫃,,DBFUFR,
B99510　P13富壽2B,TW000B995109,2024/10/23,2039/10/23,3.850000,上櫃,,DBFUGR,
B99511　P14富壽1A,TW000B995117,2025/04/22,2035/04/22,3.700000,上櫃,,DBFUFR,
B99512　P14富壽1B,TW000B995125,2025/04/22,2040/04/22,3.850000,上櫃,,DBFUGR,
B99513　P14富壽2A,TW000B995133,2025/08/27,2035/08/27,3.700000,上櫃,,DBFUFR,
B99514　P14富壽2B,TW000B995141,2025/08/27,2040/08/27,3.850000,上櫃,,DBFUGR,
B99515　P14富壽3A,TW000B995158,2025/12/16,2035/12/16,3.700000,上櫃,,DBFUFR,
B99516　P14富壽3B,TW000B995166,2025/12/16,2040/12/16,3.850000,上櫃,,DBFUGR,
B99517　P15富壽1A,TW000B995174,2026/05/06,2036/05/06,3.700000,上櫃,,DBFUFR,
B99518　P15富壽1B,TW000B995182,2026/05/06,2041/05/06,3.850000,上櫃,,DBFUGR,
B99601　P06國壽1,TW000B996016,2017/05/12,無到期日,3.300000,上櫃,,DBFUQR,
B99602　P08國壽1,TW000B996024,2019/06/26,無到期日,3.000000,上櫃,,DBFUQR,
B99603　P12國壽1A,TW000B996032,2023/08/01,2033/08/01,3.700000,上櫃,,DBFUFR,
B99604　P12國壽1B,TW000B996040,2023/08/01,2038/08/01,3.850000,上櫃,,DBFUGR,
B99605　P12國壽2A,TW000B996057,2023/10/12,2033/10/12,3.700000,上櫃,,DBFUFR,
B99606　P12國壽2B,TW000B996065,2023/10/12,2038/10/12,3.850000,上櫃,,DBFUGR,
B99607　P13國壽1A,TW000B996073,2024/04/24,2034/04/24,3.700000,上櫃,,DBFUFR,
B99608　P13國壽1B,TW000B996081,2024/04/24,2039/04/24,3.850000,上櫃,,DBFUGR,
B99701　P06台壽1,TW000B997014,2017/06/21,無到期日,3.450000,上櫃,,DBFUQR,
B99702　P12台壽1A,TW000B997022,2023/07/21,2033/07/21,3.750000,上櫃,,DBFUFR,
B99703　P12台壽1B,TW000B997030,2023/07/21,2038/07/21,3.880000,上櫃,,DBFUGR,
B99704　P14台壽1A,TW000B997048,2025/08/26,2035/08/26,3.750000,上櫃,,DBFUFR,
B99705　P14台壽1B,TW000B997055,2025/08/26,2040/08/26,3.880000,上櫃,,DBFUGR,
B99706　P15台壽1A,TW000B997063,2026/01/06,2036/01/06,3.750000,上櫃,,DBFUFR,
B99707　P15台壽1B,TW000B997071,2026/01/06,2041/01/06,3.880000,上櫃,,DBFUGR,
B99904　P10合迪2,TW000B999044,2021/07/27,2026/07/27,0.700000,上櫃,,DBFUFR,
B99907　P12合迪1B,TW000B999077,2023/04/14,2028/04/14,1.700000,上櫃,,DBFUFR,
B99908　P15合迪1A,TW000B999085,2026/03/26,2029/03/26,2.000000,上櫃,,DBFUFR,
B99909　P15合迪1B,TW000B999093,2026/03/26,2031/03/26,2.050000,上櫃,,DBFUFR,
B9A403　P14國統1,TW000B9A4031,2025/01/06,2028/01/06,1.900000,上櫃,,DBFSFR,
B9A506　P09日投控4,TW000B9A5061,2020/08/13,2027/08/13,0.950000,上櫃,,DBFUFR,
B9A601　P08元大證1A,TW000B9A6010,2019/06/06,2026/06/06,1.250000,上櫃,,DBFUFR,
B9A602　P08元大證1B,TW000B9A6028,2019/06/06,2029/06/06,1.400000,上櫃,,DBFUFR,
B9A603　P09元大證1,TW000B9A6036,2020/10/20,2027/10/20,0.850000,上櫃,,DBFUFR,
B9A604　P09元大證2,TW000B9A6044,2020/10/20,2030/10/20,0.950000,上櫃,,DBFUFR,
B9A605　P10元大證1,TW000B9A6051,2021/05/17,2031/05/17,0.820000,上櫃,,DBFUFR,
B9A606　P10元大證2,TW000B9A6069,2021/05/17,2036/05/17,1.020000,上櫃,,DBFUFR,
B9A607　P12元大證1,TW000B9A6077,2023/08/15,2028/08/15,1.620000,上櫃,,DBFUFR,
B9A608　P12元大證2,TW000B9A6085,2023/08/15,2033/08/15,1.820000,上櫃,,DBFUFR,
B9A609　P13元大證1,TW000B9A6093,2024/05/23,2029/05/23,1.760000,上櫃,,DBFUFR,
B9A610　P13元大證2,TW000B9A6101,2024/05/23,2034/05/23,1.860000,上櫃,,DBFUFR,
B9A611　P14元大證1,TW000B9A6119,2025/01/09,2030/01/09,1.940000,上櫃,,DBFUFR,
B9A612　P14元大證2,TW000B9A6127,2025/01/09,2035/01/09,2.020000,上櫃,,DBFUFR,
B9A613　P15元大證1,TW000B9A6135,2026/01/12,2031/01/12,1.620000,上櫃,,DBFUFR,
B9A702　P13喬山1A,TW000B9A7026,2024/08/13,2027/08/13,2.100000,上櫃,,DBFSFR,
B9A703　P13喬山1B,TW000B9A7034,2024/08/13,2029/08/13,2.200000,上櫃,,DBFSFR,
B9A802　P10漢翔1,TW000B9A8024,2021/05/26,2028/05/26,0.520000,上櫃,,DBFUFR,
B9A902　P13晟田1,TW000B9A9022,2024/10/14,2027/10/14,1.920000,上櫃,,DBFSFR,
B9AB01　P09台新證1,TW000B9AB014,2020/01/10,2030/01/10,1.350000,上櫃,,DBFUFR,
B9AC02　P10永豐金1,TW000B9AC020,2021/10/21,2026/10/21,0.560000,上櫃,,DBFUFR,
B9AD01　P09合庫金1,TW000B9AD010,2020/05/26,2027/05/26,0.680000,上櫃,,DBFUFR,
B9AD03　P09合庫金3,TW000B9AD036,2020/10/07,2027/10/07,0.660000,上櫃,,DBFUFR,
B9AD04　P10合庫金1,TW000B9AD044,2021/07/12,2026/07/12,0.490000,上櫃,,DBFUFR,
B9AD05　P10合庫金2,TW000B9AD051,2021/07/12,2028/07/12,0.550000,上櫃,,DBFUFR,
B9AF02　P12光鼎1,TW000B9AF023,2023/06/08,2026/06/08,1.500000,上櫃,,DBFSFR,
B9AG02　P09中華電2,TW000B9AG021,2020/07/30,2027/07/30,0.540000,上櫃,,DBFUFR,
B9AG03　P09中華電3,TW000B9AG039,2020/07/30,2030/07/30,0.590000,上櫃,,DBFUFR,
B9AG05　P10中華電2,TW000B9AG054,2021/04/20,2028/04/20,0.460000,上櫃,,DBFUFR,
B9AG06　P10中華電3,TW000B9AG062,2021/04/20,2031/04/20,0.500000,上櫃,,DBFUFR,
B9AG07　P11中華電1,TW000B9AG070,2022/03/15,2027/03/15,0.690000,上櫃,,DBFUFR,
B9AG08　P14中華電1,TW000B9AG088,2025/08/04,2030/08/04,1.730000,上櫃,,DBFUFR,
B9AH03　P10美好1,TW000B9AH037,2021/05/24,2026/05/24,0.650000,上櫃,,DBFSFR,
B9AH04　P13美好1,TW000B9AH045,2024/12/31,2030/12/31,3.700000,上櫃,,DBFSFR,
B9AH05　P14美好1,TW000B9AH052,2025/01/10,2031/01/10,3.700000,上櫃,,DBFSFR,
B9AK01　P09凱基壽1,TW000B9AK015,2020/12/28,無到期日,2.700000,上櫃,,DBFUQR,
B9AK02　P12凱基壽1,TW000B9AK023,2023/07/25,2033/07/25,3.750000,上櫃,,DBFUFR,
B9AK03　P13凱基壽1A,TW000B9AK031,2024/09/13,2034/09/13,3.750000,上櫃,,DBFUFR,
B9AK04　P13凱基壽1B,TW000B9AK049,2024/09/13,2039/09/13,3.880000,上櫃,,DBFUFR,
B9AK05　P15凱基壽1A,TW000B9AK056,2026/01/26,2036/01/26,3.750000,上櫃,,DBFUFR,
B9AK06　P15凱基壽1B,TW000B9AK064,2026/01/26,2041/01/26,3.880000,上櫃,,DBFUFR,
B9AM01　P10崑鼎1A,TW000B9AM011,2021/05/27,2026/05/27,0.650000,上櫃,,DBFUFR,
B9AM02　P10崑鼎1B,TW000B9AM029,2021/05/27,2026/05/27,0.560000,上櫃,,DBFUFR,
B9AN01　P10合勤控1,TW000B9AN019,2021/08/05,2026/08/05,0.850000,上櫃,,DBFUFR,
B9AP01　P10雲品1,TW000B9AP014,2021/09/08,2026/09/08,0.580000,上櫃,,DBFSFR,
B9AQ01　P10精誠1,TW000B9AQ012,2021/09/27,2026/09/27,0.820000,上櫃,,DBFUFR,
B9AR01　P10元大期1,TW000B9AR010,2021/11/12,2028/11/12,0.850000,上櫃,,DBFUFR,
B9AR02　P15元大期1,TW000B9AR028,2026/04/29,2031/04/29,2.200000,上櫃,,DBFUFR,
B9AS01　P11北基1,TW000B9AS018,2022/06/14,2027/06/14,1.950000,上櫃,,DBFSFR,
B9AS02　P11北基2,TW000B9AS026,2022/09/22,2027/09/22,1.800000,上櫃,,DBFSFR,
B9AT02　P14新鑫1,TW000B9AT024,2025/12/08,2028/12/08,2.050000,上櫃,,DBFUFR,
B9AU01　P12旭然1,TW000B9AU014,2023/12/18,2026/12/18,1.730000,上櫃,,DBFSFR,
B9AV01　P14全球壽1,TW000B9AV012,2025/05/23,2035/05/23,4.200000,上櫃,,DBFUFR,
B9AW01　P14星宇航1,TW000B9AW010,2025/10/28,2028/10/28,1.700000,上櫃,,DBFSFR,
B9AW02　P14星宇航2,TW000B9AW028,2025/10/29,2028/10/29,1.750000,上櫃,,DBFSFR,
B9AW03　P14星宇航3,TW000B9AW036,2025/10/29,2030/10/29,1.780000,上櫃,,DBFSFR,
B9AW04　P14星宇航4,TW000B9AW044,2025/10/29,2030/10/29,1.780000,上櫃,,DBFSFR,
政府公債
A00102　00央債甲02,TW000A001024,2011/01/13,2031/01/13,2.125000,上市櫃,,DBFTFR,
A00104　100央債甲04,TW000A001040,2011/02/22,2041/02/22,2.000000,上市櫃,,DBFTFR,
A00107　100央債甲7,TW000A001073,2011/08/02,2031/08/02,1.875000,上市櫃,,DBFTFR,
A00108　100央債甲8,TW000A001081,2011/08/22,2041/08/22,1.875000,上市櫃,,DBFTFR,
A00201　100央債乙1,TW000A002014,2011/05/26,2031/05/26,1.175000,上市櫃,,DBFTFR,
A01102　101央債甲2,TW000A011023,2012/01/20,2032/01/20,1.625000,上市櫃,,DBFTFR,
A01104　101央債甲4,TW000A011049,2012/02/13,2042/02/13,1.750000,上市櫃,,DBFTFR,
A01107　101央債甲7,TW000A011072,2012/08/10,2032/08/10,1.500000,上市櫃,,DBFTFR,
A01108　101央債甲8,TW000A011080,2012/08/24,2042/08/24,1.625000,上市櫃,,DBFTFR,
A01201　101央債乙1,TW000A012013,2012/03/16,2032/03/16,1.625000,上市櫃,,DBFTFR,
A02101　102央債甲1,TW000A021014,2013/01/09,2028/01/09,1.375000,上市櫃,,DBFTFR,
A02103　102央債甲3,TW000A021030,2013/01/28,2033/01/28,1.500000,上市櫃,,DBFTFR,
A02105　102央債甲5,TW000A021055,2013/02/26,2043/02/26,1.750000,上市櫃,,DBFTFR,
A02108　102央債甲8,TW000A021089,2013/07/26,2033/07/26,2.000000,上市櫃,,DBFTFR,
A02109　102央債甲9,TW000A021097,2013/08/02,2043/08/02,2.500000,上市櫃,,DBFTFR,
A02201　102央債乙1,TW000A022012,2013/03/21,2033/03/21,1.750000,上市櫃,,DBFTFR,
A03103　103央債甲3,TW000A031039,2014/01/29,2034/01/29,2.000000,上市櫃,,DBFTFR,
A03105　103央債甲5,TW000A031054,2014/02/26,2044/02/26,2.125000,上市櫃,,DBFTFR,
A03107　103央債甲7,TW000A031070,2014/04/25,2034/04/25,1.875000,上市櫃,,DBFTFR,
A03108　103央債甲8,TW000A031088,2014/05/28,2044/05/28,2.000000,上市櫃,,DBFTFR,
A03111　103央債甲11,TW000A031112,2014/07/31,2034/07/31,2.125000,上市櫃,,DBFTFR,
A03112　103央債甲12,TW000A031120,2014/08/04,2044/08/04,2.250000,上市櫃,,DBFTFR,
A03114　103央債甲14,TW000A031146,2014/10/02,2034/10/02,2.250000,上市櫃,,DBFTFR,
A03116　103央債甲16,TW000A031161,2014/11/26,2044/11/26,2.250000,上市櫃,,DBFTFR,
A04102　104央債甲2,TW000A041020,2015/01/23,2035/01/23,2.000000,上市櫃,,DBFTFR,
A04104　104央債甲4,TW000A041046,2015/02/13,2045/02/13,2.375000,上市櫃,,DBFTFR,
A04107　104央債甲7,TW000A041079,2015/04/15,2035/04/15,2.125000,上市櫃,,DBFTFR,
A04108　104央債甲8,TW000A041087,2015/05/15,2045/05/15,2.375000,上市櫃,,DBFTFR,
A04111　104央債甲11,TW000A041111,2015/08/10,2045/08/10,2.250000,上市櫃,,DBFTFR,
A04114　104央債甲14,TW000A041145,2015/10/26,2035/10/26,1.750000,上市櫃,,DBFTFR,
A05102　105央債甲2,TW000A051029,2016/01/22,2036/01/22,1.375000,上市櫃,,DBFTFR,
A05106　105央債甲6,TW000A051060,2016/04/08,2036/04/08,1.250000,上市櫃,,DBFTFR,
A05107　105央債甲7,TW000A051078,2016/05/20,2046/05/20,1.625000,上市櫃,,DBFTFR,
A05109　105央債甲9,TW000A051094,2016/07/19,2036/07/19,1.125000,上市櫃,,DBFTFR,
A05110　105央債甲10,TW000A051102,2016/08/05,2046/08/05,1.375000,上市櫃,,DBFTFR,
A05111　105央債甲11,TW000A051110,2016/09/07,2026/09/07,0.625000,上市櫃,,DBFTFR,
A05114　105央債甲14,TW000A051144,2016/11/25,2046/11/25,2.000000,上市櫃,,DBFTFR,
A06103　106央債甲3,TW000A061036,2017/02/20,2037/02/20,1.750000,上市櫃,,DBFTFR,
A06104　106央債甲4,TW000A061044,2017/03/01,2027/03/01,1.125000,上市櫃,,DBFTFR,
A06106　106央債甲6,TW000A061069,2017/05/26,2047/05/26,1.875000,上市櫃,,DBFTFR,
A06108　106央債甲8,TW000A061085,2017/08/18,2037/08/18,1.500000,上市櫃,,DBFTFR,
A06109　106央債甲9,TW000A061093,2017/09/20,2027/09/20,1.000000,上市櫃,,DBFTFR,
A06111　106央債甲11,TW000A061119,2017/11/24,2047/11/24,1.625000,上市櫃,,DBFTFR,
A07102　107央債甲2,TW000A071027,2018/02/08,2028/02/08,1.000000,上市櫃,,DBFTFR,
A07103　107央債甲3,TW000A071035,2018/03/13,2038/03/13,1.375000,上市櫃,,DBFTFR,
A07104　107央債甲4,TW000A071043,2018/05/18,2048/05/18,1.500000,上市櫃,,DBFTFR,
A07105　107央債甲5,TW000A071050,2018/06/08,2028/06/08,0.875000,上市櫃,,DBFTFR,
A07108　107央債甲8,TW000A071084,2018/09/21,2038/09/21,1.125000,上市櫃,,DBFTFR,
A07109　107央債甲9,TW000A071092,2018/10/17,2028/10/17,0.875000,上市櫃,,DBFTFR,
A07110　107央債甲10,TW000A071100,2018/11/09,2048/11/09,1.375000,上市櫃,,DBFTFR,
A08102　108央債甲2,TW000A081026,2019/01/28,2039/01/28,1.125000,上市櫃,,DBFTFR,
A08103　108央債甲3,TW000A081034,2019/02/13,2029/02/13,0.750000,上市櫃,,DBFTFR,
A08104　108央債甲4,TW000A081042,2019/03/04,2039/03/04,0.125000,上市櫃,,DBFTFR,
A08105　108央債甲5,TW000A081059,2019/05/17,2049/05/17,0.125000,上市櫃,,DBFTFR,
A08106　108央債甲6,TW000A081067,2019/06/26,2029/06/26,0.625000,上市櫃,,DBFTFR,
A08108　108央債甲8,TW000A081083,2019/09/06,2039/09/06,0.750000,上市櫃,,DBFTFR,
A08109　108央債甲9,TW000A081091,2019/10/14,2029/10/14,0.625000,上市櫃,,DBFTFR,
A08110　108央甲10,TW000A081109,2019/11/08,2049/11/08,1.000000,上市櫃,,DBFTFR,
A09102　109央債甲2,TW000A091025,2020/01/17,2040/01/17,0.750000,上市櫃,,DBFTFR,
A09103　109央債甲3,TW000A091033,2020/02/21,2030/02/21,0.500000,上市櫃,,DBFTFR,
A09104　109央債甲4,TW000A091041,2020/03/09,2040/03/09,0.500000,上市櫃,,DBFTFR,
A09105　109央債甲5,TW000A091058,2020/05/12,2050/05/12,0.750000,上市櫃,,DBFTFR,
A09106　109央債甲6,TW000A091066,2020/06/11,2030/06/11,0.375000,上市櫃,,DBFTFR,
A09108　109央債甲8,TW000A091082,2020/09/18,2040/09/18,0.500000,上市櫃,,DBFTFR,
A09109　109央債甲9,TW000A091090,2020/10/14,2030/10/14,0.250000,上市櫃,,DBFTFR,
A09111　109央甲11,TW000A091116,2020/11/27,2050/11/27,0.375000,上市櫃,,DBFTFR,
A09113　109央甲13,TW000A091132,2020/12/29,2040/12/29,0.375000,上市櫃,,DBFTFR,
A10102　110央債甲2,TW000A101022,2021/01/29,2041/01/29,0.500000,上市櫃,,DBFTFR,
A10103　110央債甲3,TW000A101030,2021/02/22,2031/02/22,0.250000,上市櫃,,DBFTFR,
A10104　110央債甲4,TW000A101048,2021/02/25,2051/02/25,0.625000,上市櫃,,DBFTFR,
A10105　110央債甲5,TW000A101055,2021/05/21,2041/05/21,0.625000,上市櫃,,DBFTFR,
A10107　110央債甲7,TW000A101071,2021/06/23,2031/06/23,0.375000,上市櫃,,DBFTFR,
A10108　110央債甲8,TW000A101089,2021/07/29,2026/07/29,0.250000,上市櫃,,DBFTFR,
A10110　110央債甲10,TW000A101105,2021/09/29,2041/09/29,0.500000,上市櫃,,DBFTFR,
A10111　110央債甲11,TW000A101113,2021/10/22,2031/10/22,0.500000,上市櫃,,DBFTFR,
A10112　110央甲12,TW000A101121,2021/11/12,2041/11/12,0.625000,上市櫃,,DBFTFR,
A10113　110央甲13,TW000A101139,2021/12/23,2051/12/23,1.125000,上市櫃,,DBFTFR,
A10201　110央債乙1,TW000A102012,2021/05/07,2031/05/07,0.375000,上市櫃,,DBFTFR,
A10202　110央債乙2,TW000A102020,2021/08/20,2028/08/20,0.250000,上市櫃,,DBFTFR,
A11101　111央債甲1,TW000A111013,2022/01/18,2042/01/18,1.000000,上市櫃,,DBFTFR,
A11102　111央債甲2,TW000A111021,2022/02/18,2032/02/18,0.625000,上市櫃,,DBFTFR,
A11103　111央債甲3,TW000A111039,2022/02/24,2027/02/24,0.500000,上市櫃,,DBFTFR,
A11104　111央債甲4,TW000A111047,2022/03/04,2042/03/04,0.875000,上市櫃,,DBFTFR,
A11105　111央債甲5,TW000A111054,2022/05/20,2052/05/20,2.000000,上市櫃,,DBFTFR,
A11106　111央債甲6,TW000A111062,2022/06/23,2027/06/23,1.000000,上市櫃,,DBFTFR,
A11107　111央債甲7,TW000A111070,2022/06/30,2032/06/30,1.250000,上市櫃,,DBFTFR,
A11108　111央債甲8,TW000A111088,2022/09/23,2027/09/23,1.250000,上市櫃,,DBFTFR,
A11109　111央債甲9,TW000A111096,2022/09/30,2042/09/30,1.875000,上市櫃,,DBFTFR,
A11110　A11110,TW000A111104,2022/10/17,2032/10/17,1.750000,上市櫃,,DBFTFR,
A11111　111央甲11,TW000A111112,2022/11/11,2052/11/11,2.375000,上市櫃,,DBFTFR,
A11201　111央債乙1,TW000A112011,2022/01/10,2032/01/10,0.750000,上市櫃,,DBFTFR,
A12101　112央債甲1,TW000A121012,2023/01/17,2028/01/17,1.000000,上市櫃,,DBFTFR,
A12102　112央債甲2,TW000A121020,2023/02/17,2033/02/17,1.125000,上市櫃,,DBFTFR,
A12104　112央債甲4,TW000A121046,2023/03/03,2043/03/03,1.375000,上市櫃,,DBFTFR,
A12105　112央債甲5,TW000A121053,2023/05/12,2053/05/12,1.500000,上市櫃,,DBFTFR,
A12106　112央債甲6,TW000A121061,2023/05/26,2028/05/26,1.000000,上市櫃,,DBFTFR,
A12107　112央債甲7,TW000A121079,2023/06/09,2033/06/09,1.125000,上市櫃,,DBFTFR,
A12108　112央債甲8,TW000A121087,2023/09/15,2028/09/15,1.000000,上市櫃,,DBFTFR,
A12109　112央債甲9,TW000A121095,2023/09/22,2043/09/22,1.375000,上市櫃,,DBFTFR,
A12110　112央甲10,TW000A121103,2023/10/05,2033/10/05,1.125000,上市櫃,,DBFTFR,
A12111　112央甲11,TW000A121111,2023/11/22,2053/11/22,1.750000,上市櫃,,DBFTFR,
A12201　112央乙1,TW000A122010,2023/01/10,2033/01/10,1.250000,上市櫃,,DBFTFR,
A13102　113央債甲2,TW000A131029,2024/01/18,2044/01/18,1.375000,上市櫃,,DBFTFR,
A13103　113央債甲3,TW000A131037,2024/01/29,2029/01/29,1.125000,上市櫃,,DBFTFR,
A13104　113央債甲4,TW000A131045,2024/02/23,2034/02/23,1.125000,上市櫃,,DBFTFR,
A13105　113央債甲5,TW000A131052,2024/04/25,2029/04/25,1.625000,上市櫃,,DBFTFR,
A13106　113央債甲6,TW000A131060,2024/05/24,2054/05/24,1.875000,上市櫃,,DBFTFR,
A13107　113央債甲7,TW000A131078,2024/06/21,2034/06/21,1.625000,上市櫃,,DBFTFR,
A13108　113央債甲8,TW000A131086,2024/09/13,2029/09/13,1.375000,上市櫃,,DBFTFR,
A13109　113央債甲9,TW000A131094,2024/09/25,2044/09/25,1.500000,上市櫃,,DBFTFR,
A13110　113央甲10,TW000A131102,2024/10/18,2034/10/18,1.500000,上市櫃,,DBFTFR,
A13111　113央甲11,TW000A131110,2024/11/15,2054/11/15,1.750000,上市櫃,,DBFTFR,
A13202　113央債乙2,TW000A132027,2024/05/10,2034/05/10,1.625000,上市櫃,,DBFTFR,
A14101　114央債甲1,TW000A141010,2025/01/09,2030/01/09,1.500000,上市櫃,,DBFTFR,
A14102　114央債甲2,TW000A141028,2025/01/22,2027/01/22,1.250000,上市櫃,,DBFTFR,
A14103　114央債甲3,TW000A141036,2025/02/13,2035/02/13,1.500000,上市櫃,,DBFTFR,
A14104　114央債甲4,TW000A141044,2025/03/12,2030/03/12,1.500000,上市櫃,,DBFTFR,
A14105　114央債甲5,TW000A141051,2025/03/27,2045/03/27,1.750000,上市櫃,,DBFTFR,
A14106　114央債甲6,TW000A141069,2025/05/16,2055/05/16,1.875000,上市櫃,,DBFTFR,
A14107　114央債甲7,TW000A141077,2025/06/13,2035/06/13,1.500000,上市櫃,,DBFTFR,
A14108　114央債甲8,TW000A141085,2025/07/16,2030/07/16,1.250000,上市櫃,,DBFTFR,
A14109　114央債甲9,TW000A141093,2025/09/10,2045/09/10,1.500000,上市櫃,,DBFTFR,
A14110　114央甲10,TW000A141101,2025/10/17,2035/10/17,1.250000,上市櫃,,DBFTFR,
A14111　114央甲11,TW000A141119,2025/11/14,2055/11/14,1.375000,上市櫃,,DBFTFR,
A14201　114央債乙1,TW000A142018,2025/01/20,2035/01/20,1.625000,上市櫃,,DBFTFR,
A15101　115央債甲1,TW000A151019,2026/01/12,2031/01/12,1.250000,上市櫃,,DBFTFR,
A15102　115央債甲2,TW000A151027,2026/01/22,2028/01/22,1.125000,上市櫃,,DBFTFR,
A15103　115央債甲3,TW000A151035,2026/02/10,2036/02/10,1.375000,上市櫃,,DBFTFR,
A15104　115央債甲4,TW000A151043,2026/03/03,2046/03/03,1.500000,上市櫃,,DBFTFR,
A15201　115央債乙1,TW000A152017,2026/01/30,2056/01/30,1.500000,上市櫃,,DBFTFR,
A15202　115央債乙2,TW000A152025,2026/04/17,2028/04/17,1.250000,上市櫃,,DBFTFR,
A90105　90央債甲5,TW000A901058,2001/07/17,2031/07/17,3.625000,上市櫃,,DBFTFR,
A93106　93央債甲6,TW000A931063,2004/05/27,2034/05/27,3.875000,上市櫃,,DBFTFR,
A95107　95央債甲07,TW000A951079,2006/11/10,2026/11/10,2.125000,上市櫃,,DBFTFR,
A96102　96央債甲2,TW000A961029,2007/02/14,2027/02/14,2.000000,上市櫃,,DBFTFR,
A96107　96央債甲7,TW000A961078,2007/11/16,2027/11/16,3.000000,上市櫃,,DBFTFB,
A97102　97央債甲2,TW000A971028,2008/02/14,2028/02/14,2.500000,上市櫃,,DBFTFR,
A97105　97央債甲5,TW000A971051,2008/08/14,2028/08/14,2.625000,上市櫃,,DBFTFR,
A98102　98央債甲2,TW000A981027,2009/02/16,2029/02/16,2.125000,上市櫃,,DBFTFR,
A98105　98央債甲5,TW000A981050,2009/08/13,2029/08/13,2.125000,上市櫃,,DBFTFR,
A99102　99央債甲2,TW000A991026,2010/01/28,2040/01/28,2.250000,上市櫃,,DBFTFR,
A99104　99央債甲4,TW000A991042,2010/02/22,2030/02/22,1.875000,上市櫃,,DBFTFR,
A99107　99央債甲7,TW000A991075,2010/08/12,2030/08/12,1.750000,上市櫃,,DBFTFR,
A99109　99央債甲9,TW000A991091,2010/12/28,2040/12/28,2.125000,上市櫃,,DBFTFR,
HA1004　110北建債4,TW000HA10043,2021/01/28,2028/01/28,0.300000,上市櫃,,DNFTFR,
HA1007　110北建債7,TW000HA10076,2021/10/28,2026/10/28,0.400000,上市櫃,,DNFTFR,
HA1302　113北建債2,TW000HA13021,2024/01/10,2027/01/10,1.240000,上市櫃,,DNFTFR,
HA1303　113北建債3,TW000HA13039,2024/01/10,2029/01/10,1.250000,上市櫃,,DNFTFR,
HA1305　113北建債5,TW000HA13054,2024/03/25,2027/03/25,1.240000,上市櫃,,DNFTFR,
HA1306　113北建債6,TW000HA13062,2024/03/25,2029/03/25,1.260000,上市櫃,,DNFTFR,
HA1501　115北建債1,TW000HA15018,2026/03/20,2031/03/20,1.500000,上市櫃,,DBFTFR,
HB0702　107高市債2,TW000HB07021,2018/10/16,2028/10/16,0.950000,上市櫃,,DNFTFR,
HB0803　108高市債3,TW000HB08037,2019/06/14,2029/06/14,0.839000,上市櫃,,DNFTFR,
HB0806　108高市債6,TW000HB08060,2019/10/16,2026/10/16,0.760000,上市櫃,,DNFTFR,
HB0807　108高市債7,TW000HB08078,2019/10/16,2029/10/16,0.808000,上市櫃,,DNFTFR,
HB0903　109高市債3,TW000HB09035,2020/04/15,2027/04/15,0.550000,上市櫃,,DNFTFR,
HB0904　109高市債4,TW000HB09043,2020/04/15,2030/04/15,0.600000,上市櫃,,DNFTFR,
HB0907　109高市債7,TW000HB09076,2020/12/16,2027/12/16,0.310000,上市櫃,,DNFTFR,
HB0908　109高市債8,TW000HB09084,2020/12/16,2030/12/16,0.350000,上市櫃,,DNFTFR,
HB1003　110高市債3,TW000HB10033,2021/04/22,2028/04/22,0.430000,上市櫃,,DNFTFR,
HB1004　110高市債4,TW000HB10041,2021/04/22,2031/04/22,0.500000,上市櫃,,DNFTFR,
HB1006　110高市債6,TW000HB10066,2021/11/05,2026/11/05,0.400000,上市櫃,,DNFTFR,
HB1007　110高市債7,TW000HB10074,2021/11/05,2028/11/05,0.500000,上市櫃,,DNFTFR,
HB1008　110高市債8,TW000HB10082,2021/11/05,2031/11/05,0.525000,上市櫃,,DNFTFR,
HB1203　112高市債3,TW000HB12039,2023/04/17,2028/04/17,1.350000,上市櫃,,DNFTFR,
HB1204　112高市債4,TW000HB12047,2023/04/17,2033/04/17,1.350000,上市櫃,,DNFTFR,
HB1205　112高市債5,TW000HB12054,2023/06/27,2026/06/27,1.340000,上市櫃,,DNFTFR,
HB1206　112高市債6,TW000HB12062,2023/06/27,2028/06/27,1.380000,上市櫃,,DNFTFR,
HB1207　112高市債7,TW000HB12070,2023/06/27,2030/06/27,1.380000,上市櫃,,DNFTFR,
HB1303　113高市債3,TW000HB13037,2024/03/27,2027/03/27,1.280000,上市櫃,,DNFTFR,
HB1304　113高市債4,TW000HB13045,2024/03/27,2029/03/27,1.295000,上市櫃,,DNFTFR,
HB1305　113高市債5,TW000HB13052,2024/12/12,2026/12/12,1.500000,上市櫃,,DNFTFR,
HB1306　113高市債6,TW000HB13060,2024/12/12,2027/12/12,1.590000,上市櫃,,DNFTFR,
HB1307　113高市債7,TW000HB13078,2024/12/12,2029/12/12,1.590000,上市櫃,,DNFTFR,
HB1401　114高市債1,TW000HB14019,2025/01/03,2027/01/03,1.580000,上市櫃,,DNFTFR,
HB1402　114高市債2,TW000HB14027,2025/01/03,2028/01/03,1.580000,上市櫃,,DNFTFR,
HB1403　114高市債3,TW000HB14035,2025/01/03,2030/01/03,1.590000,上市櫃,,DNFTFR,
HB1404　114高市債4,TW000HB14043,2025/12/19,2027/12/19,1.380000,上市櫃,,DNFTFR,
HB1405　114高市債5,TW000HB14050,2025/12/19,2028/12/19,1.400000,上市櫃,,DNFTFR,
HB1406　114高市債6,TW000HB14068,2025/12/19,2030/12/19,1.430000,上市櫃,,DNFTFR,
HB1407　114高市債7,TW000HB14076,2025/12/29,2027/12/29,1.450000,上市櫃,,DNFTFR,
HB1408　114高市債8,TW000HB14084,2025/12/29,2028/12/29,1.450000,上市櫃,,DNFTFR,
HB1409　114高市債9,TW000HB14092,2025/12/29,2030/12/29,1.450000,上市櫃,,DNFTFR,
HE1401　114南市債1,TW000HE14013,2025/12/17,2027/12/17,1.380000,上市櫃,,DNFTFR,
HE1402　114南市債2,TW000HE14021,2025/12/17,2028/12/17,1.410000,上市櫃,,DNFTFR,
HE1403　114南市債3,TW000HE14039,2025/12/17,2030/12/17,1.430000,上市櫃,,DNFTFR,
HE1501　115南市債1,TW000HE15010,2026/04/28,2028/04/28,1.580000,上市櫃,,DBFTFR,
HE1502　115南市債2,TW000HE15028,2026/04/28,2029/04/28,1.600000,上市櫃,,DBFTFR,
HE1503　115南市債3,TW000HE15036,2026/04/28,2031/04/28,1.600000,上市櫃,,DNFTFR,
HF1401　114桃建債1,TW000HF14010,2025/03/18,2027/03/18,1.600000,上市櫃,,DNFTFR,
HF1402　114桃建債2,TW000HF14028,2025/12/18,2027/12/18,1.375000,上市櫃,,DNFTFR,
HF1403　114桃建債3,TW000HF14036,2025/12/18,2028/12/18,1.405000,上市櫃,,DNFTFR,
HF1404　114桃建債4,TW000HF14044,2025/12/18,2030/12/18,1.430000,上市櫃,,DNFTFR,
新臺幣計價外國債券
F00822　P26DB3,XS3324751851,2026/04/28,2036/04/28,5.350000,上櫃,,DBFUGB,
F012DJ　S26CTBC3,TW000F012DJ3,2026/01/12,2027/01/19,19.440000,上櫃,,DBFUGR,
F02642　P21CACIB8,XS2185427783,2021/06/16,2031/06/16,2.300000,上櫃,,DTFUGB,
F14618　P22JPMCB2,XS1450768202,2022/05/11,2032/05/11,4.020000,上櫃,,DBFUGR,
F14622　P24JPMCB3,XS1449654265,2024/06/14,2034/06/14,5.900000,上櫃,,DBFUGR,
F14802　13慧洋KY1,TW000F148028,2024/05/03,2029/05/03,1.750000,上櫃,,DBFSFR,
F15601　P08ORSTD1,TW000F156013,2019/11/19,2026/11/19,0.920000,上櫃,,DBFGFR,
F15602　P08ORSTD2,TW000F156021,2019/11/19,2034/11/19,1.500000,上櫃,,DBFGFR,
F15603　P09ORSTD1,TW000F156039,2020/11/13,2027/11/13,0.600000,上櫃,,DBFUFR,
F15604　P09ORSTD2,TW000F156047,2020/11/13,2030/11/13,0.700000,上櫃,,DBFUFR,
F15605　P09ORSTD3,TW000F156054,2020/11/13,2040/11/13,0.980000,上櫃,,DBFUFR,
F16202　P23SHB1,XS2696788285,2023/10/26,2028/10/26,浮動利率,上櫃,,DBVUFR,
F18601　11中租KY1,TW000F186010,2022/04/14,2037/04/14,浮動利率,上櫃,,DBVUFR,
F18907　P23MLBV7,XS2625084715,2023/08/21,2033/08/21,5.500000,上櫃,,DBFUGR,
F18932　P26MLBV4,XS3244799451,2026/03/27,2036/03/27,5.140000,上櫃,,DBFUGR,
F19602　P26MRAS1,XS3299373996,2026/03/11,2029/03/11,4.250000,上櫃,,DTFUFR,
F19603　P26MRAS2,XS3299380850,2026/03/11,2031/03/11,4.375000,上櫃,,DTFUFR,
外幣計價國際債券
F00226　P22CABEI1,XS2557570244,2022/11/29,2032/11/29,5.229000,上櫃,,DBFUFR,
F00558　P16EIB1,XS1386391939,2016/04/20,2046/04/20,0.000000,上櫃,,DBZUGR,
F00559　P16EIB2,XS1525845126,2016/12/13,2046/12/13,0.000000,上櫃,,DBZUGB,
F00805　P20DB1,XS2210059882,2020/08/11,2050/08/11,0.000000,上櫃,,DBZUGB,
F00806　P21DB1,XS2283226954,2021/01/25,2051/01/25,0.000000,上櫃,,DBZUGB,
F00807　P21DB2,XS2297525375,2021/02/26,2051/02/26,0.000000,上櫃,,DBZUGB,
F00808　P21DB3,XS2312722080,2021/03/31,2028/03/31,3.500000,上櫃,,DBFUFB,
F00809　P21DB4,XS2327322884,2021/04/15,2055/04/15,0.000000,上櫃,,DBZUGB,
F00810　P21DB5,XS2371228870,2021/08/17,2055/08/17,0.000000,上櫃,,DBZUGB,
F00811　P21DB6,XS2389693107,2021/10/07,2036/10/07,2.530000,上櫃,,DBFUGB,
F00812　P21DB7,XS2394051002,2021/10/20,2055/10/20,0.000000,上櫃,,DBZUGB,
F00813　P22DB1,XS2430292362,2022/01/24,2056/01/24,0.000000,上櫃,,DBZUGB,
F00814　P22DB2,XS2432580657,2022/01/27,2037/01/27,0.000000,上櫃,,DBZUGB,
F00815　P22DB3,XS2434409392,2022/02/10,2056/02/10,0.000000,上櫃,,DBZUGB,
F00816　P22DB4,XS2437849214,2022/02/18,2056/02/18,0.000000,上櫃,,DBZUGB,
F00817　P22DB5,XS2451404284,2022/03/10,2029/03/10,2.970000,上櫃,,DBFUGB,
F00818　P22DB6,XS2491151002,2022/06/17,2037/06/17,5.000000,上櫃,,DBFUGB,
F00819　P24DB1,XS0461615212,2024/04/24,2034/04/24,5.800000,上櫃,,DBFUGR,
F00820　P26DB1,XS3268045682,2026/01/23,2036/01/23,5.020000,上櫃,,DBFUGB,
F00821　P26DB2,XS3309595331,2026/03/11,2033/03/11,浮動利率,上櫃,,DBVUFB,
F00906　P16BNP1,XS1419879090,2016/06/07,2046/06/07,0.000000,上櫃,,DBZUGB,
F00908　P16BNP3,XS1437600221,2016/06/30,2028/06/30,4.200000,上櫃,,DBFUFR,
F00911　P18BNP1,XS1776012681,2018/03/06,2048/03/06,0.000000,上櫃,,DBZUGB,
F00913　P19BNP1,FR0013398237,2019/02/15,2049/02/15,0.000000,上櫃,,DBZUGB,
F00914　P19BNP2,FR0013426764,2019/06/27,2029/06/27,4.410000,上櫃,,DBFUFB,
F00915　P20BNP1,FR0013474012,2020/01/16,2050/01/16,0.000000,上櫃,,DBZUGB,
F00916　P20BNP2,FR0013511680,2020/05/19,2050/05/19,0.000000,上櫃,,DBZUGB,
F00917　P20BNP3,FR0013513421,2020/06/01,2050/06/01,0.000000,上櫃,,DBZUGB,
F00918　P20BNP4,FR0013523719,2020/07/20,2050/07/20,0.000000,上櫃,,DBZUGB,
F00919　P20BNP5,FR0013530631,2020/08/27,2050/08/27,0.000000,上櫃,,DBZUGB,
F00920　P20BNP6,FR0013534716,2020/09/25,2050/09/25,0.000000,上櫃,,DBZUGB,
F00921　P21BNP1,FR0014001FY1,2021/01/19,2051/01/19,0.000000,上櫃,,DBZUGB,
F00922　P21BNP2,FR0014002J74,2021/03/29,2028/03/29,3.500000,上櫃,,DBFUFB,
F00923　P21BNP3,FR0014002XC8,2021/04/20,2051/04/20,0.000000,上櫃,,DBZUGB,
F00924　P22BNP1,FR0014007LU4,2022/01/18,2052/01/14,0.000000,上櫃,,DBZUGB,
F00925　P22BNP2,FR0014007MN7,2022/01/19,2052/01/19,0.000000,上櫃,,DBZUGB,
F00926　P23BNP1,FR001400I8W2,2023/06/06,2028/06/06,浮動利率,上櫃,,DBVUFB,
F01009　P17KEXIM2,XS1689534615,2017/10/11,2047/10/11,0.000000,上櫃,,DBZUGB,
F01017　P19KEXIM3,XS2081570355,2019/11/27,2026/11/27,8.430000,上櫃,,DBFUFR,
F01018　P20KEXIM1,XS2134490791,2020/03/19,2030/03/19,8.200000,上櫃,,DBFUFB,
F01019　P21KEXIM1,XS2386977354,2021/09/28,2031/09/28,8.050000,上櫃,,DBFUFR,
F01020　P23KEXIM1,XS2716680744,2023/11/21,2028/11/21,浮動利率,上櫃,,DBVUFR,
F01103　P15CITI1,XS1184088885,2015/02/25,2045/02/25,0.000000,上櫃,,DBZUGR,
F01104　P15CITI2,XS1209468542,2015/04/10,2045/04/10,0.000000,上櫃,,DBZUGR,
F01105　P15CITI3,XS1240297751,2015/06/12,2045/06/12,0.000000,上櫃,,DBZUGR,
F01108　P16CITI2,XS1273529096,2016/02/03,2046/02/03,0.000000,上櫃,,DBZUGR,
F01110　P16CITI4,XS1273518727,2016/05/18,2046/05/18,0.000000,上櫃,,DBZUGR,
F01114　P17CITI1,XS1273515111,2017/02/15,2047/02/15,0.000000,上櫃,,DBZUGR,
F01116　P17CITI3,XS1273515038,2017/04/10,2047/04/10,0.000000,上櫃,,DBZUGB,
F01117　P17CITI4,XS1273452521,2017/05/23,2047/05/23,0.000000,上櫃,,DBZUGB,
F01118　P17CITI5,XS1273460383,2017/06/23,2047/06/23,0.000000,上櫃,,DBZUGR,
F01119　P17CITI6,XS1273515897,2017/08/10,2047/08/10,0.000000,上櫃,,DBZUGB,
F01120　P17CITI7,XS1273512365,2017/08/10,2047/08/10,0.000000,上櫃,,DBZUGR,
F01121　P18CITI1,XS1273449659,2018/02/09,2048/02/09,0.000000,上櫃,,DBZUGR,
F01122　P18CITI2,XS1273450400,2018/03/26,2048/03/26,0.000000,上櫃,,DBZUGR,
F01123　P18CITI3,XS1273453339,2018/06/08,2048/06/08,0.000000,上櫃,,DBZUGR,
F01124　P18CITI4,XS1273456191,2018/08/28,2048/08/28,0.000000,上櫃,,DBZUGR,
F01125　P19CITI1,XS1273456605,2019/01/24,2049/01/24,0.000000,上櫃,,DBZUGR,
F01126　P19CITI2,XS1273512019,2019/04/18,2049/04/19,0.000000,上櫃,,DBZUGR,
F01127　P19CITI3,XS1273450236,2019/08/09,2049/08/09,0.000000,上櫃,,DBZUGR,
F01128　P20CITI1,XS1273452109,2020/01/21,2060/01/21,0.000000,上櫃,,DBZUGR,
F01129　P20CITI2,XS1273438454,2020/02/14,2060/02/14,0.000000,上櫃,,DBZUGR,
F01130　P20CITI3,XS1273446804,2020/02/26,2060/02/26,0.000000,上櫃,,DBZUGR,
F01131　P20CITI4,XS1273448339,2020/03/18,2060/03/18,0.000000,上櫃,,DBZUGR,
F01132　P20CITI5,XS1273446127,2020/03/27,2060/03/27,0.000000,上櫃,,DBZUGR,
F01133　P20CITI6,XS1273447950,2020/03/30,2060/03/30,0.000000,上櫃,,DBZUGR,
F01134　P20CITI7,XS1273452448,2020/04/08,2060/04/08,0.000000,上櫃,,DBZUGR,
F01135　P20CITI8,XS1273454907,2020/05/13,2060/05/13,0.000000,上櫃,,DBZUGR,
F01136　P20CITI9,XS1273445582,2020/05/28,2054/05/28,0.000000,上櫃,,DBZUGR,
F01137　P20CITI10,XS1273440518,2020/06/12,2055/06/12,0.000000,上櫃,,DBZUGR,
F01138　P20CITI11,XS1273451044,2020/08/25,2060/08/25,0.000000,上櫃,,DBZUGR,
F01139　P20CITI12,XS1273441599,2020/11/16,2060/11/16,0.000000,上櫃,,DBZUGR,
F01140　P21CITI1,XS1273446390,2021/01/25,2061/01/25,0.000000,上櫃,,DBZUGR,
F01141　P21CITI2,XS1273441755,2021/02/23,2061/02/23,0.000000,上櫃,,DBZUGR,
F01142　P21CITI3,XS1273444429,2021/02/23,2061/02/23,0.000000,上櫃,,DBZUGR,
F01143　P21CITI4,XS1273448768,2021/03/12,2055/03/12,0.000000,上櫃,,DBZUGR,
F01144　P21CITI5,XS1273442647,2021/04/09,2055/04/09,0.000000,上櫃,,DBZUGR,
F01145　P21CITI6,XS1273440435,2021/05/19,2055/05/19,0.000000,上櫃,,DBZUGR,
F01146　P21CITI7,XS1273448172,2021/06/25,2055/06/25,0.000000,上櫃,,DBZUGR,
F01147　P21CITI8,XS2110088577,2021/10/15,2056/10/15,0.000000,上櫃,,DBZUGR,
F01148　P22CITI1,XS2110103046,2022/01/21,2056/01/21,0.000000,上櫃,,DBZUGR,
F01149　P22CITI2,XS2110105256,2022/01/21,2062/01/21,0.000000,上櫃,,DBZUGR,
F01150　P22CITI3,XS2110106064,2022/02/15,2062/02/15,0.000000,上櫃,,DBZUGR,
F01203　P14CTBC2A,TW000F012034,2014/11/26,2044/11/26,0.000000,上櫃,,DBZUGR,
F01204　P14CTBC2B,TW000F012042,2014/11/26,2036/11/26,0.000000,上櫃,,DBZUGR,
F01209　P18CTBC1,TW000F012091,2018/03/29,2048/03/29,0.000000,上櫃,,DBZUGR,
F01210　P21CTBC1,TW000F012109,2021/04/27,2051/04/27,0.000000,上櫃,,DBZUGR,
F01211　S21CTBC2,TW000F012117,2021/08/30,2026/08/30,浮動利率,上櫃,,DBVUGR,
F01213　P22CTBC1,TW000F012133,2022/04/27,2052/04/27,0.000000,上櫃,,DBZUGR,
F012AY　S25CTBC51,TW000F012AY8,2025/07/21,2026/07/27,13.690000,上櫃,,DBFUGR,
F012BU　S25CTBC80,TW000F012BU4,2025/09/10,2026/09/16,23.350000,上櫃,,DBFUGR,
F012BY　S25CTBC84,TW000F012BY6,2025/09/17,2026/09/23,21.330000,上櫃,,DBFUGR,
F012C4　S25CTBC89,TW000F012C41,2025/09/23,2026/10/01,20.890000,上櫃,,DBFUGR,
F012CD　S25CTBC98,TW000F012CD8,2025/10/08,2026/07/14,9.500000,上櫃,,DBFUGR,
F012CG　S25CTBC101,TW000F012CG1,2025/10/14,2026/05/20,20.000000,上櫃,,DBFUGR,
F012CH　S25CTBC102,TW000F012CH9,2025/10/14,2026/07/20,15.380000,上櫃,,DBFUGR,
F012CK　S25CTBC104,TW000F012CK3,2025/10/15,2026/10/21,9.000000,上櫃,,DBFUGR,
F012CQ　S25CTBC109,TW000F012CQ0,2025/10/31,2026/06/05,15.000000,上櫃,,DBFUGR,
F012CU　S25CTBC113,TW000F012CU2,2025/11/04,2026/11/10,9.000000,上櫃,,DBFUGR,
F012CX　S25CTBC116,TW000F012CX6,2025/11/13,2026/05/19,12.650000,上櫃,,DBFUGR,
F012CZ　S25CTBC118,TW000F012CZ1,2025/11/17,2026/11/23,25.460000,上櫃,,DBFUGR,
F012D2　S25CTBC120,TW000F012D24,2025/11/18,2026/11/24,31.860000,上櫃,,DBFUGR,
F012D3　S25CTBC121,TW000F012D32,2025/11/24,2026/12/01,7.310000,上櫃,,DBFUGR,
F012D6　S25CTBC124,TW000F012D65,2025/11/28,2026/07/06,19.170000,上櫃,,DBFUGR,
F012DC　S25CTBC130,TW000F012DC8,2025/12/15,2026/12/21,28.470000,上櫃,,DBFUGR,
F012DF　S25CTBC133,TW000F012DF1,2025/12/29,2027/01/05,27.020000,上櫃,,DBFUGR,
F012DG　S26CTBC1,TW000F012DG9,2026/01/02,2027/01/08,13.110000,上櫃,,DBFUGR,
F012DH　S26CTBC2,TW000F012DH7,2026/01/06,2027/01/12,25.800000,上櫃,,DBFUGR,
F012DK　S26CTBC4,TW000F012DK1,2026/01/12,2027/01/19,26.290000,上櫃,,DBFUGR,
F012DL　S26CTBC5,TW000F012DL9,2026/01/12,2026/08/18,18.640000,上櫃,,DBFUGR,
F012DQ　S26CTBC9,TW000F012DQ8,2026/01/20,2027/01/26,27.250000,上櫃,,DBFUGR,
F012DR　S26CTBC10,TW000F012DR6,2026/01/20,2027/01/26,28.450000,上櫃,,DBFUGR,
F012DS　S26CTBC11,TW000F012DS4,2026/01/20,2027/01/26,22.720000,上櫃,,DBFUGR,
F012DU　S26CTBC13,TW000F012DU0,2026/01/22,2027/01/28,28.860000,上櫃,,DBFUGR,
F012DV　S26CTBC14,TW000F012DV8,2026/02/02,2027/02/12,11.680000,上櫃,,DBFUGR,
F012E1　S26CTBC19,TW000F012E15,2026/02/10,2027/02/17,16.480000,上櫃,,DBFUGR,
F012E4　S26CTBC22,TW000F012E49,2026/02/11,2026/09/17,19.270000,上櫃,,DBFUGR,
F012E5　S26CTBC23,TW000F012E56,2026/02/12,2027/02/19,15.310000,上櫃,,DBFUGR,
F012E6　S26CTBC24,TW000F012E64,2026/02/23,2027/03/02,20.000000,上櫃,,DBFUGR,
F012E9　S26CTBC27,TW000F012E98,2026/03/06,2026/10/14,21.080000,上櫃,,DBFUGR,
F012EA　S26CTBC28,TW000F012EA0,2026/03/06,2026/06/12,23.860000,上櫃,,DBFUGR,
F012EB　S26CTBC29,TW000F012EB8,2026/03/11,2027/03/17,19.500000,上櫃,,DBFUGR,
F012EC　S26CTBC30,TW000F012EC6,2026/03/12,2026/10/16,21.140000,上櫃,,DBFUGR,
F012ED　S26CTBC31,TW000F012ED4,2026/03/19,2027/02/25,18.160000,上櫃,,DBFUGR,
F012EE　S26CTBC32,TW000F012EE2,2026/03/20,2026/06/26,15.610000,上櫃,,DBFUGR,
F012EF　S26CTBC33,TW000F012EF9,2026/03/20,2026/07/24,15.950000,上櫃,,DBFUGR,
F012EJ　S26CTBC36,TW000F012EJ1,2026/03/30,2026/07/06,15.180000,上櫃,,DBFUGR,
F012EK　S26CTBC37,TW000F012EK9,2026/04/02,2026/11/06,18.000000,上櫃,,DBFUGR,
F012EL　S26CTBC38,TW000F012EL7,2026/04/08,2026/11/16,18.000000,上櫃,,DBFUGR,
F012EM　S26CTBC39,TW000F012EM5,2026/04/13,2026/07/17,33.800000,上櫃,,DBFUGR,
F012EN　S26CTBC40,TW000F012EN3,2026/04/24,2026/07/30,25.760000,上櫃,,DBFUGR,
F012EP　S26CTBC41,TW000F012EP8,2026/04/27,2026/12/03,19.520000,上櫃,,DBFUGR,
F012EQ　S26CTBC42,TW000F012EQ6,2026/04/27,2026/12/03,23.720000,上櫃,,DBFUGR,
F012ER　S26CTBC43,TW000F012ER4,2026/04/28,2026/12/04,18.870000,上櫃,,DBFUGR,
F012ES　S26CTBC44,TW000F012ES2,2026/04/29,2027/05/06,18.840000,上櫃,,DBFUGR,
F012ET　S26CTBC45,TW000F012ET0,2026/04/29,2027/05/06,14.970000,上櫃,,DBFUGR,
F012EU　S26CTBC46,TW000F012EU8,2026/05/04,2027/05/10,23.890000,上櫃,,DBFUGR,
F012EV　S26CTBC47,TW000F012EV6,2026/05/06,2027/04/12,10.000000,上櫃,,DBFUGR,
F012EW　S26CTBC48,TW000F012EW4,2026/05/06,2027/04/12,11.340000,上櫃,,DBFUGR,
F012EX　S26CTBC49,TW000F012EX2,2026/05/07,2027/05/13,19.710000,上櫃,,DBFUGR,
F012EY　S26CTBC50,TW000F012EY0,2026/05/07,2026/09/10,10.000000,上櫃,,DBFUGR,
F012EZ　S26CTBC51,TW000F012EZ7,2026/05/07,2026/09/10,10.000000,上櫃,,DBFUGR,
F01503　14CHB1B,TW000F015037,2014/12/18,2034/12/18,0.000000,上櫃,,DBZUGR,
F01504　14CHB1C,TW000F015045,2014/12/17,2034/12/17,0.000000,上櫃,,DBZUGR,
F02204　P15SG1A,XS1101912605,2015/01/29,2035/01/29,0.000000,上櫃,,DBZUGR,
F02205　P15SG1B,XS1101915533,2015/01/29,2045/12/09,0.000000,上櫃,,DBZUGR,
F02212　P15SG8,XS1101907274,2015/07/23,2045/07/23,0.000000,上櫃,,DBZUGR,
F02216　P15SG12,XS1236511207,2015/10/07,2045/10/07,0.000000,上櫃,,DBZUGR,
F02218　P16SG2,XS1314916112,2016/03/18,2046/03/18,0.000000,上櫃,,DBZUGR,
F02219　P16SG3,XS1314915908,2016/03/18,2046/03/18,0.000000,上櫃,,DBZUGR,
F02223　P16SG7,XS1432505128,2016/06/27,2036/06/27,5.100000,上櫃,,DBFUFR,
F02229　P17SG1,XS1513912490,2017/01/13,2047/01/13,0.000000,上櫃,,DBZUGR,
F02230　P17SG2,XS1555940805,2017/03/17,2047/03/17,0.000000,上櫃,,DBZUGR,
F02233　P17SG5,XS1622761150,2017/09/06,2027/09/06,0.000000,上櫃,,DBZUGR,
F02236　P18SG1,XS1718906750,2018/01/24,2048/01/24,0.000000,上櫃,,DBZUGR,
F02241　P19SG2,XS1994875661,2019/07/17,2026/07/17,3.600000,上櫃,,DBFUGR,
F02244　P19SG5,XS2027857197,2019/10/02,2026/10/02,2.650000,上櫃,,DBFUFR,
F02251　P20SG5,XS2174706684,2020/07/17,2054/07/17,0.000000,上櫃,,DBZUGR,
F02252　P20SG6,XS2174519061,2020/08/26,2027/08/26,6.750000,上櫃,,DBFUGR,
F02254　P20SG8,XS2176033400,2020/09/23,2027/09/23,6.750000,上櫃,,DBFUGR,
F02255　P20SG9,XS2175872048,2020/10/20,2054/10/20,0.000000,上櫃,,DBZUGR,
F02256　P21SG1,XS2235968273,2021/01/19,2031/01/19,1.700000,上櫃,,DBFUGR,
F02257　P21SG2,XS2277903931,2021/03/12,2031/03/12,2.060000,上櫃,,DBFUGR,
F02258　P21SG3,XS2277802232,2021/03/25,2036/03/25,2.700000,上櫃,,DBFUGR,
F02260　P21SG5,XS2314208948,2021/05/25,2031/05/25,2.360000,上櫃,,DBFUGB,
F02261　P21SG6,XS2314108643,2021/06/15,2036/06/15,0.000000,上櫃,,DBZUGB,
F02262　P21SG7,FR0014003VT4,2021/06/16,2029/06/16,3.550000,上櫃,,DTFUGB,
F02263　P21SG8,XS2314064416,2021/07/07,2036/07/07,0.000000,上櫃,,DBZUGB,
F02264　P21SG9,XS2313768959,2021/09/01,2036/09/01,0.000000,上櫃,,DBZUGB,
F02265　P21SG10,XS2347836293,2021/10/20,2036/10/20,0.000000,上櫃,,DBZUGB,
F02266　P22SG1,XS2347740008,2022/01/20,2052/01/20,0.000000,上櫃,,DBZUGB,
F02267　P22SG2,XS2347739687,2022/01/26,2032/01/26,2.650000,上櫃,,DBFUGB,
F02268　P22SG3,XS2347738366,2022/01/26,2052/01/26,0.000000,上櫃,,DBZUGB,
F02270　P22SG5,XS2347734704,2022/03/16,2052/03/16,0.000000,上櫃,,DBZUGB,
F02271　P22SG6,XS2347732831,2022/04/20,2032/04/20,4.530000,上櫃,,DBFUGB,
F02272　P22SG7,XS2347727831,2022/06/17,2032/06/17,5.200000,上櫃,,DBFUGB,
F02273　22SG8,XS2347721396,2022/09/20,2027/09/20,5.000000,上櫃,,DBFUFR,
F02274　P22SG9,XS2347719655,2022/12/07,2032/12/07,浮動利率,上櫃,,DBVUGB,
F02275　22SG10,XS2558057381,2022/12/16,2032/12/16,0.000000,上櫃,,DBZUFR,
F02276　22SG11,XS2508053811,2022/12/19,2028/12/19,0.000000,上櫃,,DBZUFR,
F02277　P22SG12,XS2347719226,2022/12/22,2032/12/22,浮動利率,上櫃,,DBVUGB,
F02278　P23SG1,XS2558148933,2023/01/18,2033/01/18,6.000000,上櫃,,DBFUGB,
F02279　P23SG2,XS2558286733,2023/02/24,2033/02/24,5.720000,上櫃,,DBFUGB,
F02280　P23SG3,XS2593447860,2023/06/09,2028/06/09,浮動利率,上櫃,,DBVUGB,
F02281　23SG4,XS2659587880,2023/11/24,2031/11/24,5.100000,上櫃,,DBFUFR,
F02282　P23SG5,XS2699597543,2023/11/28,2033/11/28,6.350000,上櫃,,DBFUGB,
F02283　P24SG1,XS2746132542,2024/01/24,2029/01/24,浮動利率,上櫃,,DBVUGB,
F02284　P24SG2,XS2746344998,2024/03/08,2034/03/08,5.780000,上櫃,,DBFUGB,
F02401　P14DBSG1,XS1084739835,2014/07/21,2044/07/21,0.000000,上櫃,,DBZUGR,
F02402　P14DBSG2,XS1096439390,2014/08/21,2044/08/21,0.000000,上櫃,,DBZUGR,
F02404　P15DBSG1A,XS1184897640,2015/02/11,2035/02/11,0.000000,上櫃,,DBZUGR,
F02405　P15DBSG1B,XS1176152608,2015/02/11,2045/02/11,0.000000,上櫃,,DBZUGR,
F02407　P15DBSG3A,XS1191021895,2015/03/06,2035/03/06,0.000000,上櫃,,DBZUGR,
F02408　P15DBSG3B,XS1190458437,2015/03/06,2045/03/06,0.000000,上櫃,,DBZUGR,
F02409　P15DBSG3C,XS1192779145,2015/03/06,2045/03/06,0.000000,上櫃,,DBZUGR,
F02410　P15DBSG4,XS1200785696,2015/03/24,2045/03/24,0.000000,上櫃,,DBZUGR,
F02412　P15DBSG6,XS1220079013,2015/05/07,2045/05/07,0.000000,上櫃,,DBZUGB,
F02417　P15DBSG11,XS1296749549,2015/10/07,2045/10/07,0.000000,上櫃,,DBZUGB,
F02418　P16DBSG1,XS1346696914,2016/02/01,2046/02/01,0.000000,上櫃,,DBZUGB,
F02419　P16DBSG2,XS1349996832,2016/02/03,2046/02/03,0.000000,上櫃,,DBZUGB,
F02424　P17DBSG2,XS1618340928,2017/06/06,2047/06/06,0.000000,上櫃,,DBZUGB,
F02425　P17DBSG13,XS1693959774,2017/10/11,2047/10/11,0.000000,上櫃,,DBZUGB,
F02426　P18DBSG1,XS1750213024,2018/01/29,2048/01/29,0.000000,上櫃,,DBZUGB,
F02502　P21NBI1,XS2401369538,2021/11/15,2041/11/15,0.000000,上櫃,,DBZGGB,
F02503　P22NBI1,XS2430279187,2022/01/25,2042/01/25,0.000000,上櫃,,DBZGGB,
F02604　P15CACIB1,XS1197398701,2015/03/18,2035/03/18,0.000000,上櫃,,DTZUGB,
F02611　P16CACIB1,XS1279279878,2016/04/12,2046/04/12,0.000000,上櫃,,DTZUGB,
F02616　P16CACIB6,XS1417412258,2016/11/29,2036/11/29,0.000000,上櫃,,DTZUGB,
F02617　P17CACIB1,XS1417414890,2017/01/24,2032/01/24,0.000000,上櫃,,DTZUGB,
F02619　P17CACIB3,XS1566942667,2017/10/19,2027/10/19,0.000000,上櫃,,DTZUGB,
F02620　P17CACIB4,XS1566945090,2017/11/22,2047/11/22,0.000000,上櫃,,DTZUGB,
F02622　P18CACIB1,XS1334464788,2018/02/07,2038/02/07,0.000000,上櫃,,DTZUGB,
F02623　P18CACIB2,XS1334464945,2018/02/27,2048/02/27,0.000000,上櫃,,DTZUGB,
F02626　P19CACIB1,XS1885950060,2019/01/25,2029/01/25,4.250000,上櫃,,DTFUGB,
F02630　P20CACIB3,XS1996631609,2020/02/07,2060/02/07,0.000000,上櫃,,DTZUGB,
F02632　P20CACIB5,XS1996640774,2020/07/10,2030/07/10,1.930000,上櫃,,DTFUGB,
F02633　P20CACIB6,XS1996643950,2020/08/28,2060/08/28,0.000000,上櫃,,DTZUGB,
F02634　P20CACIB7,XS1996644685,2020/09/22,2027/09/22,6.420000,上櫃,,DTFUGB,
F02635　P21CACIB1,XS2185413569,2021/01/25,2031/01/25,1.700000,上櫃,,DTFUGB,
F02636　P21CACIB2,XS2185413643,2021/01/25,2061/01/25,0.000000,上櫃,,DTZUGB,
F02637　P21CACIB3,XS2185414617,2021/02/02,2061/02/02,0.000000,上櫃,,DTZUGB,
F02638　P21CACIB4,XS2185418105,2021/02/26,2031/02/26,1.760000,上櫃,,DTFUGB,
F02639　P21CACIB5,XS2185418873,2021/03/05,2061/03/05,0.000000,上櫃,,DTZUGB,
F02640　P21CACIB6,XS2185419251,2021/03/10,2061/03/10,0.000000,上櫃,,DTZUGB,
F02641　P21CACIB7,XS2185424681,2021/05/21,2036/05/21,0.000000,上櫃,,DBZUGB,
F02643　P22CACIB1,XS2317946973,2022/01/25,2062/01/25,0.000000,上櫃,,DBZUGB,
F02644　P22CACIB2,XS2317947278,2022/01/26,2062/01/26,0.000000,上櫃,,DBZPGB,
F02645　P22CACIB3,XS2317949563,2022/01/27,2052/01/27,0.000000,上櫃,,DTZUGB,
F02646　P22CACIB4,XS2317949647,2022/01/27,2037/01/27,0.000000,上櫃,,DBZUGB,
F02647　P22CACIB5,XS2317949993,2022/01/27,2032/01/27,2.620000,上櫃,,DTFUGB,
F02648　P22CACIB6,XS2317951387,2022/03/08,2052/03/08,0.000000,上櫃,,DTZUGB,
F02649　P22CACIB7,XS2317956188,2022/05/20,2037/05/20,0.000000,上櫃,,DTZUGB,
F02650　P22CACIB8,XS2317961774,2022/07/08,2032/07/08,5.400000,上櫃,,DTFUGB,
F02654　P23CACIB3,XS2395319895,2023/05/11,2033/05/11,5.080000,上櫃,,DTFUGB,
F02655　P23CACIB4,XS2395318228,2023/05/11,2026/05/11,5.500000,上櫃,,DTFUGB,
F02657　P24CACIB1,XS2559702753,2024/01/24,2034/01/24,5.400000,上櫃,,DTFUGB,
F02658　P24CACIB2,XS2559714170,2024/04/02,2034/04/02,5.630000,上櫃,,DTFUGB,
F02659　P24CACIB3,XS2559727230,2024/06/26,2029/06/26,3.350000,上櫃,,DTFUFB,
F02660　24CACIB4,XS2559722868,2024/08/14,2032/08/14,4.850000,上櫃,,DBFUGB,
F02661　P25CACIB1,XS1334474407,2025/02/26,2035/02/26,5.600000,上櫃,,DTFUGB,
F02662　P25CACIB2,XS1996627599,2025/05/27,2030/05/27,浮動利率,上櫃,,DBVUFB,
F02663　P26CACIB1,XS2067319157,2026/01/29,2036/01/29,5.030000,上櫃,,DBFUGB,
F02702　P14MS2,XS1150555263,2014/12/11,2044/12/11,0.000000,上櫃,,DBZUFR,
F02705　P15MS3,XS1158161288,2015/06/23,2045/06/23,0.000000,上櫃,,DTZUFR,
F02709　P15MS7,XS1300380265,2015/10/13,2045/10/13,0.000000,上櫃,,DBZUGR,
F02710　P15MS8,XS1310946048,2015/10/30,2045/09/29,0.000000,上櫃,,DBZUGR,
F02711　P16MS1,XS1158158573,2016/01/29,2046/01/29,0.000000,上櫃,,DTZUFR,
F02712　P16MS2,XS1158158656,2016/02/02,2046/02/02,0.000000,上櫃,,DTZUFR,
F02713　P16MS3,XS1354473404,2016/02/17,2036/02/19,4.550000,上櫃,,DBFUFR,
F02715　P16MS5,XS1270665158,2016/03/21,2046/03/21,0.000000,上櫃,,DBZUFR,
F02716　P16MS6,XS1401969750,2016/05/05,2046/05/05,0.000000,上櫃,,DTZUGR,
F02717　P16MS7,XS1412426444,2016/05/26,2046/05/26,0.000000,上櫃,,DTZUGR,
F02719　P16MS9,XS1414143211,2016/07/20,2041/07/20,0.000000,上櫃,,DTZUFR,
F02720　P16MS10,XS1270663963,2016/08/05,2041/08/05,0.000000,上櫃,,DTZUGR,
F02721　P16MS11,XS1467392707,2016/08/12,2046/08/13,4.000000,上櫃,,DTFUGR,
F02723　P16MS13,XS1270663617,2016/10/03,2041/10/03,0.000000,上櫃,,DTZUGR,
F02724　P16MS14,XS1414140977,2016/11/02,2041/11/02,0.000000,上櫃,,DTZUGR,
F02725　P17MS1,XS1414139375,2017/02/09,2047/02/09,0.000000,上櫃,,DTZUGR,
F02726　P17MS2,XS1414138484,2017/02/09,2047/02/09,0.000000,上櫃,,DTZUGR,
F02727　P17MS3,XS1270661595,2017/05/05,2047/05/05,0.000000,上櫃,,DTZUGR,
F02728　P17MS4,XS1270660431,2017/06/22,2047/06/22,0.000000,上櫃,,DTZUGR,
F02729　P17MS5,XS1538857027,2017/08/22,2047/08/22,0.000000,上櫃,,DTZUGR,
F02730　P17MS6,XS1538857373,2017/08/22,2047/08/22,0.000000,上櫃,,DTZUGR,
F02731　P17MS7,XS1538858181,2017/08/29,2047/08/29,0.000000,上櫃,,DTZUGR,
F02732　P17MS8,XS1538856219,2017/11/27,2046/11/27,0.000000,上櫃,,DTZUGR,
F02733　P18MS1,XS1538857530,2018/02/05,2048/02/05,0.000000,上櫃,,DTZUGR,
F02734　P18MS2,XS1538855674,2018/03/20,2048/03/20,0.000000,上櫃,,DTZUGR,
F02735　P18MS3,XS1538853380,2018/11/14,2048/11/14,0.000000,上櫃,,DTZUGR,
F02802　P15ESUN1,TW000F028022,2015/05/27,2045/05/27,0.000000,上櫃,,DBZUGR,
F02803　P15ESUN2,TW000F028030,2015/05/27,無到期日,4.970000,上櫃,,DBFUQR,
F02804　P15ESUN3,TW000F028048,2015/10/28,2045/10/28,0.000000,上櫃,,DBZUGR,
F02805　P15ESUN4,TW000F028055,2015/10/28,無到期日,5.100000,上櫃,,DBFUQR,
F02806　P16ESUN1,TW000F028063,2016/01/22,2046/01/22,0.000000,上櫃,,DBZUGR,
F02807　P16ESUN2,TW000F028071,2016/01/22,無到期日,5.100000,上櫃,,DBFUQR,
F02808　P16ESUN3,TW000F028089,2016/06/06,2046/06/06,0.000000,上櫃,,DBZUGR,
F02809　P16ESUN4,TW000F028097,2016/06/06,無到期日,4.410000,上櫃,,DBFUQR,
F02810　P16ESUN5,TW000F028105,2016/12/29,無到期日,4.850000,上櫃,,DBFUQR,
F02811　P17ESUN1,TW000F028113,2017/05/19,2047/05/19,0.000000,上櫃,,DBZUGR,
F02812　P17ESUN2,TW000F028121,2017/11/21,2047/11/21,0.000000,上櫃,,DBZUGR,
F02813　P18ESUN1,TW000F028139,2018/02/12,無到期日,4.750000,上櫃,,DBFUQR,
F02814　P19ESUN1,TW000F028147,2019/03/13,2029/03/13,3.800000,上櫃,,DBFUGR,
F02902　P15GS1,XS1171917617,2015/02/03,2045/02/03,0.000000,上櫃,,DBZUGR,
F02903　P15GS2,XS1182910346,2015/03/03,2027/03/03,0.000000,上櫃,,DBZUGR,
F02905　P15GS4,XS1228650450,2015/05/14,2045/05/14,0.000000,上櫃,,DBZUGR,
F02906　P15GS5,XS1230905272,2015/05/21,2035/05/21,0.000000,上櫃,,DBZUGR,
F02907　P15GS6,XS1245898272,2015/06/23,2045/06/23,0.000000,上櫃,,DBZUGR,
F02909　P16GS1,XS1351304198,2016/02/03,2046/02/03,0.000000,上櫃,,DBZUGR,
F02910　P16GS2,XS1380327525,2016/03/24,2046/03/24,0.000000,上櫃,,DBZUGR,
F02911　P16GS3,XS1405786499,2016/05/18,2046/05/18,0.000000,上櫃,,DBZUGR,
F02912　P16GS4,XS1406567807,2016/05/18,2046/05/18,0.000000,上櫃,,DBZUGR,
F02918　P17GS1,XS1555597993,2017/02/09,2047/02/09,0.000000,上櫃,,DBZUGR,
F02919　P17GS2,XS1610711704,2017/06/02,2047/06/02,0.000000,上櫃,,DBZUGR,
F02920　P17GS3,XS1610708155,2017/08/10,2047/08/10,0.000000,上櫃,,DBZUGR,
F02921　P17GS4,XS1610702117,2017/12/07,2047/12/07,0.000000,上櫃,,DBZUGR,
F02922　P18GS1,XS1610701903,2018/02/06,2048/02/06,0.000000,上櫃,,DBZUGR,
F02923　P18GS2,XS1610700681,2018/03/28,2048/03/28,0.000000,上櫃,,DBZUGR,
F02924　P18GS3,XS1610691328,2018/05/24,2048/05/24,0.000000,上櫃,,DBZUGR,
F02926　P20GS1,XS1970481070,2020/03/31,2050/03/31,0.000000,上櫃,,DBZUGR,
F02927　P21GS1,XS1970501448,2021/02/23,2061/02/23,0.000000,上櫃,,DBZUGR,
F02928　P21GS2,XS1970501877,2021/03/03,2061/03/03,0.000000,上櫃,,DBZUGR,
F02929　P21GS3,XS1970502412,2021/03/30,2061/03/30,0.000000,上櫃,,DBZUGR,
F02930　P21GS4,XS1970504384,2021/05/07,2051/05/07,0.000000,上櫃,,DBZUGR,
F02931　P22GS1,XS1970494487,2022/02/15,2057/02/15,0.000000,上櫃,,DBZUGR,
F02932　P22GS2,XS2398663521,2022/02/25,2056/02/25,0.000000,上櫃,,DBZUGR,
F03007　P15BOCT1D,TW000F030077,2015/06/30,2030/06/30,4.400000,上櫃,,DBFUFR,
F03204　P17BACR2,XS1556072202,2017/05/26,2047/05/26,0.000000,上櫃,,DBZUGB,
F03205　P17BACR3,XS1599646632,2017/08/24,2047/08/24,0.000000,上櫃,,DBZUGB,
F03206　P18BACR1,XS1683848664,2018/01/19,2048/01/19,0.000000,上櫃,,DBZUGB,
F03207　P18BACR2,XS1771079487,2018/05/23,2048/05/23,0.000000,上櫃,,DBZUGB,
F03208　P18BACR3,XS1850795383,2018/11/21,2048/11/21,0.000000,上櫃,,DBZUGB,
F03209　P19BACR1,XS1874571737,2019/01/29,2049/01/29,0.000000,上櫃,,DBZUGB,
F03210　P19BACR2,XS1931245770,2019/04/11,2049/04/11,0.000000,上櫃,,DBZUGB,
F03211　P19BACR3,XS1945722558,2019/05/28,2049/05/28,0.000000,上櫃,,DBZUGB,
F03216　P20BACR1,XS2054861278,2020/02/05,2050/02/05,0.000000,上櫃,,DBZUGB,
F03217　P20BACR2,XS2054922914,2020/02/07,2050/02/07,0.000000,上櫃,,DBZUGB,
F03218　P20BACR3,XS2088245621,2020/04/23,2050/04/23,0.000000,上櫃,,DBZUGB,
F03219　P20BACR4,XS2111181488,2020/05/28,2050/05/28,0.000000,上櫃,,DBZUGB,
F03220　P20BACR5,XS2124653564,2020/06/09,2050/06/09,0.000000,上櫃,,DBZUGB,
F03221　P20BACR6,XS2160802893,2020/09/04,2050/09/04,0.000000,上櫃,,DBZUGB,
F03222　P21BACR1,XS2219771578,2021/01/05,2051/01/05,0.000000,上櫃,,DBZUGB,
F03224　P21BACR3,XS2260795567,2021/03/26,2051/03/26,3.020000,上櫃,,DBFUGB,
F03225　P21BACR4,XS2261566157,2021/04/01,2051/04/01,0.000000,上櫃,,DBZUGB,
F03226　P21BACR5,XS2267259625,2021/04/09,2051/04/09,3.130000,上櫃,,DBFUGB,
F03227　P21BACR6,XS2269504358,2021/05/14,2051/05/14,0.000000,上櫃,,DBZUGB,
F03228　P21BACR7,XS2279166727,2021/06/17,2051/06/17,0.000000,上櫃,,DBZUGB,
F03229　P21BACR8,XS2290036826,2021/07/09,2051/07/09,0.000000,上櫃,,DBZUGB,
F03230　P21BACR9,XS2310983999,2021/10/18,2051/10/18,0.000000,上櫃,,DBZUGB,
F03231　P22BACR1,XS2338797546,2022/01/25,2052/01/25,0.000000,上櫃,,DBZUGB,
F03232　P22BACR2,XS2341912843,2022/02/11,2032/02/11,2.750000,上櫃,,DBFUGB,
F03233　P22BACR3,XS2357990220,2022/03/31,2037/03/31,浮動利率,上櫃,,DBVUFB,
F03234　P22BACR4,XS2358018179,2022/03/31,2037/03/31,浮動利率,上櫃,,DBVUFB,
F03236　P22BACR6,XS2366944887,2022/04/13,2052/04/13,0.000000,上櫃,,DBZUGB,
F03238　P22BACR8,XS2426257494,2022/09/20,2032/09/20,5.320000,上櫃,,DBFUGB,
F03240　P23BACR1,XS2448816020,2023/01/05,2033/01/05,浮動利率,上櫃,,DBVUGB,
F03241　P23BACR2,XS2469987361,2023/02/14,2028/02/14,浮動利率,上櫃,,DBVUFB,
F03242　P23BACR3,XS2517250127,2023/06/28,2028/06/28,浮動利率,上櫃,,DBVUFB,
F03243　P24BACR1,XS2674302687,2024/01/04,2029/01/04,浮動利率,上櫃,,DBVUFB,
F03244　P24BARC2,XS2700655462,2024/02/06,2029/02/06,浮動利率,上櫃,,DBVUGB,
F03301　P14CSAG1,XS1093395041,2014/09/10,2034/09/10,4.000000,上櫃,,DBFUGR,
F03302　P14CSAG2,XS1093271747,2014/11/04,2044/11/04,0.000000,上櫃,,DBZUGR,
F03303　P15CSAG1,XS1139720509,2015/02/04,2045/02/04,0.000000,上櫃,,DBZUGR,
F03304　P15CSAG2,XS1139720418,2015/02/04,2045/02/04,0.000000,上櫃,,DBZUGR,
F03305　P15CSAG3,XS1193704423,2015/04/30,2045/04/30,0.000000,上櫃,,DBZUGR,
F03306　P21UBSLN2,XS2321629888,2021/04/19,2028/04/19,7.700000,上櫃,,DBFUGB,
F03307　P21UBSLN3,XS2331025473,2021/05/27,2031/05/27,2.800000,上櫃,,DBFUGB,
F03308　P21UBSLN4,XS2331021480,2021/05/27,2031/05/27,3.550000,上櫃,,DBFUGB,
F03309　P21UBSLN5,XS2340983811,2021/06/15,2028/06/15,7.730000,上櫃,,DBFUGB,
F03310　P21UBSLN6,XS2349836952,2021/07/15,2031/07/15,0.000000,上櫃,,DBZUGB,
F03311　P21UBSLN7,XS2359693947,2021/08/03,2028/08/03,7.700000,上櫃,,DBFUGB,
F03312　P21UBSLN8,XS2372469853,2021/09/23,2036/09/23,0.000000,上櫃,,DBZUGB,
F03313　P21UBSLN9,XS2379975142,2021/09/28,2036/09/28,0.000000,上櫃,,DBZUGB,
F03314　P21UBSLN10,XS2379957165,2021/09/29,2036/09/29,0.000000,上櫃,,DBZUGB,
F03315　P22UBSLN2,XS2419245050,2022/01/27,2032/01/27,2.600000,上櫃,,DBFUGR,
F03316　P22UBSLN3,XS2429042810,2022/02/18,2032/02/18,浮動利率,上櫃,,DBVUGR,
F03317　P22UBSLN4,XS2428987452,2022/03/02,2037/03/02,0.000000,上櫃,,DBZUGB,
F03318　P22UBSLN5,XS2428985241,2022/03/03,2032/03/03,3.110000,上櫃,,DBFUGR,
F03319　P22UBSLN6,XS2438509759,2022/03/24,2032/03/24,3.200000,上櫃,,DBFUFB,
F03320　P22UBSLN7,XS2438465523,2022/03/28,2032/03/28,3.500000,上櫃,,DBFUGB,
F03321　P22UBSLN8,XS2455461223,2022/05/11,2026/05/11,4.350000,上櫃,,DBFUGB,
F03322　P22UBSLN9,XS2472416127,2022/06/08,2032/06/08,5.500000,上櫃,,DBFUGB,
F03323　P22UBSLN10,XS2488879318,2022/07/25,2027/07/25,浮動利率,上櫃,,DBVUGR,
F03402　P15SCBHK1,XS1167123774,2015/01/28,2045/01/28,0.000000,上櫃,,DBZUGB,
F03502　P15UBSLN1,XS1158588233,2015/01/09,2045/01/09,0.000000,上櫃,,DBZUGR,
F03503　P15UBSLN2,XS1213637553,2015/04/24,2045/04/24,0.000000,上櫃,,DBZUGR,
F03504　P15UBSLN3,XS1228295025,2015/05/12,2045/05/12,0.000000,上櫃,,DBZUGR,
F03505　P15UBSLN4,XS1230983311,2015/05/19,2045/05/19,0.000000,上櫃,,DBZUGR,
F03507　P16UBSLN1,XS1372834926,2016/03/09,2046/03/09,0.000000,上櫃,,DBZUGR,
F03508　P16UBSLN2,XS1399218871,2016/04/27,2046/04/27,0.000000,上櫃,,DBZUGR,
F03509　P16UBSLN3,XS1446556059,2016/07/27,2046/07/27,0.000000,上櫃,,DBZUGR,
F03510　P17UBSLN1,XS1555703427,2017/02/15,2047/02/15,0.000000,上櫃,,DBZUGR,
F03511　P17UBSLN2,XS1646451341,2017/07/26,2047/07/26,0.000000,上櫃,,DBZUGR,
F03512　P17UBSLN3,XS1694652584,2017/10/24,2047/10/24,0.000000,上櫃,,DBZUGR,
F03513　P17UBSLN4,XS1720950895,2017/12/05,2047/12/05,0.000000,上櫃,,DBZUGR,
F03514　P18UBSLN1,XS1766892183,2018/02/12,2048/02/12,0.000000,上櫃,,DBZUGR,
F03515　P18UBSLN2,XS1791439174,2018/03/23,2048/03/23,0.000000,上櫃,,DBZUGR,
F03516　P18UBSLN3,XS1815019523,2018/05/15,2048/05/15,0.000000,上櫃,,DBZUGR,
F03518　P20UBSLN1,XS2025046983,2020/04/28,2050/04/28,0.000000,上櫃,,DBZUGR,
F03519　P21UBSLN1,XS2025071742,2021/05/27,2036/05/27,0.000000,上櫃,,DBZUGR,
F03520　P22UBSLN1,XS2024989654,2022/02/09,2052/02/09,0.000000,上櫃,,DBZUGR,
F03521　P24UBSLN1,XS2522427595,2024/04/15,2034/04/15,5.600000,上櫃,,DBFUGR,
F03522　P24UBSLN2,XS2522375349,2024/06/20,2034/06/20,5.750000,上櫃,,DBFUGR,
F03602　P16VZ1,XS1487787522,2016/09/22,2046/09/22,4.200000,上櫃,,DBFUGR,
F03604　P17VZ2,XS1661056686,2017/08/15,2050/09/15,5.150000,上櫃,,DBFUGR,
F03605　P18VZ1,XS1819827640,2018/05/18,2053/05/02,5.320000,上櫃,,DBFUGR,
F03606　P19VZ1,XS1956016403,2019/03/11,2051/03/07,5.000000,上櫃,,DBFUGR,
F03607　P20VZ1,XS2116430997,2020/02/24,2060/02/24,3.600000,上櫃,,DBFUGR,
F03608　P20VZ2,XS2237315549,2020/09/29,2060/09/29,3.000000,上櫃,,DBFUGR,
F03609　P22VZ1,XS2449912976,2022/03/04,2055/03/04,4.100000,上櫃,,DBFUGR,
F03801　P14UOB1,XS1112833899,2014/09/26,2044/09/26,0.000000,上櫃,,DBZUGR,
F03802　P15UOB1,XS1235158893,2015/06/02,2045/06/02,0.000000,上櫃,,DBZUGB,
F03803　P15UOB2,XS1246659228,2015/07/06,2045/07/06,0.000000,上櫃,,DBZUGB,
F03804　P16UOB1,XS1471996519,2016/08/25,2046/08/25,0.000000,上櫃,,DBZUGB,
F03805　P16UOB2,XS1520641017,2016/11/29,2046/11/29,0.000000,上櫃,,DBZUGB,
F03806　P17UOB1,XS1698325526,2017/10/26,2047/10/26,0.000000,上櫃,,DBZUGB,
F03807　P17UOB2,XS1719434851,2017/11/29,2047/11/29,0.000000,上櫃,,DBZUGB,
F03808　P21UOB1,XS2172510799,2021/02/05,2051/02/05,0.000000,上櫃,,DBZUGB,
F03901　P14DBS1,XS1108298768,2014/09/30,2044/09/30,0.000000,上櫃,,DBZUGR,
F03902　P15DBS1,XS1277379910,2015/11/13,2045/11/13,0.000000,上櫃,,DBZUGR,
F03905　P16DBS2,XS1389998235,2016/05/06,2046/05/06,0.000000,上櫃,,DBZUGR,
F03906　P16DBS3,XS1389998151,2016/05/06,2046/05/06,0.000000,上櫃,,DBZUGR,
F03911　P18DBS1,XS1748320139,2018/02/02,2048/02/02,0.000000,上櫃,,DBZUGR,
F03912　P18DBS2,XS1754862677,2018/02/12,2048/02/12,0.000000,上櫃,,DBZUGR,
F03913　P18DBS3,XS1786251790,2018/04/03,2048/04/03,0.000000,上櫃,,DBZUGB,
F03914　P18DBS4,XS1815204935,2018/06/01,2048/06/01,0.000000,上櫃,,DBZUGB,
F03915　P19DBS1,XS1936723706,2019/02/22,2049/02/22,0.000000,上櫃,,DBZUGR,
F03916　P19DBS2,XS1936666806,2019/03/11,2049/03/11,0.000000,上櫃,,DBZUGR,
F03917　P21DBS1,XS2254829265,2021/01/27,2061/01/27,0.000000,上櫃,,DBZUGR,
F03918　P22DBS1,XS2309278807,2022/01/27,2057/01/27,0.000000,上櫃,,DBZUGR,
F03919　P22DBS2,XS2309282155,2022/02/22,2062/02/22,0.000000,上櫃,,DBZUGR,
F04001　P14JPMC1,XS1052850861,2014/10/03,2044/10/03,0.000000,上櫃,,DBZUGR,
F04002　P14JPMC2,XS1052850788,2014/10/03,2034/10/03,4.100000,上櫃,,DBFUGR,
F04007　P15JPMC5,XS1163263293,2015/08/31,2045/08/31,0.000000,上櫃,,DBZUGR,
F04012　P16JPMC5,XS1446692821,2016/08/03,2046/08/03,0.000000,上櫃,,DBZUGR,
F04015　P17JPMC2,XS1451190570,2017/06/21,2047/06/21,0.000000,上櫃,,DBZUGR,
F04016　P17JPMC3,XS1451187782,2017/09/05,2047/09/05,0.000000,上櫃,,DBZUGR,
F04017　P17JPMC4,XS1451173212,2017/11/03,2047/11/03,0.000000,上櫃,,DBZUGR,
F04018　P18JPMC1,XS1451146242,2018/02/06,2048/02/06,0.000000,上櫃,,DBZUGR,
F04019　P18JPMC2,XS1451138579,2018/03/14,2048/03/14,0.000000,上櫃,,DBZUGR,
F04020　P18JPMC3,XS1451122730,2018/06/20,2048/06/20,0.000000,上櫃,,DBZUGR,
F04021　P19JPMC1,XS1451033473,2019/06/24,2059/06/24,0.000000,上櫃,,DBZUGR,
F04022　P19JPMC2,XS1451014416,2019/08/14,2059/08/14,0.000000,上櫃,,DBZUGR,
F04023　P19JPMC3,XS1450982548,2019/11/07,2054/11/07,0.000000,上櫃,,DBZUGR,
F04024　P19JPMC4,XS1450978355,2019/11/27,2059/11/27,0.000000,上櫃,,DBZUGR,
F04025　P20JPMC1,XS1450952715,2020/02/12,2060/02/12,0.000000,上櫃,,DBZUGR,
F04026　P20JPMC2,XS1450940629,2020/02/27,2060/02/27,0.000000,上櫃,,DBZUGR,
F04027　P20JPMC3,XS1450934143,2020/03/13,2060/03/13,0.000000,上櫃,,DBZUGR,
F04028　P20JPMC4,XS1450917304,2020/05/13,2060/05/13,0.000000,上櫃,,DBZUGR,
F04029　P20JPMC5,XS1450910390,2020/05/21,2054/05/21,0.000000,上櫃,,DBZUGR,
F04030　P20JPMC6,XS1450921165,2020/06/03,2060/06/03,0.000000,上櫃,,DBZUGR,
F04031　P20JPMC7,XS1450907339,2020/06/12,2055/06/12,0.000000,上櫃,,DBZUGR,
F04032　P20JPMC8,XS1450901050,2020/08/12,2060/08/12,0.000000,上櫃,,DBZUGR,
F04033　P21JPMC1,XS1450861593,2021/02/08,2061/02/08,0.000000,上櫃,,DBZUGR,
F04034　P21JPMC2,XS1450844821,2021/03/03,2055/03/03,0.000000,上櫃,,DBZUGR,
F04035　P21JPMC3,XS1450843187,2021/03/23,2061/03/23,0.000000,上櫃,,DBZUGR,
F04036　P21JPMC4,XS1450848228,2021/03/24,2061/03/24,0.000000,上櫃,,DBZUGR,
F04037　P21JPMC5,XS1450846289,2021/05/07,2061/05/07,0.000000,上櫃,,DBZUGR,
F04038　P21JPMC6,XS1450838427,2021/05/14,2036/05/14,浮動利率,上櫃,,DBVUGR,
F04039　P21JPMC7,XS1450828030,2021/06/16,2061/06/16,0.000000,上櫃,,DBZUGR,
F04040　P21JPMC8,XS1450830283,2021/06/18,2055/06/18,0.000000,上櫃,,DBZUGR,
F04041　P21JPMC9,XS1450822181,2021/08/04,2055/08/04,0.000000,上櫃,,DBZUGR,
F04042　P21JPMC10,XS1450817694,2021/08/31,2061/08/31,0.000000,上櫃,,DBZUGR,
F04043　P21JPMC11,XS1450793812,2021/11/12,2061/11/12,0.000000,上櫃,,DBZUGR,
F04044　P22JPMC1,XS1450779233,2022/02/14,2057/02/14,0.000000,上櫃,,DBZUGR,
F04046　P22JPMC3,XS1450767907,2022/03/17,2037/03/17,浮動利率,上櫃,,DBVUFR,
F04047　P22JPMC4,XS1450778185,2022/03/18,2056/03/18,0.000000,上櫃,,DBZUGR,
F04048　P22JPMC5,XS1450769606,2022/05/05,2052/05/05,0.000000,上櫃,,DBZUGR,
F04049　P22JPMC6,XS1450726465,2022/08/09,2042/08/09,0.000000,上櫃,,DBZUGR,
F04050　P23JPMC1,XS1449814307,2023/05/10,2048/05/10,0.000000,上櫃,,DBZUGR,
F04101　P14LLOY1,XS1111687767,2014/10/03,2044/10/03,0.000000,上櫃,,DBZUGR,
F04102　P14LLOY2,XS1120552077,2014/10/21,2044/10/15,0.000000,上櫃,,DBZUGR,
F04103　P15LLOY1,XS1169188627,2015/01/23,2045/01/23,0.000000,上櫃,,DBZUGR,
F04104　P15LLOY2,XS1246880352,2015/06/30,2045/06/30,0.000000,上櫃,,DBZUGB,
F04105　P15LLOY3,XS1287779034,2015/09/18,2045/09/18,0.000000,上櫃,,DBZUGB,
F04106　P16LLOY1,XS1350943400,2016/02/03,2046/02/03,0.000000,上櫃,,DBZUGB,
F04107　P16LLOY2,XS1422940442,2016/06/13,2046/06/13,0.000000,上櫃,,DBZUGB,
F04108　P17LLOY1,XS1549578554,2017/01/24,2047/01/24,0.000000,上櫃,,DBZUGB,
F04201　14CUB1,TW000F042015,2014/10/08,無到期日,5.100000,上櫃,,DBFUQR,
F04202　14CUB2,TW000F042023,2014/10/08,2029/10/08,4.000000,上櫃,,DBFUFR,
F04203　P15CUB1,TW000F042031,2015/03/30,2045/03/30,0.000000,上櫃,,DBZUDR,
F04204　P17CUB1,TW000F042049,2017/04/11,2047/04/11,0.000000,上櫃,,DBZUGR,
F04205　P17CUB2,TW000F042056,2017/11/24,2047/11/24,0.000000,上櫃,,DBZUGR,
F04302　P14NIF2A,XS1144954416,2014/12/15,2044/12/15,0.000000,上櫃,,DBZUGR,
F04303　P14NIF2B,XS1144954093,2014/12/15,2044/12/15,0.000000,上櫃,,DBZUGR,
F04310　P16NIF3,XS1522916714,2016/11/25,2046/11/25,0.000000,上櫃,,DBZUGB,
F04312　P17NIF1,XS1608395973,2017/05/19,2047/05/19,0.000000,上櫃,,DBZGGB,
F04313　P17NIF2,XS1633048993,2017/06/30,2047/06/30,0.000000,上櫃,,DBZGGB,
F04314　P17NIF3,XS1678463198,2017/09/20,2047/09/20,0.000000,上櫃,,DBZGGB,
F04315　P17NIF4,XS1726149658,2017/12/08,2047/12/08,0.000000,上櫃,,DBZGGB,
F04316　P18NIF1,XS1824407958,2018/06/06,2048/06/06,0.000000,上櫃,,DBZGGR,
F04317　P19NIF1,XS1940852657,2019/02/15,2049/02/15,0.000000,上櫃,,DBZGGB,
F04318　P20NIF1,XS2095304064,2020/01/08,2050/01/08,0.000000,上櫃,,DBZGGB,
F04319　P20NIF2,XS2138374942,2020/04/07,2050/04/07,0.000000,上櫃,,DBZGGB,
F04322　P21NIF2,XS2217339915,2021/01/28,2031/01/28,2.000000,上櫃,,DBFUGB,
F04323　P21NIF3,XS2218185986,2021/11/17,2031/11/17,3.100000,上櫃,,DBFUGB,
F04401　P14ATT1,XS1130524066,2014/11/10,2044/11/10,4.700000,上櫃,,DBFUGR,
F04404　P19ATT1,XS2091666748,2019/12/12,2050/03/01,4.250000,上櫃,,DBFUGR,
F04405　P20ATT1,XS2121367192,2020/02/27,2049/06/01,4.000000,上櫃,,DBFUGR,
F04406　P20ATT2,XS2191305544,2020/06/24,2050/09/01,3.750000,上櫃,,DBFUGR,
F04601　P14MEGA1,TW000F046016,2014/11/19,2034/11/19,0.000000,上櫃,,DBZUGR,
F04602　P14MEGA2,TW000F046024,2014/11/19,2034/11/19,0.000000,上櫃,,DBZUGR,
F04603　P14MEGA3,TW000F046032,2014/11/19,2034/11/19,0.000000,上櫃,,DBZUGR,
F04604　P14MEGA4,TW000F046040,2014/11/19,2044/11/19,0.000000,上櫃,,DBZUGR,
F04605　P14MEGA5,TW000F046057,2014/11/19,2044/11/19,0.000000,上櫃,,DBZUGR,
F04606　P18MEGA1,TW000F046065,2018/03/01,2048/03/01,0.000000,上櫃,,DBZUGR,
F04607　P18MEGA2,TW000F046073,2018/05/17,2048/05/17,0.000000,上櫃,,DBZUGR,
F04608　P18MEGA3,TW000F046081,2018/11/28,2048/11/28,0.000000,上櫃,,DBZUGR,
F04610　S22MEGA2,TW000F046107,2022/07/05,2027/07/05,浮動利率,上櫃,,DBVUGR,
F04611　S24MEGA1,TW000F046115,2024/01/30,2029/01/30,浮動利率,上櫃,,DBVUGR,
F04701　P14RBI1,XS1135442363,2014/11/19,2044/11/19,0.000000,上櫃,,DBZUGB,
F05001　14FCB1A,TW000F050018,2014/11/26,2034/11/26,0.000000,上櫃,,DBZUGR,
F05002　14FCB1B,TW000F050026,2014/11/26,2034/11/26,0.000000,上櫃,,DBZUGR,
F05008　S22FCB2,TW000F050083,2022/08/22,2027/08/22,浮動利率,上櫃,,DBVUGR,
F05101　P14BOT1A,TW000F051016,2014/11/26,2034/11/26,0.000000,上櫃,,DBZUGR,
F05102　P14BOT1B,TW000F051024,2014/11/26,2044/11/26,0.000000,上櫃,,DBZUGR,
F05104　P17BOT1A,TW000F051040,2017/04/07,2047/04/07,0.000000,上櫃,,DBZUGR,
F05105　P17BOT1B,TW000F051057,2017/04/07,2047/04/07,0.000000,上櫃,,DBZUGR,
F05107　P18BOT1B,TW000F051073,2018/02/26,2048/02/26,0.000000,上櫃,,DBZUGR,
F05201　P14MBB1,XS1138509226,2014/11/28,2044/11/28,0.000000,上櫃,,DBZUGR,
F05206　P17MBB1,XS1645864056,2017/07/26,2047/07/26,0.000000,上櫃,,DBZUGR,
F05207　P17MBB2,XS1694272243,2017/10/19,2047/10/19,0.000000,上櫃,,DBZUGR,
F05208　P18MBB1,XS1792103712,2018/03/29,2048/03/29,0.000000,上櫃,,DBZUGR,
F05212　P20MBB1,XS2104429522,2020/02/07,2060/02/07,0.000000,上櫃,,DBZUGR,
F05213　P20MBB2,XS2189569390,2020/06/30,2060/06/30,0.000000,上櫃,,DBZUGR,
F05214　P20MBB3,XS2210177221,2020/08/11,2060/08/11,0.000000,上櫃,,DBZUGR,
F05215　P20MBB4,XS2269470196,2020/12/21,2060/12/21,0.000000,上櫃,,DBZUGR,
F05216　P21MBB1,XS2289146909,2021/02/03,2061/02/03,0.000000,上櫃,,DBZUGR,
F05217　P21MBB2,XS2328464701,2021/04/19,2061/04/19,0.000000,上櫃,,DBZUGR,
F05218　P21MBB3,XS2389792776,2021/10/07,2061/10/07,0.000000,上櫃,,DBZUGR,
F05401　P14NATIX1,XS1035520953,2014/12/05,2044/12/05,0.000000,上櫃,,DBZUGB,
F05404　P15NATIX3,XS1035523627,2015/06/30,2045/06/30,0.000000,上櫃,,DBZUGB,
F05406　P16NATIX1,XS1316191896,2016/01/27,2046/01/27,0.000000,上櫃,,DBZUGB,
F05407　P16NATIX2,XS1316191979,2016/02/17,2046/02/17,0.000000,上櫃,,DBZUGB,
F05408　P16NATIX3,XS1316205605,2016/03/28,2046/03/28,0.000000,上櫃,,DBZUGB,
F05409　P16NATIX3,XS1316205787,2016/03/28,2046/03/28,0.000000,上櫃,,DBZUGB,
F05410　P16NATIX5,XS1316207486,2016/04/06,2046/04/06,0.000000,上櫃,,DBZUGB,
F05411　P16NATIX6,XS1373339701,2016/08/01,2046/08/01,0.000000,上櫃,,DBZUGR,
F05412　P16NATIX7,XS1373361895,2016/09/14,2046/09/14,0.000000,上櫃,,DBZUGB,
F05413　P16NATIX8,XS1373361978,2016/09/14,2046/09/14,0.000000,上櫃,,DBZUGB,
F05414　P17NATIX1,XS1433291785,2017/01/23,2047/01/23,0.000000,上櫃,,DBZUGB,
F05416　P17NATIX3,XS1535169954,2017/07/13,2047/07/13,0.000000,上櫃,,DBZUGB,
F05417　P18NATIX1,XS1682088395,2018/01/26,2048/01/26,0.000000,上櫃,,DBZUGB,
F05418　P18NATIX2,XS1700049064,2018/03/08,2048/03/08,0.000000,上櫃,,DBZUGB,
F05419　P18NATIX3,XS1737179546,2018/04/20,2048/04/20,0.000000,上櫃,,DBZUGB,
F05420　P18NATIX4,XS1763364129,2018/06/29,2048/06/29,0.000000,上櫃,,DBZUGB,
F05422　P18NATIX6,XS1818331818,2018/10/19,2048/10/19,0.000000,上櫃,,DBZUGB,
F05425　P19NATIX2,XS1881329368,2019/05/15,2026/05/15,浮動利率,上櫃,,DBVUFB,
F05426　P19NATIX3,XS1881338864,2019/06/25,2026/06/25,浮動利率,上櫃,,DBVUFB,
F05427　P19NATIX4,XS1939110489,2019/08/21,2026/08/21,3.500000,上櫃,,DBFUGB,
F05428　P20NATIX1,XS1972459991,2020/02/06,2050/02/06,0.000000,上櫃,,DBZUGB,
F05429　P20NATIX2,XS1972460650,2020/02/07,2050/02/07,0.000000,上櫃,,DBZUGB,
F05430　P20NATIX3,XS1972463670,2020/02/18,2050/02/18,0.000000,上櫃,,DBZUGB,
F05431　P20NATIX4,XS2023996148,2020/03/24,2050/03/24,0.000000,上櫃,,DBZUGB,
F05432　P20NATIX5,XS2154995299,2020/09/09,2050/09/09,0.000000,上櫃,,DBZUGB,
F05433　P20NATIX6,XS2154995372,2020/09/09,2050/09/09,0.000000,上櫃,,DBZUGB,
F05434　P21Natix1,XS2202988767,2021/02/08,2051/02/08,0.000000,上櫃,,DBZUGB,
F05435　P21NATIX2,XS2202990821,2021/02/08,2031/02/08,1.800000,上櫃,,DBFUGB,
F05436　P21NATIX3,XS2303548635,2021/10/08,2051/10/08,0.000000,上櫃,,DBZUGB,
F05437　P21NATIX4,XS2316307169,2021/11/26,2031/11/26,3.000000,上櫃,,DBFUGB,
F05438　P21NATIX5,XS2321018900,2021/12/16,2051/12/16,0.000000,上櫃,,DBZUGB,
F05439　P22NATIX1,XS2321033610,2022/01/26,2052/01/26,0.000000,上櫃,,DBZUGB,
F05440　P22NATIX2,XS2321034261,2022/01/27,2052/01/27,0.000000,上櫃,,DBZUGB,
F05441　P22NATIX3,XS2303555846,2022/03/16,2052/03/16,0.000000,上櫃,,DBZUGB,
F05442　P22NATIX4,XS2353522571,2022/06/29,2036/06/29,0.000000,上櫃,,DBZUGB,
F05443　P22NATIX5,XS2393773192,2022/07/26,2032/07/26,浮動利率,上櫃,,DBVUFB,
F05444　P22NATIX6,XS2426674847,2022/10/18,2042/10/18,5.500000,上櫃,,DBFUGB,
F05445　P23NATIX1,XS2426700600,2023/02/03,2033/02/03,5.800000,上櫃,,DBFUGB,
F05446　P23NATIX2,XS2486873396,2023/04/20,2038/04/20,6.000000,上櫃,,DBFUGB,
F05447　P23NATIX3,XS2486883437,2023/05/25,2033/05/25,5.200000,上櫃,,DBFUGB,
F05448　P23NATIX4,XS2487466455,2023/06/29,2028/06/29,浮動利率,上櫃,,DBVUGB,
F05449　P23NATIX5,XS2518300962,2023/07/06,2033/07/06,浮動利率,上櫃,,DBVUFB,
F05450　P23NATIX6,XS2568869361,2023/10/19,2033/10/19,6.250000,上櫃,,DBFUGB,
F05451　P23NATIX7,XS2568870880,2023/10/25,2033/10/25,6.350000,上櫃,,DBFUGB,
F05452　P23NATIX8,XS2568876069,2023/11/14,2043/11/14,6.850000,上櫃,,DBFUGB,
F05453　P23NATIX9,XS2568877034,2023/11/21,2028/11/21,浮動利率,上櫃,,DBVUFB,
F05454　P24NATIX1,XS2662255558,2024/02/05,2034/02/05,5.550000,上櫃,,DBFUGB,
F05455　P24NATIX2,XS2697326010,2024/02/23,2034/02/23,5.250000,上櫃,,DBFUGB,
F05456　P24NATIX3,XS2783337103,2024/06/27,2034/06/27,5.850000,上櫃,,DBFUGB,
F05457　P24NATIX4,XS2841431088,2024/10/23,2029/10/23,浮動利率,上櫃,,DBVUFB,
F05458　P26NATIX1,XS3229794105,2026/01/29,2036/01/29,5.030000,上櫃,,DBFUGB,
F05701　P14CIC1,XS1143428669,2014/12/10,2044/12/10,0.000000,上櫃,,DBZUGR,
F05801　P14RBCLB1,XS1152009095,2014/12/29,2044/12/29,0.000000,上櫃,,DBZUGB,
F05803　P15RBCLB2,XS1287817909,2015/09/24,2040/09/24,0.000000,上櫃,,DBZUGB,
F05806　P16RBCLB3,XS1452412940,2016/08/03,2046/08/03,0.000000,上櫃,,DBZUGB,
F05807　P16RBCLB4,XS1459820814,2016/08/15,2046/08/15,0.000000,上櫃,,DBZUGB,
F05808　P16RBCLB5,XS1514988416,2016/11/15,2046/11/15,0.000000,上櫃,,DBZUGB,
F05810　P18RBCLB1,XS1753760112,2018/02/07,2048/02/07,0.000000,上櫃,,DBZUGB,
F05811　P18RBCLB2,XS1753759965,2018/02/07,2058/02/07,0.000000,上櫃,,DBZUGB,
F05812　P18RBCLB3,XS1790069873,2018/03/27,2048/03/27,0.000000,上櫃,,DBZUGB,
F05813　P19RBCLB1,XS1939253081,2019/02/19,2049/02/19,0.000000,上櫃,,DBZUGB,
F05814　P20RBCLB1,XS1991332419,2020/02/05,2060/02/05,0.000000,上櫃,,DBZUGB,
F05815　P20RBCLB2,XS1991332336,2020/04/07,2060/04/07,0.000000,上櫃,,DBZUGB,
F05816　P20RBCLB3,XS1991332096,2020/05/26,2054/05/26,0.000000,上櫃,,DBZUGB,
F05817　P20RBCLB4,XS1991331528,2020/11/30,2060/11/30,0.000000,上櫃,,DBZUGB,
F05818　P21RBCLB1,XS1991330710,2021/02/08,2061/02/08,0.000000,上櫃,,DBZUGB,
F05819　P21RBCLB2,XS1991334548,2021/03/29,2061/03/29,0.000000,上櫃,,DBZUGB,
F05820　P21RBCLB3,XS2393288571,2021/12/06,2061/12/06,0.000000,上櫃,,DBZUGB,
F05821　P22RBCLB1,XS1192971411,2022/01/26,2052/01/26,0.000000,上櫃,,DBZUGB,
F05822　P22RBCLB2,XS1192971767,2022/04/08,2052/04/08,0.000000,上櫃,,DBZUGB,
F05825　P22RBCLB5,XS2546733580,2022/11/22,2032/11/22,浮動利率,上櫃,,DBVUGB,
F05826　P23RBCLB1,XS2564030133,2023/01/18,2033/01/18,浮動利率,上櫃,,DBVUGB,
F05827　P23RBCLB2,XS2564035447,2023/03/03,2033/03/03,浮動利率,上櫃,,DBVUGB,
F05828　P23RBCLB3,XS2596495528,2023/04/20,2033/04/20,浮動利率,上櫃,,DBVUGB,
F05829　P23RBCLB4,XS2632523739,2023/07/13,2043/07/13,6.000000,上櫃,,DBFUGB,
F05830　P24RBCLB1,XS2729277157,2024/03/28,2034/03/28,浮動利率,上櫃,,DBVUDB,
F05831　P25RBCLB1,XS2946086134,2025/01/22,2035/01/22,5.560000,上櫃,,DBFUDB,
F05832　P25RBCLB2,XS2993422042,2025/04/28,2030/04/28,浮動利率,上櫃,,DBVUCB,
F05833　P25RBCLB3,XS2993432603,2025/05/13,2030/05/13,浮動利率,上櫃,,DBVUCB,
F05901　P15HKT1,XS1164774082,2015/01/15,2030/01/15,0.000000,上櫃,,DBZUGR,
F06101　P15HBEU1,XS1164731355,2015/01/26,2045/01/26,0.000000,上櫃,,DBZUGB,
F06105　P16HBEU3,XS1412419746,2016/06/01,2046/06/01,0.000000,上櫃,,DBZUGB,
F06107　P24HBEU1,XS2778105739,2024/03/19,2031/03/19,5.700000,上櫃,,DBFUGR,
F06108　P24HBEU2,XS2793223558,2024/04/30,2034/04/30,5.730000,上櫃,,DBFUGR,
F06201　P15MON1,XS1171913111,2015/01/29,2045/01/29,4.300000,上櫃,,DBFUGR,
F06401　P15TPFB1,TW000F064019,2015/02/04,2045/02/04,0.000000,上櫃,,DBZUGR,
F06402　P15TPFB2,TW000F064027,2015/05/28,2045/05/28,0.000000,上櫃,,DBZUGR,
F06403　P16TPFB1,TW000F064035,2016/12/22,2046/12/22,0.000000,上櫃,,DBZUGR,
F06404　P17TPFB1A,TW000F064043,2017/01/24,2047/01/24,0.000000,上櫃,,DBZUGR,
F06406　P17TPFB2,TW000F064068,2017/12/04,2047/12/04,0.000000,上櫃,,DBZUGR,
F06407　P18TPFB1,TW000F064076,2018/03/08,2048/03/08,0.000000,上櫃,,DBZUGR,
F06408　P18TPFB2,TW000F064084,2018/11/20,2048/11/20,0.000000,上櫃,,DBZUGR,
F06503　P16MHSC1,XS1453549518,2016/08/10,2046/08/10,0.000000,上櫃,,DBZUGB,
F06504　P18MHSC1,XS1776408327,2018/03/16,2048/03/16,0.000000,上櫃,,DBZUGB,
F06605　P19MBL1,XS2033401097,2019/08/08,2026/08/08,3.600000,上櫃,,DBFUGB,
F06607　P24MBL1,XS2794488556,2024/04/11,2034/04/11,5.720000,上櫃,,DBFUGB,
F06804　P23KEC1,XS2642838846,2023/07/10,2028/07/10,浮動利率,上櫃,,DBVUFR,
F06805　P23KEC2,XS2722164790,2023/11/28,2028/11/28,浮動利率,上櫃,,DBVUFR,
F07003　S25YUTAB1,TW000F070032,2025/10/28,2028/10/28,浮動利率,上櫃,,DBVUGR,
F07103　P21SCB1,XS2351128330,2021/06/15,2031/06/15,2.300000,上櫃,,DBFUGB,
F07104　P22SCB1,XS2430441977,2022/01/18,2052/01/18,0.000000,上櫃,,DBZUGR,
F07105　P22SCB2,XS2431322150,2022/01/19,2057/01/19,0.000000,上櫃,,DBZUGB,
F07106　P22SCB3,XS2435091066,2022/01/27,2032/01/27,2.650000,上櫃,,DBFUGB,
F07107　P22SCB4,XS2444442292,2022/02/16,2032/02/16,2.970000,上櫃,,DTFUGB,
F07108　P22SCB5,XS2478620052,2022/05/17,2032/05/17,4.680000,上櫃,,DTFUGB,
F07109　P22SCB6,XS2530491203,2022/09/15,2032/09/15,5.150000,上櫃,,DBFUGB,
F07110　P23SCB1,XS2574871641,2023/01/18,2033/01/18,6.000000,上櫃,,DBFUGB,
F07111　P23SCB2,XS2588137237,2023/02/24,2033/02/24,5.700000,上櫃,,DBFUGB,
F07112　P24SCB1,XS2758889666,2024/02/05,2034/02/05,5.800000,上櫃,,DBFUGB,
F07113　P24SCB2,XS2780493701,2024/03/15,2034/03/15,5.750000,上櫃,,DBFUGB,
F07114　P25SCB1,XS2978506959,2025/01/22,2035/01/22,5.550000,上櫃,,DBFUGB,
F07201　15KGIB1,TW000F072012,2015/03/24,2045/03/24,0.000000,上櫃,,DBZUGR,
F07202　P16KGIB1,TW000F072020,2016/05/03,2046/05/03,0.000000,上櫃,,DBZUGR,
F07203　P16KGIB2,TW000F072038,2016/05/27,2046/05/27,0.000000,上櫃,,DBZUGR,
F07205　P17KGIB1,TW000F072053,2017/01/23,2047/01/23,0.000000,上櫃,,DBZUGR,
F07302　P15AIG2,XS1257785938,2015/07/17,2045/07/17,4.900000,上櫃,,DBFUGR,
F07303　P15AIG3,XS1293631187,2015/09/25,2045/09/25,4.900000,上櫃,,DBFUGB,
F07404　S23TCB1B,TW000F074042,2023/03/10,2028/03/10,浮動利率,上櫃,,DBVUGR,
F07406　S23TCB2B,TW000F074067,2023/10/05,2028/10/05,浮動利率,上櫃,,DBVUGR,
F07409　S24TCB2A,TW000F074091,2024/10/18,2027/10/18,浮動利率,上櫃,,DBVUGR,
F07410　S24TCB2B,TW000F074109,2024/10/18,2029/10/18,浮動利率,上櫃,,DBVUGR,
F07411　S25TCB1A,TW000F074117,2025/04/02,2027/04/02,浮動利率,上櫃,,DBVUGR,
F07412　S25TCB1B,TW000F074125,2025/04/02,2028/04/02,浮動利率,上櫃,,DBVUGR,
F07413　S25TCB2,TW000F074133,2025/09/30,2028/09/30,浮動利率,上櫃,,DBVUGR,
F07414　S25TCB3,TW000F074141,2025/09/30,2032/09/30,浮動利率,上櫃,,DBVUGR,
F07415　S26TCB1,TW000F074158,2026/01/30,2030/01/30,浮動利率,上櫃,,DBVUGR,
F07416　S26TCB2,TW000F074166,2026/01/30,2033/01/30,浮動利率,上櫃,,DBVUGR,
F07417　S26TCB3,TW000F074174,2026/05/08,2030/05/08,浮動利率,上櫃,,DBVUGR,
F07418　S26TCB4,TW000F074182,2026/05/08,2033/05/08,浮動利率,上櫃,,DBVUGR,
F07502　P16ISBI1,XS1338373704,2016/01/15,2028/01/15,4.250000,上櫃,,DBFUFB,
F07701　P15LBOT1,TW000F077011,2015/04/10,2045/04/10,0.000000,上櫃,,DBZUGB,
F07702　P15LBOT2,TW000F077029,2015/06/26,2045/06/26,0.000000,上櫃,,DBZUGR,
F07703　P18LBOT1,TW000F077037,2018/05/11,2048/05/11,0.000000,上櫃,,DBZUGR,
F08002　P15BAC2,XS1279614256,2015/09/01,2045/09/01,4.700000,上櫃,,DBFUGR,
F08004　P16BAC2,XS1479545904,2016/08/30,2046/08/30,3.930000,上櫃,,DBFUGR,
F08005　P17BAC1,XS1584009101,2017/03/28,2047/03/28,0.000000,上櫃,,DBZUGR,
F08006　P17BAC2,XS1629659647,2017/06/20,2047/06/20,0.000000,上櫃,,DBZUGR,
F08007　P17BAC3,XS1668834077,2017/09/01,2047/09/01,0.000000,上櫃,,DBZUGR,
F08008　P18BAC1,XS1788495494,2018/03/13,2048/03/13,0.000000,上櫃,,DBZUGR,
F08009　P18BAC2,XS1830928476,2018/06/11,2048/06/11,0.000000,上櫃,,DBZUGR,
F08010　P19BAC1,XS2004852625,2019/06/11,2049/06/11,0.000000,上櫃,,DBZUGR,
F08011　P19BAC2,XS2052193237,2019/09/23,2059/09/23,0.000000,上櫃,,DBZUGR,
F08012　P20BAC1,XS2108437950,2020/02/11,2060/02/11,0.000000,上櫃,,DBZUGR,
F08013　P20BAC2,XS2141717244,2020/03/31,2060/03/31,0.000000,上櫃,,DBZUGR,
F08101　P15PCCW1,XS1233551727,2015/05/20,2030/05/20,0.000000,上櫃,,DBZGDR,
F08201　P15SMBC1,XS1233311767,2015/05/28,2045/05/28,4.300000,上櫃,,DBFUGB,
F08402　P15NBC2,XS1294607335,2015/10/02,2045/10/02,0.000000,上櫃,,DBZUGB,
F08403　P15NBC3,XS1314151926,2015/11/06,2045/11/06,0.000000,上櫃,,DBZUGB,
F08406　P16NBC3,XS1506445938,2016/10/31,2046/10/31,0.000000,上櫃,,DBZUGB,
F08408　P16NBC5,XS1534130536,2016/12/28,2046/12/28,0.000000,上櫃,,DBZUGB,
F08410　P18NBC1,XS1753917209,2018/02/02,2048/02/02,0.000000,上櫃,,DBZUGB,
F08411　P20NBC1,XS2103225665,2020/01/21,2060/01/21,0.000000,上櫃,,DBZUGB,
F08412　P20NBC2,XS2241392682,2020/10/27,2060/10/27,0.000000,上櫃,,DBZUGB,
F08413　P20NBC3,XS2247612877,2020/11/13,2060/11/13,0.000000,上櫃,,DBZUGB,
F08414　P20NBC4,XS2251231952,2020/11/17,2060/11/17,0.000000,上櫃,,DBZUGB,
F08415　P20NBC5,XS2258552855,2020/11/23,2060/11/23,0.000000,上櫃,,DBZUGB,
F08416　P20NBC6,XS2278090787,2020/12/30,2060/12/30,0.000000,上櫃,,DBZUGB,
F08417　P21NBC1,XS2384046574,2021/09/24,2061/09/24,0.000000,上櫃,,DBZUGB,
F08418　P21NBC2,XS2393759449,2021/10/20,2061/10/20,0.000000,上櫃,,DBZUGB,
F08419　P21NBC3,XS2399985006,2021/10/28,2061/10/28,0.000000,上櫃,,DBZUGB,
F08420　P22NBC1,XS2433479479,2022/01/26,2062/01/26,0.000000,上櫃,,DBZUGB,
F08421　P22NBC2,XS2446372729,2022/03/02,2062/03/02,0.000000,上櫃,,DBZUGB,
F08422　P23NBC1,XS2592087857,2023/03/10,2033/03/10,浮動利率,上櫃,,DBVUGB,
F08501　P15RABO1,XS1254130997,2015/07/13,2045/07/13,0.000000,上櫃,,DBZUGB,
F08503　P16RABO2,XS1390429055,2016/04/20,2046/04/20,0.000000,上櫃,,DBZUGB,
F08703　P16BBVA2,XS1513018355,2016/11/16,2046/11/16,0.000000,上櫃,,DBZGGB,
F08704　P16BBVA3,XS1514173704,2016/11/18,2046/11/18,0.000000,上櫃,,DBZGGB,
F08706　P17BBVA2,XS1548462636,2017/01/20,2047/01/20,0.000000,上櫃,,DBZGGB,
F08708　P17BBVA4,XS1634359779,2017/07/03,2047/07/03,0.000000,上櫃,,DBZGGB,
F08709　P17BBVA5,XS1643618454,2017/07/18,2047/07/18,0.000000,上櫃,,DBZGGB,
F08710　P18BBVA1,XS1752854403,2018/01/31,2048/01/31,0.000000,上櫃,,DBZGGB,
F08711　P18BBVA2,XS1752854585,2018/01/31,2048/01/31,0.000000,上櫃,,DBZGGB,
F08712　P20BBVA1,XS2161308809,2020/09/08,2050/09/08,0.000000,上櫃,,DBZGGB,
F08713　P20BBVA2,XS2161308718,2020/09/08,2050/09/08,0.000000,上櫃,,DBZGGB,
F08714　P21BBVA1,XS2224098025,2021/02/26,2051/02/26,0.000000,上櫃,,DBZGGB,
F08715　P21BBVA2,XS2224098298,2021/02/26,2051/02/26,0.000000,上櫃,,DBZGGB,
F08716　P21BBVA3,XS2272093993,2021/06/04,2051/06/04,0.000000,上櫃,,DBZGGB,
F08717　P21BBVA4,XS2272094025,2021/06/04,2051/06/04,0.000000,上櫃,,DBZGGB,
F08718　P22BBVA1,XS2339659281,2022/01/25,2052/01/25,0.000000,上櫃,,DBZGGB,
F08719　P25BBVA1,XS2941098209,2025/03/03,2032/03/03,浮動利率,上櫃,,DBVGFB,
F08720　P26BBVA1,XS3184635814,2026/01/27,2036/01/27,5.130000,上櫃,,DBFUGB,
F08721　P26BBVA2,XS3234593716,2026/02/06,2036/02/06,5.150000,上櫃,,DBFUGB,
F08901　P15INTEL1,XS1270831008,2015/08/11,2045/08/11,4.900000,上櫃,,DBFUGR,
F08902　P15INTEL2,XS1332479044,2015/12/14,2045/12/14,4.700000,上櫃,,DBFUGR,
F08903　P17INTEL1,XS1661884400,2017/08/14,2047/08/14,4.100000,上櫃,,DBFUGR,
F09006　P17KDB2,XS1711555257,2017/11/10,2030/11/10,4.500000,上櫃,,DBFUFR,
F09008　P23KDB1,XS2655885148,2023/08/01,2028/08/01,浮動利率,上櫃,,DBVUFR,
F09201　P15MHBK1,XS1288310458,2015/09/29,2045/09/29,4.400000,上櫃,,DBFUGB,
F09301　P15EDF1,FR0012990315,2015/10/06,2045/10/06,4.750000,上櫃,,DBFUFB,
F09302　P16EDF1A,FR0013210978,2016/10/21,2046/10/21,4.650000,上櫃,,DBFUFB,
F09303　P16EDF1B,FR0013210986,2016/10/21,2056/10/21,4.990000,上櫃,,DBFUFB,
F09304　P25EDF1,FR001400WIO7,2025/01/21,2030/01/20,浮動利率,上櫃,,DBVUFB,
F09401　P15DBSTL1,TW000F094016,2015/10/16,2045/10/16,0.000000,上櫃,,DBZUDR,
F09501　P15HKE1A,XS1297557339,2015/10/20,2035/10/20,0.000000,上櫃,,DBZGGB,
F09502　P15HKE1B,XS1297557842,2015/10/20,2045/10/20,0.000000,上櫃,,DBZGGB,
F09503　P17HKE1,XS1684256602,2017/10/12,2047/10/12,0.000000,上櫃,,DBZGGB,
F09601　P15VOD1,XS1325769716,2015/12/03,2045/12/03,5.350000,上櫃,,DBFUFB,
F09602　P17VOD1,XS1569814863,2017/03/09,2047/03/09,5.350000,上櫃,,DBFUFB,
F09702　P16CCF1,XS1413609493,2016/05/26,2046/08/01,4.050000,上櫃,,DBFUGR,
F09703　P17CCF1,XS1569497107,2017/03/14,2047/03/15,4.450000,上櫃,,DBFUGR,
F09704　P18CCF1,XS1766784455,2018/02/12,2053/01/31,4.250000,上櫃,,DBFUGR,
F09802　P16MUFGB2,XS1401785511,2016/05/09,2046/05/09,0.000000,上櫃,,DBZUGR,
F09803　P16MUFGB3,XS1490218762,2016/09/26,2046/09/26,0.000000,上櫃,,DBZUGR,
F09806　P17MUFGB3,XS1631313589,2017/06/21,2047/06/21,0.000000,上櫃,,DBZUGB,
F09807　P17MUFGB4,XS1675765595,2017/09/08,2047/09/08,0.000000,上櫃,,DBZUGB,
F09808　P17MUFGB5,XS1707703408,2017/11/06,2047/11/06,0.000000,上櫃,,DBZUGB,
F09809　P18MUFGB1,XS1755244446,2018/01/26,2048/01/26,0.000000,上櫃,,DBZUGB,
F09810　P18MUFGB2,XS1772078371,2018/02/27,2048/02/27,0.000000,上櫃,,DBZUGB,
F09811　P18MUFGB3,XS1813587778,2018/05/08,2048/05/08,0.000000,上櫃,,DBZUGB,
F09812　P19MUFGB1,XS1986096417,2019/05/10,2049/05/10,0.000000,上櫃,,DBZUGB,
F09813　P19MUFGB2,XS2065948882,2019/11/05,2049/11/05,0.000000,上櫃,,DBZUGB,
F09814　P19MUFGB3,XS2093089329,2019/12/23,2049/12/23,0.000000,上櫃,,DBZUGB,
F09815　P20MUFGB1,XS2100693568,2020/01/21,2050/01/21,0.000000,上櫃,,DBZUGB,
F09816　P20MUFGB2,XS2193862906,2020/07/08,2050/07/08,0.000000,上櫃,,DBZUGB,
F09817　P20MUFGB3,XS2209048227,2020/08/06,2050/08/06,0.000000,上櫃,,DBZUGB,
F09818　P20MUFGB4,XS2239833085,2020/10/15,2050/10/15,0.000000,上櫃,,DBZUGB,
F09819　P21MUFGB1,XS2336172379,2021/05/07,2051/05/07,0.000000,上櫃,,DBZUGB,
F09820　P21MUFGB2,XS2415468615,2021/12/10,2051/12/10,0.000000,上櫃,,DBZUGB,
F09821　P22MUFGB1,XS2438697224,2022/02/14,2052/02/14,0.000000,上櫃,,DBZUGB,
F09822　P22MUFGB2,XS2447997011,2022/03/09,2052/03/09,0.000000,上櫃,,DBZUGB,
F09906　P16BNS6,XS1456657797,2016/08/09,2046/08/09,0.000000,上櫃,,DBZUGB,
F09907　P17BNS1,XS1635459859,2017/07/05,2047/07/05,0.000000,上櫃,,DBZUGB,
F09908　P18BNS1,XS1793311108,2018/03/29,2048/03/29,0.000000,上櫃,,DBZUGB,
F09909　P18BNS2,XS1809233148,2018/04/30,2048/04/30,0.000000,上櫃,,DBZUGB,
F09910　P18BNS3,XS1814677206,2018/05/11,2048/05/11,0.000000,上櫃,,DBZUGB,
F09911　P19BNS1,XS1935312618,2019/01/24,2049/01/24,0.000000,上櫃,,DBZUGB,
F09912　P19BNS2,XS2080335222,2019/11/29,2059/11/29,0.000000,上櫃,,DBZUGB,
F09913　P20BNS1,XS2101306327,2020/02/05,2060/02/05,0.000000,上櫃,,DBZUGB,
F09914　P20BNS2,XS2106056901,2020/02/11,2060/02/11,0.000000,上櫃,,DBZUGB,
F09915　P20BNS3,XS2121404490,2020/03/03,2060/03/03,0.000000,上櫃,,DBZUGB,
F09916　P20BNS4,XS2129418245,2020/03/18,2060/03/18,0.000000,上櫃,,DBZUGB,
F09917　P20BNS5,XS2134019632,2020/03/26,2060/03/26,0.000000,上櫃,,DBZUGB,
F09918　P20BNS6,XS2138603563,2020/04/01,2060/04/01,0.000000,上櫃,,DBZUGB,
F09919　P20BNS7,XS2145070483,2020/04/14,2060/04/14,0.000000,上櫃,,DBZUGB,
F09920　P20BNS8,XS2208086707,2020/08/12,2060/08/12,0.000000,上櫃,,DBZUGB,
F09921　P20BNS9,XS2226707052,2020/09/23,2060/09/23,0.000000,上櫃,,DBZUGB,
F09922　P20BNS10,XS2234852437,2020/10/14,2060/10/14,0.000000,上櫃,,DBZUGB,
F09923　P20BNS11,XS2245800706,2020/11/09,2060/11/09,0.000000,上櫃,,DBZUGB,
F09924　P20BNS12,XS2254278281,2020/12/02,2060/12/02,0.000000,上櫃,,DBZUGB,
F09925　P21BNS1,XS2297225141,2021/03/03,2061/03/03,0.000000,上櫃,,DBZUGB,
F09926　P21BNS2,XS2344478826,2021/06/15,2061/06/15,0.000000,上櫃,,DBZUGB,
F09927　P21BNS3,XS2377129353,2021/09/08,2061/09/08,0.000000,上櫃,,DBZUGB,
F09928　P22BNS1,XS2430578331,2022/01/25,2062/01/25,0.000000,上櫃,,DBZUGB,
F09929　P22BNS2,XS2431016547,2022/01/25,2062/01/25,0.000000,上櫃,,DBZUGB,
F09930　P22BNS3,XS2457268725,2022/04/07,2062/04/07,0.000000,上櫃,,DBZUGB,
F09931　P22BNS4,XS2480419865,2022/05/27,2037/05/27,浮動利率,上櫃,,DBVUGB,
F09932　P22BNS5,XS2504110490,2022/07/29,2032/07/29,浮動利率,上櫃,,DBVUGB,
F09933　P22BNS6,XS2560097490,2022/12/07,2032/12/07,浮動利率,上櫃,,DBVUGB,
F09934　P23BNS1,XS2575557041,2023/01/18,2033/01/18,浮動利率,上櫃,,DBVUGB,
F09935　P23BNS2,XS2615320004,2023/05/09,2033/05/09,浮動利率,上櫃,,DBVUGB,
F10004　P16ABN3,XS1385037558,2016/04/08,2031/04/08,5.600000,上櫃,,DBFUFR,
F10006　P24ABN1,XS2901891445,2024/09/24,2029/09/24,浮動利率,上櫃,,DBVUFR,
F10101　P16SANUK1,XS1377475709,2017/11/01,2046/03/23,0.000000,上櫃,,DBZUGR,
F10303　P17QNBF1,XS1685641711,2017/09/27,2047/09/27,0.000000,上櫃,,DBZGGR,
F10304　P18QNBF1,XS1748458244,2018/01/23,2048/01/23,0.000000,上櫃,,DBZGGR,
F10311　P20QNBF2,XS2106579324,2020/02/07,2060/02/07,0.000000,上櫃,,DBZGGB,
F10315　P20QNBF6,XS2225365027,2020/09/08,2060/09/08,0.000000,上櫃,,DBZGGB,
F10318　P20QNBF9,XS2241226914,2020/10/20,2060/10/20,0.000000,上櫃,,DBZGGB,
F10319　P20QNBF10,XS2255698602,2020/11/17,2027/11/17,3.950000,上櫃,,DBFGFR,
F10322　P21QNBF3,XS2364514708,2021/07/21,2026/07/21,1.710000,上櫃,,DBFGFR,
F10323　P24QNBF1,XS2793223475,2024/04/02,2029/04/02,浮動利率,上櫃,,DBVUFR,
F10324　P24QNBF2,XS2868196481,2024/10/08,2029/10/08,浮動利率,上櫃,,DBVUFR,
F10325　P25QNBF1,XS3009472476,2025/03/04,2030/03/04,浮動利率,上櫃,,DBVUFR,
F10326　P26QNBF1,XS3277074004,2026/01/29,2031/01/29,浮動利率,上櫃,,DBVUFR,
F10402　P20MFC1,XS2219004137,2020/08/27,2060/08/27,3.050000,上櫃,,DBFUGR,
F10602　P16CIBC2,XS1533062490,2016/12/29,2046/12/29,0.000000,上櫃,,DBZUGB,
F10603　P17CIBC1,XS1646520921,2017/07/31,2047/07/31,0.000000,上櫃,,DBZUGB,
F10604　P20CIBC1,XS2207570560,2020/07/30,2050/07/30,0.000000,上櫃,,DBZUGB,
F10605　P20CIBC2,XS2249610903,2020/10/29,2050/10/29,0.000000,上櫃,,DBZUGB,
F10606　P21CIBC1,XS2332893291,2021/04/28,2051/04/28,0.000000,上櫃,,DBZUGB,
F10607　P22CIBC1,XS2432356264,2022/01/25,2062/01/25,0.000000,上櫃,,DBZUGB,
F10704　P16BMO4,XS1523068069,2016/12/01,2046/12/01,0.000000,上櫃,,DBZUGB,
F10705　P18BMO1,XS1766853870,2018/02/12,2048/02/12,0.000000,上櫃,,DBZUGB,
F10706　P19BMO1,XS1940197699,2019/02/15,2049/02/15,0.000000,上櫃,,DBZUGB,
F10707　P19BMO2,XS2081060233,2019/11/27,2059/11/27,0.000000,上櫃,,DBZUGB,
F10708　P20BMO1,XS2156507407,2020/04/28,2060/04/28,0.000000,上櫃,,DBZUGB,
F10709　P20BMO2,XS2174479761,2020/06/03,2060/06/03,0.000000,上櫃,,DBZUGB,
F10710　P20BMO3,XS2215046827,2020/08/27,2060/08/27,0.000000,上櫃,,DBZUGB,
F10711　P20BMO4,XS2219261885,2020/09/09,2060/09/09,0.000000,上櫃,,DBZUGB,
F10712　P21BMO1,XS2277664335,2021/01/13,2061/01/13,0.000000,上櫃,,DBZUGB,
F10713　P21BMO2,XS2324799654,2021/04/15,2061/04/15,0.000000,上櫃,,DBZUGB,
F10714　P21BMO3,XS2344466904,2021/06/09,2061/06/09,0.000000,上櫃,,DBZUGB,
F10715　P21BMO4,XS2383659377,2021/09/23,2061/09/23,0.000000,上櫃,,DBZUGB,
F10716　P21BMO5,XS2386949064,2021/09/30,2061/09/30,0.000000,上櫃,,DBZUGB,
F10717　P21BMO6,XS2412129129,2021/12/14,2061/12/14,0.000000,上櫃,,DBZUGB,
F10718　P22BMO1,XS2431000038,2022/01/25,2062/01/25,0.000000,上櫃,,DBZUGB,
F10719　P22BMO2,XS2496189262,2022/07/14,2029/07/14,5.150000,上櫃,,DBFUDB,
F10720　P23BMO1,XS2697459670,2023/10/12,2028/10/12,浮動利率,上櫃,,DBVUCB,
F10722　P25BMO1,XS3002291154,2025/02/26,2028/02/26,浮動利率,上櫃,,DTVUFB,
F10723　P25BMO2,XS3034127434,2025/04/15,2032/04/15,浮動利率,上櫃,,DBVUCB,
F10724　P25BMO3,XS3058772396,2025/05/15,2030/05/15,浮動利率,上櫃,,DBVUCB,
F10725　P25BMO4,XS3138719086,2025/08/14,2030/08/14,浮動利率,上櫃,,DBVUCB,
F10726　P26BMO1,XS3277835487,2026/02/10,2033/02/10,浮動利率,上櫃,,DBVUCB,
F10805　P18KBN1,XS1769934560,2018/02/27,2048/02/27,0.000000,上櫃,,DBZUGB,
F10806　P18KBN2,XS1792203934,2018/03/22,2048/03/22,0.000000,上櫃,,DBZUGB,
F10901　P16HSBC1,XS1481811872,2016/09/08,2036/09/08,4.000000,上櫃,,DBFUFB,
F10902　P21HSBC1,XS2355184149,2021/06/29,2027/06/29,3.400000,上櫃,,DTFUFR,
F10903　P22HSBC1,XS2451774884,2022/03/18,2052/03/18,0.000000,上櫃,,DTZUGR,
F11001　P16SANTA1,XS1475343296,2016/09/07,2046/09/07,0.000000,上櫃,,DBZUGR,
F11002　P17SANTA1,XS1548894937,2017/01/23,2047/01/23,0.000000,上櫃,,DBZUGR,
F11003　P19SANTA1,XS1957480392,2019/03/20,2049/03/20,0.000000,上櫃,,DBZUGR,
F11004　P19SANTA2,XS2053858945,2019/10/08,2059/10/08,0.000000,上櫃,,DTZUGB,
F11005　P20SANTA1,XS2099836301,2020/01/17,2060/01/17,0.000000,上櫃,,DTZUGB,
F11006　P20SANTA2,XS2117757349,2020/02/26,2060/02/26,0.000000,上櫃,,DTZUGB,
F11007　P20SANTA3,XS2125158761,2020/03/17,2060/03/17,0.000000,上櫃,,DTZUGB,
F11008　P20SANTA4,XS2179939629,2020/06/23,2060/06/23,0.000000,上櫃,,DTZNFB,
F11009　P20SANTA5,XS2214624673,2020/08/28,2060/08/28,0.000000,上櫃,,DTZNFB,
F11010　P21SANTA1,XS2281358288,2021/01/29,2061/02/01,0.000000,上櫃,,DTZNGB,
F11011　P21SANTA2,XS2288911774,2021/02/01,2061/02/01,0.000000,上櫃,,DTZNGB,
F11012　P21SANTA3,XS2307309117,2021/03/16,2061/03/16,0.000000,上櫃,,DTZNGB,
F11013　P21SANTA4,XS2342038606,2021/05/28,2061/05/28,0.000000,上櫃,,DTZNGB,
F11101　P16GSI1,XS1402084427,2016/09/09,2046/09/09,0.000000,上櫃,,DBZUGR,
F11205　P25APICO1,XS3032033204,2025/03/27,2030/03/27,浮動利率,上櫃,,DBVUFR,
F11301　P16FAB2,XS1502188532,2016/10/21,2046/10/21,0.000000,上櫃,,DBZUGB,
F11303　P18FAB1,XS1753770269,2018/01/22,2048/01/22,0.000000,上櫃,,DBZUGR,
F11309　P20FAB1,XS2103007915,2020/02/05,2050/02/05,0.000000,上櫃,,DBZUGR,
F11310　P20FAB2,XS2180918653,2020/06/11,2050/06/11,0.000000,上櫃,,DBZUGR,
F11311　P20FAB3,XS2190029715,2020/06/23,2050/06/23,0.000000,上櫃,,DTZUGR,
F11315　P21FAB2,XS2412097177,2021/11/30,2051/11/30,0.000000,上櫃,,DBZUGR,
F11316　P24FAB1,XS2750475894,2024/01/29,2029/01/29,浮動利率,上櫃,,DBVUFR,
F11317　P24FAB2,XS2861722531,2024/07/22,2029/07/22,浮動利率,上櫃,,DBVUFR,
F11318　P25FAB1,XS2979644536,2025/01/22,2030/01/22,浮動利率,上櫃,,DBVUFR,
F11319　P25FAB2,XS3077379223,2025/05/27,2030/05/27,浮動利率,上櫃,,DBVUFR,
F11320　P26FAB1,XS3289158126,2026/02/11,2031/02/11,浮動利率,上櫃,,DBVUFR,
F11601　P17ADCB1,XS1551340380,2017/02/07,2047/02/07,0.000000,上櫃,,DBZGGB,
F11603　P17ADCB3,XS1645765667,2017/07/26,2047/07/26,0.000000,上櫃,,DBZGGB,
F11604　P17ADCB4,XS1687992765,2017/09/29,2047/09/29,0.000000,上櫃,,DBZGGB,
F11605　P18ADCB1,XS1748455570,2018/01/18,2048/01/18,0.000000,上櫃,,DBZGGB,
F11606　P19ADCB1,XS1938443832,2019/01/25,2049/01/25,0.000000,上櫃,,DBZGGB,
F11609　P19ADCB4,XS2073871779,2019/11/08,2059/11/08,0.000000,上櫃,,DBZGGB,
F11610　P19ADCB5,XS2080360253,2019/11/22,2059/11/22,0.000000,上櫃,,DBZGGB,
F11611　P20ADCB1,XS2100680318,2020/01/21,2060/01/21,0.000000,上櫃,,DBZGGB,
F11701　P17KUNTA1,XS1552816859,2017/02/09,2047/02/09,0.000000,上櫃,,DBZTGB,
F11801　P17SMFG1,XS1564404850,2017/03/02,2047/03/02,4.300000,上櫃,,DCFUGB,
F11802　P18SMFG1,XS1760636966,2018/02/09,2048/02/09,4.200000,上櫃,,DBFUGB,
F11803　P20SMFG1,XS2251641002,2020/11/19,2050/11/19,0.000000,上櫃,,DBZUGB,
F11804　P21SMFG1,XS2293885765,2021/02/24,2051/02/24,0.000000,上櫃,,DBZUGB,
F11805　P21SMFG2,XS2331203757,2021/04/27,2051/04/27,0.000000,上櫃,,DBZUGB,
F11806　P22SMFG1,XS2435101477,2022/01/27,2052/01/27,0.000000,上櫃,,DBZUGB,
F11901　P17CMZB1,XS1572409354,2017/03/08,2047/03/08,0.000000,上櫃,,DBZUGB,
F12001　P17PFE1,XS1572326145,2017/03/17,2047/03/17,4.200000,上櫃,,DBFUGR,
F12101　P17NRWB1,XS1559930497,2017/03/22,2047/03/22,0.000000,上櫃,,DTZTGB,
F12102　P18NRWB1,XS1794222809,2018/03/28,2048/03/28,0.000000,上櫃,,DTZTGB,
F12202　P17NAB2,XS1649627418,2017/08/01,2047/08/01,0.000000,上櫃,,DBZUGB,
F12203　P18NAB1,XS1789630230,2018/03/19,2048/03/19,0.000000,上櫃,,DBZUGB,
F12204　P23NAB1,XS2695028279,2023/09/28,2028/09/28,浮動利率,上櫃,,DBVUFB,
F12205　P24NAB1,XS2856781963,2024/07/12,2029/07/12,浮動利率,上櫃,,DBVUFB,
F12301　P17TEF1,XS1588907045,2017/04/18,2037/04/18,4.900000,上櫃,,DBFGFB,
F12501　P17BSP1,TW000F125018,2017/05/19,2047/05/19,0.000000,上櫃,,DBZUGR,
F12601　P17AIA1,XS1612943735,2017/05/23,2047/05/23,4.470000,上櫃,,DBFUGR,
F12801　P17CFE1,XS1638817996,2017/07/13,2047/07/13,5.150000,上櫃,,DBFGAB,
F12802　P18CFE1,XS1773650681,2018/03/12,2048/03/12,5.000000,上櫃,,DBFGAB,
F12803　P19CFE1,XS2030333038,2019/07/30,2049/07/30,5.000000,上櫃,,DBFUAR,
F12804　P20CFE1,XS2133064480,2020/03/20,2050/03/20,4.050000,上櫃,,DBFGAR,
F13001　P17TBB1,TW000F130018,2017/10/27,2047/10/27,0.000000,上櫃,,DBZUGR,
F13002　P18TBB1,TW000F130026,2018/09/27,2048/09/27,0.000000,上櫃,,DBZUGR,
F13101　P17WBC1,XS1720964417,2017/11/28,2047/11/28,0.000000,上櫃,,DBZUGB,
F13201　P17HBFR1,FR0013298296,2017/12/06,2047/12/06,0.000000,上櫃,,DBZUGB,
F13202　P18HBFR1,FR0013321338,2018/03/19,2048/03/19,0.000000,上櫃,,DBZUGB,
F13203　P18HBFR2,FR0013324878,2018/04/16,2048/04/16,0.000000,上櫃,,DBZUGB,
F13204　P18HBFR3,FR0013335957,2018/10/16,2048/10/16,0.000000,上櫃,,DBZUGB,
F13205　P19HBFR1,FR0013393113,2019/01/23,2049/01/23,0.000000,上櫃,,DBZUGB,
F13301　P18AT1,XS1753814141,2018/02/01,2038/02/01,4.900000,上櫃,,DBFUFB,
F13401　P18ENBD1,XS1758692393,2018/02/06,2048/02/06,0.000000,上櫃,,DBZUGR,
F13402　P19ENBD1,XS1987902571,2019/05/08,2039/05/08,4.900000,上櫃,,DBFUFB,
F13403　P20ENBD1,XS2106862076,2020/02/12,2040/02/12,4.030000,上櫃,,DBFUFB,
F13404　P20ENBD2,XS2122894772,2020/03/05,2050/03/05,3.750000,上櫃,,DBFUFB,
F13406　P20ENBD4,XS2193733172,2020/07/06,2040/07/06,3.800000,上櫃,,DTFUFR,
F13407　P20ENBD5,XS2215423042,2020/08/14,2040/08/14,3.500000,上櫃,,DTFUFR,
F13411　P20ENBD9,XS2260655399,2020/11/25,2040/11/25,3.410000,上櫃,,DBFUFB,
F13412　P21ENBD1,XS2283172414,2021/01/20,2041/01/20,3.250000,上櫃,,DBFUFB,
F13414　P21ENBD3,XS2339828498,2021/05/28,2026/05/28,3.500000,上櫃,,DBFUFB,
F13415　P21ENBD4,XS2358709595,2021/07/08,2026/07/08,1.850000,上櫃,,DBFUFB,
F13416　P21ENBD5,XS2357280101,2021/07/13,2028/07/13,3.670000,上櫃,,DBFUFB,
F13417　P24ENBD1,XS2754455769,2024/01/31,2029/01/31,浮動利率,上櫃,,DBVUFB,
F13501　P18DAIWA1,XS1769384477,2018/03/06,2048/03/06,0.000000,上櫃,,DBZUGB,
F13601　P18UBSGP1,CH0406415312,2018/03/29,2048/03/29,0.000000,上櫃,,DBZUGR,
F13602　P18UBSGP2,CH0419042517,2018/06/29,2048/06/29,0.000000,上櫃,,DBZUGR,
F13603　P18UBSGP3,CH0428194218,2018/08/31,2048/08/31,0.000000,上櫃,,DBZUGR,
F13604　P18UBSGP4,CH0438965599,2018/10/26,2048/10/26,0.000000,上櫃,,DBZUGR,
F13605　P18UBSGP5,CH0449619078,2018/12/27,2048/12/27,0.000000,上櫃,,DBZNGM,
F13606　P19UBSGP1,CH0449619094,2019/01/30,2049/01/30,0.000000,上櫃,,DBZNGM,
F13607　P19UBSGP2,CH0474977748,2019/05/29,2049/05/29,0.000000,上櫃,,DBZNGM,
F13608　P19UBSGP3,CH0483180987,2019/06/27,2049/06/27,0.000000,上櫃,,DBZNGM,
F13609　P20UBSGP4,CH0511762046,2020/01/31,2060/01/31,0.000000,上櫃,,DBZNGM,
F13701　P18MSF1,XS1538854867,2018/04/10,2048/04/10,0.000000,上櫃,,DBZUGB,
F13702　P18MSF2,XS1538855245,2018/05/11,2048/05/11,0.000000,上櫃,,DBZGGR,
F13703　P18MSF3,XS1538855161,2018/05/31,2048/05/31,0.000000,上櫃,,DBZGGR,
F13704　P18MSF4,XS1538856722,2018/07/06,2048/07/06,0.000000,上櫃,,DBZGGR,
F13705　P18MSF5,XS1538854602,2018/08/16,2048/08/16,0.000000,上櫃,,DBZGGR,
F13706　P19MSF1,XS1906341836,2019/01/17,2049/01/17,0.000000,上櫃,,DBZGGR,
F13711　P19MSF6,XS1906340275,2019/05/10,2026/05/10,浮動利率,上櫃,,DBVGFR,
F13714　P19MSF9,XS1906337644,2019/08/07,2026/08/07,8.500000,上櫃,,DBFGFR,
F13715　P19MSF10,XS1906338295,2019/08/09,2026/08/09,3.600000,上櫃,,DBFGFR,
F13717　P19MSF12,XS1906337727,2019/08/30,2026/08/30,8.700000,上櫃,,DBFGGR,
F13718　P19MSF13,XS1906337487,2019/09/23,2049/09/23,0.000000,上櫃,,DTZGGR,
F13719　P19MSF14,XS1906336166,2019/11/21,2049/11/21,0.000000,上櫃,,DTZUGR,
F13720　P20MSF1,XS1906335515,2020/01/21,2060/01/21,0.000000,上櫃,,DTZGGR,
F13721　P20MSF2,XS1906335275,2020/02/18,2050/02/18,0.000000,上櫃,,DTZUGR,
F13722　P20MSF3,XS1906334385,2020/03/13,2027/03/13,3.000000,上櫃,,DBFGFR,
F13723　P20MSF4,XS1906334203,2020/03/24,2050/03/24,0.000000,上櫃,,DTZUGR,
F13724　P20MSF5,XS1906334039,2020/04/01,2060/04/01,0.000000,上櫃,,DBZGGR,
F13725　P20MSF6,XS1906333817,2020/04/07,2049/04/07,0.000000,上櫃,,DBZGGR,
F13727　P20MSF8,XS1906332843,2020/05/21,2055/05/21,0.000000,上櫃,,DBZGGR,
F13728　P20MSF9,XS1906331951,2020/07/30,2060/07/30,0.000000,上櫃,,DBZGGR,
F13729　P20MSF10,XS1906331878,2020/07/30,2058/07/30,0.000000,上櫃,,DBZGGR,
F13730　P20MSF11,XS1906336240,2020/08/21,2054/08/21,0.000000,上櫃,,DBZGGR,
F13731　P20MSF12,XS2175220560,2020/10/21,2060/10/21,0.000000,上櫃,,DBZGGR,
F13732　P20MSF13,XS2175206650,2020/10/30,2060/10/30,0.000000,上櫃,,DBZGGR,
F13733　P20MSF14,XS2175210256,2020/11/04,2058/11/04,0.000000,上櫃,,DBZGGR,
F13734　P21MSF1,XS2175204010,2021/01/20,2061/01/20,0.000000,上櫃,,DBZGGR,
F13735　P21MSF2,XS2175210173,2021/01/22,2060/01/22,0.000000,上櫃,,DBZGGR,
F13736　P21MSF3,XS2175203806,2021/01/25,2061/01/25,0.000000,上櫃,,DBZGGR,
F13737　P21MSF4,XS2175206148,2021/01/26,2036/01/26,0.000000,上櫃,,DBZGGR,
F13738　P21MSF5,XS2175203632,2021/01/27,2058/01/27,0.000000,上櫃,,DBZGGR,
F13739　P21MSF6,XS2175205926,2021/02/04,2058/02/04,0.000000,上櫃,,DBZGGR,
F13740　P21MSF7,XS2175209910,2021/02/23,2055/02/23,0.000000,上櫃,,DBZGGR,
F13741　P21MSF8,XS2175203475,2021/03/03,2056/02/03,0.000000,上櫃,,DBZGGR,
F13742　P21MSF9,XS2175205769,2021/03/08,2036/03/08,0.000000,上櫃,,DBZGFR,
F13743　P21MSF10,XS2175209837,2021/04/01,2061/04/01,0.000000,上櫃,,DBZGGR,
F13744　P21MSF11,XS2175205504,2021/04/06,2036/04/06,0.000000,上櫃,,DBZGFR,
F13745　P21MSF12,XS2175209753,2021/05/05,2036/05/05,0.000000,上櫃,,DBZGFR,
F13746　P21MSF13,XS2175205173,2021/05/24,2060/05/24,0.000000,上櫃,,DBZGGR,
F13747　P21MSF14,XS2175202154,2021/08/10,2036/08/10,0.000000,上櫃,,DBZGFR,
F13748　P21MSF15,XS2175204523,2021/08/24,2061/08/24,0.000000,上櫃,,DBZGGR,
F13749　P21MSF16,XS2175201933,2021/10/06,2031/10/06,浮動利率,上櫃,,DBVGFR,
F13750　P21MSF17,XS2175204440,2021/10/19,2036/10/19,0.000000,上櫃,,DBZGFR,
F13751　P21MSF18,XS2175201693,2021/10/25,2036/10/25,0.000000,上櫃,,DBZGFR,
F13752　P21MSF19,XS2175201347,2021/10/27,2031/10/27,1.200000,上櫃,,DBFGFR,
F13753　P21MSF20,XS2175208946,2021/11/10,2036/11/10,0.000000,上櫃,,DBZGFR,
F13754　P21MSF21,XS2175201008,2021/11/10,2061/11/10,0.000000,上櫃,,DBZGGR,
F13755　P21MSF22,XS2175204101,2021/12/07,2036/12/07,0.000000,上櫃,,DBZGFR,
F13756　P22MSF1,XS2175203988,2022/01/19,2062/01/19,0.000000,上櫃,,DBZGGR,
F13757　P22MSF2,XS2175208607,2022/01/19,2061/07/19,0.000000,上櫃,,DBZGGR,
F13758　P22MSF3,XS2175203715,2022/01/20,2037/01/20,0.000000,上櫃,,DBZGFR,
F13759　P22MSF4,XS2175208433,2022/01/25,2062/01/25,0.000000,上櫃,,DBZGGR,
F13760　P22MSF5,XS2175208276,2022/02/22,2037/02/22,0.000000,上櫃,,DBZGFR,
F13761　P22MSF6,XS2175208193,2022/03/02,2058/06/02,0.000000,上櫃,,DBZGGR,
F13762　P22MSF7,XS2175199699,2022/03/03,2037/03/03,浮動利率,上櫃,,DBVGFR,
F13763　P22MSF8,XS2175202741,2022/03/16,2037/03/16,浮動利率,上櫃,,DBVGFR,
F13764　P22MSF9,XS2175198881,2022/04/07,2037/04/07,浮動利率,上櫃,,DBVGFR,
F13765　P22MSF10,XS2175207385,2022/04/21,2037/04/21,浮動利率,上櫃,,DBVGFR,
F13766　P22MSF11,XS2175201263,2022/05/06,2037/05/06,浮動利率,上櫃,,DBVGFR,
F13767　P22MSF12,XS2175207039,2022/05/17,2037/05/17,浮動利率,上櫃,,DBVGFR,
F13768　P23MSF1,XS2476733188,2023/02/24,2038/02/24,6.020000,上櫃,,DBFGGR,
F13769　P23MSF2,XS2476731729,2023/05/23,2033/05/23,5.210000,上櫃,,DBFGGR,
F13770　P24MSF1,XS2641753723,2024/04/25,2034/04/25,5.930000,上櫃,,DBFGGR,
F13771　P24MSF2,XS2919176235,2024/11/29,2034/11/29,5.850000,上櫃,,DBFGGR,
F13772　P25MSF1,XS2958265683,2025/01/16,2035/01/16,5.600000,上櫃,,DBFGGR,
F13773　P25MSF2,XS2958261690,2025/01/17,2035/01/17,5.600000,上櫃,,DBFGGR,
F13774　P25MSF3,XS2988585506,2025/04/22,2032/04/22,浮動利率,上櫃,,DBVGFR,
F13775　P26MSF1,XS3216486145,2026/01/22,2036/01/22,5.080000,上櫃,,DBFNFR,
F13776　P26MSF2,XS3270959276,2026/02/03,2032/02/03,浮動利率,上櫃,,DBVGFR,
F13801　P18QATAR1,XS1807174559,2018/04/23,2048/04/23,5.103000,上櫃,,DBFUFR,
F13802　P19QATAR1,XS1959337749,2019/03/14,2049/03/14,4.817000,上櫃,,DBFUFR,
F13803　P20QATAR1,XS2155352748,2020/04/16,2050/04/16,4.400000,上櫃,,DBFUFR,
F13901　P18CDEL1,XS1798294523,2018/05/18,2048/05/18,4.850000,上櫃,,DBFUGR,
F14101　P18TSIB1,TW000F141015,2018/07/05,2048/07/05,0.000000,上櫃,,DBZUGR,
F14102　P18TSIB2,TW000F141023,2018/07/05,2048/07/05,0.000000,上櫃,,DBZUGR,
F14205　P19CGMHI2,XS1980796426,2019/05/16,2029/05/16,3.820000,上櫃,,DBFGGR,
F14206　P19CGMHI3,XS1980794058,2019/05/24,2026/05/24,浮動利率,上櫃,,DBVGFR,
F14207　P19CGMHI4,XS1980799362,2019/05/29,2026/05/29,浮動利率,上櫃,,DBVGFR,
F14208　P19CGMHI5,XS1980769456,2019/08/07,2026/08/07,8.550000,上櫃,,DBFUGR,
F14210　P20CGMHI1,XS2044958150,2020/01/21,2050/01/21,0.000000,上櫃,,DBZGGR,
F14211　P20CGMHI2,XS2044969868,2020/02/14,2050/02/14,0.000000,上櫃,,DBZGGR,
F14212　P20CGMHI3,XS2044952112,2020/03/05,2027/03/05,3.450000,上櫃,,DBFGGR,
F14214　P20CGMHI5,XS2106711968,2020/03/09,2030/03/09,2.650000,上櫃,,DBFGGR,
F14216　P20CGMHI7,XS2106711026,2020/03/12,2030/03/12,0.000000,上櫃,,DBZGGR,
F14219　P20CGMHI10,XS2106708402,2020/03/25,2030/03/25,0.000000,上櫃,,DBZGGR,
F14221　P20CGMHI12,XS2162989698,2020/06/11,2030/06/11,2.550000,上櫃,,DBFGGR,
F14223　P20CGMHI14,XS2162968346,2020/10/15,2030/10/15,1.830000,上櫃,,DBFGGR,
F14224　P21CGMHI1,XS2216793005,2021/01/27,2031/01/27,1.800000,上櫃,,DBFGGR,
F14225　P21CGMHI2,XS2216788005,2021/01/27,2031/01/27,1.830000,上櫃,,DBFGGR,
F14226　P21CGMHI3,XS2216797840,2021/02/08,2031/02/08,1.970000,上櫃,,DBFGGR,
F14227　P21CGMHI4,XS2216787700,2021/02/08,2036/02/08,浮動利率,上櫃,,DBVGGR,
F14228　P21CGMHI5,XS2216798574,2021/02/23,2051/02/23,2.880000,上櫃,,DBFGGR,
F14229　P21CGMHI6,XS2216761655,2021/02/24,2031/02/24,7.700000,上櫃,,DBFGGR,
F14230　P21CGMHI7,XS2216766456,2021/02/25,2036/02/25,0.000000,上櫃,,DBZGGR,
F14231　P21CGMHI8,XS2216769393,2021/03/03,2031/03/03,2.010000,上櫃,,DBFGGR,
F14232　P21CGMHI9,XS2216756572,2021/04/12,2031/04/12,2.660000,上櫃,,DBFGGR,
F14233　P21CGMHI10,XS2216745450,2021/05/12,2031/05/12,2.500000,上櫃,,DBFGGR,
F14234　P21CGMHI11,XS2216752407,2021/05/24,2031/05/24,2.500000,上櫃,,DBFGGR,
F14235　P21CGMHI12,XS2307422431,2021/06/08,2031/06/08,2.750000,上櫃,,DBFGGR,
F14236　P21CGMHI13,XS2307423322,2021/06/11,2031/06/11,2.770000,上櫃,,DBFGGR,
F14237　P21CGMHI14,XS2307428982,2021/06/23,2036/06/23,0.000000,上櫃,,DBZGGR,
F14238　P21CGMHI15,XS2307417860,2021/08/09,2056/08/09,0.000000,上櫃,,DBZGGR,
F14240　P22CGMHI1,XS2410486679,2022/01/21,2057/01/21,0.000000,上櫃,,DBZUGR,
F14241　P22CGMHI2,XS2410473263,2022/02/15,2032/02/15,2.930000,上櫃,,DBFGGR,
F14242　P22CGMHI3,XS2410413871,2022/05/10,2032/05/10,4.520000,上櫃,,DBFGGR,
F14244　P22CGMHI5,XS2495914595,2022/09/19,2032/09/19,5.050000,上櫃,,DBFGGR,
F14245　P22CGMHI6,XS2495887684,2022/09/29,2030/09/29,浮動利率,上櫃,,DBVUFR,
F14246　P23CGMHI1,XS2541509837,2023/02/10,2028/02/10,浮動利率,上櫃,,DBVGFR,
F14247　P23CGMHI2,XS2565545188,2023/05/26,2028/05/26,浮動利率,上櫃,,DBVUFR,
F14248　P24CGMHI1,XS2709374032,2024/01/23,2029/01/23,浮動利率,上櫃,,DBVUFR,
F14249　P24CGMHI2,XS2709283662,2024/01/31,2029/01/31,浮動利率,上櫃,,DBVUFR,
F14250　P24CGMHI3,XS2782864446,2024/05/07,2034/05/07,6.000000,上櫃,,DBFUGR,
F14251　P25CGMHI1,XS2982214897,2025/02/27,2035/02/27,5.820000,上櫃,,DBFUGR,
F14252　P25CGMHI2,XS3012960020,2025/04/01,2032/04/01,浮動利率,上櫃,,DBVUGR,
F14253　P26CGMHI1,XS3136546218,2026/02/06,2036/02/06,5.160000,上櫃,,DBFUGR,
F14401　P18SCSB1,TW000F144019,2018/10/29,2048/10/29,0.000000,上櫃,,DBZUGR,
F14603　P19JPMCB3,XS1451039165,2019/05/31,2026/05/31,浮動利率,上櫃,,DBVUFR,
F14612　P20JPMCB1,XS1450953879,2020/02/12,2050/02/12,0.000000,上櫃,,DBZUGR,
F14613　P20JPMCB2,XS1450874810,2020/11/25,2027/11/25,6.300000,上櫃,,DBFUGR,
F14614　P21JPMCB1,XS1450850638,2021/03/12,2031/03/12,8.050000,上櫃,,DBFUGR,
F14615　P21JPMCB2,XS1450839748,2021/04/15,2028/04/15,7.250000,上櫃,,DBFUGR,
F14616　P21JPMCB3,XS1450796088,2021/10/28,2036/10/28,0.000000,上櫃,,DBZUGR,
F14617　P22JPMCB1,XS1450778938,2022/02/18,2032/02/18,2.900000,上櫃,,DBFUGR,
F14620　P24JPMCB1,XS1449686465,2024/02/22,2028/02/22,浮動利率,上櫃,,DBVUFR,
F14621　P24JPMCB2,XS1449676151,2024/03/21,2034/03/21,5.500000,上櫃,,DBFUGR,
F14623　P25JPMCB1,XS1449564191,2025/02/25,2035/02/25,5.600000,上櫃,,DBFUGR,
F14624　P25JPMCB2,XS1449425153,2025/12/04,2035/12/04,5.320000,上櫃,,DBFUGR,
F14625　P26JPMCB1,XS1449403267,2026/02/04,2036/02/04,5.000000,上櫃,,DBFUGR,
F14626　P26JPMCB2,XS1449366985,2026/03/24,2036/03/24,5.030000,上櫃,,DBFUGR,
F14901　P19NWM1,XS1997070948,2019/05/30,2049/05/30,0.000000,上櫃,,DBZUGB,
F15101　P19SCPLC1,XS1999840710,2019/06/04,2049/06/04,0.000000,上櫃,,DBZUGB,
F15304　P21GSFCI1,XS1966995463,2021/02/24,2031/02/24,1.900000,上櫃,,DBFUGR,
F15305　P21GSFCI2,XS1971476954,2021/03/02,2051/03/02,2.750000,上櫃,,DBFUGR,
F15306　P21GSFCI3,XS2061755836,2021/04/07,2036/04/07,浮動利率,上櫃,,DBVUGR,
F15307　P21GSFCI4,XS2061670258,2021/04/21,2036/04/21,浮動利率,上櫃,,DBVUGR,
F15308　P21GSFCI5,XS2019670319,2021/05/12,2036/05/12,浮動利率,上櫃,,DBVUGR,
F15309　P21GSFCI6,XS2042706270,2021/07/02,2031/01/02,2.420000,上櫃,,DBFUGR,
F15310　P21GSFCI7,XS2094020257,2021/08/12,2031/08/12,2.400000,上櫃,,DBFUGR,
F15311　P21GSFCI8,XS2114071587,2021/08/27,2027/08/27,浮動利率,上櫃,,DBVUFR,
F15312　P21GSFCI9,XS2093935570,2021/09/27,2031/09/27,浮動利率,上櫃,,DBVGFR,
F15313　P21GSFCI10,XS2093951429,2021/11/16,2031/11/16,2.950000,上櫃,,DBFGGR,
F15314　P22GSFCI1,XS2011049983,2022/02/18,2032/02/18,3.050000,上櫃,,DBFUGR,
F15315　P22GSFCI2,XS1999656546,2022/03/08,2032/03/08,3.450000,上櫃,,DBFUGR,
F15317　P22GSFCI4,XS1971488025,2022/05/11,2032/05/11,浮動利率,上櫃,,DBVGGR,
F15319　P22GSFCI6,XS2105932334,2022/05/18,2032/05/18,浮動利率,上櫃,,DBVGGR,
F15320　P22GSFCI7,XS2093948128,2022/05/27,2037/05/27,浮動利率,上櫃,,DBVGGR,
F15322　P22GSFCI9,XS1985783395,2022/08/16,2032/08/16,5.000000,上櫃,,DBFGGR,
F15323　P22GSFCI10,XS2481075294,2022/08/24,2029/08/24,浮動利率,上櫃,,DBVGGR,
F15324　P23GSFCI1,XS2480975825,2023/04/19,2028/04/19,浮動利率,上櫃,,DBVGFR,
F15325　P23GSFCI2,XS2481710221,2023/05/30,2028/05/30,浮動利率,上櫃,,DBVGFR,
F15326　P24GSFCI1,XS2688684294,2024/06/06,2029/06/06,浮動利率,上櫃,,DBVGFR,
F15501　P19MDGHA1,XS2075924048,2019/11/07,2049/11/07,3.700000,上櫃,,DBFGFR,
F15502　P20MDGHA1,XS2175968580,2020/05/21,2050/05/21,3.950000,上櫃,,DBFGFR,
F16001　P20UBSGP1,CH0521617321,2020/03/04,2050/03/04,0.000000,上櫃,,DBZUGR,
F16002　P20UBSG2,CH0535271214,2020/04/14,2050/04/14,0.000000,上櫃,,DBZUGR,
F16003　P20UBSGP3,CH0543827189,2020/05/27,2050/05/27,0.000000,上櫃,,DBZUGR,
F16004　P21UBSGP1,CH0587372951,2021/01/12,2051/01/12,0.000000,上櫃,,DBZUGR,
F16005　P21UBSGP2,CH0588488863,2021/01/29,2051/01/29,0.000000,上櫃,,DBZUGR,
F16006　P21UBSGP3,CH0595205490,2021/02/26,2051/02/26,0.000000,上櫃,,DBZUGR,
F16007　P21UBSGP4,CH1112455774,2021/05/26,2051/05/26,0.000000,上櫃,,DBZUGR,
F16008　P22UBSGP1,CH1167887269,2022/03/29,2047/03/29,0.000000,上櫃,,DBZUGR,
F16101　P20BACRH1,XS2134381743,2020/03/26,2050/03/26,0.000000,上櫃,,DBZUGB,
F16102　P21BACRH1,XS2279424449,2021/01/07,2051/01/07,0.000000,上櫃,,DBZUGR,
F16103　P22BACRH1,XS2426069220,2022/01/07,2052/01/07,0.000000,上櫃,,DBZUGR,
F16203　P24SHB1,XS2901898291,2024/10/22,2029/10/22,浮動利率,上櫃,,DBVUFR,
F16301　P20ISR1,XS2167193015,2020/05/13,2060/05/13,3.800000,上櫃,,DBFUFR,
F16403　P21MGL1,XS2332533756,2021/04/28,2051/04/28,0.000000,上櫃,,DBZUGB,
F16404　P21MGL2,XS2390147804,2021/10/13,2056/10/13,0.000000,上櫃,,DBZUGB,
F16406　P23MGL1,XS2672784316,2023/09/08,2028/09/08,浮動利率,上櫃,,DBVUFB,
F16501　P20SHJ1,XS2207514063,2020/07/28,2050/07/28,4.000000,上櫃,,DNFUFR,
F16601　P20ADCBU1,XS2219378721,2020/09/03,2060/09/03,0.000000,上櫃,,DBZUGB,
F16602　P21ADCBU1,XS2366813603,2021/08/10,2061/08/10,0.000000,上櫃,,DBZUGB,
F16603　P21ADCBU2,XS2376921016,2021/09/07,2026/09/07,1.720000,上櫃,,DTFUFR,
F16604　P21ADCBU3,XS2398764550,2021/11/04,2061/11/04,0.000000,上櫃,,DBZUGB,
F16605　P22ADCBU1,XS2431021620,2022/01/25,2062/01/25,0.000000,上櫃,,DBZUGB,
F16606　P22ADCBU2,XS2439731634,2022/02/23,2062/02/23,0.000000,上櫃,,DBZUGB,
F16607　P24ADCBU1,XS2757010173,2024/02/06,2029/02/06,浮動利率,上櫃,,DTVUFB,
F16608　P25ADCBU1,XS3003311902,2025/02/26,2030/02/26,浮動利率,上櫃,,DBVUFR,
F16609　P25ADCBU2,XS3086362756,2025/06/10,2030/06/10,浮動利率,上櫃,,DBVUFR,
F16610　P26ADCBU1,XS3286673986,2026/02/11,2031/02/11,浮動利率,上櫃,,DBVUFR,
F16701　P20SABIC1,XS2228113762,2020/09/14,2050/09/14,3.000000,上櫃,,DBFGGR,
F16801　P20TSMC1,TW000F168018,2020/09/22,2060/09/22,2.700000,上櫃,,DBFUGR,
F16802　P21TSMC1,TW000F168026,2021/09/23,2051/09/23,3.100000,上櫃,,DBFUGR,
F16902　P21PMH1,TW000F169024,2021/12/29,2026/12/29,2.000000,上櫃,,DBFGFR,
F17201　P21UMS1,XS2280637039,2021/01/19,2071/04/19,3.750000,上櫃,,DBFUGR,
F17301　P21CHILE1,XS2327851874,2021/04/15,2053/04/15,3.500000,上櫃,,DBFUGR,
F17401　P21TAQA1,XS2333388937,2021/04/29,2051/04/29,3.400000,上櫃,,DBFUFR,
F17501　P21MDGHA1,XS2324826994,2021/06/07,2051/06/07,3.400000,上櫃,,DBFGFR,
F17502　P22MDGHA1,XS2546781985,2022/10/28,2033/04/28,5.500000,上櫃,,DBFGGR,
F17503　P23MDGHA1,XS2623206187,2023/05/22,2053/05/22,5.084000,上櫃,,DBFGGR,
F17504　P24MDGHA1,XS2830445727,2024/06/04,2034/06/04,5.294000,上櫃,,DBFGGR,
F17601　P21SHC1,XS2341140932,2021/06/23,2026/06/23,1.375000,上櫃,,DBFUFR,
F17602　P24SHC1,XS2775400703,2024/03/12,2029/03/12,5.500000,上櫃,,DBFUFR,
F17701　P21QP1,XS2357494751,2021/07/12,2051/07/12,3.300000,上櫃,,DBFUGR,
F17801　P21JTIFS1,XS2383492902,2021/09/14,2051/09/14,3.300000,上櫃,,DBFGFR,
F17901　P21BCI1,XS2384719667,2021/09/24,2026/09/24,1.885000,上櫃,,DBFUFB,
F18001　P21UAE1,XS2397055703,2021/10/19,2061/10/19,3.250000,上櫃,,DBFUFR,
F18002　P22UAE1,XS2492385203,2022/07/07,2052/07/07,4.951000,上櫃,,DBFUFR,
F18101　P21SCOCH1,XS2401677948,2021/11/10,2026/11/10,2.160000,上櫃,,DBFUFB,
F18201　P22BASAN1,XS2431022438,2022/01/26,2062/01/26,0.000000,上櫃,,DTZUGB,
F18301　P22SBILD1,XS2432299449,2022/01/26,2027/01/26,2.490000,上櫃,,DBFUCR,
F18401　P22NEECH1,XS2456252860,2022/03/24,2062/03/24,4.300000,上櫃,,DBFUGR,
F18501　P22WFC1,XS2460266708,2022/03/29,2052/03/29,0.000000,上櫃,,DBZUGR,
F18502　P22WFC2,XS2528132173,2022/09/13,2052/09/13,0.000000,上櫃,,DBZUGR,
F18503　P23WFC1,XS2629403812,2023/06/06,2053/06/06,0.000000,上櫃,,DBZUGR,
F18701　P22JPCFC1,XS1450710899,2022/09/20,2027/09/20,浮動利率,上櫃,,DBVGFR,
F18702　P22JPCFC2,XS1450711350,2022/09/22,2032/09/22,4.950000,上櫃,,DBFGGR,
F18704　P23JPCFC2,XS1449820023,2023/05/08,2033/05/08,5.000000,上櫃,,DBFGGR,
F18705　P23JPCFC3,XS1449816187,2023/05/12,2028/05/12,浮動利率,上櫃,,DBVGFR,
F18706　P23JPCFC4,XS1449803102,2023/06/21,2033/06/21,5.750000,上櫃,,DBFUGR,
F18708　P23JPCFC6,XS1449780722,2023/09/05,2033/09/05,5.970000,上櫃,,DBFUGR,
F18710　P23JPCFC8,XS1449769758,2023/09/22,2028/09/22,浮動利率,上櫃,,DBVUFR,
F18711　P24JPCFC1,XS1449608238,2024/11/08,2034/11/08,5.250000,上櫃,,DBFUGR,
F18712　P24JPCFC2,XS1449599148,2024/12/04,2034/12/04,5.400000,上櫃,,DBFUGR,
F18713　P25JPCFC1,XS1449428504,2025/11/20,2035/11/20,5.250000,上櫃,,DBFUGR,
F18714　P26JPCFC1,XS1449396891,2026/02/10,2036/02/10,5.800000,上櫃,,DBFUGR,
F18715　P26JPCFC2,XS1449372793,2026/03/18,2033/03/18,浮動利率,上櫃,,DBVUFR,
F18716　P26JPCFC3,XS1449363370,2026/03/24,2036/03/24,5.950000,上櫃,,DBFUGR,
F18801　P22GRSPL1,XS2542166744,2023/02/23,2042/02/23,6.510000,上櫃,,DBFUGR,
F18901　P23MLBV1,XS2601079846,2023/03/28,2033/03/28,浮動利率,上櫃,,DBVUFR,
F18902　P23MLBV2,XS2586000700,2023/05/11,2033/05/11,5.200000,上櫃,,DBFUGR,
F18903　P23MLBV3,XS2625085365,2023/06/06,2033/06/06,浮動利率,上櫃,,DBVUFR,
F18904　P23MLBV4,XS2625085449,2023/06/12,2033/06/12,5.600000,上櫃,,DBFUGR,
F18905　P23MLBV5,XS2625084988,2023/06/14,2033/06/14,5.300000,上櫃,,DBFUGR,
F18906　P23MLBV6,XS2625084806,2023/08/10,2033/08/10,浮動利率,上櫃,,DBVUFR,
F18909　P23MLBV9,XS2625085878,2023/09/06,2033/09/06,5.800000,上櫃,,DBFUGR,
F18910　P23MLBV10,XS2625084129,2023/09/12,2033/09/12,6.000000,上櫃,,DBFUGR,
F18911　P23MLBV11,XS2664332041,2023/09/21,2033/09/21,浮動利率,上櫃,,DBVGFR,
F18912　P23MLBV12,XS2664322752,2023/11/15,2033/11/15,浮動利率,上櫃,,DBVGFR,
F18913　P24MLBV1,XS2711528682,2024/01/30,2034/01/30,5.300000,上櫃,,DBFGGR,
F18914　P24MLBV2,XS2711527957,2024/01/31,2034/01/31,浮動利率,上櫃,,DBVGGR,
F18915　P24MLBV3,XS2711527015,2024/03/06,2031/03/06,10.030000,上櫃,,DBFGGR,
F18916　P24MLBV4,XS2711518022,2024/03/07,2034/03/07,5.600000,上櫃,,DBFGGR,
F18918　P24MLBV6,XS2769681656,2024/05/07,2034/05/07,浮動利率,上櫃,,DBVUFR,
F18919　P24MLBV7,XS2769677035,2024/05/28,2034/05/28,浮動利率,上櫃,,DBVUGR,
F18920　P24MLBV8,XS2814754953,2024/09/05,2031/09/05,浮動利率,上櫃,,DBVUFR,
F18921　P24MLBV9,XS2814745027,2024/09/26,2029/09/26,浮動利率,上櫃,,DBVUFR,
F18922　P24MLBV10,XS2814750027,2024/11/01,2034/11/01,5.200000,上櫃,,DBFUGR,
F18923　P25MLBV1,XS2814742271,2025/02/13,2035/02/13,5.700000,上櫃,,DBFUGR,
F18924　P25MLBV2,XS2938580805,2025/03/21,2032/03/21,浮動利率,上櫃,,DBVUFR,
F18925　P25MLBV3,XS2938573180,2025/03/27,2035/03/27,5.500000,上櫃,,DBFUGR,
F18926　P25MLBV4,XS2938568263,2025/05/06,2030/05/06,浮動利率,上櫃,,DBVUFR,
F18927　P25MLBV5,XS3156352687,2025/09/26,2035/09/26,5.300000,上櫃,,DBFUGR,
F18928　P25MLBV6,XS3156341649,2025/11/19,2035/11/19,5.280000,上櫃,,DBFUGR,
F18929　P26MLBV1,XS3244806926,2026/02/05,2036/02/05,5.050000,上櫃,,DBFUGR,
F18930　P26MLBV2,XS3244784933,2026/02/11,2036/02/11,5.000000,上櫃,,DBFUGR,
F18931　P26MLBV3,XS3244802420,2026/03/17,2036/03/17,5.900000,上櫃,,DBFUGR,
F19001　國泰人壽保險股份有限公司112年度第2期美元計價無擔保累積次順位普通公司債,TW000F190012,2023/08/07,2033/08/07,6.100000,上櫃,,DBFUFR,
F19002　P23CATLI2,TW000F190020,2023/10/04,2033/10/04,6.100000,上櫃,,DBFUFR,
F19003　P24CATLI1,TW000F190038,2024/05/09,2034/05/09,5.800000,上櫃,,DBFUFR,
F19101　P23KOBC1,XS2695399506,2023/10/05,2028/10/05,浮動利率,上櫃,,DBVUFR,
F19102　P24KOBC1,XS2857880301,2024/07/24,2029/07/24,浮動利率,上櫃,,DBVUFR,
F19103　P25KOBC1,XS3220609047,2025/11/18,2030/11/18,浮動利率,上櫃,,DBVUFR,
F19201　P24WFF1,XS2754070469,2024/01/31,2034/01/31,5.470000,上櫃,,DBFUGR,
F19202　P24WFF2,XS2774936244,2024/03/06,2034/03/06,5.540000,上櫃,,DBFUGR,
F19203　P25WFF1,XS3074446827,2025/05/28,2030/05/28,浮動利率,上櫃,,DBVUFR,
F19204　P25WFF2,XS3188671518,2025/10/01,2032/10/01,浮動利率,上櫃,,DBVUFR,
F19205　P26WFF1,XS3268877902,2026/01/21,2033/01/21,浮動利率,上櫃,,DBVUFR,
F19206　P26WFF2,XS3272204895,2026/01/22,2036/01/22,5.080000,上櫃,,DBFUGR,
F19301　P24SNB1,XS2853489271,2024/07/11,2029/07/11,浮動利率,上櫃,,DBVUFR,
F19302　P25SNB1,XS3019019416,2025/03/17,2030/03/17,浮動利率,上櫃,,DBVGFR,
F19401　P24KODIT1,XS2910446892,2024/10/29,2027/10/29,浮動利率,上櫃,,DBVGFR,
F19501　P24KHFC1,XS2911742489,2024/11/05,2029/11/05,浮動利率,上櫃,,DBVUFR,
F19502　P25KHFC1,XS3059440928,2025/05/28,2030/05/28,浮動利率,上櫃,,DBVUFR,
F19601　P25MRAS1,XS2985211569,2025/03/06,2028/03/06,5.250000,上櫃,,DTFUFR,
F19702　S25HNCB2,TW000F197025,2025/07/08,2030/07/08,浮動利率,上櫃,,DBVUGR,
F19801　P25ING1,XS2911644982,2025/05/08,2035/05/08,5.700000,上櫃,,DBFUGB,
F19802　P26ING1,XS2911640998,2026/01/07,2036/01/07,5.000000,上櫃,,DBFUGB,
F19901　P25ARB1,XS3038530229,2025/05/19,2030/05/19,4.865000,上櫃,,DBFUFR,
F20001　P25CBQ1,XS3098955761,2025/07/16,2030/07/16,浮動利率,上櫃,,DBVUFR,
F20101　P25KHNP1,XS3113268307,2025/07/30,2030/07/30,浮動利率,上櫃,,DBVUFR,
F20201　P25TWNLI1,TW000F202015,2025/09/11,2035/09/11,6.000000,上櫃,,DBFUFR,
F20301　P25BFCM1,FR0014012SZ8,2025/10/08,2030/10/08,浮動利率,上櫃,,DBVUFB,
F20401　P26NTT1,XS3294937332,2026/03/11,2031/03/11,浮動利率,上櫃,,DBVUFB,
F20501　P26BBVAS1,XS3307266521,2026/03/23,2033/03/23,浮動利率,上櫃,,DBVUFB,
金融債
G10156　P06上海1B,TW000G101562,2017/06/13,2027/06/13,1.850000,上櫃,,DBFUFR,
G10158　P06上海2B,TW000G101588,2017/12/15,2027/12/15,1.550000,上櫃,,DBFUFR,
G10160　P07上海1B,TW000G101604,2018/06/21,2028/06/21,1.450000,上櫃,,DBFUFR,
G10161　P07上海2,TW000G101612,2018/12/12,無到期日,2.150000,上櫃,,DBFUQR,
G10164　P09上海1A,TW000G101646,2020/03/27,2027/03/27,0.620000,上櫃,,DBFUFR,
G10165　P09上海1B,TW000G101653,2020/03/27,2030/03/27,0.640000,上櫃,,DBFUFR,
G10166　P10上海1A,TW000G101661,2021/10/25,2028/10/25,0.600000,上櫃,,DBFUFR,
G10167　P10上海1B,TW000G101679,2021/10/25,2031/10/25,0.720000,上櫃,,DBFUFR,
G10169　P11上海1B,TW000G101695,2022/07/22,2027/07/22,1.700000,上櫃,,DBFUFR,
G10171　P11上海3,TW000G101711,2022/10/26,無到期日,3.250000,上櫃,,DBFUQR,
G10172　P12上海1,TW000G101729,2023/12/12,2026/12/12,1.600000,上櫃,,DBFUFR,
G10173　P13上海1,TW000G101737,2024/03/29,2034/03/29,1.950000,上櫃,,DBFUFR,
G10174　P13上海3A,TW000G101745,2024/12/27,2029/12/27,1.900000,上櫃,,DBFUFR,
G10175　P13上海3B,TW000G101752,2024/12/27,2031/12/27,1.950000,上櫃,,DBFUFR,
G10176　P14上海1,TW000G101760,2025/04/25,2030/04/25,1.880000,上櫃,,DBFUFR,
G10177　P14上海2A,TW000G101778,2025/09/25,2028/09/25,1.640000,上櫃,,DBFUFR,
G10178　P14上海2B,TW000G101786,2025/09/25,2030/09/25,1.680000,上櫃,,DBFUFR,
G10179　P14上海3,TW000G101794,2025/11/05,2028/11/05,1.610000,上櫃,,DBFUFR,
G102AY　P07玉銀1B,TW000G102AY6,2018/03/30,2028/03/30,1.550000,上櫃,,DBFUFR,
G102B1　P09玉銀1,TW000G102B17,2020/01/08,無到期日,1.450000,上櫃,,DBFUQR,
G102B4　P10玉銀1B,TW000G102B41,2021/10/28,2028/10/28,0.470000,上櫃,,DBFUFR,
G102B5　P11玉銀1,TW000G102B58,2022/03/18,2027/03/18,0.710000,上櫃,,DBFUFR,
G102B6　P11玉銀2A,TW000G102B66,2022/06/15,2029/06/15,1.900000,上櫃,,DBFUFR,
G102B7　P11玉銀2B,TW000G102B74,2022/06/15,2032/06/15,2.100000,上櫃,,DBFUFR,
G102B9　P11玉銀4,TW000G102B90,2022/12/27,2029/12/27,2.300000,上櫃,,DBFUFR,
G102BA　P12玉銀1,TW000G102BA4,2023/03/16,2028/03/16,1.400000,上櫃,,DBFUFR,
G102BB　P12玉銀2,TW000G102BB2,2023/11/23,2028/11/23,1.450000,上櫃,,DBFUFR,
G102BC　P13玉銀1,TW000G102BC0,2024/04/10,2029/04/10,1.500000,上櫃,,DBFUFR,
G102BD　P13玉銀2A,TW000G102BD8,2024/08/20,2027/08/20,1.750000,上櫃,,DBFUFR,
G102BE　P13玉銀2B,TW000G102BE6,2024/08/20,2029/08/20,1.800000,上櫃,,DBFUFR,
G102BF　P14玉銀1A,TW000G102BF3,2025/04/14,2028/04/14,1.800000,上櫃,,DBFUFR,
G102BG　P14玉銀1B,TW000G102BG1,2025/04/14,2030/04/14,1.850000,上櫃,,DBFUFR,
G102BH　P14玉銀1C,TW000G102BH9,2025/04/14,2035/04/14,1.950000,上櫃,,DBFUFR,
G102BJ　P14玉銀2,TW000G102BJ5,2025/07/25,2028/07/25,1.790000,上櫃,,DBFUFR,
G102BK　P14玉銀3,TW000G102BK3,2025/11/11,2030/11/11,1.650000,上櫃,,DBFUFR,
G10316　P07高銀2,TW000G103162,2018/09/12,無到期日,2.600000,上櫃,,DBFUQR,
G10317　P08高銀1,TW000G103170,2019/12/20,無到期日,2.000000,上櫃,,DBFUQR,
G10318　P11高銀1,TW000G103188,2022/03/30,無到期日,2.050000,上櫃,,DBFUQR,
G10319　P11高銀2,TW000G103196,2022/06/29,無到期日,3.000000,上櫃,,DBFUQR,
G10320　P11高銀3,TW000G103204,2022/09/28,無到期日,3.500000,上櫃,,DBFUQR,
G10321　P11高銀4,TW000G103212,2022/12/21,無到期日,3.750000,上櫃,,DBFUQR,
G10322　P14高銀1,TW000G103220,2025/06/27,2035/06/27,2.380000,上櫃,,DBFUFR,
G10323　P14高銀2,TW000G103238,2025/07/30,2035/07/30,2.380000,上櫃,,DBFUFR,
G10324　P15高銀1,TW000G103246,2026/04/27,2029/04/27,1.700000,上櫃,,DBFUFR,
G107BK　P07北富銀2B,TW000G107BK2,2018/09/25,2028/09/25,1.300000,上櫃,,DBFUFR,
G107BM　P07北富銀4,TW000G107BM8,2018/11/28,2028/11/28,1.100000,上櫃,,DBFUFR,
G107BN　P07北富銀5,TW000G107BN6,2018/12/18,無到期日,2.150000,上櫃,,DBFUQR,
G107BP　P08北富銀1,TW000G107BP1,2019/03/20,2029/03/20,0.980000,上櫃,,DBFUFR,
G107BQ　P08北富銀2,TW000G107BQ9,2019/05/10,2029/05/10,0.950000,上櫃,,DBFUFR,
G107BR　P08北富銀3,TW000G107BR7,2019/06/25,無到期日,1.900000,上櫃,,DBFUQR,
G107BS　P08北富銀4,TW000G107BS5,2019/09/26,無到期日,1.630000,上櫃,,DBFUQR,
G107BT　P08北富銀5,TW000G107BT3,2019/09/26,2029/09/26,0.950000,上櫃,,DBFUFR,
G107BU　P08北富銀6,TW000G107BU1,2019/10/30,2029/10/30,0.880000,上櫃,,DBFUFR,
G107BV　P08北富銀7,TW000G107BV9,2019/12/30,2029/12/30,0.880000,上櫃,,DBFUFR,
G107BW　P09北富銀1,TW000G107BW7,2020/03/20,2030/03/20,0.750000,上櫃,,DBFUFR,
G107BX　P09北富銀2,TW000G107BX5,2020/06/22,無到期日,1.600000,上櫃,,DBFUQR,
G107BY　P09北富銀3,TW000G107BY3,2020/06/22,2027/06/22,0.700000,上櫃,,DBFUFR,
G107BZ　P09北富銀4,TW000G107BZ0,2020/06/22,2030/06/22,0.800000,上櫃,,DBFUFR,
G107C1　P09北富銀5,TW000G107C11,2020/08/10,無到期日,1.500000,上櫃,,DBFUQR,
G107C3　P10北富銀2,TW000G107C37,2021/09/02,2026/09/02,0.400000,上櫃,,DBFUFR,
G107C4　P10北富銀3,TW000G107C45,2021/09/02,2031/09/02,0.700000,上櫃,,DBFUFR,
G107C5　P10北富銀4,TW000G107C52,2021/09/28,2026/09/28,0.450000,上櫃,,DBFUFR,
G107C6　P10北富銀5,TW000G107C60,2021/09/28,2028/09/28,0.520000,上櫃,,DBFUFR,
G107C8　P11北富銀2,TW000G107C86,2022/06/28,2029/06/28,2.000000,上櫃,,DBFUFR,
G107C9　P11北富銀3,TW000G107C94,2022/06/28,無到期日,3.000000,上櫃,,DBFUQR,
G107CA　P11北富銀4,TW000G107CA1,2022/09/15,2029/09/15,1.900000,上櫃,,DBFUFR,
G107CB　P11北富銀5,TW000G107CB9,2022/10/11,無到期日,3.100000,上櫃,,DBFUQR,
G107CC　P12北富銀1,TW000G107CC7,2023/01/10,無到期日,3.500000,上櫃,,DBFUQR,
G107CD　P12北富銀2,TW000G107CD5,2023/02/23,無到期日,3.500000,上櫃,,DBFUQR,
G107CE　P12北富銀3,TW000G107CE3,2023/04/27,2028/04/27,1.400000,上櫃,,DBFUFR,
G107CG　P13北富銀1,TW000G107CG8,2024/06/12,2027/06/12,1.600000,上櫃,,DBFUFR,
G107CH　P13北富銀2,TW000G107CH6,2024/09/02,2034/09/02,2.050000,上櫃,,DBFUFR,
G107CJ　P13北富銀3,TW000G107CJ2,2024/09/16,2034/09/16,2.020000,上櫃,,DBFUFR,
G107CK　P14北富銀1A,TW000G107CK0,2025/01/20,2035/01/20,2.000000,上櫃,,DBFUFR,
G107CL　P14北富銀1B,TW000G107CL8,2025/01/20,2035/01/20,2.000000,上櫃,,DBFUFR,
G107CM　P14北富銀2,TW000G107CM6,2025/03/24,2035/03/24,2.030000,上櫃,,DBFUFR,
G107CN　P14北富銀3,TW000G107CN4,2025/10/14,2035/10/14,1.850000,上櫃,,DBFUFR,
G107CP　P15北富銀1A,TW000G107CP9,2026/03/11,2036/03/11,1.900000,上櫃,,DBFUFR,
G107CQ　P15北富銀1B,TW000G107CQ7,2026/03/11,2036/03/11,1.900000,上櫃,,DBFUFR,
G10822　P04元大銀1,TW000G108229,2015/08/27,無到期日,4.100000,上櫃,,DBFUQR,
G10824　P04元大銀3,TW000G108245,2015/09/29,無到期日,4.100000,上櫃,,DBFUQR,
G10826　P10元大銀1,TW000G108260,2021/02/23,2031/02/23,0.670000,上櫃,,DBFUGR,
G10828　P11元大銀1,TW000G108286,2022/03/21,2027/03/21,0.770000,上櫃,,DBFUFR,
G10829　P11元大銀2,TW000G108294,2022/11/24,2029/11/24,2.400000,上櫃,,DBFUFR,
G10830　P11元大銀3A,TW000G108302,2022/12/29,2030/12/29,2.400000,上櫃,,DBFUFR,
G10831　P11元大銀3B,TW000G108310,2022/12/29,2032/12/29,2.550000,上櫃,,DBFUFR,
G10832　P13元大銀1,TW000G108328,2024/06/27,2027/06/27,1.750000,上櫃,,DBFUFR,
G10833　P14元大銀1,TW000G108336,2025/03/31,2028/03/31,1.820000,上櫃,,DBFUFR,
G10834　P14元大銀2,TW000G108344,2025/05/29,2035/05/29,2.350000,上櫃,,DBFUFR,
G10835　P14元大銀3,TW000G108351,2025/09/25,2035/09/25,2.350000,上櫃,,DBFUFR,
G10919　P05聯邦1,TW000G109193,2016/03/29,無到期日,4.200000,上櫃,,DBFUQR,
G10920　P06聯邦1,TW000G109201,2017/02/23,無到期日,4.200000,上櫃,,DBFUQR,
G10921　P08聯邦1A,TW000G109219,2019/09/26,2026/09/26,1.100000,上櫃,,DBFUFR,
G10922　P08聯邦1B,TW000G109227,2019/09/26,2029/09/26,1.230000,上櫃,,DBFUFR,
G10923　P10聯邦1,TW000G109235,2021/03/25,無到期日,浮動利率,上櫃,,DBVUQR,
G10924　P14聯邦1,TW000G109243,2025/08/29,2028/08/29,1.800000,上櫃,,DBFUFR,
G11099　P04永豐銀1,TW000G110993,2015/07/22,無到期日,3.900000,上櫃,,DBFUQR,
G110A0　P04永豐銀2,TW000G110A00,2015/09/08,無到期日,3.900000,上櫃,,DBFUQR,
G110A1　P04永豐銀3,TW000G110A18,2015/11/05,無到期日,3.900000,上櫃,,DBFUQR,
G110A2　P04永豐銀4,TW000G110A26,2015/12/15,無到期日,3.900000,上櫃,,DBFUQR,
G110A3　P05永豐銀1,TW000G110A34,2016/02/23,無到期日,3.900000,上櫃,,DBFUQR,
G110A4　P05永豐銀2,TW000G110A42,2016/03/30,無到期日,3.900000,上櫃,,DBFUQR,
G110A7　P06永豐銀2,TW000G110A75,2017/02/24,2027/02/24,1.900000,上櫃,,DBFUFR,
G110A9　P06永豐銀4,TW000G110A91,2017/06/28,2027/06/28,1.950000,上櫃,,DBFUFR,
G110AA　P06永豐銀5,TW000G110AA9,2017/06/28,無到期日,4.000000,上櫃,,DBFUQR,
G110AC　P07永豐銀2,TW000G110AC5,2018/04/30,2028/04/30,1.650000,上櫃,,DBFUFR,
G110AD　P08永豐銀1,TW000G110AD3,2019/01/25,無到期日,2.400000,上櫃,,DBFUQR,
G110AF　P08永豐銀3,TW000G110AF8,2019/01/25,2029/01/25,1.550000,上櫃,,DBFUFR,
G110AH　P08永豐銀5,TW000G110AH4,2019/08/23,無到期日,2.000000,上櫃,,DBFUQR,
G110AJ　P08永豐銀6,TW000G110AJ0,2019/08/23,2026/08/23,1.030000,上櫃,,DBFUFR,
G110AK　P08永豐銀7,TW000G110AK8,2019/08/23,2029/08/23,1.130000,上櫃,,DBFUFR,
G110AL　P09永豐銀1,TW000G110AL6,2020/03/31,無到期日,1.350000,上櫃,,DBFUQR,
G110AM　P09永豐銀2,TW000G110AM4,2020/03/31,2030/03/31,0.750000,上櫃,,DBFUFR,
G110AN　P09永豐銀3,TW000G110AN2,2020/06/30,無到期日,1.850000,上櫃,,DBFUQR,
G110AP　P09永豐銀4,TW000G110AP7,2020/06/30,2030/06/30,1.000000,上櫃,,DBFUFR,
G110AQ　P09永豐銀5,TW000G110AQ5,2020/10/29,無到期日,1.700000,上櫃,,DBFUQR,
G110AR　P09永豐銀6,TW000G110AR3,2020/10/29,2030/10/29,0.870000,上櫃,,DBFUFR,
G110AT　P10永豐銀1,TW000G110AT9,2021/05/18,2026/05/18,0.450000,上櫃,,DBFUFR,
G110AU　P10永豐銀2,TW000G110AU7,2021/05/28,無到期日,1.700000,上櫃,,DBFUQR,
G110AV　P10永豐銀3,TW000G110AV5,2021/05/28,2031/05/28,0.820000,上櫃,,DBFUFR,
G110AW　P10永豐銀4,TW000G110AW3,2021/10/28,無到期日,1.700000,上櫃,,DBFUQR,
G110AX　P10永豐銀5,TW000G110AX1,2021/10/28,2031/10/28,0.800000,上櫃,,DBFUFR,
G110AY　P11永豐銀1,TW000G110AY9,2022/03/28,無到期日,2.000000,上櫃,,DBFUQR,
G110AZ　P11永豐銀2,TW000G110AZ6,2022/04/08,2027/04/08,0.780000,上櫃,,DBFUFR,
G110B2　P13永豐銀1,TW000G110B25,2024/09/26,2026/09/26,1.730000,上櫃,,DBFUFR,
G110B3　P14永豐銀1,TW000G110B33,2025/09/17,2028/09/17,1.720000,上櫃,,DBFUFR,
G110B4　P14永豐銀2,TW000G110B41,2025/12/23,2035/12/23,2.050000,上櫃,,DBFUFR,
G11456　97中信銀7,TW000G114565,2008/04/25,無到期日,3.600000,上櫃,,DBFUQR,
G11464　03中信銀1A,TW000G114649,2014/06/18,無到期日,3.700000,上櫃,,DBFUQR,
G11465　03中信銀1B,TW000G114656,2014/06/18,無到期日,4.000000,上櫃,,DBFUQR,
G11466　03中信銀2A,TW000G114664,2014/06/26,2029/06/26,2.000000,上櫃,,DBFUFR,
G11468　04中信銀1,TW000G114680,2015/06/10,無到期日,3.600000,上櫃,,DBFUQR,
G11474　P10中信銀1,TW000G114748,2021/05/18,2026/05/18,0.430000,上櫃,,DBFUFR,
G11475　P14中信銀1A,TW000G114755,2025/03/12,2035/03/12,2.050000,上櫃,,DBFUGR,
G11476　P14中信銀1B,TW000G114763,2025/03/12,2036/03/12,2.050000,上櫃,,DBFUGR,
G11477　P14中信銀2A,TW000G114771,2025/06/05,2035/06/05,2.300000,上櫃,,DBFUFR,
G11478　P14中信銀2B,TW000G114789,2025/06/05,無到期日,3.450000,上櫃,,DBFUQR,
G11479　P14中信銀3A,TW000G114797,2025/09/23,2032/09/23,2.250000,上櫃,,DBFUFR,
G11480　P14中信銀3B,TW000G114805,2025/09/23,2040/09/23,2.600000,上櫃,,DBFUFR,
G11481　P14中信銀3C,TW000G114813,2025/09/23,無到期日,4.500000,上櫃,,DBFUQR,
G11482　P15中信銀1A,TW000G114821,2026/03/12,2036/03/12,1.950000,上櫃,,DBFUGR,
G11483　P15中信銀1B,TW000G114839,2026/03/12,2036/03/12,1.900000,上櫃,,DBFUFR,
G11484　P15中信銀2A,TW000G114847,2026/04/29,2036/04/29,2.000000,上櫃,,DBFUGR,
G11485　P15中信銀2B,TW000G114854,2026/04/29,2036/04/29,1.900000,上櫃,,DBFUFR,
G11644　99新光銀1,TW000G116446,2010/06/30,無到期日,3.500000,上櫃,,DBFUQR,
G11650　03新光銀1,TW000G116503,2014/06/25,無到期日,4.200000,上櫃,,DBFUQR,
G11654　P07新光銀1,TW000G116545,2018/03/30,無到期日,3.400000,上櫃,,DBFUQR,
G11655　P07新光銀2,TW000G116552,2018/06/28,2028/06/28,1.620000,上櫃,,DBFUFR,
G11656　P08新光銀1,TW000G116560,2019/06/21,無到期日,2.200000,上櫃,,DBFUQR,
G11657　P09新光銀1,TW000G116578,2020/06/23,無到期日,1.700000,上櫃,,DBFUQR,
G11658　P09新光銀2,TW000G116586,2020/12/16,無到期日,1.700000,上櫃,,DBFUQR,
G11659　P09新光銀3,TW000G116594,2020/12/23,2030/12/23,0.750000,上櫃,,DBFUFR,
G11660　P10新光銀1,TW000G116602,2021/06/23,2026/06/23,0.500000,上櫃,,DBFUFR,
G11661　P11新光銀1,TW000G116610,2022/07/27,無到期日,3.500000,上櫃,,DBFUQR,
G11662　P12新光銀1,TW000G116628,2023/04/17,無到期日,4.000000,上櫃,,DBFUQR,
G11663　P13新光銀1,TW000G116636,2024/05/07,2031/05/07,2.700000,上櫃,,DBFUFR,
G11664　P13新光銀2,TW000G116644,2024/05/07,2034/05/07,3.000000,上櫃,,DBFUFR,
G11733　P06王道銀1,TW000G117337,2017/09/05,2027/09/05,1.970000,上櫃,,DBFUFR,
G11734　P06王道銀2,TW000G117345,2017/12/27,無到期日,4.000000,上櫃,,DBFUQR,
G11735　P06輸銀3,TW000G117352,2017/12/27,2027/12/27,1.820000,上櫃,,DBFUFR,
G11736　P07王道銀1,TW000G117360,2018/06/29,無到期日,4.000000,上櫃,,DBFUQR,
G11737　P07王道銀2,TW000G117378,2018/06/29,2028/06/29,1.750000,上櫃,,DBFUFR,
G11738　P08王道銀1,TW000G117386,2019/06/06,2026/06/06,1.500000,上櫃,,DBFUGR,
G11739　P10王道銀1,TW000G117394,2021/06/25,2028/06/25,0.900000,上櫃,,DBFUGR,
G11741　P11王道銀1,TW000G117410,2022/09/27,2029/09/27,2.300000,上櫃,,DBFUGR,
G11742　P12王道銀1,TW000G117428,2023/04/27,2030/04/27,2.000000,上櫃,,DBFUGR,
G11743　P12王道銀2,TW000G117436,2023/09/27,2030/09/27,2.200000,上櫃,,DBFUGR,
G11744　P13王道銀1,TW000G117444,2024/03/27,2031/03/27,2.300000,上櫃,,DBFUGR,
G11745　P13王道銀2,TW000G117451,2024/06/27,2031/06/27,2.500000,上櫃,,DBFUGR,
G11746　P14王道銀1A,TW000G117469,2025/09/26,2032/09/26,2.550000,上櫃,,DBFUGR,
G11747　P14王道銀1B,TW000G117477,2025/09/26,2035/09/26,2.700000,上櫃,,DBFUGR,
G11748　P15王道銀1A,TW000G117485,2026/05/06,2033/05/06,2.550000,上櫃,,DBFUGR,
G11749　P15王道銀1B,TW000G117493,2026/05/06,2033/05/06,2.550000,上櫃,,DBFUGR,
G11750　P15王道銀1C,TW000G117501,2026/05/06,2036/05/06,2.700000,上櫃,,DBFUGR,
G11839　P11兆豐銀1,TW000G118392,2022/02/22,2027/02/22,0.700000,上櫃,,DBFUFR,
G11840　P11兆豐銀2,TW000G118400,2022/10/07,2029/10/07,1.820000,上櫃,,DBFUFR,
G11841　P11兆豐銀3,TW000G118418,2022/10/07,2032/10/07,1.900000,上櫃,,DBFUFR,
G11842　P11兆豐銀4,TW000G118426,2022/11/22,2030/11/22,2.180000,上櫃,,DBFUFR,
G11843　P11兆豐銀5,TW000G118434,2022/12/26,2029/12/26,2.200000,上櫃,,DBFUFR,
G11844　P12兆豐銀1,TW000G118442,2023/03/21,2028/03/21,1.400000,上櫃,,DBFUFR,
G11845　P13兆豐銀1,TW000G118459,2024/01/15,2027/01/15,1.450000,上櫃,,DBFUFR,
G11846　P13兆豐銀2,TW000G118467,2024/05/15,2027/05/15,1.500000,上櫃,,DBFUFR,
G11847　P13兆豐銀3,TW000G118475,2024/12/27,2034/12/27,2.000000,上櫃,,DBFUFR,
G11848　P13兆豐銀4,TW000G118483,2024/12/27,無到期日,3.200000,上櫃,,DBFUQR,
G11849　P14兆豐銀1,TW000G118491,2025/06/13,2028/06/13,1.730000,上櫃,,DBFUFR,
G12013　95大眾2,TW000G120133,2006/11/27,無到期日,5.500000,上櫃,,DBFUQR,
G12114　99台企銀3A,TW000G121149,2010/09/23,無到期日,浮動利率,上櫃,,DBVUQR,
G12115　99台企銀3B,TW000G121156,2010/09/23,無到期日,3.050000,上櫃,,DBFUQR,
G12119　P04台企銀1,TW000G121198,2015/06/18,無到期日,3.900000,上櫃,,DBFUQR,
G12122　P05台企銀1,TW000G121222,2016/09/20,無到期日,3.200000,上櫃,,DBFUQR,
G12126　P06台企銀3,TW000G121263,2017/03/28,2027/03/28,1.850000,上櫃,,DBFUFR,
G12127　P06台企銀4,TW000G121271,2017/05/23,2027/05/23,1.850000,上櫃,,DBFUFR,
G12129　P07台企銀2,TW000G121297,2018/08/20,2028/08/20,1.450000,上櫃,,DBFUFR,
G12131　P08台企銀1B,TW000G121313,2019/03/21,2029/03/21,1.300000,上櫃,,DBFUFR,
G12132　P09台企銀1,TW000G121321,2020/03/25,2030/03/25,0.800000,上櫃,,DBFUFR,
G12133　P09台企銀2,TW000G121339,2020/08/13,無到期日,1.620000,上櫃,,DBFUQR,
G12134　P10台企銀1,TW000G121347,2021/11/17,無到期日,1.600000,上櫃,,DBFUQR,
G12135　P12台企銀1,TW000G121354,2023/06/20,2030/06/20,2.100000,上櫃,,DBFUFR,
G12137　P14台企銀1,TW000G121370,2025/10/23,2035/10/23,2.200000,上櫃,,DBFUFR,
G12138　P14台企銀2,TW000G121388,2025/11/19,2028/11/19,1.700000,上櫃,,DBFUFR,
G12228　P04陽信3,TW000G122287,2015/12/24,無到期日,4.500000,上櫃,,DBFUQR,
G12229　P04陽信4,TW000G122295,2015/12/31,無到期日,4.500000,上櫃,,DBFUQR,
G12233　P05陽信3,TW000G122337,2016/08/19,無到期日,4.350000,上櫃,,DBFUQR,
G12235　P05陽信5,TW000G122352,2016/10/18,無到期日,4.350000,上櫃,,DBFUQR,
G12237　P06陽信2,TW000G122378,2017/03/31,無到期日,浮動利率,上櫃,,DBVUQR,
G12241　P06陽信5,TW000G122410,2017/08/30,無到期日,浮動利率,上櫃,,DBVUQR,
G12242　P06陽信6,TW000G122428,2017/09/25,無到期日,浮動利率,上櫃,,DBVUQR,
G12243　P07陽信1,TW000G122436,2018/03/29,無到期日,浮動利率,上櫃,,DBVUQR,
G12244　P07陽信2,TW000G122444,2018/09/27,無到期日,浮動利率,上櫃,,DBVUQR,
G12245　P07陽信3,TW000G122451,2018/11/21,無到期日,浮動利率,上櫃,,DBVUQR,
G12246　P07陽信4,TW000G122469,2018/12/27,無到期日,浮動利率,上櫃,,DBVUQR,
G12247　P08陽信1,TW000G122477,2019/05/10,無到期日,浮動利率,上櫃,,DBVUQR,
G12248　P08陽信2,TW000G122485,2019/06/26,無到期日,浮動利率,上櫃,,DBVUQR,
G12249　P08陽信3,TW000G122493,2019/12/27,無到期日,浮動利率,上櫃,,DBVUQR,
G12250　P09陽信1,TW000G122501,2020/03/27,無到期日,浮動利率,上櫃,,DBVUQR,
G12251　P09陽信2,TW000G122519,2020/09/29,無到期日,浮動利率,上櫃,,DBVUQR,
G12252　P09陽信3,TW000G122527,2020/11/27,無到期日,浮動利率,上櫃,,DBVUQR,
G12253　P10陽信1,TW000G122535,2021/07/20,無到期日,浮動利率,上櫃,,DBVUQR,
G12254　P11陽信1,TW000G122543,2022/03/10,無到期日,浮動利率,上櫃,,DBVUQR,
G12255　P11陽信2,TW000G122550,2022/08/19,2029/08/19,2.450000,上櫃,,DBFUFR,
G12256　P12陽信1,TW000G122568,2023/03/21,2030/03/21,2.550000,上櫃,,DBFUFR,
G12257　P14陽信1,TW000G122576,2025/04/22,無到期日,4.000000,上櫃,,DBFUQR,
G12306　P07三信1,TW000G123061,2018/06/21,無到期日,浮動利率,上櫃,,DBVUQR,
G12308　P12三信1,TW000G123087,2023/04/25,2030/04/25,2.650000,上櫃,,DBFUFR,
G12404　96合庫1,TW000G124044,2007/03/28,無到期日,浮動利率,上櫃,,DBVUQR,
G12406　96合庫2B,TW000G124069,2007/09/28,無到期日,浮動利率,上櫃,,DBVUQR,
G12409　97合庫1C,TW000G124093,2008/05/28,無到期日,浮動利率,上櫃,,DBVUQR,
G12432　P05合庫1B,TW000G124325,2016/09/26,2026/09/26,1.200000,上櫃,,DBFUFR,
G12434　P06合庫1B,TW000G124341,2017/09/26,2027/09/26,1.560000,上櫃,,DBFUFR,
G12435　P07合庫1,TW000G124358,2018/11/26,無到期日,2.280000,上櫃,,DBFUQR,
G12436　P08合庫1,TW000G124366,2019/06/26,無到期日,1.900000,上櫃,,DBFUQR,
G12438　P08合庫3,TW000G124382,2019/12/31,無到期日,1.450000,上櫃,,DBFUQR,
G12439　P09合庫1,TW000G124390,2020/06/29,無到期日,1.500000,上櫃,,DBFUQR,
G12440　P10合庫1,TW000G124408,2021/05/31,2026/05/31,0.400000,上櫃,,DBFUFR,
G12441　P10合庫2,TW000G124416,2021/10/29,2026/10/29,0.420000,上櫃,,DBFUFR,
G12442　P11合庫1,TW000G124424,2022/06/15,無到期日,2.500000,上櫃,,DBFUQR,
G12443　P11合庫2,TW000G124432,2022/08/17,無到期日,3.000000,上櫃,,DBFUQR,
G12444　P11合庫3,TW000G124440,2022/09/28,2027/09/28,1.500000,上櫃,,DBFUFR,
G12445　P11合庫4,TW000G124457,2022/12/07,無到期日,3.400000,上櫃,,DBFUQR,
G12446　P12合庫1,TW000G124465,2023/03/20,2028/03/20,1.400000,上櫃,,DBFUFR,
G12447　P13合庫1,TW000G124473,2024/06/27,2034/06/27,2.100000,上櫃,,DBFUFR,
G12448　P13合庫2,TW000G124481,2024/09/27,2034/09/27,2.050000,上櫃,,DBFUFR,
G12449　P13合庫3,TW000G124499,2024/09/30,2027/09/30,1.600000,上櫃,,DBFUFR,
G12450　P14合庫1,TW000G124507,2025/06/26,2030/06/26,1.790000,上櫃,,DBFUFR,
G12518　P05板信1,TW000G125181,2016/08/31,無到期日,4.750000,上櫃,,DBFUQR,
G12519　P05板信2,TW000G125199,2016/09/30,無到期日,4.750000,上櫃,,DBFUQR,
G12522　P06板信3,TW000G125223,2017/04/28,無到期日,4.750000,上櫃,,DBFUQR,
G12523　P06板信4,TW000G125231,2017/07/21,無到期日,4.750000,上櫃,,DBFUQR,
G12525　08板信1,TW000G125256,2019/06/26,2026/06/26,2.250000,上櫃,,DBFUFR,
G12526　10板信1,TW000G125264,2021/06/28,2028/06/28,1.500000,上櫃,,DBFUFR,
G12527　10板信2,TW000G125272,2021/09/29,2028/09/29,1.500000,上櫃,,DBFUFR,
G12528　P12板信1,TW000G125280,2023/12/25,2030/12/25,2.700000,上櫃,,DBFUFR,
G12722　03土銀2,TW000G127229,2014/12/25,無到期日,3.500000,上櫃,,DBFUQR,
G12724　P05土銀1,TW000G127245,2016/12/29,無到期日,3.150000,上櫃,,DBFUQR,
G12725　P06土銀1,TW000G127252,2017/06/29,無到期日,2.950000,上櫃,,DBFUQR,
G12726　P08土銀1,TW000G127260,2019/11/28,無到期日,1.580000,上櫃,,DBFUQR,
G12727　P10土銀1,TW000G127278,2021/07/23,2026/07/23,0.390000,上櫃,,DBFUFR,
G12728　P10土銀2A,TW000G127286,2021/08/31,2026/08/31,0.430000,上櫃,,DBFUFR,
G12729　P10土銀2B,TW000G127294,2021/08/31,2028/08/31,0.500000,上櫃,,DBFUFR,
G12730　P10土銀2C,TW000G127302,2021/08/31,2031/08/31,0.550000,上櫃,,DBFUFR,
G12731　P10土銀3,TW000G127310,2021/11/05,無到期日,1.350000,上櫃,,DBFUQR,
G12733　P10土銀4B,TW000G127336,2021/12/16,2026/12/16,0.550000,上櫃,,DBFUFR,
G12734　P11土銀1,TW000G127344,2022/05/24,2032/05/24,1.500000,上櫃,,DBFUFR,
G12735　P11土銀2,TW000G127351,2022/08/23,2027/08/23,1.500000,上櫃,,DBFUFR,
G12737　P11土銀4,TW000G127377,2022/12/14,2029/12/14,2.300000,上櫃,,DBFUFR,
G12738　P13土銀1,TW000G127385,2024/04/23,2027/04/23,1.500000,上櫃,,DBFUFR,
G12739　P14土銀1,TW000G127393,2025/03/07,2030/03/07,1.880000,上櫃,,DBFUFR,
G12740　P14土銀2,TW000G127401,2025/03/25,2028/03/25,1.800000,上櫃,,DBFUFR,
G12741　P14土銀3,TW000G127419,2025/07/29,2028/07/29,1.720000,上櫃,,DBFUFR,
G12742　P14土銀4,TW000G127427,2025/09/09,2030/09/09,1.680000,上櫃,,DBFUFR,
G12806　P07凱基銀1,TW000G128060,2018/12/27,無到期日,2.350000,上櫃,,DBFUQR,
G12808　P08凱基銀1,TW000G128086,2019/06/26,2034/06/26,1.400000,上櫃,,DBFUFR,
G12809　P09凱基銀1,TW000G128094,2020/03/05,2027/03/05,0.750000,上櫃,,DBFUFR,
G12810　P09凱基銀2,TW000G128102,2020/03/05,2030/03/05,0.800000,上櫃,,DBFUFR,
G12811　P09凱基銀3,TW000G128110,2020/08/07,2030/08/07,0.710000,上櫃,,DBFUFR,
G12812　P10凱基銀1,TW000G128128,2021/02/04,2031/02/04,0.570000,上櫃,,DBFUFR,
G12814　P14凱基銀1,TW000G128144,2025/12/30,無到期日,4.500000,上櫃,,DBFUQR,
G12909　P09華泰銀1,TW000G129092,2020/09/30,2027/09/30,1.250000,上櫃,,DBFUFR,
G12910　10華泰銀1,TW000G129100,2021/09/30,2028/09/30,1.300000,上櫃,,DBFUFR,
G12911　P10華泰銀2,TW000G129118,2021/09/30,無到期日,浮動利率,上櫃,,DBVUQR,
G12912　P11華泰銀1,TW000G129126,2022/09/29,2029/09/29,2.600000,上櫃,,DBFUFR,
G12913　P12華泰銀1,TW000G129134,2023/12/22,2030/12/22,2.500000,上櫃,,DBFUFR,
G12914　P13華泰銀1,TW000G129142,2024/12/23,2031/12/23,2.500000,上櫃,,DBFUFR,
G12915　P14華泰銀1,TW000G129159,2025/09/19,2032/09/19,2.600000,上櫃,,DBFUFR,
G12916　P15華泰銀1,TW000G129167,2026/03/27,2033/03/27,2.600000,上櫃,,DBFUFR,
G13012　P04台中銀1,TW000G130124,2015/12/28,無到期日,浮動利率,上櫃,,DBVUPR,
G13013　P05台中銀1,TW000G130132,2016/12/28,無到期日,浮動利率,上櫃,,DBVUQR,
G13014　P06台中銀1,TW000G130140,2017/03/28,無到期日,浮動利率,上櫃,,DBVUQR,
G13015　P06台中銀2,TW000G130157,2017/05/18,無到期日,浮動利率,上櫃,,DBVUQR,
G13016　P06台中銀3,TW000G130165,2017/08/28,無到期日,浮動利率,上櫃,,DBVUQR,
G13017　P06台中銀4,TW000G130173,2017/12/05,無到期日,浮動利率,上櫃,,DBVUQR,
G13018　P06台中銀5,TW000G130181,2017/12/27,無到期日,浮動利率,上櫃,,DBVUQR,
G13019　P07台中銀1,TW000G130199,2018/04/25,無到期日,浮動利率,上櫃,,DBVUQR,
G13020　P07台中銀2,TW000G130207,2018/12/18,無到期日,浮動利率,上櫃,,DBVUQR,
G13021　P10台中銀1,TW000G130215,2021/12/27,2028/12/27,1.200000,上櫃,,DBFUFR,
G13022　P14台中銀1,TW000G130223,2025/08/26,無到期日,浮動利率,上櫃,,DBVUQR,
G13023　P14台中銀2,TW000G130231,2025/10/29,無到期日,浮動利率,上櫃,,DBVUQR,
G13112　P10農金庫1,TW000G131122,2021/12/01,2026/12/01,0.570000,上櫃,,DBFUFR,
G13113　P10農金庫2,TW000G131130,2021/12/01,無到期日,1.500000,上櫃,,DBFUQR,
G13114　P11農金庫1,TW000G131148,2022/03/30,2032/03/30,1.200000,上櫃,,DBFUFR,
G13115　P11農金庫2,TW000G131155,2022/05/12,無到期日,2.500000,上櫃,,DBFUQR,
G13116　P11農金庫3,TW000G131163,2022/06/06,2032/06/06,2.000000,上櫃,,DBFUFR,
G13117　P11農金庫4,TW000G131171,2022/06/14,無到期日,2.500000,上櫃,,DBFUQR,
G13118　P11農金庫5,TW000G131189,2022/06/29,無到期日,2.500000,上櫃,,DBFUQR,
G13119　P13農金庫1,TW000G131197,2024/09/06,2034/09/06,2.200000,上櫃,,DBFUFR,
G13120　P14農金庫1,TW000G131205,2025/06/19,2028/06/19,1.880000,上櫃,,DBFUFR,
G13121　P14農金庫2,TW000G131213,2025/07/22,2027/07/22,1.830000,上櫃,,DBFUFR,
G13122　P14農金庫3,TW000G131221,2025/07/22,2030/07/22,1.950000,上櫃,,DBFUFR,
G13317　P08匯豐銀2,TW000G133177,2019/06/27,2026/06/27,0.800000,上櫃,,DBFUFR,
G13319　P08匯豐銀4,TW000G133193,2019/12/10,2026/12/10,0.830000,上櫃,,DBFUFR,
G13321　P09匯豐銀2,TW000G133219,2020/03/30,2027/03/30,0.570000,上櫃,,DBFUFR,
G13323　P09匯豐銀4,TW000G133235,2020/12/25,2027/12/25,0.450000,上櫃,,DBFUFR,
G13324　P09匯豐銀5,TW000G133243,2020/12/25,2030/12/25,0.500000,上櫃,,DBFUGR,
G13325　P14匯豐銀1,TW000G133250,2025/03/27,2035/03/27,2.050000,上櫃,,DBFUFR,
G13326　P14匯豐銀2,TW000G133268,2025/12/11,2035/12/11,1.800000,上櫃,,DBFUFR,
G13425　P09輸銀2,TW000G134258,2020/07/23,2027/07/23,0.560000,上櫃,,DBFUFR,
G13426　P09輸銀3,TW000G134266,2020/09/15,2027/09/15,0.550000,上櫃,,DBFUFR,
G13427　P09輸銀4,TW000G134274,2020/10/26,2027/10/26,0.550000,上櫃,,DBFUFR,
G13428　P10輸銀1,TW000G134282,2021/08/27,2028/08/27,0.490000,上櫃,,DBFUFR,
G13429　P10輸銀2,TW000G134290,2021/10/27,2026/10/27,0.480000,上櫃,,DBFUFR,
G13431　P11輸銀1B,TW000G134316,2022/03/24,2029/03/24,0.780000,上櫃,,DBFUFR,
G13436　P12輸銀1B,TW000G134365,2023/03/22,2028/03/22,1.430000,上櫃,,DBFUFR,
G13437　P12輸銀2,TW000G134373,2023/08/24,2026/08/24,1.480000,上櫃,,DBFUFR,
G13438　P12輸銀3A,TW000G134381,2023/10/25,2026/10/25,1.550000,上櫃,,DBFUFR,
G13439　P12輸銀3B,TW000G134399,2023/10/25,2028/10/25,1.620000,上櫃,,DBFUFR,
G13440　P13輸銀1,TW000G134407,2024/04/26,2029/04/26,1.770000,上櫃,,DBFUFR,
G13441　P13輸銀2,TW000G134415,2024/10/29,2029/10/29,1.840000,上櫃,,DBFUFR,
G13442　P14輸銀1A,TW000G134423,2025/02/24,2030/02/24,1.870000,上櫃,,DBFUFR,
G13443　P14輸銀1B,TW000G134431,2025/02/24,2032/02/24,1.890000,上櫃,,DBFUFR,
G13444　P14輸銀2,TW000G134449,2025/04/23,2032/04/23,1.930000,上櫃,,DBFUFR,
G13445　P14輸銀3A,TW000G134456,2025/09/18,2030/09/18,1.600000,上櫃,,DBFUFR,
G13446　P14輸銀3B,TW000G134464,2025/09/18,2032/09/18,1.640000,上櫃,,DBFUFR,
G13447　P14輸銀4A,TW000G134472,2025/11/19,2030/11/19,1.450000,上櫃,,DBFUFR,
G13448　P14輸銀4B,TW000G134480,2025/11/19,2032/11/19,1.490000,上櫃,,DBFUFR,
G13449　P15輸銀1A,TW000G134498,2026/03/20,2031/03/20,1.680000,上櫃,,DBFUFR,
G13450　P15輸銀1B,TW000G134506,2026/03/20,2033/03/20,1.720000,上櫃,,DBFUFR,
G13505　P10臺銀1,TW000G135057,2021/08/27,2026/08/27,0.390000,上櫃,,DBFUFR,
G13506　P12臺銀1,TW000G135065,2023/06/09,2028/06/09,1.400000,上櫃,,DBFUFR,
G13507　P13臺銀1,TW000G135073,2024/04/29,2027/04/29,1.500000,上櫃,,DBFUFR,
G13606　P07瑞興1,TW000G136063,2018/09/17,無到期日,4.000000,上櫃,,DBFUQR,
G13607　P07瑞興2,TW000G136071,2018/12/24,無到期日,4.000000,上櫃,,DBFUQR,
G13608　P08瑞興1,TW000G136089,2019/01/25,無到期日,4.000000,上櫃,,DBFUQR,
G13609　P08瑞興2,TW000G136097,2019/04/25,無到期日,4.000000,上櫃,,DBFUQR,
G13610　P08瑞興3,TW000G136105,2019/06/17,無到期日,4.000000,上櫃,,DBFUQR,
G13611　P10瑞興1,TW000G136113,2021/11/01,無到期日,2.500000,上櫃,,DBFUQR,
G13612　P13瑞興1,TW000G136121,2024/07/08,2031/07/08,2.550000,上櫃,,DBFUFR,
G13613　P13瑞興2,TW000G136139,2024/07/22,2031/07/22,2.550000,上櫃,,DBFUFR,
G13614　P13瑞興3,TW000G136147,2024/09/20,無到期日,浮動利率,上櫃,,DBVUQR,
G13615　P13瑞興4,TW000G136154,2024/09/20,無到期日,4.000000,上櫃,,DBFUQR,
G13616　P14瑞興1,TW000G136162,2025/12/22,2032/12/22,2.300000,上櫃,,DBFUFR,
G13617　P14瑞興2,TW000G136170,2025/12/22,2032/12/22,浮動利率,上櫃,,DBVUFR,
G13702　P07法興1B,TW000G137020,2018/10/18,2028/10/18,1.120000,上櫃,,DBFUFR,
G13703　P07法興1C,TW000G137038,2018/10/18,2033/10/18,1.630000,上櫃,,DBFUFR,
G13706　P08法興1C,TW000G137061,2019/07/10,2029/07/10,0.950000,上櫃,,DBFUFR,
G13707　P08法興1D,TW000G137079,2019/07/10,2034/07/10,1.400000,上櫃,,DBFUFR,
G13710　P08法興2C,TW000G137103,2019/11/29,2029/11/29,0.950000,上櫃,,DBFUFR,
G13711　P08法興2D,TW000G137111,2019/11/29,2034/11/29,1.320000,上櫃,,DBFUFR,
G13713　P09法興1B,TW000G137137,2020/03/17,2030/03/17,0.680000,上櫃,,DBFUFR,
G13714　P09法興1C,TW000G137145,2020/03/17,2035/03/17,0.780000,上櫃,,DBFUFR,
G13716　P09法興2B,TW000G137160,2020/09/25,2030/09/25,0.680000,上櫃,,DBFUFR,
G13717　P09法興2C,TW000G137178,2020/09/25,2035/09/25,0.780000,上櫃,,DBFUFR,
G13801　P08法巴銀1,TW000G138010,2019/07/31,2026/07/31,0.800000,上櫃,,DBFUFR,
G13802　P10法巴銀1,TW000G138028,2021/01/29,2028/01/29,0.430000,上櫃,,DBFUFR,
G13804　P11法巴銀1,TW000G138044,2022/03/09,2027/03/09,0.720000,上櫃,,DBFUGR,
G13805　P11法巴銀2,TW000G138051,2022/03/09,2029/03/09,0.770000,上櫃,,DBFUGR,
G13806　P12法巴銀1,TW000G138069,2023/03/10,2028/03/10,1.400000,上櫃,,DBFUGR,
G13807　P13法巴銀1,TW000G138077,2024/11/01,2034/11/01,2.200000,上櫃,,DBFUGR,
G13808　P14法巴銀1,TW000G138085,2025/02/14,2035/02/14,2.250000,上櫃,,DBFUGR,
G13809　P14法巴銀2,TW000G138093,2025/09/26,2035/09/26,1.940000,上櫃,,DBFUGR,
G13810　P15法巴銀1,TW000G138101,2026/02/10,2036/02/10,1.950000,上櫃,,DBFUGR,
G139AD　P07遠銀1,TW000G139AD2,2018/09/18,無到期日,3.200000,上櫃,,DBFUQR,
G139AF　P08遠銀2A,TW000G139AF7,2019/07/30,2026/07/30,1.150000,上櫃,,DBFUFR,
G139AG　P08遠銀2B,TW000G139AG5,2019/07/30,2029/07/30,1.250000,上櫃,,DBFUFR,
G139AJ　P09遠銀1,TW000G139AJ9,2020/11/26,2027/11/26,0.750000,上櫃,,DBFUFR,
G139AK　P10遠銀1,TW000G139AK7,2021/04/27,2028/04/27,0.830000,上櫃,,DBFUFR,
G139AL　P13遠銀1A,TW000G139AL5,2024/10/24,2029/10/24,1.950000,上櫃,,DBFUFR,
G139AM　P13遠銀1B,TW000G139AM3,2024/10/24,2031/10/24,2.000000,上櫃,,DBFUFR,
G139AN　P14遠銀1,TW000G139AN1,2025/03/20,2030/03/20,2.000000,上櫃,,DBFUFR,
G139AP　P14遠銀2,TW000G139AP6,2025/09/18,2032/09/18,2.350000,上櫃,,DBFUFR,
G14003　P10匯理1,TW000G140032,2021/05/10,2028/05/10,0.520000,上櫃,,DBFUFR,
G14004　P11匯理1,TW000G140040,2022/08/10,2027/08/10,1.620000,上櫃,,DBFUFR,
G14005　P12匯理1,TW000G140057,2023/04/21,2028/04/21,1.420000,上櫃,,DBFUFR,
G14006　P13匯理1,TW000G140065,2024/03/26,2031/03/26,1.700000,上櫃,,DBFUFR,
G14007　P13匯理2,TW000G140073,2024/11/05,2029/11/05,2.000000,上櫃,,DBFUFR,
G14008　P14匯理1,TW000G140081,2025/03/27,2030/03/27,1.980000,上櫃,,DBFUFR,
G14009　P14匯理2,TW000G140099,2025/12/10,2030/12/10,1.650000,上櫃,,DBFUFR,
G14010　P15匯理1,TW000G140107,2026/02/11,2031/02/11,1.750000,上櫃,,DBFUFR,
G14011　P15匯理2,TW000G140115,2026/02/11,2036/02/11,1.950000,上櫃,,DBFUFR,
G14012　P15匯理3,TW000G140123,2026/03/18,2033/03/18,1.850000,上櫃,,DBFUFR,
G14101　P13法外貿1,TW000G141014,2024/11/21,2029/11/21,2.000000,上櫃,,DBFUFR,
G14102　P15法外貿1,TW000G141022,2026/02/10,2036/02/10,2.000000,上櫃,,DBFUFR,
G14924　99彰銀1,TW000G149249,2010/06/29,無到期日,3.150000,上櫃,,DBFUQR,
G14932　P05彰銀1B,TW000G149322,2016/09/27,2026/09/27,1.200000,上櫃,,DBFUFR,
G14934　P06彰銀1B,TW000G149348,2017/03/29,2027/03/29,1.850000,上櫃,,DBFUFR,
G14935　P07彰銀1,TW000G149355,2018/04/26,無到期日,2.660000,上櫃,,DBFUQR,
G14936　P07彰銀2,TW000G149363,2018/11/08,無到期日,2.300000,上櫃,,DBFUQR,
G14937　P08彰銀1,TW000G149371,2019/06/27,無到期日,1.900000,上櫃,,DBFUQR,
G14938　P09彰銀1,TW000G149389,2020/05/27,無到期日,1.400000,上櫃,,DBFUQR,
G14939　P09彰銀2,TW000G149397,2020/12/25,無到期日,1.250000,上櫃,,DBFUQR,
G14940　P12彰銀1,TW000G149405,2023/02/22,2028/02/22,1.400000,上櫃,,DBFUFR,
G14941　P13彰銀1,TW000G149413,2024/02/05,2029/02/05,1.500000,上櫃,,DBFUFR,
G14942　P14彰銀1,TW000G149421,2025/02/26,2030/02/26,1.800000,上櫃,,DBFUFR,
G14943　P15彰銀1,TW000G149439,2026/02/25,2031/02/25,1.600000,上櫃,,DBFUFR,
G15995　03一銀1,TW000G159958,2014/09/26,無到期日,3.500000,上櫃,,DBFUQR,
G15998　P07一銀1,TW000G159982,2018/05/28,無到期日,2.570000,上櫃,,DBFUQR,
G15999　P07一銀2,TW000G159990,2018/09/25,無到期日,2.360000,上櫃,,DBFUQR,
G159A2　P09一銀2,TW000G159A28,2020/12/28,無到期日,1.250000,上櫃,,DBFUQR,
G159A3　P10一銀1,TW000G159A36,2021/12/08,2026/12/08,0.520000,上櫃,,DBFUFR,
G159A4　P10一銀2,TW000G159A44,2021/12/22,無到期日,1.400000,上櫃,,DBFUQR,
G159A5　P11一銀1,TW000G159A51,2022/03/22,2032/03/22,1.050000,上櫃,,DBFUFR,
G159A6　P11一銀2,TW000G159A69,2022/03/25,無到期日,1.700000,上櫃,,DBFUQR,
G159A7　P11一銀3,TW000G159A77,2022/09/19,2027/09/19,1.500000,上櫃,,DBFUFR,
G159A8　P12一銀1,TW000G159A85,2023/03/21,2028/03/21,1.350000,上櫃,,DBFUFR,
G159A9　P13一銀1,TW000G159A93,2024/02/05,2027/02/05,1.450000,上櫃,,DBFUFR,
G159AA　P13一銀2,TW000G159AA6,2024/09/26,2034/09/26,2.080000,上櫃,,DBFUFR,
G159AB　P14一銀1,TW000G159AB4,2025/03/27,2030/03/27,1.800000,上櫃,,DBFUFR,
G179C5　P06國泰2B,TW000G179C55,2017/04/18,2027/04/18,1.850000,上櫃,,DBFUFR,
G179C6　P14國泰1A,TW000G179C63,2025/06/19,2032/06/19,2.180000,上櫃,,DBFUFR,
G179C7　P14國泰1B,TW000G179C71,2025/06/19,2035/06/19,2.300000,上櫃,,DBFUFR,
G18995　96華銀2,TW000G189955,2007/09/20,無到期日,浮動利率,上櫃,,DBVUQR,
G18998　96華銀5,TW000G189989,2007/09/28,無到期日,3.350000,上櫃,,DBFUQR,
G189A9　98華銀3,TW000G189A97,2009/12/09,無到期日,3.300000,上櫃,,DBFUQR,
G189AL　P04華銀1,TW000G189AL0,2015/05/28,無到期日,3.300000,上櫃,,DBFUQR,
G189AN　P05華銀2,TW000G189AN6,2016/09/23,2026/09/23,1.200000,上櫃,,DBFUFR,
G189AP　P06華銀1,TW000G189AP1,2017/03/30,無到期日,3.150000,上櫃,,DBFUQR,
G189AQ　P07華銀1,TW000G189AQ9,2018/02/26,無到期日,2.700000,上櫃,,DBFUQR,
G189AS　P08華銀1,TW000G189AS5,2019/04/29,無到期日,1.950000,上櫃,,DBFUQR,
G189AT　P09華銀1,TW000G189AT3,2020/03/25,無到期日,1.300000,上櫃,,DBFUQR,
G189AU　P10華銀1,TW000G189AU1,2021/05/28,無到期日,1.400000,上櫃,,DBFUQR,
G189AW　P11華銀1,TW000G189AW7,2022/07/25,無到期日,3.000000,上櫃,,DBFUQR,
G189AX　P11華銀2,TW000G189AX5,2022/08/29,無到期日,3.000000,上櫃,,DBFUQR,
G189AZ　P14華銀1,TW000G189AZ0,2025/11/26,2028/11/26,1.500000,上櫃,,DBFUFR,
G19977　03台新1,TW000G199772,2014/04/16,無到期日,4.100000,上櫃,,DBFUQR,
G19978　03台新2,TW000G199780,2014/05/09,無到期日,4.100000,上櫃,,DBFUQR,
G19981　P04台新1B,TW000G199814,2015/06/10,2030/06/10,2.450000,上櫃,,DBFUFR,
G19982　P04台新2,TW000G199822,2015/09/18,2027/09/18,2.250000,上櫃,,DBFUFR,
G19984　P04台新3B,TW000G199848,2015/09/22,2030/09/22,2.450000,上櫃,,DBFUFR,
G19985　P08台新1,TW000G199855,2019/03/28,無到期日,2.450000,上櫃,,DBFUQR,
交換公司債
140201　遠東新E1永,TW0001402014,2024/08/08,2029/08/08,0.000000,上櫃,,DCZUDR,
140202　遠東新E2永,TW0001402022,2024/08/08,2029/08/08,0.000000,上櫃,,DCZUDR,
370201　大聯大E1,TW0003702015,2026/01/14,2029/01/14,0.000000,上櫃,,DCZUGR,
